Player,Nation,Pos,Squad,Comp,Age,Born,MP,Starts,Min,90s,Gls,Ast,G+A,G-PK,PK,PKatt,CrdY,CrdR,G+A-PK,GA,GA90,SoTA,Saves,Save%,W,D,L,CS,CS%,PKA,PKsv,PKm,Sh,SoT,SoT%,Sh/90,SoT/90,G/Sh,G/SoT,Mn/MP,Min%,Mn/Start,Compl,Subs,Mn/Sub,unSub,PPM,onG,onGA,+/-,+/-90,On-Off,2CrdY,Fls,Fld,Off,Crs,Int,TklW,OG,Eficienta_Finalizare,Contributie_Ofensiva,Implicare_Defensiva_90,Scor_Portar
Brenden Aaronson,USA,MF,Leeds United,League,25,2000,32,26,2137,23.7,4,5,9,4,0,0,2,0,0.38,,,,,,,,,,,,,,42,15,35.7,1.77,0.63,0.1,0.27,67,72.0,77.0,2,6,21.0,1,1.13,34,27,7,0.29,1.81,0,18,47,5,36,14,22,0,-2.5,9,1.5183466891606916,-0.6379453189726595
Jones El-Abdellaoui,MAR,MF,Celta Vigo,Liga,20,2006,20,4,638,7.1,2,0,2,2,0,0,0,0,0.28,,,,,,,,,,,,,,16,4,25.0,2.26,0.56,0.13,0.5,32,22.9,75.0,1,16,21.0,11,1.55,16,11,5,0.71,0.75,0,5,3,2,26,3,3,0,-1.48,2,0.8438818565400844,-0.6379453189726595
Himad Abdelli,ALG,MF,Angers,1,26,1999,13,11,943,10.5,2,0,2,0,2,2,1,0,0.0,,,,,,,,,,,,,,11,5,45.5,1.05,0.48,0.0,0.0,73,34.9,81.0,4,2,25.0,0,1.38,12,13,-1,-0.1,0.57,0,16,12,1,9,13,17,0,-2.0,0,2.8544243577545196,-0.6379453189726595
Ali Abdi,TUN,MF,Nice,1,32,1993,18,12,1035,11.5,2,0,2,2,0,0,4,1,0.17,,,,,,,,,,,,,,9,2,22.2,0.78,0.17,0.22,1.0,58,38.3,74.0,6,6,24.0,2,0.67,17,16,1,0.09,1.33,1,18,16,0,30,10,8,0,-1.56,2,1.5638575152041703,-0.6379453189726595
Salis Abdul Samed,GHA,MF,Nice,1,26,2000,15,10,753,8.4,0,0,0,0,0,0,3,0,0.0,,,,,,,,,,,,,,1,0,0.0,0.12,0.0,0.0,,50,27.9,67.0,2,5,17.0,11,1.13,13,15,-2,-0.24,0.69,0,18,8,0,1,10,7,0,0.0,0,2.0214030915576693,-0.6379453189726595
Saud Abdulhamid,KSA,MF,Lens,1,26,1999,22,12,1188,13.2,2,3,5,2,0,0,3,0,0.38,,,,,,,,,,,,,,7,3,42.9,0.53,0.23,0.29,0.67,54,45.5,86.0,8,10,16.0,6,1.86,28,17,11,0.83,-0.24,0,21,13,1,43,9,20,0,-1.1300000000000001,5,2.195306585919758,-0.6379453189726595
Laurent Abergel,FRA,MF,Lorient,1,33,1993,24,23,2004,22.3,1,0,1,1,0,0,6,0,0.04,,,,,,,,,,,,,,20,5,25.0,0.9,0.22,0.05,0.2,84,74.2,86.0,17,1,22.0,0,1.46,32,36,-4,-0.18,-0.18,0,23,23,0,9,25,22,0,-0.75,1,2.10667861945316,-0.6379453189726595
Matthis Abline,FRA,FW,Nantes,1,23,2003,28,23,2158,24.0,5,3,8,5,0,1,5,0,0.33,,,,,,,,,,,,,,69,18,26.1,2.88,0.75,0.07,0.28,77,82.7,88.0,18,5,26.0,0,0.61,21,44,-23,-0.96,-1.36,0,27,42,5,51,8,12,0,-3.7399999999999998,8,0.8329862557267804,-0.6379453189726595
Abner,BRA,DF,Lyon,1,25,2000,22,21,1791,19.9,3,0,3,3,0,0,4,1,0.15,,,,,,,,,,,,,,15,6,40.0,0.75,0.3,0.2,0.5,81,66.3,85.0,14,1,3.0,2,1.86,27,15,12,0.6,0.31,0,22,6,1,50,5,18,0,-1.7999999999999998,3,1.1551983927674536,-0.6379453189726595
Zakaria Aboukhlal,MAR,MF,Torino,A,26,2000,15,6,511,5.7,0,0,0,0,0,0,4,0,0.0,,,,,,,,,,,,,,7,2,28.6,1.23,0.35,0.0,0.0,34,17.2,59.0,0,9,18.0,5,0.53,2,11,-9,-1.59,-1.29,0,12,11,7,18,1,12,0,0.0,0,2.276707530647986,-0.6379453189726595
Abdel Abqar,MAR,DF,Getafe,Liga,27,1999,17,13,1072,11.9,0,2,2,0,0,0,7,1,0.17,,,,,,,,,,,,,,7,1,14.3,0.59,0.08,0.0,0.0,63,38.4,73.0,5,4,30.0,0,1.18,13,12,1,0.08,0.4,0,22,30,1,1,16,15,0,0.0,2,2.6028547439126783,-0.6379453189726595
Francis Abu,GHA,MF,Toulouse,1,24,2001,8,7,526,5.8,0,0,0,0,0,0,2,0,0.0,,,,,,,,,,,,,,6,0,0.0,1.03,0.0,0.0,,66,19.5,69.0,1,1,45.0,1,1.13,10,7,3,0.51,0.68,0,5,4,0,0,8,12,0,0.0,0,3.442340791738382,-0.6379453189726595
Giorgi Abuashvili,GEO,MF,Metz,1,23,2003,19,5,547,6.1,2,0,2,2,0,0,1,0,0.33,,,,,,,,,,,,,,16,6,37.5,2.63,0.99,0.13,0.33,29,20.3,62.0,0,14,17.0,9,0.53,7,16,-9,-1.48,-0.23,0,6,8,1,29,3,7,0,-1.22,2,1.6366612111292964,-0.6379453189726595
Francesco Acerbi,ITA,DF,Inter,A,38,1988,16,13,1198,13.3,0,1,1,0,0,0,3,0,0.08,,,,,,,,,,,,,,3,1,33.3,0.23,0.08,0.0,0.0,75,40.3,87.0,10,3,22.0,15,2.13,30,17,13,0.98,-0.85,0,15,12,3,2,17,9,0,0.0,1,1.953418482344102,-0.6379453189726595
Ragnar Ache,GER,FW,Köln,,27,1998,29,18,1718,19.1,7,4,11,7,0,0,3,0,0.58,,,,,,,,,,,,,,52,22,42.3,2.72,1.15,0.13,0.32,59,63.6,78.0,3,11,29.0,0,1.03,27,38,-11,-0.58,-0.94,0,18,29,10,1,4,8,0,-4.14,11,0.6279434850863421,-0.6379453189726595
Joshua Acheampong,ENG,DF,Chelsea,League,19,2006,14,7,586,6.5,1,0,1,1,0,0,1,0,0.15,,,,,,,,,,,,,,3,2,66.7,0.46,0.31,0.33,0.5,42,19.7,71.0,1,7,13.0,16,1.21,8,12,-4,-0.61,-1.18,0,2,5,2,1,11,7,0,-0.33999999999999997,1,2.7649769585253456,-0.6379453189726595
Akor Adams,NGA,FW,Sevilla,Liga,26,2000,26,18,1752,19.5,8,3,11,5,3,3,1,0,0.41,,,,,,,,,,,,,,54,27,50.0,2.77,1.39,0.09,0.19,67,62.8,85.0,12,8,29.0,0,1.15,27,34,-7,-0.36,0.07,0,26,10,38,14,0,2,0,-5.57,8,0.10251153254741158,-0.6379453189726595
Che Adams,SCO,FW,Torino,A,29,1996,30,18,1760,19.6,5,2,7,5,0,0,0,0,0.36,,,,,,,,,,,,,,48,14,29.2,2.45,0.72,0.1,0.36,59,59.3,77.0,4,12,32.0,1,1.23,24,28,-4,-0.2,0.76,0,17,15,9,13,1,7,0,-3.5999999999999996,7,0.40795512493625696,-0.6379453189726595
Tyler Adams,USA,MF,Bournemouth,League,27,1999,20,18,1458,16.2,2,1,3,2,0,0,7,0,0.19,,,,,,,,,,,,,,9,6,66.7,0.56,0.37,0.22,0.33,73,49.1,78.0,8,2,24.0,1,1.45,19,25,-6,-0.37,-0.73,0,29,12,1,1,25,20,0,-0.6799999999999999,3,2.7760641579272054,-0.6379453189726595
Tosin Adarabioyo,ENG,DF,Chelsea,League,28,1997,15,7,750,8.3,0,0,0,0,0,0,2,0,0.0,,,,,,,,,,,,,,2,0,0.0,0.24,0.0,0.0,,50,25.3,85.0,6,8,19.0,10,1.53,16,12,4,0.48,0.2,0,5,0,1,0,9,6,0,0.0,0,1.8050541516245486,-0.6379453189726595
Jayden Addai,NED,MF,Como,A,20,2005,12,7,686,7.6,3,0,3,3,0,0,4,0,0.39,,,,,,,,,,,,,,13,6,46.2,1.71,0.79,0.23,0.5,57,23.1,75.0,2,5,32.0,6,1.25,11,6,5,0.66,-0.29,0,13,14,2,10,2,2,0,-1.6199999999999999,3,0.5256241787122208,-0.6379453189726595
Karim Adeyemi,GER,MF,Dortmund,,24,2002,26,15,1170,13.0,7,3,10,7,0,0,5,0,0.77,,,,,,,,,,,,,,31,14,45.2,2.38,1.08,0.23,0.5,45,43.3,69.0,0,11,12.0,1,2.23,26,13,13,1.0,0.0,0,21,25,5,10,8,4,0,-3.78,10,0.9223674096848579,-0.6379453189726595
Simon Adingra,CIV,MF,Sunderland,League,24,2002,14,9,653,7.3,1,0,1,1,0,0,2,0,0.14,,,,,,,,,,,,,,6,2,33.3,0.83,0.28,0.17,0.5,47,22.0,64.0,0,5,16.0,8,1.07,6,8,-2,-0.28,-0.2,0,18,3,4,27,2,8,0,-0.6599999999999999,1,1.3679890560875514,-0.6379453189726595
Simon Adingra,CIV,MF,Monaco,1,24,2002,10,6,583,6.5,3,0,3,3,0,0,0,0,0.46,,,,,,,,,,,,,,15,4,26.7,2.32,0.62,0.2,0.75,58,21.6,79.0,2,4,27.0,0,2.3,13,9,4,0.62,0.49,0,4,6,2,21,4,6,0,-2.2,3,1.5360983102918588,-0.6379453189726595
Nathaniel Adjei,GHA,DF,Lorient,1,23,2002,11,5,493,5.5,0,0,0,0,0,0,0,0,0.0,,,,,,,,,,,,,,1,0,0.0,0.18,0.0,0.0,,45,18.3,90.0,5,6,7.0,11,1.82,5,6,-1,-0.18,-0.06,0,3,4,0,0,6,5,0,0.0,0,1.9963702359346642,-0.6379453189726595
Amine Adli,MAR,MF,Bournemouth,League,25,2000,27,10,1040,11.6,3,1,4,3,0,0,2,0,0.35,,,,,,,,,,,,,,19,9,47.4,1.64,0.78,0.16,0.33,39,35.0,73.0,2,17,18.0,5,1.41,17,16,1,0.09,0.13,0,26,23,4,39,5,16,0,-1.56,4,1.8087855297157625,-0.6379453189726595
Michel Aebischer,SUI,MF,Pisa,A,29,1997,31,29,2562,28.5,1,1,2,1,0,0,7,0,0.07,,,,,,,,,,,,,,16,3,18.8,0.56,0.11,0.06,0.33,83,86.3,85.0,22,2,45.0,0,0.58,21,41,-20,-0.7,2.83,0,33,37,0,36,27,35,0,-0.8200000000000001,2,2.174675552437741,-0.6379453189726595
David Affengruber,AUT,DF,Elche,Liga,25,2001,29,26,2352,26.1,0,0,0,0,0,0,6,1,0.0,,,,,,,,,,,,,,8,2,25.0,0.31,0.08,0.0,0.0,81,84.3,87.0,21,3,31.0,0,1.03,36,40,-4,-0.15,0.67,0,27,31,2,7,40,38,0,0.0,0,2.987361164304864,-0.6379453189726595
Emmanuel Agbadou,CIV,DF,Wolves,League,28,1997,14,12,1101,12.2,0,0,0,0,0,0,1,1,0.0,,,,,,,,,,,,,,10,3,30.0,0.82,0.25,0.0,0.0,79,37.1,85.0,11,2,38.0,4,0.14,6,27,-21,-1.72,-0.95,0,10,5,1,13,14,21,0,0.0,0,2.866502866502867,-0.6379453189726595
Julen Agirrezabala,ESP,GK,Valencia,Liga,25,2000,18,18,1620,18.0,0,0,0,0,0,0,1,0,0.0,30.0,1.67,79.0,52.0,65.8,3.0,7.0,8.0,4.0,22.2,3.0,1.0,0.0,0,0,,0.0,0.0,,,90,58.1,90.0,18,0,,0,0.89,17,30,-13,-0.72,-0.8,0,0,1,0,0,0,1,0,0.0,0,0.05552470849528039,0.4038879723192914
Lucien Agoume,FRA,MF,Sevilla,Liga,24,2002,27,25,2147,23.9,1,2,3,1,0,0,10,0,0.13,,,,,,,,,,,,,,12,2,16.7,0.5,0.08,0.08,0.5,80,77.0,84.0,16,2,21.0,1,1.15,34,40,-6,-0.25,0.59,0,46,12,6,15,36,26,0,-0.84,3,2.593057298201589,-0.6379453189726595
Felix Agu,NGA,DF,Werder Bremen,,26,1999,11,9,744,8.3,0,0,0,0,0,0,1,0,0.0,,,,,,,,,,,,,,2,1,50.0,0.24,0.12,0.0,0.0,68,27.6,76.0,4,2,30.0,2,0.91,11,19,-8,-0.97,-0.51,0,8,14,3,14,11,14,0,0.0,0,3.0084235860409145,-0.6379453189726595
Marc Aguado,ESP,MF,Elche,Liga,26,2000,29,24,2009,22.3,1,1,2,1,0,0,2,0,0.09,,,,,,,,,,,,,,2,1,50.0,0.09,0.04,0.5,1.0,69,72.0,79.0,7,5,21.0,0,0.97,26,32,-6,-0.27,-0.04,0,18,22,0,2,36,24,0,-0.5,2,2.689376961004034,-0.6379453189726595
Nayef Aguerd,MAR,DF,Marseille,1,30,1996,16,16,1396,15.5,1,0,1,1,0,0,4,0,0.06,,,,,,,,,,,,,,10,2,20.0,0.64,0.13,0.1,0.5,87,51.7,87.0,13,0,,1,1.94,33,17,16,1.03,0.89,0,21,6,0,2,21,16,0,-0.8,1,2.385557704706641,-0.6379453189726595
Ruben Aguilar,FRA,MF,Lens,1,32,1993,21,18,1503,16.7,2,2,4,2,0,0,5,1,0.24,,,,,,,,,,,,,,13,3,23.1,0.78,0.18,0.15,0.67,72,57.6,80.0,6,3,22.0,1,2.19,28,17,11,0.66,-0.72,1,23,10,5,79,21,22,0,-1.55,4,2.573309395571514,-0.6379453189726595
Honest Ahanor,ITA,DF,Atalanta,A,18,2008,18,12,1079,12.0,0,0,0,0,0,0,1,1,0.0,,,,,,,,,,,,,,10,2,20.0,0.83,0.17,0.0,0.0,60,36.3,70.0,7,6,39.0,13,1.72,16,11,5,0.42,-0.11,0,17,22,0,1,15,15,0,0.0,0,2.4979184013322233,-0.6379453189726595
Lucas Ahijado,ESP,DF,Oviedo,Liga,31,1995,15,10,972,10.8,0,1,1,0,0,0,2,0,0.09,,,,,,,,,,,,,,8,2,25.0,0.74,0.19,0.0,0.0,65,34.8,83.0,7,5,29.0,9,0.6,8,20,-12,-1.11,-0.52,0,10,3,2,15,15,27,0,0.0,1,3.8852913968547638,-0.6379453189726595
Joseph Aidoo,GHA,DF,Celta Vigo,Liga,30,1995,8,7,639,7.1,0,0,0,0,0,0,0,0,0.0,,,,,,,,,,,,,,2,0,0.0,0.28,0.0,0.0,,80,22.9,89.0,6,1,18.0,12,2.25,17,13,4,0.56,0.56,0,5,1,0,0,10,3,0,0.0,0,1.828410689170183,-0.6379453189726595
Ola Aina,NGA,DF,Nottingham Forest,League,29,1996,17,17,1498,16.6,0,0,0,0,0,0,3,0,0.0,,,,,,,,,,,,,,11,1,9.1,0.66,0.06,0.0,0.0,88,50.4,88.0,14,0,,0,1.29,22,19,3,0.18,0.91,0,13,13,0,39,26,20,0,0.0,0,2.7694160144491264,-0.6379453189726595
Abdelhamid Ait Boudlal,MAR,DF,Rennes,1,20,2006,16,13,1043,11.6,2,1,3,2,0,0,2,1,0.26,,,,,,,,,,,,,,8,3,37.5,0.69,0.26,0.25,0.67,65,38.6,77.0,10,3,13.0,5,1.94,26,19,7,0.6,0.39,0,7,3,0,2,15,8,0,-1.25,3,1.9810508182601207,-0.6379453189726595
Rayan Aït-Nouri,ALG,DF,Manchester City,League,24,2001,14,10,806,9.0,0,2,2,0,0,0,2,0,0.22,,,,,,,,,,,,,,7,1,14.3,0.78,0.11,0.0,0.0,58,28.0,77.0,6,4,10.0,7,1.93,19,9,10,1.12,-0.01,0,13,8,0,16,13,19,0,0.0,2,3.551609322974473,-0.6379453189726595
Tosin Aiyegun,BEN,MF,Lorient,1,27,1998,23,10,935,10.4,4,0,4,4,0,1,1,0,0.39,,,,,,,,,,,,,,25,10,40.0,2.41,0.96,0.16,0.4,41,34.6,67.0,1,13,20.0,3,1.04,11,14,-3,-0.29,-0.24,0,11,12,3,6,1,5,0,-2.4,4,0.5763688760806917,-0.6379453189726595
Kristoffer Ajer,NOR,DF,Brentford,League,28,1998,24,18,1628,18.1,0,1,1,0,0,0,3,0,0.06,,,,,,,,,,,,,,10,3,30.0,0.55,0.17,0.0,0.0,68,54.8,83.0,12,6,22.0,7,1.38,27,27,0,0.0,-0.27,0,22,5,0,7,12,21,0,0.0,1,1.822197680839315,-0.6379453189726595
Ludovic Ajorque,FRA,FW,Brest,1,32,1994,27,27,2370,26.3,7,8,15,7,0,0,9,1,0.57,,,,,,,,,,,,,,45,15,33.3,1.71,0.57,0.16,0.47,88,90.8,88.0,23,0,,0,1.37,36,38,-2,-0.08,1.42,0,54,49,12,9,9,14,0,-4.6,15,0.8741923223109084,-0.6379453189726595
Manuel Akanji,SUI,DF,Inter,A,30,1995,31,29,2641,29.3,2,0,2,2,0,0,4,0,0.07,,,,,,,,,,,,,,22,6,27.3,0.75,0.2,0.09,0.33,85,88.9,90.0,28,2,21.0,0,2.42,69,24,45,1.53,0.44,0,25,16,2,3,35,23,0,-1.46,2,1.97884680996247,-0.6379453189726595
Nathan Aké,NED,DF,Manchester City,League,31,1995,15,4,496,5.5,0,0,0,0,0,0,1,0,0.0,,,,,,,,,,,,,,4,0,0.0,0.73,0.0,0.0,,33,17.2,86.0,3,11,14.0,15,2.07,5,7,-2,-0.36,-1.8,0,2,6,1,4,4,6,0,0.0,0,1.8148820326678767,-0.6379453189726595
Ilias Akhomach,MAR,MF,Rayo Vallecano,Liga,22,2004,9,6,586,6.5,0,0,0,0,0,0,2,0,0.0,,,,,,,,,,,,,,14,4,28.6,2.15,0.61,0.0,0.0,65,21.0,77.0,0,3,41.0,0,1.11,10,8,2,0.31,0.76,0,9,25,1,19,2,9,0,0.0,0,1.6897081413210446,-0.6379453189726595
Ebenezer Akinsanmiro,NGA,MF,Pisa,A,21,2004,19,11,1110,12.3,0,1,1,0,0,0,2,0,0.08,,,,,,,,,,,,,,11,3,27.3,0.89,0.24,0.0,0.0,58,37.4,78.0,7,8,31.0,6,0.63,8,21,-13,-1.05,0.06,0,25,23,1,9,19,19,0,0.0,1,3.0869212022745733,-0.6379453189726595
Maghnes Akliouche,FRA,MF,Monaco,1,24,2002,27,24,2080,23.1,6,4,10,6,0,0,3,0,0.43,,,,,,,,,,,,,,43,16,37.2,1.86,0.69,0.14,0.38,77,77.0,83.0,14,3,33.0,1,1.63,40,32,8,0.35,0.49,0,22,30,9,37,14,22,0,-3.76,10,1.5577672003461702,-0.6379453189726595
Clément Akpa,CIV,DF,Auxerre,1,24,2001,23,21,1821,20.2,0,0,0,0,0,0,4,1,0.0,,,,,,,,,,,,,,6,0,0.0,0.3,0.0,0.0,,79,67.4,85.0,18,2,17.0,4,0.87,13,27,-14,-0.69,-0.69,1,11,30,1,29,23,19,2,0.0,0,2.078179119247897,-0.6379453189726595
Jean-Daniel Akpa-Akpro,CIV,MF,Hellas Verona,A,33,1992,17,13,1153,12.8,1,0,1,1,0,0,8,0,0.08,,,,,,,,,,,,,,11,3,27.3,0.86,0.23,0.09,0.33,68,38.8,75.0,5,4,44.0,1,0.47,8,15,-7,-0.55,0.74,0,34,10,0,15,17,27,0,-0.73,1,3.4348165495706477,-0.6379453189726595
Al-Musrati,LBY,MF,Hellas Verona,A,30,1996,17,8,811,9.0,0,1,1,0,0,0,6,1,0.11,,,,,,,,,,,,,,8,1,12.5,0.89,0.11,0.0,0.0,48,27.3,76.0,3,9,22.0,8,0.65,7,18,-11,-1.22,-0.3,1,15,2,1,2,10,6,0,0.0,1,1.7758046614872365,-0.6379453189726595
Raúl Albiol,ESP,DF,Pisa,A,40,1985,8,5,500,5.6,0,1,1,0,0,0,1,0,0.18,,,,,,,,,,,,,,1,0,0.0,0.18,0.0,0.0,,63,16.8,73.0,2,3,45.0,15,0.88,4,11,-7,-1.26,-0.2,0,6,2,0,1,7,4,0,0.0,1,1.9607843137254903,-0.6379453189726595
Carlos Alcaraz,ARG,MF,Everton,League,23,2002,16,6,675,7.5,0,1,1,0,0,0,3,0,0.13,,,,,,,,,,,,,,18,5,27.8,2.4,0.67,0.0,0.0,42,22.7,75.0,0,10,23.0,7,1.31,7,8,-1,-0.13,-0.21,0,8,11,1,5,2,8,0,0.0,1,1.3315579227696406,-0.6379453189726595
Omar Alderete,PAR,DF,Sunderland,League,29,1996,29,28,2506,27.8,1,1,2,1,0,0,6,0,0.07,,,,,,,,,,,,,,19,8,42.1,0.68,0.29,0.05,0.13,86,84.4,88.0,24,1,38.0,1,1.41,29,34,-5,-0.18,-0.37,0,29,9,5,11,28,16,0,-0.6,2,1.5821646889608054,-0.6379453189726595
Alexandre Alemão,BRA,FW,Rayo Vallecano,Liga,28,1998,19,8,800,8.9,1,0,1,1,0,0,1,0,0.11,,,,,,,,,,,,,,15,6,40.0,1.69,0.68,0.07,0.17,42,28.7,74.0,0,11,19.0,5,1.16,6,10,-4,-0.45,-0.22,0,17,18,0,3,1,1,0,-0.58,1,0.2244668911335578,-0.6379453189726595
Carles Aleñá,ESP,MF,Alavés,Liga,28,1998,31,22,1876,20.8,0,4,4,0,0,0,4,0,0.19,,,,,,,,,,,,,,26,5,19.2,1.25,0.24,0.0,0.0,61,67.2,74.0,4,9,28.0,0,1.06,21,31,-10,-0.48,-0.38,0,36,33,0,108,12,24,0,0.0,4,1.7299375300336375,-0.6379453189726595
Trent Alexander-Arnold,ENG,DF,Real Madrid,Liga,27,1998,15,9,754,8.4,0,4,4,0,0,0,1,0,0.48,,,,,,,,,,,,,,6,1,16.7,0.72,0.12,0.0,0.0,50,27.0,74.0,3,6,15.0,3,2.0,19,11,8,0.95,-0.28,0,5,0,0,81,11,6,0,0.0,4,2.0214030915576693,-0.6379453189726595
Mohamed Ali Cho,FRA,FW,Nice,1,22,2004,20,17,1411,15.7,4,3,7,4,0,0,1,0,0.45,,,,,,,,,,,,,,25,12,48.0,1.59,0.77,0.16,0.33,71,52.3,77.0,4,3,34.0,0,0.65,20,31,-11,-0.7,0.07,0,14,28,4,37,3,9,0,-2.08,7,0.7638446849140675,-0.6379453189726595
Alisson,BRA,GK,Liverpool,League,33,1992,25,25,2250,25.0,0,0,0,0,0,0,1,0,0.0,30.0,1.2,84.0,56.0,66.7,13.0,7.0,5.0,8.0,32.0,2.0,0.0,0.0,0,0,,0.0,0.0,,,90,75.8,90.0,25,0,,0,1.84,43,30,13,0.52,0.77,0,1,7,0,0,0,0,0,0.0,0,0.0,0.5495599821972685
Thiago Almada,ARG,MF,Atlético Madrid,Liga,24,2001,22,13,1090,12.1,3,1,4,3,0,0,1,0,0.33,,,,,,,,,,,,,,19,10,52.6,1.57,0.83,0.16,0.3,50,39.1,68.0,3,9,22.0,4,1.77,16,15,1,0.08,-0.87,0,8,15,2,29,7,16,0,-1.4,4,1.8992568125516103,-0.6379453189726595
Domingos André Ribeiro Almeida,POR,MF,Valencia,Liga,25,2000,19,11,1001,11.1,0,1,1,0,0,0,0,0,0.09,,,,,,,,,,,,,,9,3,33.3,0.81,0.27,0.0,0.0,53,35.9,75.0,3,8,22.0,11,0.95,12,14,-2,-0.18,0.32,0,11,21,0,64,8,10,0,0.0,1,1.6201620162016201,-0.6379453189726595
Marcos Alonso,ESP,DF,Celta Vigo,Liga,35,1990,26,25,2243,24.9,1,0,1,0,1,1,4,0,0.0,,,,,,,,,,,,,,21,3,14.3,0.84,0.12,0.0,0.0,86,80.4,88.0,23,1,33.0,0,1.46,34,30,4,0.16,0.16,0,19,16,0,15,28,19,0,-1.0,0,1.8867924528301887,-0.6379453189726595
Sergi Altimira,ESP,MF,Real Betis,Liga,24,2001,22,12,1110,12.3,1,1,2,1,0,0,3,0,0.16,,,,,,,,,,,,,,5,2,40.0,0.41,0.16,0.2,0.5,50,39.8,74.0,5,10,22.0,8,1.45,12,19,-7,-0.57,-1.32,0,12,20,0,3,19,30,0,-0.6,2,3.9805036555645814,-0.6379453189726595
Carlos Álvarez,ESP,MF,Levante,Liga,22,2003,27,22,1814,20.2,3,1,4,3,0,0,3,0,0.2,,,,,,,,,,,,,,27,10,37.0,1.34,0.5,0.11,0.3,67,65.0,78.0,7,5,20.0,1,0.89,19,35,-16,-0.79,-0.89,0,21,46,2,49,13,13,0,-1.9,4,1.2864918357248887,-0.6379453189726595
Hugo Álvarez,ESP,FW,Celta Vigo,Liga,22,2003,21,11,1011,11.2,3,1,4,3,0,0,2,0,0.36,,,,,,,,,,,,,,7,4,57.1,0.62,0.36,0.43,0.75,48,36.2,71.0,4,10,23.0,6,1.43,20,17,3,0.27,0.22,0,15,11,2,20,8,7,0,-1.28,4,1.3380909901873328,-0.6379453189726595
Julián Álvarez,ARG,FW,Atlético Madrid,Liga,26,2000,29,22,1895,21.1,8,4,12,6,2,3,2,0,0.47,,,,,,,,,,,,,,54,26,48.1,2.56,1.23,0.11,0.23,65,67.9,74.0,6,7,38.0,2,1.97,35,20,15,0.71,0.31,0,14,18,2,86,3,13,0,-5.140000000000001,10,0.7579346281383229,-0.6379453189726595
Ayoube Amaimouni Echghouyab,MAR,MF,Eintracht Frankfurt,,21,2004,14,5,518,5.8,2,3,5,2,0,0,1,0,0.87,,,,,,,,,,,,,,12,7,58.3,2.08,1.22,0.17,0.29,37,19.2,71.0,0,9,18.0,1,1.14,13,10,3,0.52,0.73,0,8,9,6,26,2,3,0,-0.8099999999999998,5,0.8605851979345955,-0.6379453189726595
Aurele Amenda,SUI,DF,Eintracht Frankfurt,,22,2003,20,14,1327,14.7,0,0,0,0,0,0,4,0,0.0,,,,,,,,,,,,,,8,1,12.5,0.54,0.07,0.0,0.0,66,49.1,90.0,14,6,11.0,7,1.3,22,26,-4,-0.27,-0.4,0,14,9,0,3,25,9,1,0.0,0,2.311352821210061,-0.6379453189726595
Kelvin Amian,FRA,DF,Nantes,1,28,1998,23,22,1961,21.8,0,1,1,0,0,0,3,0,0.05,,,,,,,,,,,,,,10,2,20.0,0.46,0.09,0.0,0.0,85,75.1,89.0,21,1,1.0,2,0.65,21,40,-19,-0.87,-0.59,0,23,18,2,29,8,18,0,0.0,1,1.1921137093076568,-0.6379453189726595
Mohamed Amine Sbai,FRA,MF,Angers,1,25,2000,22,20,1619,18.0,2,1,3,2,0,1,1,0,0.17,,,,,,,,,,,,,,30,14,46.7,1.67,0.78,0.07,0.14,74,60.0,78.0,4,2,28.0,1,1.32,16,21,-5,-0.28,0.47,0,15,22,3,55,4,10,0,-1.02,3,0.7773459189339256,-0.6379453189726595
Michael Amir Murillo,PAN,DF,Marseille,1,30,1996,16,11,989,11.0,2,1,3,2,0,0,4,0,0.27,,,,,,,,,,,,,,9,2,22.2,0.82,0.18,0.22,1.0,62,36.6,80.0,7,5,21.0,2,2.0,26,13,13,1.18,0.92,0,22,16,2,28,6,13,0,-1.56,3,1.7257039055404177,-0.6379453189726595
Nadiem Amiri,GER,MF,Mainz 05,,29,1996,22,20,1765,19.6,11,2,13,3,8,8,6,0,0.25,,,,,,,,,,,,,,41,17,41.5,2.09,0.87,0.07,0.18,80,65.4,86.0,12,2,28.0,0,1.0,24,28,-4,-0.2,0.28,0,17,22,3,114,16,16,0,-9.81,5,1.6318204997450279,-0.6379453189726595
Samuel Amo-Ameyaw,ENG,MF,Strasbourg,1,19,2006,21,6,758,8.4,1,2,3,1,0,0,2,0,0.36,,,,,,,,,,,,,,9,1,11.1,1.07,0.12,0.11,1.0,36,29.0,71.0,2,15,22.0,4,1.33,8,13,-5,-0.59,-1.27,0,12,18,2,42,3,9,0,-0.89,3,1.426872770511296,-0.6379453189726595
Mohamed Amoura,ALG,FW,Wolfsburg,,25,2000,27,22,1845,20.5,8,3,11,7,1,1,2,0,0.49,,,,,,,,,,,,,,57,17,29.8,2.78,0.83,0.12,0.41,68,68.3,78.0,8,5,24.0,0,0.89,32,32,0,0.0,2.63,0,19,11,11,32,7,21,0,-5.96,10,1.36518771331058,-0.6379453189726595
Ethan Ampadu,WAL,MF,Leeds United,League,25,2000,30,30,2669,29.7,1,1,2,1,0,0,8,0,0.07,,,,,,,,,,,,,,24,6,25.0,0.81,0.2,0.04,0.17,89,89.9,89.0,26,0,,0,1.23,38,42,-4,-0.13,0.76,0,39,29,0,24,43,40,0,-0.76,2,2.7936721642544597,-0.6379453189726595
Sofyan Amrabat,MAR,MF,Real Betis,Liga,29,1996,11,9,873,9.7,0,0,0,0,0,0,3,0,0.0,,,,,,,,,,,,,,6,1,16.7,0.62,0.1,0.0,0.0,79,31.3,90.0,9,2,32.0,1,1.36,15,9,6,0.62,0.57,0,12,15,0,6,7,11,0,0.0,0,1.8537590113285274,-0.6379453189726595
Joachim Andersen,DEN,DF,Fulham,League,29,1996,30,30,2651,29.5,0,1,1,0,0,0,7,0,0.03,,,,,,,,,,,,,,15,4,26.7,0.51,0.14,0.0,0.0,88,89.3,88.0,29,0,,1,1.4,40,41,-1,-0.03,0.53,0,28,12,0,15,28,20,0,0.0,1,1.626567265333785,-0.6379453189726595
Elliot Anderson,ENG,MF,Nottingham Forest,League,23,2002,33,33,2952,32.8,2,2,4,1,1,1,6,0,0.09,,,,,,,,,,,,,,38,8,21.1,1.16,0.24,0.03,0.13,89,99.4,89.0,30,0,,0,1.09,36,44,-8,-0.24,4.76,0,50,72,2,163,36,56,0,-1.76,3,2.8040231636696133,-0.6379453189726595
Tomoya Ando,JPN,DF,St Pauli,,27,1999,11,10,900,10.0,0,1,1,0,0,0,3,0,0.1,,,,,,,,,,,,,,6,2,33.3,0.6,0.2,0.0,0.0,82,33.3,87.0,8,1,27.0,2,0.82,9,20,-11,-1.1,-0.4,0,9,5,0,4,12,15,0,0.0,1,2.6973026973026974,-0.6379453189726595
Nícolas Andrade,BRA,GK,Pisa,A,38,1988,6,6,540,6.0,0,0,0,0,0,0,0,0,0.0,14.0,2.33,26.0,12.0,46.2,1.0,0.0,5.0,0.0,0.0,0.0,0.0,1.0,0,0,,0.0,0.0,,,90,18.2,90.0,6,0,,27,0.5,4,14,-10,-1.67,-0.7,0,0,3,0,0,0,0,0,0.0,0,0.0,0.0
André,BRA,MF,Wolves,League,24,2001,30,25,2312,25.7,1,0,1,1,0,0,9,0,0.04,,,,,,,,,,,,,,12,1,8.3,0.47,0.04,0.08,1.0,77,77.8,86.0,19,5,34.0,0,0.5,16,46,-30,-1.17,-0.21,0,36,38,0,39,21,36,0,-0.92,1,2.2170361726954493,-0.6379453189726595
Benjamin André,FRA,MF,Lille,1,35,1990,23,22,1972,21.9,2,2,4,2,0,0,7,0,0.18,,,,,,,,,,,,,,22,4,18.2,1.0,0.18,0.09,0.5,86,73.0,89.0,19,1,18.0,0,1.96,35,17,18,0.82,1.19,0,31,34,2,18,26,34,0,-1.6400000000000001,4,2.7384755819260613,-0.6379453189726595
Robert Andrich,GER,DF,Leverkusen,,31,1994,28,25,2215,24.6,2,0,2,2,0,0,6,1,0.08,,,,,,,,,,,,,,10,3,30.0,0.41,0.12,0.2,0.67,79,82.0,87.0,21,3,16.0,1,1.82,51,37,14,0.57,-0.36,1,28,18,0,13,29,26,0,-1.4,2,2.234863876472978,-0.6379453189726595
Samuele Angori,ITA,MF,Pisa,A,22,2003,30,26,2212,24.6,0,2,2,0,0,0,2,0,0.08,,,,,,,,,,,,,,13,2,15.4,0.53,0.08,0.0,0.0,74,74.5,81.0,16,4,30.0,3,0.43,17,43,-26,-1.06,0.13,0,15,47,3,150,22,22,0,0.0,2,1.7878911011783825,-0.6379453189726595
Ilyas Ansah,GER,MF,Union Berlin,,21,2004,29,20,1680,18.7,5,1,6,5,0,0,1,0,0.32,,,,,,,,,,,,,,30,10,33.3,1.61,0.54,0.17,0.5,58,62.2,75.0,3,9,21.0,1,1.1,23,28,-5,-0.27,0.88,0,18,36,8,18,4,7,0,-3.3,6,0.5879208979155531,-0.6379453189726595
Jaidon Anthony,ENG,MF,Burnley,League,26,1999,32,27,2286,25.4,7,1,8,7,0,0,4,0,0.31,,,,,,,,,,,,,,47,19,40.4,1.85,0.75,0.15,0.37,71,77.0,81.0,11,5,17.0,1,0.63,26,51,-25,-0.98,0.07,0,20,40,8,65,15,18,0,-4.15,8,1.2987012987012987,-0.6379453189726595
Waldemar Anton,GER,DF,Dortmund,,29,1996,28,28,2520,28.0,2,0,2,2,0,0,3,0,0.07,,,,,,,,,,,,,,15,6,40.0,0.54,0.21,0.13,0.33,90,93.3,90.0,28,0,,0,2.14,58,30,28,1.0,0.0,0,21,15,0,10,22,34,0,-1.22,2,1.9992859692966796,-0.6379453189726595
Antony,BRA,MF,Real Betis,Liga,26,2000,26,24,1974,21.9,7,5,12,7,0,0,5,1,0.55,,,,,,,,,,,,,,68,28,41.2,3.1,1.28,0.1,0.25,76,70.8,80.0,10,2,27.0,0,1.46,34,30,4,0.18,-0.15,0,14,37,1,56,18,17,0,-4.199999999999999,12,1.597444089456869,-0.6379453189726595
Youssef El-Arabi,MAR,FW,Nantes,1,39,1987,22,11,917,10.2,3,0,3,3,0,1,0,0,0.29,,,,,,,,,,,,,,15,9,60.0,1.47,0.88,0.2,0.33,42,35.1,69.0,1,11,14.0,7,0.64,12,13,-1,-0.1,0.97,0,21,22,9,2,4,9,0,-1.2,3,1.2732615083251715,-0.6379453189726595
Mauro Arambarri,URU,MF,Getafe,Liga,30,1995,30,30,2629,29.2,6,2,8,4,2,2,5,0,0.21,,,,,,,,,,,,,,50,17,34.0,1.71,0.58,0.08,0.24,88,94.2,88.0,25,0,,0,1.37,27,31,-4,-0.14,0.42,0,46,53,2,11,19,39,0,-4.64,6,1.9856213625470729,-0.6379453189726595
Jon Aramburu,VEN,DF,Real Sociedad,Liga,23,2002,29,27,2388,26.5,1,0,1,1,0,0,9,0,0.04,,,,,,,,,,,,,,18,5,27.8,0.68,0.19,0.06,0.2,82,85.6,86.0,21,2,30.0,0,1.41,40,41,-1,-0.04,-0.49,0,59,39,2,44,41,56,0,-0.7,1,3.6589966050546963,-0.6379453189726595
Ronald Araújo,URU,DF,Barcelona,Liga,27,1999,20,10,958,10.6,3,0,3,3,0,0,2,0,0.28,,,,,,,,,,,,,,10,5,50.0,0.94,0.47,0.3,0.6,48,34.3,79.0,7,10,17.0,5,2.55,28,13,15,1.41,-0.51,0,16,2,0,5,10,9,0,-1.5,3,1.7907634307257305,-0.6379453189726595
Carlens Arcus,HAI,DF,Angers,1,29,1996,24,24,2009,22.3,0,3,3,0,0,0,6,0,0.13,,,,,,,,,,,,,,9,1,11.1,0.4,0.04,0.0,0.0,84,74.4,84.0,17,0,,1,1.21,19,27,-8,-0.36,0.42,0,31,16,0,38,29,28,0,0.0,3,2.5549081129538322,-0.6379453189726595
Alphonse Areola,FRA,GK,West Ham United,League,33,1993,20,20,1800,20.0,0,1,1,0,0,0,0,0,0.05,37.0,1.85,108.0,76.0,70.4,4.0,5.0,11.0,0.0,0.0,5.0,0.0,1.0,0,0,,0.0,0.0,,,90,60.6,90.0,20,0,,13,0.85,25,37,-12,-0.6,-0.22,0,1,1,0,0,1,0,0,0.0,1,0.04997501249375312,0.33416183374758357
Jesús Areso,ESP,DF,Athletic Club,Liga,26,1999,24,13,1418,15.8,0,1,1,0,0,0,3,0,0.06,,,,,,,,,,,,,,3,0,0.0,0.19,0.0,0.0,,59,50.8,84.0,7,11,30.0,6,1.08,15,22,-7,-0.44,-0.12,0,18,5,1,81,20,15,0,0.0,1,2.213788741302973,-0.6379453189726595
Jhon Arias,COL,FW,Wolves,League,28,1997,23,14,1124,12.5,1,0,1,1,0,0,1,0,0.08,,,,,,,,,,,,,,16,3,18.8,1.28,0.24,0.06,0.33,49,37.8,71.0,2,9,15.0,1,0.35,11,21,-10,-0.8,0.52,0,26,9,3,30,7,27,0,-0.8200000000000001,1,2.717825739408473,-0.6379453189726595
Adam Armstrong,ENG,FW,Wolves,League,29,1997,9,9,726,8.1,1,2,3,1,0,0,3,0,0.37,,,,,,,,,,,,,,10,2,20.0,1.24,0.25,0.1,0.5,81,24.4,81.0,4,0,,0,1.0,6,13,-7,-0.87,0.34,0,9,2,2,3,1,3,0,-0.8,3,0.49321824907521583,-0.6379453189726595
Harrison Armstrong,ENG,MF,Everton,League,19,2007,11,6,499,5.5,0,0,0,0,0,0,0,0,0.0,,,,,,,,,,,,,,5,2,40.0,0.9,0.36,0.0,0.0,45,16.8,73.0,1,5,12.0,4,1.36,4,10,-6,-1.08,-1.34,0,6,15,2,2,4,10,0,0.0,0,2.540834845735027,-0.6379453189726595
Maximilian Arnold,GER,MF,Wolfsburg,,31,1994,25,20,1859,20.7,1,4,5,1,0,0,5,0,0.24,,,,,,,,,,,,,,13,5,38.5,0.63,0.24,0.08,0.2,74,68.9,90.0,20,5,12.0,1,0.92,31,41,-10,-0.48,1.12,0,17,26,0,81,24,15,0,-0.6,5,1.883148237566393,-0.6379453189726595
Tolu Arokodare,NGA,FW,Wolves,League,25,2000,28,12,1264,14.0,3,1,4,3,0,1,1,0,0.28,,,,,,,,,,,,,,38,13,34.2,2.71,0.93,0.08,0.23,45,42.6,81.0,7,16,18.0,2,0.61,15,26,-11,-0.78,0.59,0,17,13,6,0,5,3,0,-1.96,4,0.5710206995003569,-0.6379453189726595
Kervin Arriaga,HON,MF,Levante,Liga,28,1998,21,12,1181,13.1,1,1,2,1,0,0,6,1,0.15,,,,,,,,,,,,,,9,3,33.3,0.69,0.23,0.11,0.33,56,42.3,83.0,8,9,21.0,4,1.05,15,23,-8,-0.61,-0.22,1,19,18,1,4,11,18,0,-0.6699999999999999,2,2.212051868802441,-0.6379453189726595
Arthur,BRA,MF,Leverkusen,,23,2003,16,13,1048,11.6,1,3,4,1,0,0,2,0,0.34,,,,,,,,,,,,,,10,2,20.0,0.86,0.17,0.1,0.5,66,38.8,73.0,7,3,32.0,3,1.81,23,16,7,0.6,-0.05,0,17,9,3,29,18,11,0,-0.8,4,2.497846683893196,-0.6379453189726595
Takuma Asano,JPN,MF,Mallorca,Liga,31,1994,16,6,502,5.6,1,0,1,1,0,0,2,0,0.18,,,,,,,,,,,,,,9,2,22.2,1.61,0.36,0.11,0.5,31,18.0,61.0,0,10,14.0,6,1.25,5,10,-5,-0.9,-0.74,0,7,10,5,7,1,4,0,-0.78,1,0.8912655971479502,-0.6379453189726595
Raúl Asencio,ESP,DF,Real Madrid,Liga,23,2003,20,15,1438,16.0,2,0,2,2,0,0,3,0,0.13,,,,,,,,,,,,,,14,4,28.6,0.88,0.25,0.14,0.5,72,51.5,84.0,11,5,34.0,7,2.25,31,13,18,1.13,-0.07,0,15,17,0,1,8,11,0,-1.44,2,1.1867582760774515,-0.6379453189726595
Fisnik Asllani,KVX,FW,Hoffenheim,,23,2002,29,27,2031,22.6,9,6,15,9,0,0,2,0,0.66,,,,,,,,,,,,,,64,24,37.5,2.84,1.06,0.14,0.38,70,75.2,73.0,4,2,24.0,1,1.76,44,36,8,0.35,-0.59,0,21,35,14,8,4,6,0,-5.64,15,0.442282176028306,-0.6379453189726595
Kristjan Asllani,ALB,MF,Torino,A,24,2002,15,13,1129,12.5,0,0,0,0,0,1,3,0,0.0,,,,,,,,,,,,,,20,4,20.0,1.59,0.32,0.0,0.0,75,38.0,82.0,5,2,29.0,4,1.27,13,20,-7,-0.56,-0.07,0,7,14,0,52,12,14,0,0.0,0,2.0783373301358914,-0.6379453189726595
Iago Aspas,ESP,FW,Celta Vigo,Liga,38,1987,25,8,868,9.6,4,3,7,2,2,2,3,0,0.52,,,,,,,,,,,,,,25,11,44.0,2.59,1.14,0.08,0.18,35,31.1,71.0,1,17,18.0,4,1.35,17,9,8,0.83,1.02,0,2,10,0,21,11,9,0,-3.12,5,2.081165452653486,-0.6379453189726595
Yaser Asprilla,COL,FW,Girona,Liga,22,2003,15,6,611,6.8,0,0,0,0,0,0,0,0,0.0,,,,,,,,,,,,,,15,5,33.3,2.21,0.74,0.0,0.0,41,21.9,70.0,2,9,22.0,5,0.93,5,14,-9,-1.33,-1.2,0,11,8,5,36,5,4,0,0.0,0,1.3215859030837005,-0.6379453189726595
Lorenz Assignon,TOG,DF,Stuttgart,,25,2000,21,11,1019,11.3,0,0,0,0,0,0,3,1,0.0,,,,,,,,,,,,,,12,4,33.3,1.06,0.35,0.0,0.0,49,37.7,82.0,4,10,12.0,5,2.05,27,12,15,1.32,1.06,0,18,7,1,34,12,15,0,0.0,0,2.3872679045092835,-0.6379453189726595
Dehmaine Assoumani,FRA,MF,Nantes,1,21,2005,24,14,1197,13.3,1,0,1,1,0,0,4,1,0.08,,,,,,,,,,,,,,27,7,25.9,2.03,0.53,0.04,0.14,50,45.9,72.0,1,10,19.0,0,0.79,14,17,-3,-0.23,0.92,0,23,19,0,82,16,18,0,-0.72,1,2.5544703230653645,-0.6379453189726595
Otavio Ataide,BRA,DF,Paris FC,1,24,2002,22,20,1818,20.2,1,0,1,1,0,0,6,1,0.05,,,,,,,,,,,,,,12,3,25.0,0.59,0.15,0.08,0.33,83,67.3,88.0,17,2,26.0,3,1.32,26,30,-4,-0.2,0.01,0,23,31,1,5,26,26,0,-0.76,1,2.5729836714497774,-0.6379453189726595
Zachary Athekame,SUI,MF,Milan,A,21,2004,23,6,635,7.1,1,2,3,1,0,0,3,0,0.43,,,,,,,,,,,,,,8,2,25.0,1.13,0.28,0.13,0.5,28,21.4,60.0,0,17,16.0,7,1.87,13,9,4,0.57,-0.09,0,12,8,1,38,4,6,0,-0.74,3,1.4064697609001409,-0.6379453189726595
Arthur Atta,FRA,MF,Udinese,A,23,2003,27,24,2114,23.5,3,3,6,3,0,0,3,0,0.26,,,,,,,,,,,,,,48,17,35.4,2.04,0.72,0.06,0.18,78,71.2,84.0,15,3,31.0,0,1.33,24,31,-7,-0.3,-0.51,0,19,28,7,50,21,13,0,-1.98,6,1.446193109315185,-0.6379453189726595
Noah Atubolu,GER,GK,Freiburg,,23,2002,30,30,2700,30.0,0,0,0,0,0,0,1,0,0.0,48.0,1.6,136.0,89.0,64.7,12.0,7.0,11.0,6.0,20.0,0.0,1.0,0.0,0,0,,0.0,0.0,,,90,100.0,90.0,30,0,,0,1.43,44,48,-4,-0.13,,0,0,5,0,0,1,0,0,0.0,0,0.033322225924691765,0.45532104989014965
Pierre-Emerick Aubameyang,GAB,FW,Marseille,1,36,1989,27,20,1814,20.2,9,5,14,9,0,0,1,0,0.69,,,,,,,,,,,,,,49,26,53.1,2.43,1.29,0.18,0.35,67,67.2,80.0,6,7,31.0,3,1.7,39,24,15,0.74,0.44,0,19,16,8,27,7,5,0,-4.32,14,0.5937654626422563,-0.6379453189726595
Emil Audero,IDN,GK,Cremonese,A,29,1997,29,29,2610,29.0,0,0,0,0,0,0,0,0,0.0,40.0,1.38,149.0,113.0,75.2,6.0,7.0,16.0,9.0,31.0,3.0,1.0,0.0,0,0,,0.0,0.0,,,90,87.9,90.0,29,0,,2,0.86,22,40,-18,-0.62,0.13,0,0,5,0,0,0,0,0,0.0,0,0.0,0.7002420001321037
Carlos Augusto,BRA,MF,Inter,A,27,1999,29,14,1379,15.3,1,1,2,1,0,0,6,0,0.13,,,,,,,,,,,,,,14,4,28.6,0.91,0.26,0.07,0.25,48,46.4,78.0,8,15,19.0,2,2.38,31,13,18,1.17,-0.58,0,24,10,0,40,16,19,0,-0.72,2,2.286087524493795,-0.6379453189726595
Yann Aurel Bisseck,GER,DF,Inter,A,25,2000,19,17,1566,17.4,2,1,3,2,0,0,2,0,0.17,,,,,,,,,,,,,,22,9,40.9,1.26,0.52,0.09,0.22,82,52.7,89.0,16,2,24.0,11,2.37,40,14,26,1.49,0.02,0,19,13,3,12,18,16,0,-1.19,3,1.9529006318207927,-0.6379453189726595
Leon Avdullahu,KVX,MF,Hoffenheim,,22,2004,29,28,2474,27.5,0,1,1,0,0,0,4,0,0.04,,,,,,,,,,,,,,13,2,15.4,0.47,0.07,0.0,0.0,85,91.6,87.0,23,1,30.0,0,1.86,57,36,21,0.76,3.15,0,24,10,1,14,26,28,0,0.0,1,1.9629225736095963,-0.6379453189726595
Arthur Avom,CMR,MF,Lorient,1,21,2004,27,21,1984,22.0,1,1,2,1,0,0,3,0,0.09,,,,,,,,,,,,,,20,5,25.0,0.91,0.23,0.05,0.2,73,73.5,87.0,17,6,25.0,1,1.33,26,27,-1,-0.05,0.33,0,20,35,0,41,26,31,1,-0.75,2,2.58973194002726,-0.6379453189726595
Chidozie Awaziem,NGA,DF,Nantes,1,29,1997,23,23,2039,22.7,1,2,3,1,0,0,7,0,0.13,,,,,,,,,,,,,,9,4,44.4,0.4,0.18,0.11,0.25,89,78.1,89.0,21,0,,4,0.65,19,39,-20,-0.88,-0.73,0,22,19,1,2,19,16,1,-0.56,3,1.5411712901805372,-0.6379453189726595
Yasin Ayari,SWE,MF,Brighton,League,22,2003,26,20,1897,21.1,3,3,6,3,0,0,1,0,0.28,,,,,,,,,,,,,,41,10,24.4,1.95,0.47,0.07,0.3,73,63.9,86.0,15,6,28.0,1,1.5,30,23,7,0.33,0.42,0,22,28,0,23,24,25,0,-2.3,6,2.321174798673614,-0.6379453189726595
Neil El Aynaoui,MAR,MF,Roma,A,24,2001,21,6,742,8.2,0,1,1,0,0,0,4,0,0.12,,,,,,,,,,,,,,4,3,75.0,0.49,0.36,0.0,0.0,35,25.0,62.0,1,15,25.0,5,1.86,10,10,0,0.0,-0.69,0,17,8,2,10,17,7,0,0.0,1,2.9232643118148602,-0.6379453189726595
César Azpilicueta,ESP,DF,Sevilla,Liga,36,1989,15,15,1033,11.5,0,1,1,0,0,0,4,0,0.09,,,,,,,,,,,,,,1,0,0.0,0.09,0.0,0.0,,69,37.0,69.0,8,0,,1,1.2,15,13,2,0.17,0.89,0,22,8,1,11,22,17,0,0.0,1,3.3883579496090355,-0.6379453189726595
Oussama El Azzouzi,MAR,MF,Auxerre,1,24,2001,11,10,807,9.0,1,0,1,1,0,0,1,1,0.11,,,,,,,,,,,,,,5,1,20.0,0.56,0.11,0.2,1.0,73,29.9,79.0,2,1,19.0,0,0.64,9,11,-2,-0.22,0.35,0,18,8,0,0,16,15,0,-0.8,1,3.4406215316315207,-0.6379453189726595
Mio Backhaus,GER,GK,Werder Bremen,,22,2004,28,28,2520,28.0,0,0,0,0,0,0,0,0,0.0,49.0,1.75,127.0,83.0,65.4,7.0,7.0,14.0,5.0,17.9,5.0,0.0,0.0,0,0,,0.0,0.0,,,90,93.3,90.0,28,0,,0,1.0,34,49,-15,-0.54,0.96,0,0,11,0,0,0,0,1,0.0,0,0.0,0.43167576214034614
Loïc Bade,FRA,DF,Leverkusen,,26,2000,22,19,1647,18.3,0,0,0,0,0,0,4,0,0.0,,,,,,,,,,,,,,12,4,33.3,0.66,0.22,0.0,0.0,75,61.0,83.0,15,3,26.0,1,1.77,37,24,13,0.71,0.2,0,11,4,0,4,21,19,1,0.0,0,2.1845985800109227,-0.6379453189726595
Benoît Badiashile,FRA,DF,Chelsea,League,25,2001,8,6,471,5.2,0,0,0,0,0,0,2,0,0.0,,,,,,,,,,,,,,0,0,,0.0,0.0,,,59,15.9,69.0,3,2,29.0,11,1.63,7,10,-3,-0.57,-1.08,0,6,2,0,0,9,5,0,0.0,0,2.6871401151631478,-0.6379453189726595
Alex Baena,ESP,MF,Atlético Madrid,Liga,24,2001,22,16,1221,13.6,2,2,4,2,0,0,4,0,0.29,,,,,,,,,,,,,,23,6,26.1,1.7,0.44,0.09,0.33,56,43.8,67.0,3,6,24.0,2,1.77,20,10,10,0.74,0.22,0,23,24,8,101,9,9,0,-1.46,4,1.322556943423953,-0.6379453189726595
Samson Baidoo,AUT,DF,Lens,1,22,2004,19,17,1550,17.2,2,1,3,2,0,0,2,0,0.17,,,,,,,,,,,,,,15,4,26.7,0.87,0.23,0.13,0.5,82,59.4,88.0,16,2,26.0,1,2.42,33,12,21,1.22,0.63,0,17,5,1,0,24,18,0,-1.48,3,2.440441603718768,-0.6379453189726595
Eric Bailly,CIV,DF,Oviedo,Liga,32,1994,11,11,953,10.6,1,0,1,1,0,0,3,0,0.09,,,,,,,,,,,,,,4,1,25.0,0.38,0.09,0.25,1.0,87,34.2,87.0,10,0,,13,1.09,12,16,-4,-0.38,0.6,0,13,6,0,1,13,7,0,-0.75,1,1.885014137606032,-0.6379453189726595
Johan Bakayoko,BEL,FW,RB Leipzig,,23,2003,18,8,754,8.4,2,0,2,2,0,0,1,0,0.24,,,,,,,,,,,,,,21,8,38.1,2.51,0.95,0.1,0.25,42,27.9,72.0,0,10,18.0,7,1.83,15,9,6,0.72,-0.02,0,11,11,3,14,2,3,0,-1.2,2,0.5945303210463734,-0.6379453189726595
Ridle Baku,GER,DF,RB Leipzig,,28,1998,28,25,2219,24.7,1,3,4,1,0,0,4,0,0.16,,,,,,,,,,,,,,27,5,18.5,1.1,0.2,0.04,0.2,79,82.2,86.0,13,3,25.0,0,2.0,44,29,15,0.61,-0.7,0,23,18,2,51,26,36,0,-0.8,4,2.509105625252934,-0.6379453189726595
Alejandro Balde,ESP,DF,Barcelona,Liga,22,2003,22,19,1576,17.5,0,2,2,0,0,0,2,0,0.11,,,,,,,,,,,,,,8,1,12.5,0.46,0.06,0.0,0.0,72,56.5,77.0,7,3,35.0,2,2.36,45,19,26,1.48,-0.59,0,14,22,4,23,6,18,0,0.0,2,1.3706453455168475,-0.6379453189726595
Carlos Baleba,CMR,MF,Brighton,League,22,2004,26,19,1295,14.4,0,0,0,0,0,0,5,0,0.0,,,,,,,,,,,,,,15,1,6.7,1.04,0.07,0.0,0.0,50,43.6,63.0,2,7,13.0,1,1.42,14,18,-4,-0.28,-0.82,0,26,16,0,0,25,15,0,0.0,0,2.775850104094379,-0.6379453189726595
Leonardo Balerdi,ARG,DF,Marseille,1,27,1999,22,17,1644,18.3,0,1,1,0,0,0,5,0,0.05,,,,,,,,,,,,,,12,4,33.3,0.66,0.22,0.0,0.0,75,60.9,89.0,16,5,26.0,1,1.73,41,28,13,0.71,0.29,0,17,19,0,2,20,21,0,0.0,1,2.2392135445111956,-0.6379453189726595
Daniel Ballard,NIR,DF,Sunderland,League,26,1999,27,22,2036,22.6,2,0,2,2,0,0,4,0,0.09,,,,,,,,,,,,,,25,9,36.0,1.11,0.4,0.08,0.22,75,68.6,85.0,19,5,35.0,0,1.26,28,29,-1,-0.04,0.24,0,26,28,3,1,19,16,0,-1.28,2,1.547987616099071,-0.6379453189726595
Fodé Ballo-Touré,SEN,DF,Metz,1,29,1997,13,11,836,9.3,0,0,0,0,0,0,2,0,0.0,,,,,,,,,,,,,,5,1,20.0,0.54,0.11,0.0,0.0,64,31.0,73.0,2,2,16.0,6,0.08,5,22,-17,-1.83,-0.77,0,13,18,1,16,5,16,0,0.0,0,2.255639097744361,-0.6379453189726595
Folarin Balogun,USA,FW,Monaco,1,24,2001,26,22,1892,21.0,12,4,16,9,3,3,4,1,0.62,,,,,,,,,,,,,,69,30,43.5,3.28,1.43,0.13,0.3,73,70.1,79.0,6,4,41.0,1,1.69,35,29,6,0.29,0.17,0,41,32,15,12,4,6,0,-8.1,13,0.47596382674916704,-0.6379453189726595
Aladji Bamba,FRA,MF,Monaco,1,19,2006,15,9,656,7.3,0,1,1,0,0,0,2,0,0.14,,,,,,,,,,,,,,1,1,100.0,0.14,0.14,0.0,0.0,44,24.3,60.0,1,6,20.0,7,2.4,13,12,1,0.14,-0.13,0,21,15,0,3,7,17,0,0.0,1,3.283173734610123,-0.6379453189726595
Mohamed Bamba,CIV,FW,Lorient,1,24,2001,18,7,682,7.6,1,2,3,1,0,1,3,0,0.4,,,,,,,,,,,,,,13,6,46.2,1.72,0.79,0.08,0.17,38,25.3,64.0,0,11,21.0,6,1.06,11,16,-5,-0.66,-0.7,0,17,8,12,3,2,2,0,-0.52,3,0.5256241787122208,-0.6379453189726595
Lameck Banda,ZAM,MF,Lecce,A,25,2001,27,16,1402,15.6,3,3,6,3,0,0,6,1,0.39,,,,,,,,,,,,,,28,8,28.6,1.8,0.51,0.11,0.38,52,47.2,68.0,2,11,29.0,3,0.93,15,19,-4,-0.26,0.89,0,41,42,2,69,6,16,0,-2.12,6,1.4093529788597055,-0.6379453189726595
Noahkai Banks,USA,DF,Augsburg,,19,2006,22,20,1695,18.8,1,1,2,1,0,0,8,0,0.11,,,,,,,,,,,,,,9,5,55.6,0.48,0.27,0.11,0.2,77,62.8,83.0,14,2,17.0,7,1.14,22,30,-8,-0.42,0.29,0,29,18,3,3,18,25,0,-0.44999999999999996,2,2.2860180754917594,-0.6379453189726595
Ezechiel Banzuzi,NED,MF,RB Leipzig,,21,2005,24,2,597,6.6,0,1,1,0,0,0,3,0,0.15,,,,,,,,,,,,,,15,4,26.7,2.26,0.6,0.0,0.0,25,22.1,65.0,0,22,21.0,3,2.04,6,10,-4,-0.6,-1.72,0,14,7,0,5,6,10,0,0.0,1,2.4205748865355523,-0.6379453189726595
Tommaso Barbieri,ITA,MF,Cremonese,A,23,2002,24,16,1514,16.8,0,1,1,0,0,0,6,0,0.06,,,,,,,,,,,,,,12,1,8.3,0.71,0.06,0.0,0.0,63,51.0,83.0,9,8,24.0,5,0.79,15,24,-9,-0.54,0.21,0,35,24,1,68,13,24,0,0.0,1,2.2010707911957166,-0.6379453189726595
Valentín Barco,ARG,MF,Strasbourg,1,21,2004,25,22,2021,22.5,1,4,5,1,0,0,5,1,0.22,,,,,,,,,,,,,,24,8,33.3,1.07,0.36,0.04,0.13,81,77.4,87.0,18,3,36.0,0,1.72,41,28,13,0.58,1.19,0,23,58,2,101,13,33,0,-0.6799999999999999,5,2.0435362061306086,-0.6379453189726595
Bradley Barcola,FRA,FW,Paris Saint-Germain,1,23,2002,23,16,1395,15.5,10,1,11,10,0,0,2,0,0.71,,,,,,,,,,,,,,57,26,45.6,3.68,1.68,0.18,0.38,61,55.4,74.0,5,7,31.0,2,2.35,34,13,21,1.35,0.07,0,16,8,4,22,11,12,0,-5.32,11,1.4829142488716958,-0.6379453189726595
Melvin Bard,FRA,DF,Nice,1,25,2000,26,23,2166,24.1,2,1,3,2,0,0,3,0,0.12,,,,,,,,,,,,,,15,5,33.3,0.62,0.21,0.13,0.4,83,80.2,89.0,22,3,39.0,0,0.92,23,48,-25,-1.04,-1.54,0,24,21,3,72,33,29,0,-1.35,3,2.571547075902115,-0.6379453189726595
Nicolò Barella,ITA,MF,Inter,A,29,1997,30,27,2241,24.9,3,8,11,3,0,0,6,0,0.44,,,,,,,,,,,,,,31,5,16.1,1.24,0.2,0.1,0.6,75,75.5,80.0,10,3,29.0,0,2.3,54,20,34,1.37,-0.49,0,30,21,4,91,7,29,0,-2.5,11,1.4452027298273786,-0.6379453189726595
Ross Barkley,ENG,MF,Aston Villa,League,32,1993,16,4,547,6.1,2,0,2,2,0,0,0,0,0.33,,,,,,,,,,,,,,13,6,46.2,2.14,0.99,0.15,0.33,34,18.4,73.0,0,12,21.0,1,1.88,11,8,3,0.49,0.38,0,3,6,0,0,2,9,0,-1.1,2,1.800327332242226,-0.6379453189726595
Harvey Barnes,ENG,FW,Newcastle United,League,28,1997,32,18,1769,19.7,5,0,5,5,0,0,1,0,0.25,,,,,,,,,,,,,,52,18,34.6,2.65,0.92,0.1,0.28,55,59.6,80.0,7,14,24.0,1,1.22,30,28,2,0.1,0.48,0,16,22,3,70,3,5,0,-3.2,5,0.4058853373921867,-0.6379453189726595
Ander Barrenetxea,ESP,MF,Real Sociedad,Liga,24,2001,25,18,1469,16.3,3,4,7,3,0,0,3,0,0.43,,,,,,,,,,,,,,29,8,27.6,1.78,0.49,0.1,0.38,59,52.7,70.0,4,7,29.0,0,1.4,25,23,2,0.12,0.19,0,30,24,3,62,15,11,0,-2.2,7,1.5941140404659715,-0.6379453189726595
Pablo Barrios,ESP,MF,Atlético Madrid,Liga,22,2003,21,19,1575,17.5,1,1,2,1,0,0,0,0,0.11,,,,,,,,,,,,,,21,6,28.6,1.2,0.34,0.05,0.17,75,56.5,79.0,13,2,37.0,0,2.0,28,14,14,0.8,0.43,0,12,21,0,27,23,15,0,-0.7,2,2.170188463735008,-0.6379453189726595
Thierno Barry,FRA,FW,Everton,League,23,2002,33,19,1675,18.6,6,0,6,6,0,0,3,0,0.32,,,,,,,,,,,,,,32,10,31.3,1.72,0.54,0.19,0.6,51,56.4,75.0,2,14,18.0,0,1.42,20,26,-6,-0.32,-0.81,0,39,7,12,3,5,2,0,-4.1,6,0.3761418592154755,-0.6379453189726595
Davide Bartesaghi,ITA,MF,Milan,A,20,2005,27,23,2137,23.7,2,0,2,2,0,0,2,0,0.08,,,,,,,,,,,,,,20,6,30.0,0.84,0.25,0.1,0.33,79,72.0,88.0,18,4,30.0,6,1.89,31,21,10,0.42,-0.77,0,14,14,4,131,13,32,1,-1.4,2,1.8979333614508644,-0.6379453189726595
Marc Bartra,ESP,DF,Real Betis,Liga,35,1991,23,19,1857,20.6,1,0,1,1,0,0,3,0,0.05,,,,,,,,,,,,,,15,5,33.3,0.73,0.24,0.07,0.2,81,66.6,88.0,18,4,45.0,5,1.52,26,26,0,0.0,-0.68,0,15,10,0,2,28,18,1,-0.6499999999999999,1,2.231926249393498,-0.6379453189726595
Federico Baschirotto,ITA,DF,Cremonese,A,29,1996,27,27,2430,27.0,2,0,2,2,0,0,2,0,0.07,,,,,,,,,,,,,,12,5,41.7,0.44,0.19,0.17,0.4,90,81.8,90.0,27,0,,1,0.93,21,34,-13,-0.48,0.85,0,43,9,1,7,22,13,0,-1.15,2,1.2958163643095149,-0.6379453189726595
Toma Bašić,CRO,MF,Lazio,A,29,1996,18,18,1285,14.3,2,2,4,2,0,0,0,1,0.28,,,,,,,,,,,,,,28,11,39.3,1.96,0.77,0.07,0.18,71,43.3,71.0,5,0,,3,1.56,15,10,5,0.35,0.4,0,18,15,0,35,7,12,0,-1.23,4,1.3277428371767994,-0.6379453189726595
Calvin Bassey,NGA,DF,Fulham,League,26,1999,25,23,2084,23.2,1,0,1,1,0,0,5,0,0.04,,,,,,,,,,,,,,12,1,8.3,0.52,0.04,0.08,1.0,83,70.2,90.0,23,2,7.0,2,1.24,32,35,-3,-0.13,-0.13,0,25,31,1,9,17,22,0,-0.92,1,1.6803102111158983,-0.6379453189726595
Alessandro Bastoni,ITA,DF,Inter,A,27,1999,26,26,2111,23.5,1,4,5,1,0,0,6,0,0.21,,,,,,,,,,,,,,17,8,47.1,0.72,0.34,0.06,0.13,81,71.1,81.0,16,0,,4,2.35,59,21,38,1.62,0.47,0,44,18,0,78,20,38,0,-0.52,5,2.4670353041259037,-0.6379453189726595
Augusto Batalla,ARG,GK,Rayo Vallecano,Liga,29,1996,30,30,2700,30.0,0,0,0,0,0,0,4,0,0.0,35.0,1.17,112.0,82.0,73.2,8.0,11.0,11.0,9.0,30.0,5.0,0.0,0.0,0,0,,0.0,0.0,,,90,96.8,90.0,30,0,,1,1.17,29,35,-6,-0.2,2.8,0,0,4,0,0,0,1,0,0.0,0,0.033322225924691765,0.6726253196570968
Martin Baturina,CRO,MF,Como,A,23,2003,24,13,1193,13.3,6,3,9,6,0,0,0,0,0.68,,,,,,,,,,,,,,20,7,35.0,1.51,0.53,0.3,0.86,50,40.2,75.0,5,11,19.0,8,1.58,26,16,10,0.75,-0.21,0,13,37,0,63,5,9,0,-3.9,9,1.0518407212622087,-0.6379453189726595
Daniel Batz,GER,GK,Mainz 05,,35,1991,18,18,1620,18.0,0,0,0,0,0,0,1,0,0.0,22.0,1.22,83.0,62.0,74.7,7.0,7.0,4.0,3.0,16.7,1.0,0.0,0.0,0,0,,0.0,0.0,,,90,60.0,90.0,18,0,,3,1.56,25,22,3,0.17,1.17,0,0,1,0,0,0,0,0,0.0,0,0.0,0.4934710745170163
Oliver Baumann,GER,GK,Hoffenheim,,35,1990,30,30,2700,30.0,0,0,0,0,0,0,2,0,0.0,44.0,1.47,129.0,89.0,69.0,16.0,6.0,8.0,6.0,20.0,4.0,0.0,2.0,0,0,,0.0,0.0,,,90,100.0,90.0,30,0,,0,1.8,59,44,15,0.5,,0,0,5,0,0,0,0,0,0.0,0,0.0,0.5146969129114144
Christoph Baumgartner,AUT,MF,RB Leipzig,,26,1999,29,28,2420,26.9,12,7,19,12,0,1,6,0,0.71,,,,,,,,,,,,,,68,29,42.6,2.53,1.08,0.18,0.41,83,89.6,86.0,14,1,22.0,0,2.03,56,27,29,1.08,3.33,0,53,30,4,5,20,35,0,-6.78,19,2.0438498699368264,-0.6379453189726595
Altay Bayındır,TUR,GK,Manchester Utd,League,28,1998,6,6,540,6.0,0,0,0,0,0,0,0,0,0.0,11.0,1.83,24.0,13.0,54.2,2.0,1.0,3.0,0.0,0.0,0.0,0.0,0.0,0,0,,0.0,0.0,,,90,18.2,90.0,6,0,,27,1.17,7,11,-4,-0.67,-1.3,0,0,3,0,0,0,0,0,0.0,0,0.0,0.11046672190002761
Adrian Beck,GER,MF,Heidenheim,,28,1997,22,8,795,8.8,1,1,2,1,0,0,1,0,0.23,,,,,,,,,,,,,,10,4,40.0,1.13,0.45,0.1,0.25,36,29.4,67.0,1,14,19.0,5,0.64,6,21,-15,-1.7,-0.85,0,12,13,1,13,3,15,0,-0.6,2,2.043132803632236,-0.6379453189726595
Sheraldo Becker,SUR,FW,Mainz 05,,31,1995,10,7,649,7.2,1,2,3,1,0,0,1,0,0.42,,,,,,,,,,,,,,18,8,44.4,2.5,1.11,0.06,0.13,65,24.0,78.0,1,3,35.0,0,1.6,8,6,2,0.28,0.76,0,8,6,9,28,3,0,0,-0.52,3,0.4160887656033287,-0.6379453189726595
Hannes Behrens,GER,DF,Heidenheim,,21,2005,12,11,958,10.6,1,2,3,1,0,0,0,0,0.28,,,,,,,,,,,,,,6,3,50.0,0.56,0.28,0.17,0.33,80,35.5,86.0,9,1,14.0,0,0.5,15,23,-8,-0.75,0.54,0,3,22,1,41,10,14,1,-0.49,3,2.2620169651272386,-0.6379453189726595
Maximilian Beier,GER,MF,Dortmund,,23,2002,28,20,1720,19.1,8,4,12,8,0,0,3,0,0.63,,,,,,,,,,,,,,46,19,41.3,2.41,0.99,0.17,0.42,61,63.7,77.0,3,8,23.0,1,2.14,40,16,24,1.26,0.7,0,24,19,3,23,5,14,0,-4.77,12,0.9942438513867083,-0.6379453189726595
Reda Belahyane,MAR,MF,Lazio,A,21,2004,12,4,519,5.8,0,1,1,0,0,0,1,1,0.17,,,,,,,,,,,,,,1,1,100.0,0.17,0.17,0.0,0.0,43,17.5,79.0,3,8,26.0,20,1.08,3,9,-6,-1.04,-1.41,0,11,3,0,1,2,5,0,0.0,1,1.2048192771084338,-0.6379453189726595
Rafik Belghali,ALG,MF,Hellas Verona,A,23,2002,21,17,1519,16.9,2,0,2,2,0,0,6,0,0.12,,,,,,,,,,,,,,19,6,31.6,1.13,0.36,0.11,0.33,72,51.1,83.0,11,4,29.0,1,0.57,14,24,-10,-0.59,0.83,0,19,9,5,52,13,10,0,-1.3399999999999999,2,1.3601419278533413,-0.6379453189726595
Haris Belkebla,ALG,MF,Angers,1,32,1994,29,29,2515,27.9,0,0,0,0,0,0,7,0,0.0,,,,,,,,,,,,,,5,0,0.0,0.18,0.0,0.0,,87,93.1,87.0,24,0,,0,1.07,25,39,-14,-0.5,-0.5,0,20,50,0,3,26,38,0,0.0,0,2.2930849158007884,-0.6379453189726595
Yassin Belkhdim,FRA,MF,Angers,1,24,2002,27,26,2135,23.7,2,2,4,2,0,0,5,0,0.17,,,,,,,,,,,,,,33,14,42.4,1.39,0.59,0.06,0.14,79,79.1,81.0,11,1,30.0,0,1.22,17,32,-15,-0.63,-0.79,0,29,29,2,42,32,43,0,-1.1600000000000001,4,3.163222269084774,-0.6379453189726595
Stefan Bell,GER,DF,Mainz 05,,34,1991,18,13,1039,11.5,2,1,3,2,0,0,4,0,0.26,,,,,,,,,,,,,,12,5,41.7,1.04,0.43,0.17,0.4,58,38.5,71.0,6,5,24.0,4,1.06,18,21,-3,-0.26,0.07,0,15,8,1,1,19,6,0,-1.15,3,2.172024326672459,-0.6379453189726595
Armel Bella Kotchap,GER,DF,Hellas Verona,A,24,2001,17,13,1264,14.0,0,0,0,0,0,0,3,0,0.0,,,,,,,,,,,,,,3,0,0.0,0.21,0.0,0.0,,74,42.6,86.0,10,4,37.0,4,0.59,13,26,-13,-0.93,0.13,0,22,15,0,1,29,10,0,0.0,0,2.78372591006424,-0.6379453189726595
Raoul Bellanova,ITA,MF,Atalanta,A,25,2000,21,13,1241,13.8,0,1,1,0,0,0,1,0,0.07,,,,,,,,,,,,,,13,5,38.5,0.94,0.36,0.0,0.0,59,41.8,78.0,9,8,28.0,2,1.38,17,20,-3,-0.22,-1.21,0,3,9,2,79,8,9,0,0.0,1,1.2309920347574221,-0.6379453189726595
Jean-Ricner Bellegarde,HAI,MF,Wolves,League,27,1998,24,15,1212,13.5,1,1,2,1,0,0,5,0,0.15,,,,,,,,,,,,,,21,7,33.3,1.56,0.52,0.05,0.14,51,40.8,68.0,1,9,21.0,0,0.46,10,29,-19,-1.41,-0.49,0,19,39,0,24,9,15,0,-0.6499999999999999,2,1.7764618800888232,-0.6379453189726595
Héctor Bellerín,ESP,DF,Real Betis,Liga,31,1995,20,15,1334,14.8,1,3,4,1,0,0,2,0,0.27,,,,,,,,,,,,,,4,4,100.0,0.27,0.27,0.25,0.25,67,47.8,80.0,9,5,26.0,3,1.4,23,19,4,0.27,0.08,0,13,3,1,25,10,8,0,0.0,4,1.2153950033760972,-0.6379453189726595
Jobe Bellingham,ENG,MF,Dortmund,,20,2005,28,16,1469,16.3,0,1,1,0,0,0,1,1,0.06,,,,,,,,,,,,,,14,4,28.6,0.86,0.25,0.0,0.0,52,54.4,81.0,11,12,15.0,0,2.14,36,19,17,1.04,0.09,0,12,18,0,5,39,21,0,0.0,1,3.6787247087676267,-0.6379453189726595
Jude Bellingham,ENG,MF,Real Madrid,Liga,22,2003,21,16,1403,15.6,4,3,7,4,0,0,1,0,0.45,,,,,,,,,,,,,,39,20,51.3,2.5,1.28,0.1,0.2,67,50.3,82.0,11,5,20.0,0,2.19,32,15,17,1.09,-0.14,0,27,34,1,10,12,33,0,-2.0,7,2.8827674567584882,-0.6379453189726595
Jeanuël Belocian,FRA,DF,Wolfsburg,,21,2005,10,10,894,9.9,0,1,1,0,0,0,3,0,0.1,,,,,,,,,,,,,,2,0,0.0,0.2,0.0,0.0,,89,33.1,89.0,9,0,,0,0.5,13,23,-10,-1.01,-0.26,0,17,7,0,3,10,11,0,0.0,1,2.119071644803229,-0.6379453189726595
Fran Beltrán,ESP,MF,Girona,Liga,27,1999,11,8,688,7.6,1,0,1,1,0,0,3,0,0.13,,,,,,,,,,,,,,6,2,33.3,0.78,0.26,0.17,0.5,63,24.7,79.0,3,3,20.0,0,1.27,7,7,0,0.0,0.51,0,8,6,0,4,6,9,0,-0.6599999999999999,1,1.971090670170828,-0.6379453189726595
Fran Beltrán,ESP,MF,Celta Vigo,Liga,27,1999,10,7,528,5.9,0,0,0,0,0,0,0,0,0.0,,,,,,,,,,,,,,6,1,16.7,1.02,0.17,0.0,0.0,53,18.9,71.0,2,3,10.0,9,1.4,4,6,-2,-0.34,-0.58,0,10,3,0,2,8,5,0,0.0,0,2.1996615905245345,-0.6379453189726595
Lucas Beltrán,ARG,FW,Valencia,Liga,25,2001,25,14,1242,13.8,1,2,3,1,0,0,1,0,0.22,,,,,,,,,,,,,,33,9,27.3,2.39,0.65,0.03,0.11,50,44.5,70.0,2,11,23.0,0,1.0,15,19,-4,-0.29,0.18,0,23,39,3,10,4,9,0,-0.73,3,0.941346850108617,-0.6379453189726595
Adrian Benedyczak,POL,FW,Parma,A,25,2000,14,5,490,5.4,1,1,2,0,1,1,1,0,0.18,,,,,,,,,,,,,,8,3,37.5,1.47,0.55,0.0,0.0,35,16.5,68.0,0,9,17.0,7,1.21,6,7,-1,-0.18,0.36,0,9,6,1,10,1,6,0,-1.0,1,1.2939001848428835,-0.6379453189726595
Yassine Benhattab,FRA,MF,Nantes,1,23,2002,10,5,477,5.3,0,0,0,0,0,0,0,0,0.0,,,,,,,,,,,,,,4,1,25.0,0.75,0.19,0.0,0.0,48,18.3,67.0,0,5,28.0,4,0.6,3,9,-6,-1.13,-0.5,0,3,3,1,25,0,6,0,0.0,0,1.1299435028248588,-0.6379453189726595
Ramy Bensebaini,ALG,DF,Dortmund,,31,1995,20,14,1440,16.0,4,1,5,2,2,2,6,0,0.19,,,,,,,,,,,,,,15,6,40.0,0.94,0.37,0.13,0.33,72,53.3,89.0,13,6,32.0,4,2.0,31,13,18,1.13,0.27,0,28,12,1,11,18,12,0,-3.2199999999999998,3,1.873828856964397,-0.6379453189726595
Nabil Bentaleb,ALG,MF,Lille,1,31,1994,24,12,1197,13.3,2,2,4,1,1,1,3,0,0.23,,,,,,,,,,,,,,17,5,29.4,1.28,0.38,0.06,0.2,50,44.3,85.0,9,12,15.0,1,2.04,29,18,11,0.83,0.59,0,13,18,0,21,14,8,0,-1.7,3,1.6528925619834711,-0.6379453189726595
Rodrigo Bentancur,URU,MF,Tottenham Hotspur,League,28,1997,21,18,1476,16.4,1,1,2,1,0,0,5,0,0.12,,,,,,,,,,,,,,10,2,20.0,0.61,0.12,0.1,0.5,70,49.7,79.0,9,3,21.0,1,1.19,22,22,0,0.0,0.66,0,15,3,1,7,26,25,0,-0.8,2,3.1078610603290677,-0.6379453189726595
Lucas Beraldo,BRA,DF,Paris Saint-Germain,1,22,2003,14,12,1027,11.4,1,0,1,1,0,0,2,0,0.09,,,,,,,,,,,,,,9,2,22.2,0.79,0.18,0.11,0.5,73,40.8,82.0,8,2,25.0,13,2.36,26,11,15,1.31,-0.01,0,12,2,0,0,12,12,0,-0.78,1,2.1034180543382996,-0.6379453189726595
Domenico Berardi,ITA,FW,Sassuolo,A,31,1994,22,21,1711,19.0,7,4,11,5,2,3,2,1,0.47,,,,,,,,,,,,,,34,18,52.9,1.79,0.95,0.15,0.28,78,57.6,80.0,8,1,32.0,0,1.36,27,25,2,0.11,0.46,0,28,31,10,51,20,17,0,-4.300000000000001,9,1.9463440294581797,-0.6379453189726595
Yuri Berchiche,ESP,DF,Athletic Club,Liga,36,1990,27,26,2293,25.5,0,4,4,0,0,0,4,0,0.16,,,,,,,,,,,,,,19,4,21.1,0.75,0.16,0.0,0.0,85,82.2,86.0,24,1,45.0,2,1.37,29,34,-5,-0.2,1.07,0,23,29,3,56,29,23,0,0.0,4,2.0384163073304586,-0.6379453189726595
Álex Berenguer,ESP,MF,Athletic Club,Liga,30,1995,26,22,1872,20.8,2,3,5,2,0,0,4,0,0.24,,,,,,,,,,,,,,39,19,48.7,1.87,0.91,0.05,0.11,72,67.1,78.0,9,4,37.0,0,1.0,21,26,-5,-0.24,0.45,0,22,38,6,171,12,12,1,-1.0499999999999998,5,1.1532916866890917,-0.6379453189726595
Sander Berge,NOR,MF,Fulham,League,28,1998,32,31,2680,29.8,0,1,1,0,0,0,5,0,0.03,,,,,,,,,,,,,,10,3,30.0,0.34,0.1,0.0,0.0,84,90.2,86.0,23,1,17.0,1,1.38,39,44,-5,-0.17,-0.79,0,31,13,0,12,23,40,1,0.0,1,2.113384770211338,-0.6379453189726595
Lucas Bergström,FIN,GK,Mallorca,Liga,23,2002,5,5,450,5.0,0,0,0,0,0,0,1,0,0.0,7.0,1.4,22.0,15.0,68.2,1.0,2.0,2.0,2.0,40.0,0.0,0.0,0.0,0,0,,0.0,0.0,,,90,16.1,90.0,5,0,,22,1.0,4,7,-3,-0.6,-0.37,0,0,0,0,0,0,0,0,0.0,0,0.0,0.3704057370571878
Lucas Bergvall,SWE,MF,Tottenham Hotspur,League,20,2006,20,11,926,10.3,1,3,4,1,0,0,2,0,0.39,,,,,,,,,,,,,,11,5,45.5,1.07,0.49,0.09,0.2,46,31.2,66.0,0,9,22.0,3,1.0,13,17,-4,-0.39,-0.08,0,23,6,3,18,3,13,0,-0.55,4,1.5518913676042676,-0.6379453189726595
Medon Berisha,ALB,MF,Lecce,A,22,2003,13,12,871,9.7,2,3,5,2,0,0,0,0,0.52,,,,,,,,,,,,,,24,5,20.8,2.48,0.52,0.08,0.4,67,29.3,70.0,1,1,28.0,2,1.23,7,10,-3,-0.31,0.59,0,11,10,1,58,5,12,0,-1.6,5,1.7507723995880538,-0.6379453189726595
Adrian Bernabe,ESP,MF,Parma,A,24,2001,30,29,2319,25.8,3,1,4,3,0,0,0,0,0.16,,,,,,,,,,,,,,50,12,24.0,1.94,0.47,0.06,0.25,77,78.1,79.0,6,1,32.0,0,1.27,20,32,-12,-0.47,0.09,0,13,55,1,81,16,23,0,-2.2800000000000002,4,1.511042231693142,-0.6379453189726595
Marc Bernal,ESP,MF,Barcelona,Liga,18,2007,17,6,531,5.9,2,1,3,2,0,0,3,0,0.51,,,,,,,,,,,,,,6,2,33.3,1.02,0.34,0.33,1.0,31,19.0,58.0,0,11,17.0,10,2.82,17,6,11,1.86,0.15,0,11,7,0,1,6,13,0,-1.3399999999999999,3,3.2148900169204735,-0.6379453189726595
Federico Bernardeschi,ITA,MF,Bologna,A,32,1994,25,8,913,10.1,2,2,4,1,1,1,2,0,0.3,,,,,,,,,,,,,,28,8,28.6,2.76,0.79,0.04,0.13,37,30.7,70.0,0,17,21.0,2,1.6,12,5,7,0.69,0.87,0,11,10,1,38,3,6,0,-1.68,3,0.8902077151335313,-0.6379453189726595
Bernardo,BRA,DF,Hoffenheim,,30,1995,25,23,2032,22.6,0,0,0,0,0,0,7,0,0.0,,,,,,,,,,,,,,8,0,0.0,0.35,0.0,0.0,,81,75.3,87.0,16,2,20.0,1,1.76,41,30,11,0.49,-0.05,0,40,9,2,16,31,37,0,0.0,0,3.0075187969924806,-0.6379453189726595
Lorenzo Bernasconi,ITA,MF,Atalanta,A,22,2003,23,17,1572,17.5,0,3,3,0,0,0,3,0,0.17,,,,,,,,,,,,,,9,1,11.1,0.52,0.06,0.0,0.0,68,52.9,83.0,13,6,26.0,10,1.91,22,9,13,0.74,0.55,0,8,5,3,113,14,16,0,0.0,3,1.7133066818960592,-0.6379453189726595
Antoine Bernede,FRA,MF,Hellas Verona,A,26,1999,28,25,2029,22.5,1,2,3,1,0,0,1,0,0.13,,,,,,,,,,,,,,19,4,21.1,0.84,0.18,0.05,0.25,72,68.3,78.0,10,3,29.0,0,0.54,17,37,-20,-0.89,0.36,0,51,16,0,23,13,34,0,-0.8,3,2.0879609062638824,-0.6379453189726595
Nicolò Bertola,ITA,DF,Udinese,A,23,2003,25,18,1649,18.3,0,1,1,0,0,0,3,0,0.05,,,,,,,,,,,,,,12,4,33.3,0.65,0.22,0.0,0.0,66,55.5,82.0,11,7,24.0,5,1.52,22,25,-3,-0.16,-0.03,0,17,11,0,8,22,20,0,0.0,1,2.293828509011469,-0.6379453189726595
Jan-Niklas Beste,GER,MF,Freiburg,,27,1999,24,17,1473,16.4,1,2,3,1,0,0,5,0,0.18,,,,,,,,,,,,,,22,12,54.5,1.34,0.73,0.05,0.08,61,54.6,78.0,5,7,20.0,1,1.63,28,21,7,0.43,1.23,0,15,32,5,94,16,20,0,-0.3999999999999999,3,2.1937842778793417,-0.6379453189726595
Beto,GNB,FW,Everton,League,28,1998,33,14,1357,15.1,8,1,9,8,0,0,2,0,0.6,,,,,,,,,,,,,,38,16,42.1,2.52,1.06,0.21,0.5,41,45.7,72.0,1,19,18.0,0,1.42,22,16,6,0.4,0.68,0,29,11,8,2,1,5,0,-4.640000000000001,9,0.39708802117802783,-0.6379453189726595
Sam Beukema,NED,DF,Napoli,A,27,1998,21,16,1463,16.3,2,0,2,2,0,0,2,0,0.12,,,,,,,,,,,,,,7,3,42.9,0.43,0.18,0.29,0.67,70,49.3,85.0,13,5,20.0,9,2.0,26,19,7,0.43,-0.05,0,17,5,1,6,13,17,0,-1.1300000000000001,2,1.8393623543838133,-0.6379453189726595
Matteo Bianchetti,ITA,DF,Cremonese,A,33,1993,23,22,1852,20.6,0,2,2,0,0,0,3,0,0.1,,,,,,,,,,,,,,6,1,16.7,0.29,0.05,0.0,0.0,81,62.4,83.0,13,1,30.0,7,1.09,22,31,-9,-0.44,0.53,0,23,14,0,6,12,27,0,0.0,2,1.8922852983988352,-0.6379453189726595
Mika Biereth,DEN,FW,Monaco,1,23,2003,28,12,1024,11.4,2,2,4,2,0,0,0,0,0.35,,,,,,,,,,,,,,19,7,36.8,1.67,0.62,0.11,0.29,37,37.9,67.0,1,16,14.0,2,1.64,18,21,-3,-0.26,-0.8,0,16,14,8,9,0,7,0,-1.23,4,0.6134969325153374,-0.6379453189726595
Pedro Bigas,ESP,DF,Elche,Liga,35,1990,22,20,1604,17.8,0,2,2,0,0,0,5,1,0.11,,,,,,,,,,,,,,9,2,22.2,0.5,0.11,0.0,0.0,73,57.5,78.0,10,2,18.0,5,1.14,24,24,0,0.0,0.61,1,20,17,0,21,25,16,0,0.0,2,2.302077484559236,-0.6379453189726595
Justin Bijlow,NED,GK,Genoa,A,28,1998,12,12,1080,12.0,0,0,0,0,0,0,0,0,0.0,17.0,1.42,47.0,34.0,72.3,6.0,1.0,5.0,3.0,25.0,4.0,0.0,0.0,0,0,,0.0,0.0,,,90,36.4,90.0,12,0,,0,1.58,18,17,1,0.08,0.42,0,0,1,0,0,0,0,0,0.0,0,0.0,0.4603310579470079
Jaka Bijol,SVN,DF,Leeds United,League,27,1999,20,16,1488,16.5,1,1,2,1,0,0,3,0,0.12,,,,,,,,,,,,,,15,6,40.0,0.91,0.36,0.07,0.17,74,50.1,87.0,13,4,25.0,9,1.2,24,22,2,0.12,0.67,0,15,10,0,1,21,13,0,-0.58,2,2.0593579648697755,-0.6379453189726595
Cristiano Biraghi,ITA,MF,Torino,A,33,1992,13,5,491,5.5,0,0,0,0,0,0,0,0,0.0,,,,,,,,,,,,,,2,0,0.0,0.37,0.0,0.0,,38,16.5,81.0,3,8,11.0,15,1.62,1,11,-10,-1.83,-1.58,0,8,6,0,40,2,7,0,0.0,0,1.633393829401089,-0.6379453189726595
Tom Bischof,GER,DF,Bayern Munich,,20,2005,24,12,1122,12.5,2,3,5,2,0,0,2,0,0.4,,,,,,,,,,,,,,27,7,25.9,2.17,0.56,0.07,0.29,47,41.6,82.0,8,12,11.0,2,2.63,47,12,35,2.81,0.24,0,14,7,1,24,11,13,0,-1.51,5,1.9184652278177459,-0.6379453189726595
Yves Bissouma,MLI,MF,Tottenham Hotspur,League,29,1996,9,6,518,5.8,0,0,0,0,0,0,4,0,0.0,,,,,,,,,,,,,,5,2,40.0,0.87,0.35,0.0,0.0,58,17.4,69.0,1,3,35.0,1,0.33,6,16,-10,-1.74,-1.7,0,7,5,0,1,8,11,0,0.0,0,3.2702237521514634,-0.6379453189726595
Leonardo Bittencourt,GER,MF,Werder Bremen,,32,1993,16,5,614,6.8,0,1,1,0,0,0,5,0,0.15,,,,,,,,,,,,,,7,0,0.0,1.03,0.0,0.0,,38,22.7,78.0,0,11,20.0,7,1.25,14,15,-1,-0.15,0.59,0,7,11,0,4,8,10,0,0.0,1,2.643171806167401,-0.6379453189726595
Marco Bizot,NED,GK,Aston Villa,League,35,1991,6,5,495,5.5,0,0,0,0,0,0,2,0,0.0,9.0,1.64,25.0,17.0,68.0,2.0,2.0,1.0,2.0,40.0,1.0,0.0,0.0,0,0,,0.0,0.0,,,83,16.7,90.0,5,1,45.0,26,1.5,8,9,-1,-0.18,-0.44,0,1,1,0,0,0,0,0,0.0,0,0.0,0.36764406900968716
Antonio Blanco,ESP,MF,Alavés,Liga,25,2000,29,29,2496,27.7,1,2,3,1,0,0,7,0,0.11,,,,,,,,,,,,,,32,11,34.4,1.15,0.4,0.03,0.09,86,89.5,86.0,22,0,,1,1.0,28,42,-14,-0.5,-1.42,0,56,34,2,26,45,45,0,-0.67,3,3.2479249368459038,-0.6379453189726595
Ludovic Blas,FRA,MF,Rennes,1,28,1997,28,12,1315,14.6,5,4,9,3,2,2,1,0,0.48,,,,,,,,,,,,,,42,13,31.0,2.87,0.89,0.07,0.23,47,48.7,79.0,2,16,23.0,1,1.82,26,24,2,0.14,-0.45,0,21,26,5,78,12,9,0,-4.09,7,1.4373716632443532,-0.6379453189726595
Janis Blaswich,GER,GK,Leverkusen,,34,1991,10,9,841,9.3,0,0,0,0,0,0,0,0,0.0,8.0,0.86,41.0,33.0,80.5,4.0,4.0,1.0,3.0,33.3,0.0,0.0,0.0,0,0,,0.0,0.0,,,84,31.1,90.0,9,1,31.0,18,1.6,15,8,7,0.75,0.17,0,0,0,0,0,0,0,0,0.0,0,0.0,0.5735594478945363
Daley Blind,NED,DF,Girona,Liga,36,1990,28,27,2375,26.4,0,0,0,0,0,0,1,0,0.0,,,,,,,,,,,,,,3,1,33.3,0.11,0.04,0.0,0.0,85,85.1,87.0,24,1,27.0,0,1.25,27,39,-12,-0.45,-0.45,0,15,13,0,11,35,31,0,0.0,0,2.499053388867853,-0.6379453189726595
Oscar Bobb,NOR,MF,Manchester City,League,22,2003,9,5,468,5.2,0,1,1,0,0,0,1,0,0.19,,,,,,,,,,,,,,4,0,0.0,0.77,0.0,0.0,,52,16.3,78.0,2,4,20.0,4,1.67,10,5,5,0.96,-0.2,0,5,9,0,5,3,5,0,0.0,1,1.5355086372360844,-0.6379453189726595
Sacha Boey,FRA,DF,Bayern Munich,,25,2000,9,5,463,5.1,0,0,0,0,0,0,1,0,0.0,,,,,,,,,,,,,,6,0,0.0,1.17,0.0,0.0,,51,17.1,78.0,1,4,18.0,4,3.0,14,3,11,2.14,-0.64,0,10,8,0,6,7,4,0,0.0,0,2.152641878669276,-0.6379453189726595
Jeremie Boga,CIV,MF,Nice,1,29,1997,14,7,646,7.2,2,2,4,2,0,0,0,0,0.56,,,,,,,,,,,,,,15,5,33.3,2.09,0.7,0.13,0.4,46,23.9,74.0,1,7,18.0,0,1.21,11,14,-3,-0.42,0.41,0,2,11,0,12,3,5,0,-1.35,4,1.1095700416088765,-0.6379453189726595
Jeremie Boga,CIV,MF,Juventus,A,29,1997,10,4,454,5.0,4,0,4,4,0,0,0,0,0.79,,,,,,,,,,,,,,15,9,60.0,2.97,1.78,0.27,0.44,45,15.3,83.0,1,6,21.0,0,1.8,13,4,9,1.78,1.1,0,2,4,1,21,2,3,0,-1.5699999999999998,4,0.9980039920159681,-0.6379453189726595
Lamare Bogarde,NED,MF,Aston Villa,League,22,2004,24,8,807,9.0,0,0,0,0,0,0,5,0,0.0,,,,,,,,,,,,,,0,0,,0.0,0.0,,,34,27.2,80.0,3,16,11.0,9,1.71,13,13,0,0.0,-0.25,0,14,17,0,2,3,14,0,0.0,0,1.8867924528301887,-0.6379453189726595
Jayden Bogle,ENG,MF,Leeds United,League,25,2000,31,29,2582,28.7,1,1,2,1,0,0,6,0,0.07,,,,,,,,,,,,,,17,4,23.5,0.59,0.14,0.06,0.25,83,86.9,87.0,18,2,27.0,0,1.23,35,42,-7,-0.24,-0.24,0,36,28,9,59,28,37,0,-0.76,2,2.2640195053988155,-0.6379453189726595
Adama Boiro,ESP,DF,Athletic Club,Liga,23,2002,9,6,595,6.6,0,0,0,0,0,0,1,0,0.0,,,,,,,,,,,,,,1,0,0.0,0.15,0.0,0.0,,66,21.3,80.0,4,3,38.0,22,0.67,5,13,-8,-1.21,-1.05,0,4,7,0,15,14,7,0,0.0,0,3.1770045385779127,-0.6379453189726595
Federico Bonazzoli,ITA,FW,Cremonese,A,28,1997,30,26,2097,23.3,7,1,8,5,2,2,3,0,0.26,,,,,,,,,,,,,,65,23,35.4,2.79,0.99,0.08,0.22,70,70.6,77.0,9,4,24.0,2,0.77,17,35,-18,-0.77,-0.46,0,21,66,4,24,9,11,0,-5.16,6,0.8580008580008579,-0.6379453189726595
Warren Bondo,FRA,MF,Cremonese,A,22,2003,25,21,1687,18.7,0,0,0,0,0,0,5,0,0.0,,,,,,,,,,,,,,6,0,0.0,0.32,0.0,0.0,,67,56.8,74.0,8,4,34.0,2,0.92,16,26,-10,-0.53,0.24,0,38,30,0,3,9,15,0,0.0,0,1.282736504543025,-0.6379453189726595
Giovanni Bonfanti,ITA,DF,Pisa,A,23,2003,9,6,494,5.5,0,0,0,0,0,0,1,0,0.0,,,,,,,,,,,,,,6,1,16.7,1.09,0.18,0.0,0.0,55,16.6,66.0,1,3,32.0,9,0.56,3,11,-8,-1.46,-0.44,0,10,3,0,12,7,6,0,0.0,0,2.3593466424682394,-0.6379453189726595
Rahim Bonkano,NIG,DF,Oviedo,Liga,24,2002,22,15,1455,16.2,0,0,0,0,0,0,2,0,0.0,,,,,,,,,,,,,,2,0,0.0,0.12,0.0,0.0,,66,52.2,88.0,13,7,19.0,7,0.86,9,27,-18,-1.11,-0.71,0,8,6,8,58,21,17,0,0.0,0,2.3442319555829734,-0.6379453189726595
Ange-Yoan Bonny,FRA,FW,Inter,A,22,2003,28,8,892,9.9,5,3,8,5,0,0,1,0,0.81,,,,,,,,,,,,,,19,8,42.1,1.92,0.81,0.26,0.63,32,30.0,68.0,1,20,17.0,2,2.25,28,11,17,1.72,0.33,0,16,19,8,2,1,9,0,-2.92,8,1.0090817356205852,-0.6379453189726595
Gennaro Borrelli,ITA,FW,Cagliari,A,26,2000,25,12,1171,13.0,3,1,4,3,0,0,4,0,0.31,,,,,,,,,,,,,,23,7,30.4,1.77,0.54,0.13,0.43,47,39.4,73.0,3,13,23.0,1,1.12,14,24,-10,-0.77,-0.57,0,43,46,5,2,3,6,0,-2.09,4,0.6917755572636434,-0.6379453189726595
Olivier Boscagli,FRA,DF,Brighton,League,28,1997,10,7,622,6.9,0,1,1,0,0,0,2,0,0.14,,,,,,,,,,,,,,1,0,0.0,0.14,0.0,0.0,,62,20.9,83.0,5,3,13.0,23,1.0,7,7,0,0.0,-0.23,0,7,7,0,12,13,7,0,0.0,1,2.894356005788712,-0.6379453189726595
Sven Botman,NED,DF,Newcastle United,League,26,2000,20,16,1385,15.4,1,1,2,1,0,0,2,0,0.13,,,,,,,,,,,,,,12,4,33.3,0.78,0.26,0.08,0.25,69,46.6,83.0,12,4,15.0,5,1.35,18,21,-3,-0.19,-0.19,0,11,12,0,2,12,10,1,-0.6799999999999999,2,1.427644386761843,-0.6379453189726595
Ayyoub Bouaddi,FRA,MF,Lille,1,18,2007,26,24,2013,22.4,0,1,1,0,0,0,5,1,0.04,,,,,,,,,,,,,,15,4,26.7,0.67,0.18,0.0,0.0,77,74.6,83.0,14,2,14.0,2,1.62,27,23,4,0.18,-1.26,0,34,21,0,16,24,34,0,0.0,1,2.5881302989736725,-0.6379453189726595
Badredine Bouanani,ALG,MF,Stuttgart,,21,2004,13,5,450,5.0,0,0,0,0,0,0,1,0,0.0,,,,,,,,,,,,,,15,3,20.0,3.0,0.6,0.0,0.0,35,16.7,72.0,1,8,11.0,12,1.85,13,5,8,1.6,1.12,0,1,6,1,21,4,3,0,0.0,0,1.3972055888223553,-0.6379453189726595
Hicham Boudaoui,ALG,MF,Nice,1,26,1999,21,15,1380,15.3,1,2,3,1,0,0,5,0,0.2,,,,,,,,,,,,,,19,8,42.1,1.24,0.52,0.05,0.13,66,51.1,82.0,10,6,24.0,1,0.95,17,29,-12,-0.78,-0.1,0,17,28,2,15,17,13,0,-0.6,3,1.9595035924232527,-0.6379453189726595
Sofiane Boufal,MAR,FW,Le Havre,1,32,1993,13,10,788,8.8,1,3,4,1,0,0,1,0,0.46,,,,,,,,,,,,,,13,3,23.1,1.48,0.34,0.08,0.33,61,29.2,73.0,0,3,20.0,0,0.92,7,13,-6,-0.69,-0.36,0,16,25,5,50,2,9,0,-0.76,4,1.2485811577752552,-0.6379453189726595
Jarrod Bowen,ENG,MF,West Ham United,League,29,1996,33,33,2957,32.9,8,8,16,7,1,1,4,0,0.46,,,,,,,,,,,,,,71,24,33.8,2.16,0.73,0.1,0.29,90,99.6,90.0,29,0,,0,1.0,40,55,-15,-0.46,13.39,0,18,45,17,124,24,24,0,-5.6,15,1.4585232452142207,-0.6379453189726595
Kieron Bowie,SCO,FW,Hellas Verona,A,23,2002,9,9,750,8.3,2,0,2,2,0,0,1,0,0.24,,,,,,,,,,,,,,19,6,31.6,2.28,0.72,0.11,0.33,83,25.3,83.0,5,0,,0,0.44,5,13,-8,-0.96,0.05,0,21,15,1,6,0,1,0,-1.3399999999999999,2,0.12033694344163658,-0.6379453189726595
Lucas Boyé,ARG,FW,Alavés,Liga,30,1996,25,19,1798,20.0,11,1,12,8,3,3,4,1,0.45,,,,,,,,,,,,,,58,20,34.5,2.9,1.0,0.14,0.4,72,64.4,85.0,15,6,30.0,0,1.16,24,29,-5,-0.25,0.29,1,52,34,9,10,7,24,0,-8.2,9,1.5492253873063466,-0.6379453189726595
Enzo Boyomo,CMR,DF,Osasuna,Liga,24,2001,23,22,1912,21.2,1,1,2,1,0,0,5,0,0.09,,,,,,,,,,,,,,6,2,33.3,0.28,0.09,0.17,0.5,83,68.5,86.0,18,1,18.0,2,1.26,25,27,-2,-0.09,-0.2,0,25,4,0,8,11,30,0,-0.6599999999999999,2,1.933050447901933,-0.6379453189726595
Domagoj Bradarić,CRO,MF,Hellas Verona,A,26,1999,26,22,1868,20.8,0,0,0,0,0,0,2,0,0.0,,,,,,,,,,,,,,12,6,50.0,0.58,0.29,0.0,0.0,72,62.9,80.0,12,4,27.0,3,0.42,15,37,-22,-1.06,-0.16,0,8,10,2,97,9,20,0,0.0,0,1.3935607880826524,-0.6379453189726595
Conor Bradley,NIR,DF,Liverpool,League,22,2003,15,12,929,10.3,0,1,1,0,0,0,5,0,0.1,,,,,,,,,,,,,,6,0,0.0,0.58,0.0,0.0,,62,31.3,70.0,3,3,29.0,1,1.47,11,13,-2,-0.19,-0.77,0,18,20,1,23,12,15,0,0.0,1,2.6188166828322017,-0.6379453189726595
Julian Brandt,GER,MF,Dortmund,,29,1996,25,14,1345,14.9,7,3,10,7,0,0,0,0,0.67,,,,,,,,,,,,,,32,16,50.0,2.14,1.07,0.22,0.44,54,49.8,83.0,5,11,16.0,3,2.12,35,17,18,1.2,0.41,0,6,5,7,22,5,7,0,-3.48,10,0.8048289738430583,-0.6379453189726595
Jarrad Branthwaite,ENG,DF,Everton,League,23,2002,10,7,680,7.6,1,0,1,1,0,0,1,0,0.13,,,,,,,,,,,,,,6,2,33.3,0.79,0.26,0.17,0.5,68,22.9,88.0,4,3,21.0,0,1.5,10,9,1,0.13,0.13,0,3,1,1,3,11,6,0,-0.6599999999999999,1,2.2339027595269383,-0.6379453189726595
Lilian Brassier,FRA,DF,Rennes,1,26,1999,25,23,2070,23.0,0,1,1,0,0,0,2,0,0.04,,,,,,,,,,,,,,10,1,10.0,0.43,0.04,0.0,0.0,83,76.7,87.0,20,2,36.0,3,1.8,43,30,13,0.57,0.85,0,26,19,0,23,37,11,0,0.0,1,2.0860495436766624,-0.6379453189726595
Josip Brekalo,CRO,MF,Oviedo,Liga,27,1998,14,6,486,5.4,0,0,0,0,0,0,1,0,0.0,,,,,,,,,,,,,,9,3,33.3,1.67,0.56,0.0,0.0,35,17.4,58.0,0,8,18.0,3,0.71,1,14,-13,-2.41,-1.98,0,7,6,0,26,2,7,0,0.0,0,1.6635859519408502,-0.6379453189726595
Gleison Bremer,BRA,DF,Juventus,A,29,1997,22,21,1811,20.1,4,3,7,4,0,0,4,0,0.35,,,,,,,,,,,,,,15,7,46.7,0.75,0.35,0.27,0.57,82,61.0,86.0,16,1,15.0,1,2.27,43,16,27,1.34,1.26,0,18,8,0,1,24,11,0,-2.11,7,1.7404276479363499,-0.6379453189726595
Marco Brescianini,ITA,MF,Fiorentina,A,26,2000,13,7,640,7.1,1,0,1,1,0,0,1,0,0.14,,,,,,,,,,,,,,10,2,20.0,1.41,0.28,0.1,0.5,49,21.5,78.0,4,6,16.0,0,1.54,13,9,4,0.56,0.99,0,8,8,0,10,1,2,0,-0.8,1,0.4219409282700422,-0.6379453189726595
Abel Bretones,ESP,MF,Osasuna,Liga,25,2000,23,15,1431,15.9,1,0,1,1,0,0,5,1,0.06,,,,,,,,,,,,,,11,3,27.3,0.69,0.19,0.09,0.33,62,51.3,89.0,11,8,12.0,5,1.3,18,21,-3,-0.19,-0.32,0,15,17,1,24,13,11,0,-0.73,1,1.508485229415462,-0.6379453189726595
Sascha Britschgi,SUI,MF,Parma,A,19,2006,27,21,2008,22.3,0,2,2,0,0,0,4,0,0.09,,,,,,,,,,,,,,13,3,23.1,0.58,0.13,0.0,0.0,74,67.6,86.0,16,6,32.0,4,1.3,17,27,-10,-0.45,0.11,0,15,22,0,47,8,18,0,0.0,2,1.165396683101748,-0.6379453189726595
Brian Brobbey,NED,FW,Sunderland,League,24,2002,26,17,1540,17.1,6,1,7,6,0,0,5,0,0.41,,,,,,,,,,,,,,27,14,51.9,1.58,0.82,0.22,0.43,59,51.9,79.0,4,9,22.0,2,1.23,16,22,-6,-0.35,-0.48,0,23,29,8,1,0,1,0,-2.92,7,0.05844535359438924,-0.6379453189726595
Armando Broja,ALB,FW,Burnley,League,24,2001,22,8,835,9.3,1,1,2,1,0,0,0,0,0.22,,,,,,,,,,,,,,16,6,37.5,1.72,0.65,0.06,0.17,38,28.1,79.0,2,14,15.0,4,0.27,11,27,-16,-1.72,-1.01,0,12,14,5,3,3,3,0,-0.64,2,0.6444683136412459,-0.6379453189726595
David Brooks,WAL,MF,Bournemouth,League,28,1997,27,12,1097,12.2,1,2,3,1,0,0,7,0,0.25,,,,,,,,,,,,,,43,12,27.9,3.53,0.98,0.02,0.08,41,36.9,67.0,0,15,19.0,1,1.44,19,19,0,0.0,0.0,0,11,12,2,54,3,11,0,-0.76,3,1.1466011466011468,-0.6379453189726595
Nathaniel Brown,GER,MF,Eintracht Frankfurt,,22,2003,29,25,2296,25.5,4,4,8,4,0,0,3,0,0.31,,,,,,,,,,,,,,17,9,52.9,0.67,0.35,0.24,0.44,79,85.0,85.0,19,4,41.0,0,1.45,46,47,-1,-0.04,0.18,0,23,27,1,38,22,50,0,-1.8399999999999999,8,2.822422579380635,-0.6379453189726595
Brugui,ESP,MF,Levante,Liga,29,1996,15,10,896,10.0,0,1,1,0,0,0,1,0,0.1,,,,,,,,,,,,,,18,5,27.8,1.81,0.5,0.0,0.0,60,32.1,74.0,2,5,31.0,0,0.6,10,18,-8,-0.8,-0.47,0,11,8,6,10,3,5,0,0.0,1,0.7992007992007992,-0.6379453189726595
Jacob Bruun Larsen,DEN,MF,Burnley,League,27,1998,25,10,1011,11.2,0,1,1,0,0,0,0,0,0.09,,,,,,,,,,,,,,16,4,25.0,1.42,0.36,0.0,0.0,40,34.0,67.0,0,15,23.0,4,0.6,12,29,-17,-1.51,-0.78,0,1,0,3,40,6,3,0,0.0,1,0.8028545941123997,-0.6379453189726595
Tajon Buchanan,CAN,MF,Villarreal,Liga,27,1999,29,18,1621,18.0,6,1,7,6,0,0,8,0,0.39,,,,,,,,,,,,,,25,10,40.0,1.39,0.56,0.24,0.6,56,58.1,75.0,5,11,25.0,1,1.9,31,15,16,0.89,0.58,0,17,34,8,28,22,18,0,-3.6,7,2.220988339811216,-0.6379453189726595
Ante Budimir,CRO,FW,Osasuna,Liga,34,1991,30,28,2358,26.2,16,0,16,10,6,7,1,0,0.38,,,,,,,,,,,,,,80,32,40.0,3.05,1.22,0.13,0.31,79,84.5,83.0,13,2,22.0,0,1.3,28,29,-1,-0.04,-0.04,0,41,32,20,3,5,13,0,-11.84,10,0.686760778328882,-0.6379453189726595
Emi Buendía,ARG,MF,Aston Villa,League,29,1996,31,18,1485,16.5,5,2,7,5,0,0,6,0,0.42,,,,,,,,,,,,,,43,10,23.3,2.61,0.61,0.12,0.5,48,50.0,65.0,2,13,24.0,1,1.84,15,21,-6,-0.36,-1.09,0,35,34,1,8,8,20,0,-3.8,7,1.6959418534221682,-0.6379453189726595
Hugo Bueno,ESP,MF,Wolves,League,23,2002,30,23,2132,23.7,1,1,2,1,0,0,2,0,0.08,,,,,,,,,,,,,,12,6,50.0,0.51,0.25,0.08,0.17,71,71.8,86.0,17,7,23.0,0,0.57,19,40,-21,-0.89,0.83,0,16,22,2,152,30,31,0,-0.52,2,2.57275411218895,-0.6379453189726595
Santiago Bueno,URU,DF,Wolves,League,27,1998,24,23,2103,23.4,2,1,3,2,0,0,4,0,0.13,,,,,,,,,,,,,,6,5,83.3,0.26,0.21,0.33,0.4,88,70.8,90.0,22,1,35.0,8,0.67,20,40,-20,-0.86,0.91,0,22,9,1,5,22,27,0,-0.34999999999999987,3,2.093122597180692,-0.6379453189726595
Adam Buksa,POL,FW,Udinese,A,29,1996,20,3,645,7.2,2,0,2,2,0,0,2,0,0.28,,,,,,,,,,,,,,9,4,44.4,1.26,0.56,0.22,0.5,32,21.7,75.0,0,17,25.0,2,1.2,6,11,-5,-0.7,-0.7,0,15,12,2,1,2,6,0,-1.12,2,1.1095700416088765,-0.6379453189726595
Andrija Bulatović,MNE,MF,Lens,1,19,2006,16,4,576,6.4,0,2,2,0,0,0,1,0,0.31,,,,,,,,,,,,,,6,4,66.7,0.94,0.62,0.0,0.0,36,22.1,89.0,2,12,18.0,11,2.06,16,7,9,1.41,0.57,0,15,17,0,39,6,15,0,0.0,2,3.2761310452418098,-0.6379453189726595
Marius Bülter,GER,FW,Köln,,33,1993,28,14,1299,14.4,3,4,7,3,0,0,3,0,0.48,,,,,,,,,,,,,,35,13,37.1,2.42,0.9,0.09,0.23,46,48.1,74.0,6,14,19.0,0,1.0,26,20,6,0.42,1.25,0,14,24,6,57,6,2,0,-1.83,7,0.5551700208188758,-0.6379453189726595
Alessandro Buongiorno,ITA,DF,Napoli,A,26,1999,29,24,2193,24.4,0,1,1,0,0,0,3,0,0.04,,,,,,,,,,,,,,8,3,37.5,0.33,0.12,0.0,0.0,76,73.8,87.0,19,5,21.0,2,2.03,34,26,8,0.33,-0.48,0,44,25,1,6,39,21,0,0.0,1,2.4580090126997134,-0.6379453189726595
Livan Burcu,TUR,MF,Union Berlin,,21,2004,14,4,482,5.4,0,0,0,0,0,0,3,0,0.0,,,,,,,,,,,,,,12,1,8.3,2.24,0.19,0.0,0.0,34,17.9,70.0,0,10,20.0,7,0.71,5,10,-5,-0.93,-0.41,0,5,8,1,13,2,7,0,0.0,0,1.6635859519408502,-0.6379453189726595
Wouter Burger,NED,MF,Hoffenheim,,25,2001,26,26,2071,23.0,4,5,9,4,0,0,6,1,0.39,,,,,,,,,,,,,,28,12,42.9,1.22,0.52,0.14,0.33,80,76.7,80.0,15,0,,0,1.92,46,28,18,0.78,1.21,0,48,9,1,72,16,39,0,-2.32,9,2.3902651021295087,-0.6379453189726595
Jonathan Burkardt,GER,FW,Eintracht Frankfurt,,25,2000,18,14,1233,13.7,10,0,10,8,2,2,1,0,0.58,,,,,,,,,,,,,,36,18,50.0,2.63,1.31,0.22,0.44,69,45.7,81.0,4,4,25.0,0,1.56,30,14,16,1.17,2.27,0,12,14,1,4,1,2,0,-6.04,8,0.21881838074398252,-0.6379453189726595
Oliver Burke,SCO,FW,Union Berlin,,29,1997,25,17,1312,14.6,5,1,6,5,0,0,3,0,0.41,,,,,,,,,,,,,,29,13,44.8,1.99,0.89,0.17,0.38,52,48.6,71.0,2,8,14.0,4,0.88,15,26,-11,-0.75,-0.3,0,10,8,5,26,4,4,0,-2.79,6,0.5475701574264202,-0.6379453189726595
Dan Burn,ENG,DF,Newcastle United,League,33,1992,24,21,1830,20.3,0,2,2,0,0,0,9,1,0.1,,,,,,,,,,,,,,6,1,16.7,0.3,0.05,0.0,0.0,76,61.6,85.0,18,3,12.0,2,1.17,28,29,-1,-0.05,0.11,1,33,9,2,11,16,21,0,0.0,2,1.8217626784835055,-0.6379453189726595
Marnon Busch,GER,DF,Heidenheim,,31,1994,26,17,1690,18.8,1,3,4,1,0,0,3,0,0.21,,,,,,,,,,,,,,10,2,20.0,0.53,0.11,0.1,0.5,65,62.6,86.0,11,9,25.0,2,0.69,21,38,-17,-0.91,0.52,0,15,7,1,54,27,22,0,-0.8,4,2.604997341839447,-0.6379453189726595
Jean Butez,FRA,GK,Como,A,30,1995,33,33,2970,33.0,0,1,1,0,0,0,3,0,0.03,28.0,0.85,103.0,79.0,76.7,16.0,10.0,7.0,15.0,45.5,4.0,1.0,0.0,0,0,,0.0,0.0,,,90,100.0,90.0,33,0,,0,1.76,57,28,29,0.88,,0,0,8,0,0,0,1,0,0.0,1,0.03029385034837928,0.9208212659846947
Rémy Cabella,FRA,MF,Nantes,1,36,1990,10,5,504,5.6,1,0,1,0,1,1,1,0,0.0,,,,,,,,,,,,,,6,3,50.0,1.07,0.54,0.0,0.0,50,19.3,85.0,4,5,16.0,2,0.4,5,14,-9,-1.61,-1.09,0,7,10,1,28,4,7,0,-1.0,0,1.9607843137254903,-0.6379453189726595
Leandro Cabrera,URU,DF,Espanyol,Liga,34,1991,30,30,2700,30.0,3,0,3,3,0,0,2,0,0.1,,,,,,,,,,,,,,34,9,26.5,1.13,0.3,0.09,0.33,90,96.8,90.0,30,0,,0,1.23,37,48,-11,-0.37,-0.37,0,29,7,1,17,20,22,0,-2.19,3,1.3995334888370543,-0.6379453189726595
Noah Cadiou,GLP,MF,Lorient,1,27,1998,24,16,1519,16.9,1,1,2,1,0,0,1,0,0.12,,,,,,,,,,,,,,14,7,50.0,0.83,0.41,0.07,0.14,63,56.3,85.0,13,8,20.0,4,1.5,23,26,-3,-0.18,-0.1,0,23,11,0,3,22,14,0,-0.51,2,2.1289178001182734,-0.6379453189726595
Moisés Caicedo,ECU,MF,Chelsea,League,24,2001,28,27,2351,26.1,3,1,4,3,0,0,9,1,0.15,,,,,,,,,,,,,,25,7,28.0,0.96,0.27,0.12,0.43,84,79.2,85.0,22,1,45.0,1,1.43,46,36,10,0.38,0.24,0,43,42,0,8,53,44,0,-2.16,4,3.7150517043278435,-0.6379453189726595
Tom Cairney,SCO,MF,Fulham,League,35,1991,21,5,642,7.1,1,0,1,1,0,0,3,0,0.14,,,,,,,,,,,,,,12,1,8.3,1.68,0.14,0.08,1.0,31,21.6,70.0,0,16,18.0,10,1.52,12,9,3,0.42,0.65,0,8,9,0,6,2,3,0,-0.92,1,0.7032348804500704,-0.6379453189726595
Arturo Calabresi,ITA,DF,Pisa,A,30,1996,23,15,1315,14.6,0,0,0,0,0,0,6,0,0.0,,,,,,,,,,,,,,4,1,25.0,0.27,0.07,0.0,0.0,57,44.3,74.0,3,8,25.0,9,0.7,14,24,-10,-0.68,0.73,0,27,21,1,17,18,10,0,0.0,0,1.916495550992471,-0.6379453189726595
Riccardo Calafiori,ITA,DF,Arsenal,League,23,2002,22,18,1448,16.1,1,2,3,1,0,0,5,0,0.19,,,,,,,,,,,,,,28,6,21.4,1.74,0.37,0.04,0.17,66,48.8,77.0,6,4,14.0,2,2.27,27,8,19,1.18,0.12,0,25,9,2,21,13,18,0,-0.76,3,1.924270639354438,-0.6379453189726595
Calebe,BRA,MF,Alavés,Liga,25,2000,17,13,717,8.0,0,0,0,0,0,0,2,0,0.0,,,,,,,,,,,,,,5,1,20.0,0.63,0.13,0.0,0.0,42,25.7,52.0,0,4,11.0,13,1.18,7,8,-1,-0.13,0.31,0,18,18,0,16,7,14,0,0.0,0,2.6217228464419478,-0.6379453189726595
Fernando Calero,ESP,DF,Espanyol,Liga,30,1995,22,19,1684,18.7,0,0,0,0,0,0,4,0,0.0,,,,,,,,,,,,,,11,1,9.1,0.59,0.05,0.0,0.0,77,60.4,85.0,14,3,26.0,6,1.41,18,28,-10,-0.53,-0.45,0,8,5,0,1,24,15,0,0.0,0,2.0844468198824155,-0.6379453189726595
Duje Ćaleta-Car,CRO,DF,Real Sociedad,Liga,29,1996,22,19,1700,18.9,1,0,1,1,0,0,4,1,0.05,,,,,,,,,,,,,,11,3,27.3,0.58,0.16,0.09,0.33,77,60.9,85.0,16,3,27.0,8,1.45,29,25,4,0.21,0.46,0,23,7,1,1,25,11,1,-0.73,1,1.9037546271813854,-0.6379453189726595
Hakan Çalhanoğlu,TUR,MF,Inter,A,32,1994,22,20,1639,18.2,9,4,13,5,4,5,7,0,0.49,,,,,,,,,,,,,,50,17,34.0,2.75,0.93,0.1,0.29,75,55.2,79.0,7,2,35.0,2,2.27,43,16,27,1.48,0.0,0,28,11,0,86,19,17,0,-7.3,9,1.9769357495881383,-0.6379453189726595
Dominic Calvert-Lewin,ENG,FW,Leeds United,League,29,1997,30,25,2294,25.5,11,1,12,8,3,4,1,0,0.35,,,,,,,,,,,,,,66,30,45.5,2.59,1.18,0.12,0.27,76,77.2,87.0,14,5,25.0,0,1.17,35,29,6,0.24,1.97,0,39,35,22,7,2,4,0,-7.4,9,0.2352018816150529,-0.6379453189726595
Dani Calvo,ESP,DF,Oviedo,Liga,32,1994,15,12,1161,12.9,0,0,0,0,0,0,3,0,0.0,,,,,,,,,,,,,,1,0,0.0,0.08,0.0,0.0,,77,41.6,90.0,12,3,27.0,15,1.13,8,16,-8,-0.62,0.26,0,9,4,0,1,7,10,0,0.0,0,1.3168086754453912,-0.6379453189726595
Adama Camara,FRA,MF,Paris FC,1,29,1996,26,24,1965,21.8,1,0,1,1,0,0,8,0,0.05,,,,,,,,,,,,,,16,4,25.0,0.73,0.18,0.06,0.25,76,72.8,79.0,8,2,29.0,3,1.42,25,32,-7,-0.32,-0.44,0,25,17,0,11,30,26,0,-0.76,1,2.5676295277395687,-0.6379453189726595
Lamine Camara,SEN,MF,Monaco,1,22,2004,20,18,1520,16.9,0,4,4,0,0,0,5,0,0.24,,,,,,,,,,,,,,19,1,5.3,1.13,0.06,0.0,0.0,76,56.3,83.0,12,2,17.0,0,2.05,34,18,16,0.95,1.63,0,23,42,0,82,35,29,0,0.0,4,3.784742755765819,-0.6379453189726595
Mahdi Camara,FRA,MF,Rennes,1,27,1998,28,27,2297,25.5,3,1,4,3,0,0,4,1,0.16,,,,,,,,,,,,,,24,10,41.7,0.94,0.39,0.13,0.3,82,85.1,84.0,20,1,27.0,0,1.75,47,32,15,0.59,1.48,0,32,27,3,27,26,28,0,-1.7,4,2.116816934535476,-0.6379453189726595
Ousmane Camara,MLI,DF,Angers,1,23,2003,29,28,2448,27.2,1,0,1,1,0,0,3,0,0.04,,,,,,,,,,,,,,9,4,44.4,0.33,0.15,0.11,0.25,84,90.7,87.0,26,1,18.0,0,1.17,25,33,-8,-0.29,1.85,0,20,7,1,3,34,29,0,-0.56,1,2.3153252480705624,-0.6379453189726595
Francesco Camarda,ITA,FW,Lecce,A,18,2008,17,7,639,7.1,1,0,1,1,0,1,1,0,0.14,,,,,,,,,,,,,,13,3,23.1,1.83,0.42,0.08,0.33,38,21.5,62.0,0,10,20.0,1,0.82,4,9,-5,-0.7,0.03,0,12,4,1,1,0,1,0,-0.76,1,0.1406469760900141,-0.6379453189726595
Eduardo Camavinga,FRA,MF,Real Madrid,Liga,23,2002,23,14,1295,14.4,1,0,1,1,0,0,1,0,0.07,,,,,,,,,,,,,,11,2,18.2,0.76,0.14,0.09,0.5,56,46.4,76.0,6,9,25.0,1,2.26,32,12,20,1.39,0.43,0,29,27,1,2,14,32,0,-0.8200000000000001,1,3.1922276197085355,-0.6379453189726595
Nicolò Cambiaghi,ITA,MF,Bologna,A,25,2000,27,17,1504,16.7,3,4,7,3,0,0,3,1,0.42,,,,,,,,,,,,,,24,6,25.0,1.44,0.36,0.13,0.5,56,50.6,74.0,5,10,25.0,3,1.41,20,19,1,0.06,-0.06,0,32,69,5,62,9,20,0,-2.2199999999999998,7,1.7354877318970676,-0.6379453189726595
Andrea Cambiaso,ITA,MF,Juventus,A,26,2000,31,30,2413,26.8,3,3,6,3,0,0,2,1,0.22,,,,,,,,,,,,,,21,11,52.4,0.78,0.41,0.14,0.27,78,81.2,79.0,8,1,45.0,0,1.84,41,23,18,0.67,-0.94,0,26,19,2,105,19,34,2,-1.46,6,1.9768743006340916,-0.6379453189726595
Sergio Camello,ESP,FW,Rayo Vallecano,Liga,25,2001,16,4,489,5.4,0,0,0,0,0,0,2,1,0.0,,,,,,,,,,,,,,11,4,36.4,2.02,0.74,0.0,0.0,31,17.5,71.0,1,12,17.0,9,0.53,3,12,-9,-1.66,-1.66,0,3,9,2,2,3,2,0,0.0,0,0.9242144177449167,-0.6379453189726595
Emre Can,GER,DF,Dortmund,,32,1994,9,7,621,6.9,3,0,3,0,3,3,3,0,0.0,,,,,,,,,,,,,,5,4,80.0,0.72,0.58,0.0,0.0,69,23.0,80.0,4,2,30.0,3,1.78,16,8,8,1.16,0.21,0,10,10,0,2,13,8,0,-3.0,0,3.0390738060781475,-0.6379453189726595
Matteo Cancellieri,ITA,FW,Lazio,A,24,2002,26,17,1466,16.3,4,2,6,4,0,0,4,0,0.37,,,,,,,,,,,,,,36,14,38.9,2.21,0.86,0.11,0.29,56,49.4,74.0,7,9,24.0,1,1.42,21,16,5,0.31,0.37,0,29,58,3,20,23,21,0,-2.46,6,2.6977314530962597,-0.6379453189726595
João Cancelo,POR,DF,Barcelona,Liga,31,1994,9,6,552,6.1,1,2,3,1,0,0,0,0,0.49,,,,,,,,,,,,,,11,3,27.3,1.79,0.49,0.09,0.33,61,19.8,81.0,3,3,23.0,3,2.67,18,3,15,2.45,0.88,0,6,6,3,17,11,13,0,-0.73,3,3.9279869067103115,-0.6379453189726595
Fali Candé,GNB,DF,Sassuolo,A,28,1998,12,5,509,5.7,0,0,0,0,0,0,2,0,0.0,,,,,,,,,,,,,,3,0,0.0,0.53,0.0,0.0,,42,17.1,72.0,1,7,22.0,6,0.92,9,6,3,0.53,0.75,0,9,6,0,4,2,9,0,0.0,0,1.926444833625219,-0.6379453189726595
Simone Canestrelli,ITA,DF,Pisa,A,25,2000,32,31,2751,30.6,1,0,1,1,0,0,3,0,0.03,,,,,,,,,,,,,,13,2,15.4,0.43,0.07,0.08,0.5,86,92.6,88.0,29,1,21.0,1,0.56,23,54,-31,-1.01,1.04,0,36,19,1,12,26,23,0,-0.84,1,1.6007840574975496,-0.6379453189726595
Jaydee Canvot,FRA,DF,Crystal Palace,League,19,2006,15,9,886,9.8,0,0,0,0,0,0,2,0,0.0,,,,,,,,,,,,,,5,0,0.0,0.51,0.0,0.0,,59,30.8,86.0,7,6,19.0,13,1.73,8,10,-2,-0.2,-0.25,0,9,4,0,3,7,16,0,0.0,0,2.344546381243629,-0.6379453189726595
Nicolás Capaldo,ARG,DF,Hamburger SV,,27,1998,22,20,1641,18.2,1,2,3,1,0,0,7,0,0.16,,,,,,,,,,,,,,17,4,23.5,0.93,0.22,0.06,0.25,75,60.8,81.0,8,2,14.0,1,0.91,20,28,-8,-0.44,0.16,0,23,40,2,18,33,36,0,-0.76,3,3.789126853377265,-0.6379453189726595
Elia Caprile,ITA,GK,Cagliari,A,24,2001,33,33,2970,33.0,0,0,0,0,0,0,2,0,0.0,47.0,1.42,150.0,104.0,70.0,8.0,9.0,16.0,7.0,21.2,2.0,0.0,0.0,0,0,,0.0,0.0,,,90,100.0,90.0,33,0,,0,1.0,33,47,-14,-0.42,,0,0,8,0,0,0,0,0,0.0,0,0.0,0.5618163790649738
Maxence Caqueret,FRA,MF,Como,A,26,2000,26,16,1316,14.6,2,4,6,2,0,0,2,0,0.41,,,,,,,,,,,,,,16,4,25.0,1.09,0.27,0.13,0.5,51,44.3,68.0,1,10,24.0,7,1.73,27,10,17,1.16,0.51,0,19,20,1,31,11,21,0,-1.48,6,2.190280629705681,-0.6379453189726595
Antonio Caracciolo,ITA,DF,Pisa,A,35,1990,31,30,2713,30.1,2,0,2,2,0,0,8,0,0.07,,,,,,,,,,,,,,23,5,21.7,0.76,0.17,0.09,0.4,88,91.3,89.0,27,1,29.0,1,0.55,20,51,-31,-1.03,0.72,0,35,10,0,3,46,40,1,-1.55,2,2.8561939554965123,-0.6379453189726595
Sergi Cardona,ESP,DF,Villarreal,Liga,26,1999,25,17,1645,18.3,1,3,4,1,0,0,4,0,0.22,,,,,,,,,,,,,,15,4,26.7,0.82,0.22,0.07,0.25,66,59.0,86.0,13,8,22.0,6,1.96,30,22,8,0.44,-0.51,0,22,19,1,59,30,27,0,-0.72,4,3.113052976515565,-0.6379453189726595
Johnny Cardoso,USA,MF,Atlético Madrid,Liga,24,2001,13,11,764,8.5,0,0,0,0,0,0,5,0,0.0,,,,,,,,,,,,,,2,0,0.0,0.24,0.0,0.0,,59,27.4,64.0,2,2,31.0,8,1.46,12,9,3,0.35,-0.36,0,20,11,0,3,12,18,0,0.0,0,3.5252643948296125,-0.6379453189726595
Igor Carioca,BRA,DF,Lorient,1,29,1996,15,13,1206,13.4,1,0,1,1,0,0,1,0,0.07,,,,,,,,,,,,,,8,1,12.5,0.6,0.07,0.13,1.0,80,44.7,89.0,11,2,27.0,10,1.53,21,22,-1,-0.07,0.11,0,9,18,1,20,13,19,0,-0.87,1,2.38627889634601,-0.6379453189726595
Diego Carlos,BRA,DF,Como,A,33,1993,23,18,1704,18.9,1,0,1,1,0,0,7,0,0.05,,,,,,,,,,,,,,6,2,33.3,0.32,0.11,0.17,0.5,74,57.4,84.0,14,5,40.0,7,1.91,31,15,16,0.85,-0.08,0,30,6,1,1,18,17,0,-0.6599999999999999,1,1.8508725542041249,-0.6379453189726595
Kevin Carlos,ESP,FW,Nice,1,25,2001,19,9,841,9.3,0,0,0,0,0,0,3,0,0.0,,,,,,,,,,,,,,21,7,33.3,2.25,0.75,0.0,0.0,44,31.1,66.0,2,10,25.0,6,0.95,12,16,-4,-0.43,0.44,0,28,14,5,3,1,1,0,0.0,0,0.21482277121374865,-0.6379453189726595
David Carmo,ANG,DF,Oviedo,Liga,26,1999,21,19,1722,19.1,1,0,1,1,0,0,8,1,0.05,,,,,,,,,,,,,,10,3,30.0,0.52,0.16,0.1,0.33,82,61.7,88.0,17,2,25.0,4,0.62,14,33,-19,-0.99,-0.57,1,20,4,0,2,21,17,0,-0.7,1,1.9884877027734167,-0.6379453189726595
Carmona,ESP,DF,Sevilla,Liga,24,2002,28,23,2047,22.7,1,3,4,1,0,0,10,0,0.18,,,,,,,,,,,,,,17,3,17.6,0.75,0.13,0.06,0.33,73,73.4,82.0,17,5,34.0,1,1.07,27,39,-12,-0.53,-0.53,0,40,38,1,27,36,35,0,-0.8200000000000001,4,3.126376045794804,-0.6379453189726595
Marco Carnesecchi,ITA,GK,Atalanta,A,25,2000,33,33,2970,33.0,0,0,0,0,0,0,0,0,0.0,29.0,0.88,124.0,97.0,77.4,14.0,12.0,7.0,12.0,36.4,1.0,2.0,0.0,0,0,,0.0,0.0,,,90,100.0,90.0,33,0,,0,1.64,45,29,16,0.48,,0,1,5,0,1,0,0,0,0.0,0,0.0,0.8305537264027794
Sergio Carreira,ESP,MF,Celta Vigo,Liga,25,2000,27,23,2131,23.7,2,1,3,2,0,0,2,0,0.13,,,,,,,,,,,,,,12,5,41.7,0.51,0.21,0.17,0.4,79,76.4,89.0,20,4,23.0,3,1.48,34,32,2,0.08,-0.19,0,16,31,1,28,24,15,0,-1.15,3,1.6448755799240826,-0.6379453189726595
Álvaro Carreras,ESP,DF,Real Madrid,Liga,23,2003,25,23,2062,22.9,2,2,4,2,0,0,5,1,0.17,,,,,,,,,,,,,,8,2,25.0,0.35,0.09,0.25,1.0,82,73.9,89.0,20,2,3.0,1,2.16,48,20,28,1.22,0.23,0,17,29,5,29,35,17,0,-1.5,4,2.2697512003491926,-0.6379453189726595
Dani Carvajal,ESP,DF,Real Madrid,Liga,34,1992,13,8,749,8.3,0,0,0,0,0,0,0,0,0.0,,,,,,,,,,,,,,5,1,20.0,0.6,0.12,0.0,0.0,58,26.8,78.0,3,5,26.0,8,2.15,15,8,7,0.84,-0.44,0,6,8,0,7,4,9,0,0.0,0,1.5643802647412755,-0.6379453189726595
Cesare Casadei,ITA,MF,Torino,A,23,2003,29,18,1840,20.4,5,0,5,5,0,0,5,0,0.24,,,,,,,,,,,,,,32,15,46.9,1.57,0.73,0.16,0.33,63,62.0,86.0,15,11,27.0,3,1.28,24,33,-9,-0.44,0.2,0,48,14,2,2,9,15,0,-2.6,5,1.1758941695247427,-0.6379453189726595
Marc Casado,ESP,MF,Barcelona,Liga,22,2003,20,9,911,10.1,0,1,1,0,0,0,1,0,0.1,,,,,,,,,,,,,,9,0,0.0,0.89,0.0,0.0,,46,32.7,78.0,5,11,19.0,11,2.85,25,8,17,1.68,-0.09,0,22,18,0,0,7,8,0,0.0,1,1.483679525222552,-0.6379453189726595
Nicolò Casale,ITA,DF,Bologna,A,28,1998,12,8,678,7.5,0,0,0,0,0,0,0,0,0.0,,,,,,,,,,,,,,5,0,0.0,0.66,0.0,0.0,,57,22.8,72.0,5,4,25.0,15,1.25,10,13,-3,-0.4,-0.63,0,15,5,0,2,7,2,0,0.0,0,1.1984021304926764,-0.6379453189726595
Casemiro,BRA,MF,Manchester Utd,League,34,1992,31,30,2311,25.7,8,2,10,8,0,0,10,1,0.39,,,,,,,,,,,,,,45,16,35.6,1.75,0.62,0.18,0.5,75,77.8,77.0,11,1,11.0,0,1.87,47,26,21,0.82,1.91,1,44,31,4,19,24,39,0,-5.12,10,2.4504084014002334,-0.6379453189726595
Matty Cash,POL,DF,Aston Villa,League,28,1997,30,30,2620,29.1,3,2,5,3,0,0,8,0,0.17,,,,,,,,,,,,,,29,10,34.5,1.0,0.34,0.1,0.3,87,88.2,87.0,23,0,,0,1.83,42,31,11,0.38,1.66,0,40,27,4,113,22,24,0,-2.0,5,1.5802129852284437,-0.6379453189726595
Josué Casimir,HAI,MF,Auxerre,1,24,2001,27,16,1470,16.3,1,0,1,1,0,1,5,1,0.06,,,,,,,,,,,,,,21,11,52.4,1.29,0.67,0.05,0.09,54,54.4,76.0,4,11,24.0,1,0.78,11,25,-14,-0.86,-0.86,1,32,30,3,54,10,15,0,-0.44999999999999996,1,1.5328019619865112,-0.6379453189726595
Cristian Cásseres Jr.,VEN,MF,Toulouse,1,26,2000,27,25,2225,24.7,2,1,3,2,0,1,6,0,0.12,,,,,,,,,,,,,,22,6,27.3,0.89,0.24,0.09,0.33,82,82.4,86.0,19,2,32.0,0,1.15,29,34,-5,-0.2,-0.96,0,34,40,1,90,32,35,0,-1.46,3,2.7114528530959126,-0.6379453189726595
Timothy Castagne,BEL,DF,Fulham,League,30,1995,25,15,1403,15.6,0,0,0,0,0,0,3,0,0.0,,,,,,,,,,,,,,10,5,50.0,0.64,0.32,0.0,0.0,56,47.2,85.0,12,10,12.0,8,1.16,21,27,-6,-0.38,-0.56,0,15,6,0,39,23,18,0,0.0,0,2.626521460602178,-0.6379453189726595
Valentín Castellanos,ARG,FW,Lazio,A,27,1998,11,8,692,7.7,2,3,5,2,0,0,2,0,0.65,,,,,,,,,,,,,,20,8,40.0,2.6,1.04,0.1,0.25,63,23.3,77.0,3,3,25.0,0,1.18,11,7,4,0.52,0.52,0,9,18,5,6,3,3,0,-1.2,5,0.7782101167315175,-0.6379453189726595
Valentín Castellanos,ARG,FW,West Ham United,League,27,1998,13,13,1024,11.4,4,0,4,4,0,0,3,0,0.35,,,,,,,,,,,,,,30,13,43.3,2.64,1.14,0.13,0.31,79,34.5,79.0,3,0,,0,1.46,17,13,4,0.35,1.32,0,22,11,7,5,2,5,0,-2.31,4,0.6134969325153374,-0.6379453189726595
Castrin,ESP,DF,Sevilla,Liga,23,2003,13,8,822,9.1,0,0,0,0,0,0,3,0,0.0,,,,,,,,,,,,,,6,1,16.7,0.66,0.11,0.0,0.0,63,29.5,83.0,6,5,32.0,13,1.08,16,10,6,0.66,1.48,0,8,8,1,1,13,10,0,0.0,0,2.5246981339187706,-0.6379453189726595
Jonny Castro,ESP,DF,Alavés,Liga,32,1994,30,30,2634,29.3,0,0,0,0,0,0,5,0,0.0,,,,,,,,,,,,,,7,2,28.6,0.24,0.07,0.0,0.0,88,94.4,88.0,26,0,,0,1.07,33,44,-11,-0.38,-0.38,0,31,27,1,22,37,37,0,0.0,0,2.524735585124531,-0.6379453189726595
Santiago Castro,ARG,FW,Bologna,A,21,2004,30,22,2038,22.6,7,2,9,7,0,0,2,0,0.4,,,,,,,,,,,,,,55,18,32.7,2.43,0.79,0.13,0.39,68,68.6,81.0,9,8,32.0,3,1.4,28,27,1,0.04,-0.15,0,33,43,10,4,1,8,0,-4.66,9,0.3980539584254754,-0.6379453189726595
Alessio Castro-Montes,BEL,MF,Köln,,28,1997,11,6,552,6.1,1,3,4,1,0,0,2,0,0.65,,,,,,,,,,,,,,6,1,16.7,0.98,0.16,0.17,1.0,50,20.4,75.0,2,5,20.0,8,1.27,13,10,3,0.49,0.91,0,12,9,1,45,4,15,0,-0.83,4,3.1096563011456633,-0.6379453189726595
Danilo Cataldi,ITA,MF,Lazio,A,31,1994,27,24,1985,22.1,3,3,6,1,2,2,6,0,0.18,,,,,,,,,,,,,,26,7,26.9,1.18,0.32,0.04,0.14,74,66.8,77.0,13,3,42.0,2,1.37,24,26,-2,-0.09,-0.64,0,22,12,0,48,21,22,0,-2.7199999999999998,4,1.9448213478064222,-0.6379453189726595
Catena,ESP,DF,Osasuna,Liga,31,1994,29,29,2531,28.1,2,2,4,2,0,0,10,1,0.14,,,,,,,,,,,,,,14,2,14.3,0.5,0.07,0.14,1.0,87,90.7,87.0,26,0,,0,1.21,30,34,-4,-0.14,-1.18,0,44,12,3,1,30,24,0,-1.72,4,1.9210245464247597,-0.6379453189726595
Santi Cazorla,ESP,MF,Oviedo,Liga,41,1984,21,4,636,7.1,0,1,1,0,0,0,1,1,0.14,,,,,,,,,,,,,,7,1,14.3,0.99,0.14,0.0,0.0,30,22.8,72.0,0,17,21.0,4,0.81,3,12,-9,-1.27,-0.65,0,5,13,0,41,1,6,0,0.0,1,0.9845288326300985,-0.6379453189726595
Dani Ceballos,ESP,MF,Real Madrid,Liga,29,1996,15,4,469,5.2,0,0,0,0,0,0,1,0,0.0,,,,,,,,,,,,,,3,0,0.0,0.58,0.0,0.0,,31,16.8,67.0,0,11,18.0,10,2.53,13,5,8,1.54,0.45,0,6,15,0,3,7,10,0,0.0,0,3.2629558541266794,-0.6379453189726595
Federico Ceccherini,ITA,DF,Cremonese,A,33,1992,9,6,476,5.3,0,1,1,0,0,0,1,1,0.19,,,,,,,,,,,,,,5,2,40.0,0.95,0.38,0.0,0.0,53,16.0,67.0,1,3,25.0,22,0.67,1,13,-12,-2.27,-1.94,0,10,9,0,3,7,2,0,0.0,1,1.6949152542372883,-0.6379453189726595
Nidal Celik,BIH,DF,Lens,1,19,2006,7,7,526,5.8,0,0,0,0,0,0,1,0,0.0,,,,,,,,,,,,,,1,1,100.0,0.17,0.17,0.0,0.0,75,20.2,75.0,4,0,,3,1.43,16,9,7,1.2,0.29,0,10,1,0,0,8,9,0,0.0,0,2.925989672977625,-0.6379453189726595
Zeki Çelik,TUR,MF,Roma,A,29,1997,29,27,2334,25.9,1,2,3,1,0,0,2,1,0.12,,,,,,,,,,,,,,20,4,20.0,0.77,0.15,0.05,0.25,80,78.6,86.0,18,2,11.0,1,1.59,39,26,13,0.5,-0.06,0,34,13,2,72,17,32,0,-0.8,3,1.8911617136240833,-0.6379453189726595
Fabien Centonze,FRA,MF,Nantes,1,30,1996,15,9,736,8.2,3,0,3,3,0,0,4,0,0.37,,,,,,,,,,,,,,8,3,37.5,0.98,0.37,0.38,1.0,49,28.2,77.0,5,6,8.0,2,0.8,7,13,-6,-0.73,-0.01,0,13,8,1,30,20,18,0,-1.8599999999999999,3,4.628501827040195,-0.6379453189726595
Julian Chabot,GER,DF,Stuttgart,,28,1998,24,23,2060,22.9,0,0,0,0,0,0,3,0,0.0,,,,,,,,,,,,,,17,6,35.3,0.74,0.26,0.0,0.0,86,76.3,89.0,21,1,16.0,4,1.83,49,31,18,0.79,0.51,0,32,36,0,1,38,17,1,0.0,0,2.400698384984723,-0.6379453189726595
El Chadaille Bitshiabu,FRA,DF,RB Leipzig,,20,2005,9,6,520,5.8,0,0,0,0,0,0,0,0,0.0,,,,,,,,,,,,,,2,0,0.0,0.35,0.0,0.0,,58,19.3,82.0,4,3,9.0,17,1.78,10,8,2,0.35,-0.48,0,3,0,0,0,4,4,0,0.0,0,1.376936316695353,-0.6379453189726595
Fares Chaïbi,ALG,MF,Eintracht Frankfurt,,23,2002,24,20,1658,18.4,2,9,11,2,0,0,1,0,0.6,,,,,,,,,,,,,,31,7,22.6,1.68,0.38,0.06,0.29,69,61.4,78.0,8,4,26.0,2,1.5,37,36,1,0.05,0.31,0,12,20,4,86,13,20,0,-1.58,11,1.7925040738728952,-0.6379453189726595
Ilyas Chaira,MAR,MF,Oviedo,Liga,25,2001,29,24,1927,21.4,4,2,6,4,0,0,2,1,0.28,,,,,,,,,,,,,,58,25,43.1,2.71,1.17,0.07,0.16,66,69.1,74.0,7,5,31.0,0,0.93,20,29,-9,-0.42,1.14,0,47,25,16,55,4,29,0,-2.25,6,1.5413358243811304,-0.6379453189726595
Trevoh Chalobah,ENG,DF,Chelsea,League,26,1999,30,29,2560,28.4,3,0,3,3,0,0,3,1,0.11,,,,,,,,,,,,,,14,5,35.7,0.49,0.18,0.21,0.6,85,86.2,88.0,27,1,10.0,0,1.5,51,31,20,0.7,2.68,0,20,18,2,5,35,22,0,-1.95,3,2.0063357972544877,-0.6379453189726595
Brendan Chardonnet,FRA,DF,Brest,1,31,1994,26,26,2276,25.3,1,3,4,1,0,0,4,0,0.16,,,,,,,,,,,,,,11,6,54.5,0.43,0.24,0.09,0.17,88,87.2,88.0,24,0,,1,1.42,35,35,0,0.0,1.62,0,26,20,0,7,31,17,0,-0.45999999999999996,4,1.8964836033188461,-0.6379453189726595
Pep Chavarría,ESP,DF,Rayo Vallecano,Liga,28,1998,27,24,2219,24.7,1,2,3,1,0,0,6,1,0.12,,,,,,,,,,,,,,18,3,16.7,0.73,0.12,0.06,0.33,82,79.5,90.0,22,3,23.0,3,1.07,22,29,-7,-0.28,0.03,1,30,33,2,76,28,26,0,-0.8200000000000001,3,2.1853500607041685,-0.6379453189726595
Arthur Chaves,BRA,DF,Augsburg,,25,2001,9,8,714,7.9,2,0,2,2,0,0,1,0,0.25,,,,,,,,,,,,,,4,2,50.0,0.5,0.25,0.5,1.0,79,26.4,84.0,6,1,45.0,3,1.22,11,14,-3,-0.38,0.21,0,6,6,0,0,6,8,1,-1.0,2,1.7699115044247786,-0.6379453189726595
Walid Cheddira,MAR,FW,Lecce,A,28,1998,12,7,667,7.4,0,0,0,0,0,0,0,0,0.0,,,,,,,,,,,,,,13,3,23.1,1.75,0.4,0.0,0.0,56,22.5,75.0,2,5,28.0,0,0.92,4,13,-9,-1.21,-0.63,0,15,16,6,3,0,2,0,0.0,0,0.2699055330634278,-0.6379453189726595
Chema,ESP,MF,Stuttgart,,20,2005,22,11,1042,11.6,2,0,2,2,0,0,4,0,0.17,,,,,,,,,,,,,,12,4,33.3,1.04,0.35,0.17,0.5,47,38.6,84.0,6,11,10.0,8,1.91,26,20,6,0.52,-0.24,0,14,8,1,0,24,13,0,-1.3199999999999998,2,3.186907838070629,-0.6379453189726595
Samir Chergui,ALG,DF,Paris FC,1,27,1999,14,12,1064,11.8,1,0,1,1,0,0,1,0,0.08,,,,,,,,,,,,,,12,4,33.3,1.02,0.34,0.08,0.25,76,39.4,87.0,10,2,12.0,2,1.21,19,22,-3,-0.25,-0.09,0,13,4,1,6,9,12,0,-0.6799999999999999,1,1.7781541066892463,-0.6379453189726595
Sidiki Cherif,FRA,FW,Angers,1,19,2006,19,14,1157,12.9,4,0,4,4,0,0,3,0,0.31,,,,,,,,,,,,,,28,12,42.9,2.18,0.93,0.14,0.33,61,42.9,70.0,2,5,36.0,0,1.21,13,16,-3,-0.23,0.41,0,15,16,11,6,6,3,0,-2.32,4,0.69713400464756,-0.6379453189726595
Rayan Cherki,FRA,MF,Manchester City,League,22,2003,27,16,1467,16.3,4,10,14,4,0,0,1,0,0.86,,,,,,,,,,,,,,38,10,26.3,2.33,0.61,0.11,0.4,54,50.9,77.0,3,11,22.0,1,2.11,33,15,18,1.1,-0.04,0,14,30,1,68,7,15,0,-2.9,14,1.3488657265481299,-0.6379453189726595
Lucas Chevalier,FRA,GK,Paris Saint-Germain,1,24,2001,17,17,1530,17.0,0,0,0,0,0,0,0,0,0.0,13.0,0.76,43.0,32.0,72.1,12.0,3.0,2.0,9.0,52.9,1.0,1.0,1.0,0,0,,0.0,0.0,,,90,60.7,90.0,17,0,,10,2.29,33,13,20,1.18,-0.37,0,0,1,0,0,0,0,0,0.0,0,0.0,0.6574361453958429
Fabio Chiarodia,ITA,DF,Gladbach,,20,2005,12,5,459,5.1,0,0,0,0,0,0,0,0,0.0,,,,,,,,,,,,,,4,1,25.0,0.78,0.2,0.0,0.0,38,17.0,72.0,1,7,14.0,5,0.67,2,11,-9,-1.76,-1.56,0,5,1,0,0,9,8,0,0.0,0,3.326810176125245,-0.6379453189726595
Ben Chilwell,ENG,DF,Strasbourg,1,29,1996,20,19,1598,17.8,0,2,2,0,0,0,4,0,0.11,,,,,,,,,,,,,,5,3,60.0,0.28,0.17,0.0,0.0,80,61.2,83.0,13,1,29.0,1,1.45,27,24,3,0.17,-0.36,0,14,22,4,30,22,17,0,0.0,2,2.1897810218978098,-0.6379453189726595
Joris Chotard,FRA,MF,Brest,1,24,2001,28,27,2412,26.8,2,0,2,2,0,0,2,0,0.07,,,,,,,,,,,,,,23,7,30.4,0.86,0.26,0.09,0.29,86,92.4,89.0,23,1,19.0,0,1.29,35,38,-3,-0.11,1.25,0,28,12,0,42,40,30,0,-1.37,2,2.610966057441253,-0.6379453189726595
Ryan Christie,SCO,MF,Bournemouth,League,31,1995,23,7,860,9.6,2,0,2,2,0,0,3,0,0.21,,,,,,,,,,,,,,22,6,27.3,2.3,0.63,0.09,0.33,37,29.0,68.0,0,16,24.0,1,1.7,14,13,1,0.1,0.15,0,15,19,1,16,11,17,0,-1.46,2,2.9136316337148807,-0.6379453189726595
Carney Chukwuemeka,AUT,MF,Dortmund,,22,2003,25,8,883,9.8,2,0,2,2,0,0,2,0,0.2,,,,,,,,,,,,,,17,2,11.8,1.73,0.2,0.12,1.0,35,32.7,73.0,1,17,18.0,2,2.36,19,6,13,1.33,0.48,0,11,14,0,1,6,15,0,-1.76,2,2.1406727828746175,-0.6379453189726595
Samuel Chukwueze,NGA,MF,Fulham,League,26,1999,19,7,868,9.6,3,4,7,3,0,0,0,0,0.73,,,,,,,,,,,,,,23,6,26.1,2.38,0.62,0.13,0.5,46,29.2,78.0,2,12,27.0,1,1.21,17,17,0,0.0,0.13,0,5,10,3,32,5,4,0,-2.2199999999999998,7,0.9365244536940688,-0.6379453189726595
Víctor Chust,ESP,DF,Elche,Liga,26,2000,24,19,1801,20.0,0,0,0,0,0,0,8,1,0.0,,,,,,,,,,,,,,6,2,33.3,0.3,0.1,0.0,0.0,75,64.6,88.0,15,5,26.0,3,1.04,25,31,-6,-0.3,-0.12,1,33,9,1,17,20,30,0,0.0,0,2.498750624687656,-0.6379453189726595
Alessandro Circati,AUS,DF,Parma,A,22,2003,26,26,2214,24.6,1,0,1,1,0,0,6,0,0.04,,,,,,,,,,,,,,7,1,14.3,0.28,0.04,0.14,1.0,85,74.5,85.0,23,0,,1,1.08,17,28,-11,-0.45,0.15,0,28,16,0,2,22,17,0,-0.86,1,1.5847216578626573,-0.6379453189726595
Pathé Ciss,SEN,MF,Rayo Vallecano,Liga,32,1994,22,15,1488,16.5,2,0,2,2,0,0,5,2,0.12,,,,,,,,,,,,,,15,7,46.7,0.91,0.42,0.13,0.29,68,53.3,88.0,12,7,25.0,0,1.05,14,20,-6,-0.36,-0.16,0,22,8,2,1,22,25,0,-1.0899999999999999,2,2.846759539672925,-0.6379453189726595
Djaoui Cissé,FRA,MF,Rennes,1,22,2004,22,12,973,10.8,0,0,0,0,0,0,3,0,0.0,,,,,,,,,,,,,,24,6,25.0,2.22,0.55,0.0,0.0,44,36.0,60.0,0,10,25.0,7,1.77,18,14,4,0.37,0.01,0,18,10,0,27,5,21,0,0.0,0,2.4051803885291396,-0.6379453189726595
Alexis Claude-Maurice,FRA,MF,Augsburg,,27,1998,26,23,1910,21.2,5,4,9,4,1,2,3,0,0.38,,,,,,,,,,,,,,67,25,37.3,3.16,1.18,0.06,0.16,73,70.7,80.0,10,3,25.0,1,1.15,25,40,-15,-0.71,-0.59,0,23,40,1,57,5,22,0,-3.5,8,1.272984441301273,-0.6379453189726595
Jonathan Clauss,FRA,MF,Nice,1,33,1992,27,25,2273,25.3,1,6,7,1,0,0,0,0,0.28,,,,,,,,,,,,,,23,6,26.1,0.91,0.24,0.04,0.17,84,84.2,88.0,23,2,38.0,0,0.85,26,51,-25,-0.99,-1.62,0,21,16,1,202,43,35,0,-0.76,7,3.0817858553931248,-0.6379453189726595
Nathaniel Clyne,ENG,MF,Crystal Palace,League,35,1991,8,6,495,5.5,0,1,1,0,0,0,1,0,0.18,,,,,,,,,,,,,,3,0,0.0,0.55,0.0,0.0,,62,17.2,69.0,0,2,41.0,20,1.25,5,9,-4,-0.73,-0.84,0,4,1,0,14,7,9,0,0.0,1,2.9038112522686026,-0.6379453189726595
Saúl Coco,EQG,DF,Torino,A,27,1999,30,30,2676,29.7,1,1,2,1,0,0,3,0,0.07,,,,,,,,,,,,,,14,4,28.6,0.47,0.13,0.07,0.25,89,90.1,89.0,29,0,,1,1.23,34,47,-13,-0.44,0.79,0,39,33,0,5,37,29,0,-0.72,2,2.2214742510939076,-0.6379453189726595
Maxime Colin,FRA,DF,Metz,1,34,1991,21,17,1602,17.8,0,0,0,0,0,0,1,0,0.0,,,,,,,,,,,,,,7,2,28.6,0.39,0.11,0.0,0.0,76,59.3,86.0,13,4,34.0,8,0.57,22,39,-17,-0.96,0.85,0,10,7,0,11,22,29,0,0.0,0,2.8635597978663667,-0.6379453189726595
Nathan Collins,IRL,DF,Brentford,League,24,2001,30,27,2525,28.1,1,2,3,1,0,0,5,0,0.11,,,,,,,,,,,,,,19,6,31.6,0.68,0.21,0.05,0.17,84,85.0,90.0,27,3,32.0,3,1.37,39,36,3,0.11,-0.1,0,17,16,2,1,31,9,1,-0.7,3,1.422981145499822,-0.6379453189726595
Nnamdi Collins,GER,DF,Eintracht Frankfurt,,22,2004,23,16,1500,16.7,1,2,3,1,0,0,4,0,0.18,,,,,,,,,,,,,,4,1,25.0,0.24,0.06,0.25,1.0,65,55.6,85.0,12,7,20.0,3,1.57,38,32,6,0.36,0.96,0,22,19,0,4,24,38,0,-0.75,3,3.7103530819868342,-0.6379453189726595
Santiago Colombatto,ARG,MF,Oviedo,Liga,29,1997,26,18,1679,18.7,0,1,1,0,0,0,6,0,0.05,,,,,,,,,,,,,,12,2,16.7,0.64,0.11,0.0,0.0,65,60.2,83.0,6,8,23.0,3,0.88,11,26,-15,-0.8,-0.07,0,37,36,1,54,14,17,0,0.0,1,1.6568679850347408,-0.6379453189726595
Lorenzo Colombo,ITA,FW,Genoa,A,24,2002,33,26,2019,22.4,7,1,8,6,1,2,2,0,0.31,,,,,,,,,,,,,,61,26,42.6,2.72,1.16,0.1,0.23,61,68.0,72.0,1,7,22.0,0,1.18,27,29,-2,-0.09,0.29,0,37,48,1,13,1,9,0,-4.4,7,0.4462293618920125,-0.6379453189726595
Eray Cömert,SUI,DF,Valencia,Liga,28,1998,14,12,1088,12.1,2,0,2,2,0,0,2,0,0.17,,,,,,,,,,,,,,9,3,33.3,0.74,0.25,0.22,0.67,78,39.0,87.0,9,2,24.0,14,1.14,16,17,-1,-0.08,0.5,0,6,10,1,1,19,13,0,-1.3399999999999999,2,2.642444260941371,-0.6379453189726595
Santi Comesaña,ESP,MF,Villarreal,Liga,29,1996,29,24,2069,23.0,3,5,8,3,0,0,5,1,0.35,,,,,,,,,,,,,,22,7,31.8,0.96,0.3,0.14,0.43,71,74.2,81.0,12,5,26.0,1,2.0,47,23,24,1.04,1.54,0,37,22,1,11,25,22,0,-2.02,8,2.0425901781833984,-0.6379453189726595
Pietro Comuzzo,ITA,DF,Fiorentina,A,21,2005,23,17,1518,16.9,1,0,1,1,0,0,2,0,0.06,,,,,,,,,,,,,,9,2,22.2,0.53,0.12,0.11,0.5,66,51.1,84.0,10,6,16.0,10,0.96,19,26,-7,-0.42,-0.42,0,21,3,0,1,20,14,0,-0.78,1,2.0106445890005915,-0.6379453189726595
Francisco Conceição,POR,MF,Juventus,A,23,2002,26,22,1701,18.9,3,4,7,3,0,0,2,0,0.37,,,,,,,,,,,,,,58,16,27.6,3.07,0.85,0.05,0.19,65,57.3,73.0,2,4,25.0,2,1.77,26,15,11,0.58,-0.62,0,27,27,3,70,6,19,0,-2.2,7,1.3220518244315178,-0.6379453189726595
Sirlord Conteh,GER,MF,Heidenheim,,29,1996,15,3,625,6.9,2,1,3,2,0,0,1,0,0.43,,,,,,,,,,,,,,10,3,30.0,1.44,0.43,0.2,0.67,42,23.1,80.0,1,12,32.0,1,0.4,11,16,-5,-0.72,0.49,0,7,10,8,17,4,7,0,-1.4,3,1.5918958031837915,-0.6379453189726595
Lewis Cook,ENG,MF,Bournemouth,League,29,1997,16,8,872,9.7,0,1,1,0,0,0,1,1,0.1,,,,,,,,,,,,,,3,0,0.0,0.31,0.0,0.0,,55,29.4,90.0,8,8,19.0,1,1.44,15,17,-2,-0.21,-0.29,0,8,5,0,44,21,17,0,0.0,1,3.9134912461380025,-0.6379453189726595
Copete,ESP,DF,Valencia,Liga,26,1999,21,19,1759,19.5,0,0,0,0,0,0,5,0,0.0,,,,,,,,,,,,,,13,0,0.0,0.67,0.0,0.0,,84,63.0,88.0,15,2,47.0,3,0.9,17,32,-15,-0.77,-1.03,0,20,11,2,4,25,15,1,0.0,0,2.0502306509482313,-0.6379453189726595
Diego Coppola,ITA,DF,Paris FC,1,22,2003,9,9,810,9.0,0,2,2,0,0,0,1,0,0.22,,,,,,,,,,,,,,3,1,33.3,0.33,0.11,0.0,0.0,90,30.0,90.0,9,0,,2,1.78,14,12,2,0.22,0.6,0,5,3,0,0,5,7,0,0.0,2,1.3318534961154274,-0.6379453189726595
Francesco Coppola,ITA,DF,Pisa,A,21,2005,7,5,458,5.1,0,0,0,0,0,0,3,0,0.0,,,,,,,,,,,,,,2,0,0.0,0.39,0.0,0.0,,65,15.4,90.0,5,2,4.0,17,0.29,3,15,-12,-2.36,-1.5,0,7,8,0,2,5,5,0,0.0,0,1.9569471624266146,-0.6379453189726595
Francis Coquelin,FRA,MF,Nantes,1,34,1991,15,8,633,7.0,0,1,1,0,0,0,2,0,0.14,,,,,,,,,,,,,,6,1,16.7,0.85,0.14,0.0,0.0,42,24.3,64.0,0,7,17.0,1,0.87,5,6,-1,-0.14,0.77,0,15,7,0,0,4,13,0,0.0,1,2.425106990014265,-0.6379453189726595
Félix Correia,POR,MF,Lille,1,25,2001,30,22,1767,19.6,4,5,9,4,0,0,2,0,0.46,,,,,,,,,,,,,,29,7,24.1,1.48,0.36,0.14,0.57,59,65.4,74.0,2,8,18.0,0,1.8,34,20,14,0.71,0.62,0,10,25,3,73,19,10,0,-3.02,9,1.4788373278939315,-0.6379453189726595
Thierry Correia,POR,DF,Valencia,Liga,27,1999,21,16,1353,15.0,0,1,1,0,0,0,5,0,0.07,,,,,,,,,,,,,,5,1,20.0,0.33,0.07,0.0,0.0,64,48.5,77.0,8,5,23.0,2,0.76,10,24,-14,-0.93,-1.06,0,28,24,3,41,17,20,0,0.0,1,2.465023317788141,-0.6379453189726595
Edoardo Corvi,ITA,GK,Parma,A,25,2001,16,16,1440,16.0,0,0,0,0,0,0,1,0,0.0,18.0,1.13,59.0,43.0,74.6,7.0,4.0,5.0,6.0,37.5,3.0,0.0,0.0,0,0,,0.0,0.0,,,90,48.5,90.0,16,0,,17,1.56,13,18,-5,-0.31,0.33,0,0,5,0,0,0,0,0,0.0,0,0.0,0.5920236182414337
Danny da Costa,GER,DF,Mainz 05,,32,1993,30,27,2455,27.3,2,3,5,2,0,0,3,0,0.18,,,,,,,,,,,,,,12,5,41.7,0.44,0.18,0.17,0.4,82,90.9,88.0,23,3,23.0,0,1.13,29,44,-15,-0.55,-2.75,0,21,20,1,47,27,23,1,-1.15,5,1.830831197363603,-0.6379453189726595
Samu Costa,POR,MF,Mallorca,Liga,25,2000,28,25,2186,24.3,5,1,6,5,0,0,9,0,0.25,,,,,,,,,,,,,,27,11,40.7,1.11,0.45,0.19,0.45,78,78.4,84.0,13,3,31.0,0,1.07,27,36,-9,-0.37,-0.37,0,53,59,4,24,22,26,0,-2.91,6,1.9744960921431507,-0.6379453189726595
David Costas,ESP,DF,Oviedo,Liga,31,1995,20,18,1627,18.1,1,0,1,1,0,0,2,0,0.06,,,,,,,,,,,,,,2,1,50.0,0.11,0.06,0.5,1.0,81,58.3,89.0,17,2,10.0,3,1.1,12,27,-15,-0.83,-0.13,0,13,9,2,1,24,21,0,-0.5,1,2.4848150193263385,-0.6379453189726595
Grégoire Coudert,FRA,GK,Brest,1,27,1999,20,19,1742,19.4,0,0,0,0,0,0,1,0,0.0,29.0,1.5,85.0,60.0,69.4,9.0,3.0,7.0,6.0,31.6,3.0,1.0,0.0,0,0,,0.0,0.0,,,87,66.7,90.0,19,1,32.0,9,1.5,29,29,0,0.0,0.62,0,1,8,0,0,0,0,0,0.0,0,0.0,0.520220249006416
Vladimír Coufal,CZE,DF,Hoffenheim,,33,1992,30,30,2652,29.5,1,7,8,1,0,0,4,0,0.27,,,,,,,,,,,,,,24,5,20.8,0.81,0.17,0.04,0.2,88,98.2,88.0,24,0,,0,1.8,58,42,16,0.54,2.42,0,31,35,0,173,34,31,0,-0.8,8,2.202643171806167,-0.6379453189726595
Abdoul Coulibaly,GER,DF,Werder Bremen,,18,2007,24,21,1895,21.1,1,0,1,1,0,0,5,1,0.05,,,,,,,,,,,,,,6,1,16.7,0.28,0.05,0.17,1.0,79,70.2,86.0,17,3,29.0,1,1.0,23,38,-15,-0.71,-0.38,1,16,7,1,11,22,14,1,-0.83,1,1.7053529133112266,-0.6379453189726595
Lassana Coulibaly,MLI,MF,Lecce,A,30,1996,28,26,2239,24.9,3,1,4,3,0,0,3,0,0.16,,,,,,,,,,,,,,23,7,30.4,0.92,0.28,0.13,0.43,80,75.4,85.0,16,2,18.0,1,0.96,17,30,-13,-0.52,0.83,0,24,40,1,15,7,26,0,-2.09,4,1.3247691690084304,-0.6379453189726595
Mamadou Coulibaly,FRA,MF,Monaco,1,22,2004,22,15,1291,14.3,3,3,6,3,0,0,5,1,0.42,,,,,,,,,,,,,,10,4,40.0,0.7,0.28,0.3,0.75,59,47.8,75.0,5,7,23.0,3,1.68,25,27,-2,-0.14,-0.71,0,29,14,3,12,19,20,0,-1.8,6,2.7253668763102725,-0.6379453189726595
Soumaïla Coulibaly,FRA,DF,Brest,1,22,2003,15,14,1248,13.9,0,0,0,0,0,0,3,0,0.0,,,,,,,,,,,,,,6,2,33.3,0.43,0.14,0.0,0.0,83,47.8,88.0,12,1,15.0,4,0.87,14,25,-11,-0.79,-1.12,0,25,16,1,1,13,12,1,0.0,0,1.7972681524083394,-0.6379453189726595
Woyo Coulibaly,MLI,DF,Sassuolo,A,26,1999,16,6,733,8.1,0,0,0,0,0,0,2,0,0.0,,,,,,,,,,,,,,4,1,25.0,0.49,0.12,0.0,0.0,46,24.7,77.0,3,10,27.0,9,1.75,14,10,4,0.49,0.77,0,12,12,0,5,7,8,0,0.0,0,1.8495684340320593,-0.6379453189726595
Thibaut Courtois,BEL,GK,Real Madrid,Liga,33,1992,28,28,2520,28.0,0,0,0,0,0,0,1,0,0.0,24.0,0.86,78.0,58.0,74.4,21.0,3.0,4.0,11.0,39.3,4.0,0.0,0.0,0,0,,0.0,0.0,,,90,90.3,90.0,28,0,,0,2.36,60,24,36,1.29,1.29,0,1,2,0,0,0,1,0,0.0,0,0.035701535166012134,0.755817579774213
Yan Couto,BRA,MF,Dortmund,,23,2002,17,11,987,11.0,1,2,3,1,0,0,4,0,0.27,,,,,,,,,,,,,,8,3,37.5,0.73,0.27,0.13,0.33,58,36.6,80.0,5,6,17.0,11,2.35,24,13,11,1.0,0.0,0,14,13,2,54,9,15,0,-0.61,3,2.1798365122615806,-0.6379453189726595
Nicolas Cozza,FRA,DF,Nantes,1,27,1999,25,21,1941,21.6,0,0,0,0,0,0,1,0,0.0,,,,,,,,,,,,,,6,2,33.3,0.28,0.09,0.0,0.0,78,74.4,88.0,16,4,23.0,4,0.72,15,30,-15,-0.7,0.11,0,16,26,0,20,18,19,0,0.0,0,1.712170291531698,-0.6379453189726595
Charlie Cresswell,ENG,DF,Toulouse,1,23,2002,26,25,2263,25.1,3,2,5,3,0,0,6,0,0.2,,,,,,,,,,,,,,31,9,29.0,1.23,0.36,0.1,0.33,87,83.8,89.0,24,1,32.0,0,1.19,35,31,4,0.16,1.19,0,28,14,4,1,26,12,0,-2.1,5,1.5133412982875347,-0.6379453189726595
Bryan Cristante,ITA,MF,Roma,A,31,1995,32,31,2676,29.7,2,1,3,2,0,0,6,0,0.1,,,,,,,,,,,,,,40,8,20.0,1.35,0.27,0.05,0.25,84,90.1,85.0,23,1,45.0,0,1.72,44,25,19,0.64,1.25,0,57,8,0,15,26,37,0,-1.6,3,2.1204981487714574,-0.6379453189726595
Juan Cruz Armada,ESP,DF,Osasuna,Liga,33,1992,15,7,649,7.2,0,0,0,0,0,0,1,0,0.0,,,,,,,,,,,,,,1,0,0.0,0.14,0.0,0.0,,43,23.3,74.0,2,8,17.0,13,1.27,10,7,3,0.42,0.58,0,4,2,0,5,4,3,0,0.0,0,0.970873786407767,-0.6379453189726595
Pau Cubarsí,ESP,DF,Barcelona,Liga,19,2007,26,26,2282,25.4,1,0,1,1,0,0,3,0,0.04,,,,,,,,,,,,,,10,2,20.0,0.39,0.08,0.1,0.5,88,81.8,88.0,21,0,,5,2.54,69,27,42,1.66,-0.47,0,22,7,0,0,26,21,0,-0.8,1,1.8496654860291224,-0.6379453189726595
Cucho,COL,FW,Real Betis,Liga,27,1999,26,25,2153,23.9,8,3,11,7,1,1,4,0,0.42,,,,,,,,,,,,,,72,18,25.0,3.01,0.75,0.1,0.39,83,77.2,84.0,12,1,45.0,0,1.31,34,32,2,0.08,-0.62,0,21,32,14,22,9,14,0,-6.2,10,0.9619406106231703,-0.6379453189726595
Marc Cucurella,ESP,DF,Chelsea,League,27,1998,29,26,2257,25.1,1,3,4,1,0,0,6,1,0.16,,,,,,,,,,,,,,18,5,27.8,0.72,0.2,0.06,0.2,78,76.0,83.0,21,3,34.0,0,1.55,41,27,14,0.56,0.94,0,38,22,2,29,25,35,0,-0.7,4,2.389486260454002,-0.6379453189726595
Jorge Cuenca,ESP,DF,Fulham,League,26,1999,14,11,933,10.4,0,0,0,0,0,0,5,0,0.0,,,,,,,,,,,,,,1,0,0.0,0.1,0.0,0.0,,67,31.4,84.0,7,3,3.0,14,1.71,9,11,-2,-0.19,-0.15,0,9,1,1,2,15,10,0,0.0,0,2.4015369836695486,-0.6379453189726595
Montrell Culbreath,GER,MF,Leverkusen,,18,2007,8,5,464,5.2,1,0,1,1,0,0,0,0,0.19,,,,,,,,,,,,,,4,1,25.0,0.78,0.19,0.25,1.0,58,17.2,82.0,2,3,19.0,4,1.88,13,9,4,0.78,0.17,0,4,7,0,15,4,8,0,-0.75,1,2.3032629558541267,-0.6379453189726595
Josh Cullen,IRL,MF,Burnley,League,30,1996,18,18,1514,16.8,2,2,4,2,0,0,2,0,0.24,,,,,,,,,,,,,,11,6,54.5,0.65,0.36,0.18,0.33,84,51.0,84.0,12,0,,0,0.67,18,29,-11,-0.65,0.71,0,16,18,0,12,24,19,1,-0.9199999999999999,4,2.558001189767995,-0.6379453189726595
Matheus Cunha,BRA,MF,Manchester Utd,League,26,1999,30,26,2239,24.9,8,2,10,8,0,0,3,0,0.4,,,,,,,,,,,,,,78,32,41.0,3.14,1.29,0.1,0.25,75,75.4,83.0,15,4,24.0,0,1.83,42,31,11,0.44,0.2,0,22,50,2,45,18,19,0,-4.8,10,1.4853472501003613,-0.6379453189726595
Patrick Cutrone,ITA,FW,Parma,A,28,1998,15,11,888,9.9,1,0,1,1,0,0,0,0,0.1,,,,,,,,,,,,,,25,7,28.0,2.53,0.71,0.04,0.14,59,29.9,76.0,1,4,14.0,5,0.8,6,11,-5,-0.51,-0.03,0,7,16,8,12,3,1,0,-0.72,1,0.4036326942482341,-0.6379453189726595
Lucas Da Cunha,FRA,MF,Como,A,24,2001,31,26,2294,25.5,4,3,7,1,3,3,4,0,0.16,,,,,,,,,,,,,,33,12,36.4,1.29,0.47,0.03,0.08,74,77.2,81.0,14,5,36.0,2,1.74,44,23,21,0.82,-0.24,0,30,16,0,76,16,27,0,-3.64,4,1.6856134849078792,-0.6379453189726595
Adam Daghim,DEN,MF,Wolfsburg,,20,2005,23,9,1097,12.2,2,3,5,2,0,0,1,0,0.41,,,,,,,,,,,,,,19,5,26.3,1.56,0.41,0.11,0.4,48,40.6,84.0,5,14,25.0,1,0.57,14,30,-16,-1.31,-0.81,0,14,21,3,16,9,18,0,-1.45,5,2.2113022113022116,-0.6379453189726595
Finn Dahmen,GER,GK,Augsburg,,28,1998,30,30,2700,30.0,0,0,0,0,0,0,1,0,0.0,54.0,1.8,135.0,88.0,64.4,10.0,6.0,14.0,5.0,16.7,6.0,1.0,0.0,1,0,0.0,0.03,0.0,0.0,,90,100.0,90.0,30,0,,0,1.2,38,54,-16,-0.53,,0,0,8,0,0,0,0,0,0.0,0,0.0,0.41786742190284265
Mahmoud Dahoud,GER,MF,Eintracht Frankfurt,,30,1996,13,7,629,7.0,2,2,4,2,0,0,0,0,0.57,,,,,,,,,,,,,,15,2,13.3,2.15,0.29,0.13,1.0,48,23.3,69.0,1,6,24.0,7,1.31,14,13,1,0.14,0.27,0,15,1,0,7,9,7,0,-1.74,4,2.282453637660485,-0.6379453189726595
Thijs Dallinga,NED,FW,Bologna,A,25,2000,21,9,786,8.7,2,2,4,2,0,0,2,0,0.46,,,,,,,,,,,,,,24,5,20.8,2.75,0.57,0.08,0.4,37,26.5,65.0,1,12,17.0,9,1.38,13,10,3,0.34,0.34,0,19,9,4,5,1,4,0,-1.6,4,0.5740528128587831,-0.6379453189726595
Diogo Dalot,POR,MF,Manchester Utd,League,27,1999,31,26,2344,26.0,1,3,4,1,0,0,5,0,0.15,,,,,,,,,,,,,,22,6,27.3,0.84,0.23,0.05,0.17,76,78.9,85.0,19,5,27.0,0,1.77,50,35,15,0.58,0.86,0,22,14,4,53,24,28,0,-0.7,4,1.9992310649750096,-0.6379453189726595
Mikkel Damsgaard,DEN,MF,Brentford,League,25,2000,28,20,1710,19.0,3,4,7,3,0,0,0,0,0.37,,,,,,,,,,,,,,23,9,39.1,1.21,0.47,0.13,0.33,61,57.6,77.0,7,8,22.0,2,1.5,31,27,4,0.21,0.21,0,17,20,3,84,18,29,0,-1.83,7,2.4723829563387687,-0.6379453189726595
Arnaut Danjuma,NED,MF,Valencia,Liga,29,1997,28,18,1579,17.5,3,2,5,3,0,1,0,0,0.28,,,,,,,,,,,,,,35,14,40.0,1.99,0.8,0.09,0.21,56,56.6,75.0,7,10,22.0,2,1.04,18,26,-8,-0.46,-0.16,0,21,22,5,45,1,10,0,-1.74,5,0.6282124500285551,-0.6379453189726595
Kévin Danois,FRA,MF,Auxerre,1,21,2004,29,28,2474,27.5,3,1,4,3,0,0,3,0,0.15,,,,,,,,,,,,,,22,7,31.8,0.8,0.25,0.14,0.43,85,91.6,88.0,19,1,22.0,1,0.86,24,34,-10,-0.36,1.23,0,28,23,3,114,34,35,0,-2.02,4,2.5081788440567063,-0.6379453189726595
Kevin Danso,AUT,DF,Tottenham Hotspur,League,27,1998,19,12,1044,11.6,0,0,0,0,0,0,5,0,0.0,,,,,,,,,,,,,,4,1,25.0,0.34,0.09,0.0,0.0,55,35.2,83.0,9,7,8.0,10,1.21,14,22,-8,-0.69,-0.55,0,13,9,0,6,15,9,0,0.0,0,2.0671834625323,-0.6379453189726595
Dante,BRA,DF,Nice,1,42,1983,11,8,759,8.4,0,1,1,0,0,0,1,0,0.12,,,,,,,,,,,,,,5,1,20.0,0.59,0.12,0.0,0.0,69,28.1,79.0,3,3,43.0,1,1.36,12,13,-1,-0.12,0.86,0,7,4,1,0,10,5,0,0.0,1,1.78359096313912,-0.6379453189726595
Sergi Darder,ESP,MF,Mallorca,Liga,32,1993,31,23,2097,23.3,1,4,5,1,0,0,3,0,0.21,,,,,,,,,,,,,,30,9,30.0,1.29,0.39,0.03,0.11,68,75.2,82.0,9,8,27.0,0,1.1,29,34,-5,-0.21,0.3,0,17,25,2,141,18,10,0,-0.73,5,1.201201201201201,-0.6379453189726595
Karl Darlow,WAL,GK,Leeds United,League,35,1990,17,17,1530,17.0,0,0,0,0,0,0,1,0,0.0,20.0,1.18,61.0,43.0,70.5,5.0,6.0,6.0,4.0,23.5,2.0,0.0,0.0,0,0,,0.0,0.0,,,90,51.5,90.0,17,0,,15,1.24,19,20,-1,-0.06,0.32,0,0,5,0,0,0,0,0,0.0,0,0.0,0.4687871714355577
Jonathan David,CAN,FW,Juventus,A,26,2000,31,18,1590,17.7,6,4,10,6,0,1,0,0,0.57,,,,,,,,,,,,,,38,16,42.1,2.15,0.91,0.16,0.38,51,53.5,73.0,4,13,21.0,2,1.97,31,12,19,1.08,0.49,0,24,21,11,8,6,8,0,-3.44,10,0.7905138339920948,-0.6379453189726595
Alphonso Davies,CAN,DF,Bayern Munich,,25,2000,11,5,455,5.1,1,2,3,1,0,0,1,0,0.59,,,,,,,,,,,,,,3,1,33.3,0.59,0.2,0.33,1.0,41,16.9,68.0,1,6,19.0,0,2.36,24,5,19,3.76,1.31,0,2,5,0,6,3,6,0,-0.6699999999999999,3,1.7612524461839532,-0.6379453189726595
Davinchi,ESP,DF,Getafe,Liga,18,2007,8,4,450,5.0,0,0,0,0,0,0,1,0,0.0,,,,,,,,,,,,,,3,1,33.3,0.6,0.2,0.0,0.0,56,16.1,82.0,3,4,31.0,2,1.38,5,6,-1,-0.2,-0.05,0,15,1,0,14,4,11,0,0.0,0,2.9940119760479043,-0.6379453189726595
Keinan Davis,ENG,FW,Udinese,A,28,1998,27,25,1890,21.0,10,3,13,6,4,4,5,0,0.43,,,,,,,,,,,,,,45,22,48.9,2.14,1.05,0.13,0.27,70,63.6,74.0,9,2,18.0,0,1.44,30,26,4,0.19,0.94,0,38,47,10,3,1,5,0,-7.14,9,0.2855782960495002,-0.6379453189726595
Kevin De Bruyne,BEL,MF,Napoli,A,34,1991,14,11,919,10.2,4,0,4,1,3,3,1,0,0.1,,,,,,,,,,,,,,24,9,37.5,2.35,0.88,0.04,0.11,66,30.9,75.0,4,3,33.0,0,2.21,16,8,8,0.78,0.48,0,8,5,3,49,5,5,0,-3.64,1,0.9794319294809012,-0.6379453189726595
Maxim De Cuyper,BEL,DF,Brighton,League,25,2000,25,14,1168,13.0,2,0,2,2,0,0,2,0,0.15,,,,,,,,,,,,,,11,6,54.5,0.85,0.46,0.18,0.33,47,39.3,69.0,4,11,18.0,6,1.44,17,19,-2,-0.15,-0.55,0,16,18,1,57,9,9,0,-0.9199999999999999,2,1.3835511145272867,-0.6379453189726595
Charles De Ketelaere,BEL,MF,Atalanta,A,25,2001,26,22,1854,20.6,3,5,8,3,0,0,4,0,0.39,,,,,,,,,,,,,,41,15,36.6,1.99,0.73,0.07,0.2,71,62.4,80.0,10,4,26.0,0,1.54,27,16,11,0.53,0.13,0,19,33,3,39,4,11,0,-1.95,8,0.7278020378457059,-0.6379453189726595
Thibault De Smet,BEL,DF,Paris FC,1,27,1998,17,13,1144,12.7,0,1,1,0,0,0,6,2,0.08,,,,,,,,,,,,,,4,0,0.0,0.31,0.0,0.0,,67,42.4,82.0,5,4,20.0,5,1.18,20,22,-2,-0.16,0.07,2,11,13,1,26,10,11,0,0.0,1,1.6522423288749017,-0.6379453189726595
Koni De Winter,BEL,DF,Milan,A,23,2002,24,18,1728,19.2,1,1,2,1,0,0,1,0,0.1,,,,,,,,,,,,,,7,1,14.3,0.36,0.05,0.14,1.0,72,58.2,90.0,17,6,19.0,9,2.0,26,17,9,0.47,-0.4,0,25,8,1,4,13,18,0,-0.86,2,1.6137428422696511,-0.6379453189726595
Alessandro Deiola,ITA,MF,Cagliari,A,30,1995,16,13,1190,13.2,0,2,2,0,0,0,3,0,0.15,,,,,,,,,,,,,,16,5,31.3,1.21,0.38,0.0,0.0,74,40.1,85.0,9,3,30.0,4,1.19,16,17,-1,-0.08,0.58,0,19,11,4,1,12,20,0,0.0,2,2.4224072672218018,-0.6379453189726595
Romain Del Castillo,FRA,MF,Brest,1,30,1996,27,27,2241,24.9,8,3,11,2,6,8,2,1,0.2,,,,,,,,,,,,,,29,12,41.4,1.16,0.48,0.07,0.17,83,85.9,83.0,11,0,,0,1.33,36,35,1,0.04,1.75,0,26,30,4,179,22,33,0,-7.16,5,2.2079486150140504,-0.6379453189726595
Enrico Del Prato,ITA,DF,Parma,A,26,1999,31,30,2618,29.1,2,0,2,2,0,0,5,0,0.07,,,,,,,,,,,,,,16,8,50.0,0.55,0.28,0.13,0.25,84,88.1,87.0,27,1,21.0,1,1.16,22,36,-14,-0.48,0.03,0,16,10,4,14,23,17,0,-0.96,2,1.3740982480247337,-0.6379453189726595
Liam Delap,ENG,FW,Chelsea,League,23,2003,24,10,896,10.0,1,0,1,1,0,0,2,0,0.1,,,,,,,,,,,,,,33,11,33.3,3.31,1.1,0.03,0.09,37,30.2,65.0,3,14,18.0,0,1.42,16,14,2,0.2,-0.19,0,20,17,3,6,1,3,0,-0.67,1,0.3996003996003996,-0.6379453189726595
Fisayo Dele-Bashiru,NGA,MF,Lazio,A,25,2001,19,9,922,10.2,0,0,0,0,0,0,0,0,0.0,,,,,,,,,,,,,,7,1,14.3,0.68,0.1,0.0,0.0,49,31.0,73.0,5,10,26.0,1,1.32,12,9,3,0.29,0.25,0,6,2,2,7,3,12,0,0.0,0,1.4691478942213518,-0.6379453189726595
Olivier Deman,BEL,DF,Werder Bremen,,26,2000,12,10,894,9.9,1,1,2,1,0,0,3,0,0.2,,,,,,,,,,,,,,7,2,28.6,0.7,0.2,0.14,0.5,75,33.1,84.0,8,2,28.0,4,1.08,13,14,-1,-0.1,0.75,0,15,11,1,47,6,16,0,-0.72,2,2.2199798183652875,-0.6379453189726595
Pape Demba Diop,SEN,MF,Toulouse,1,22,2003,13,12,1062,11.8,1,2,3,1,0,0,2,0,0.25,,,,,,,,,,,,,,27,11,40.7,2.29,0.93,0.04,0.09,82,39.3,85.0,6,1,45.0,0,1.08,14,18,-4,-0.34,-0.5,0,12,15,0,14,27,18,0,-0.56,3,3.8103302286198137,-0.6379453189726595
Ousmane Dembélé,FRA,FW,Paris Saint-Germain,1,28,1997,18,8,868,9.6,10,5,15,8,2,3,0,0,1.35,,,,,,,,,,,,,,39,16,41.0,4.04,1.66,0.21,0.5,48,34.4,74.0,1,10,28.0,0,2.22,32,8,24,2.49,1.78,0,2,2,6,41,0,2,0,-6.640000000000001,13,0.20811654526534862,-0.6379453189726595
Jessy Deminguet,FRA,MF,Metz,1,28,1998,28,22,1744,19.4,1,0,1,1,0,0,4,0,0.05,,,,,,,,,,,,,,14,6,42.9,0.72,0.31,0.07,0.17,62,64.6,73.0,0,6,22.0,0,0.54,14,38,-24,-1.24,0.17,0,24,28,0,16,17,19,0,-0.58,1,1.8547140649149922,-0.6379453189726595
Ermedin Demirović,BIH,FW,Stuttgart,,28,1998,21,15,1252,13.9,9,3,12,8,1,1,4,0,0.79,,,,,,,,,,,,,,31,16,51.6,2.23,1.15,0.26,0.5,60,46.4,79.0,7,6,10.0,0,2.0,29,15,14,1.01,0.63,0,30,20,8,1,2,9,0,-4.84,11,0.7907979870596693,-0.6379453189726595
Rav van den Berg,NED,DF,Köln,,21,2004,14,12,1131,12.6,0,1,1,0,0,0,0,1,0.08,,,,,,,,,,,,,,1,0,0.0,0.08,0.0,0.0,,81,41.9,87.0,9,2,42.0,6,0.93,17,21,-4,-0.32,-0.15,0,10,3,1,1,14,8,0,0.0,1,1.7446471054718478,-0.6379453189726595
Sepp van den Berg,NED,DF,Brentford,League,24,2001,28,27,2484,27.6,0,1,1,0,0,0,1,0,0.04,,,,,,,,,,,,,,20,6,30.0,0.72,0.22,0.0,0.0,89,83.6,90.0,27,1,54.0,4,1.36,37,38,-1,-0.04,-0.96,0,13,10,0,0,24,6,0,0.0,1,1.0865628395508873,-0.6379453189726595
Branco van den Boomen,NED,MF,Angers,1,30,1995,11,10,883,9.8,0,1,1,0,0,0,3,0,0.1,,,,,,,,,,,,,,11,4,36.4,1.12,0.41,0.0,0.0,80,32.7,85.0,6,1,30.0,0,1.09,6,13,-7,-0.71,-0.37,0,14,6,0,52,5,8,0,0.0,1,1.325178389398573,-0.6379453189726595
Leander Dendoncker,BEL,MF,Oviedo,Liga,31,1995,19,15,1330,14.8,1,0,1,1,0,0,2,0,0.07,,,,,,,,,,,,,,9,4,44.4,0.61,0.27,0.11,0.25,70,47.7,86.0,8,4,11.0,5,0.79,7,25,-18,-1.22,-0.85,0,12,3,1,5,11,25,0,-0.56,1,2.4307900067521944,-0.6379453189726595
Nelson Deossa,COL,MF,Real Betis,Liga,26,2000,17,7,619,6.9,0,0,0,0,0,0,3,0,0.0,,,,,,,,,,,,,,17,0,0.0,2.47,0.0,0.0,,36,22.2,64.0,2,10,17.0,7,1.35,12,8,4,0.58,0.46,0,15,22,1,6,5,7,0,0.0,0,1.7366136034732271,-0.6379453189726595
Rémy Descamps,FRA,GK,Lyon,1,29,1996,5,5,450,5.0,0,0,0,0,0,0,0,0,0.0,3.0,0.6,17.0,14.0,82.4,3.0,1.0,1.0,4.0,80.0,0.0,0.0,0.0,0,0,,0.0,0.0,,,90,16.7,90.0,5,0,,20,2.0,6,3,3,0.6,0.12,0,0,0,0,0,0,0,1,0.0,0,0.0,0.6331064202618488
Justin Devenny,NIR,MF,Crystal Palace,League,22,2003,19,5,616,6.8,1,0,1,0,1,1,0,0,0.0,,,,,,,,,,,,,,13,4,30.8,1.9,0.58,0.0,0.0,32,21.4,82.0,1,14,15.0,11,1.42,6,10,-4,-0.58,-0.7,0,10,6,1,10,0,8,0,-1.0,0,1.1747430249632893,-0.6379453189726595
Kiernan Dewsbury-Hall,ENG,MF,Everton,League,27,1998,26,25,2185,24.3,7,4,11,7,0,0,6,0,0.45,,,,,,,,,,,,,,32,13,40.6,1.32,0.54,0.22,0.54,84,73.6,86.0,16,1,45.0,0,1.38,31,29,2,0.08,0.2,0,26,41,1,97,11,23,0,-4.140000000000001,11,1.3986013986013985,-0.6379453189726595
Michele Di Gregorio,ITA,GK,Juventus,A,28,1997,26,25,2295,25.5,0,0,0,0,0,0,1,0,0.0,22.0,0.86,74.0,52.0,71.6,14.0,7.0,4.0,12.0,48.0,1.0,0.0,2.0,0,0,,0.0,0.0,,,88,77.3,90.0,25,1,45.0,7,2.0,44,22,22,0.86,0.06,0,0,5,0,0,0,0,0,0.0,0,0.0,0.7504653530252592
Giovanni Di Lorenzo,ITA,DF,Napoli,A,32,1993,23,23,2009,22.3,1,1,2,1,0,0,1,0,0.09,,,,,,,,,,,,,,23,8,34.8,1.03,0.36,0.04,0.13,87,67.6,87.0,22,0,,0,2.0,32,20,12,0.54,0.26,0,31,21,1,34,9,26,0,-0.6799999999999999,2,1.568803227252353,-0.6379453189726595
Boulaye Dia,SEN,FW,Lazio,A,29,1996,22,12,1078,12.0,1,1,2,1,0,0,1,0,0.17,,,,,,,,,,,,,,11,6,54.5,0.92,0.5,0.09,0.17,49,36.3,73.0,2,10,21.0,5,1.45,13,8,5,0.42,0.47,0,16,12,2,0,3,7,0,-0.45999999999999996,2,0.8326394671107411,-0.6379453189726595
Mouctar Diakhaby,GUI,DF,Valencia,Liga,29,1996,8,7,543,6.0,1,0,1,1,0,0,3,0,0.17,,,,,,,,,,,,,,4,3,75.0,0.66,0.5,0.25,0.33,68,19.5,74.0,5,1,24.0,2,0.88,9,11,-2,-0.33,0.07,0,7,3,1,0,9,6,0,-0.25,1,2.4958402662229617,-0.6379453189726595
Bafodé Diakité,FRA,DF,Bournemouth,League,25,2001,18,15,1277,14.2,0,0,0,0,0,0,1,0,0.0,,,,,,,,,,,,,,1,0,0.0,0.07,0.0,0.0,,71,43.0,84.0,13,3,6.0,14,1.28,21,27,-6,-0.42,-0.74,0,8,4,2,1,10,15,0,0.0,0,1.7593244194229416,-0.6379453189726595
Amad Diallo,CIV,MF,Manchester Utd,League,23,2002,27,23,1997,22.2,2,2,4,2,0,0,2,0,0.18,,,,,,,,,,,,,,45,18,40.0,2.03,0.81,0.04,0.11,74,67.2,83.0,15,4,20.0,0,1.93,43,29,14,0.63,0.72,0,19,34,11,41,13,21,0,-1.28,4,1.5308419630796937,-0.6379453189726595
Habib Diallo,SEN,FW,Metz,1,30,1995,23,21,1872,20.8,4,1,5,4,0,1,0,0,0.24,,,,,,,,,,,,,,37,12,32.4,1.78,0.58,0.11,0.33,81,69.3,86.0,16,2,33.0,0,0.61,17,45,-28,-1.35,-0.15,0,27,29,11,4,2,5,0,-2.6799999999999997,5,0.33637674195098505,-0.6379453189726595
Grady Diangana,COD,MF,Elche,Liga,28,1998,17,11,763,8.5,1,0,1,1,0,0,2,0,0.12,,,,,,,,,,,,,,14,2,14.3,1.65,0.24,0.07,0.5,45,27.3,60.0,0,6,17.0,3,1.0,11,13,-2,-0.24,0.03,0,12,16,3,11,4,5,0,-0.86,1,1.0575793184488838,-0.6379453189726595
Assane Diao,SEN,MF,Como,A,20,2005,12,8,658,7.3,1,1,2,1,0,0,1,0,0.27,,,,,,,,,,,,,,17,5,29.4,2.33,0.68,0.06,0.2,55,22.2,65.0,1,4,36.0,1,1.33,10,10,0,0.0,-1.13,0,8,23,1,17,2,2,0,-0.7,2,0.5471956224350205,-0.6379453189726595
Habib Diarra,SEN,MF,Sunderland,League,22,2004,16,14,1278,14.2,2,1,3,1,1,1,4,0,0.14,,,,,,,,,,,,,,21,8,38.1,1.48,0.56,0.05,0.13,80,43.0,86.0,8,2,36.0,0,1.31,15,15,0,0.0,0.21,0,17,24,1,23,4,6,0,-1.6,2,0.7037297677691767,-0.6379453189726595
Rúben Dias,POR,DF,Manchester City,League,28,1997,25,23,2051,22.8,2,0,2,2,0,0,3,0,0.09,,,,,,,,,,,,,,10,4,40.0,0.44,0.18,0.2,0.5,82,71.2,88.0,21,2,18.0,1,2.2,53,20,33,1.45,1.12,0,14,9,0,9,22,6,0,-1.2,2,1.2275317843051292,-0.6379453189726595
Krépin Diatta,SEN,MF,Monaco,1,27,1999,18,10,1013,11.3,0,1,1,0,0,0,2,0,0.09,,,,,,,,,,,,,,7,1,14.3,0.62,0.09,0.0,0.0,56,37.5,78.0,6,8,29.0,0,1.72,21,17,4,0.36,0.2,0,8,10,4,39,15,16,0,0.0,1,2.7409372236958442,-0.6379453189726595
Mory Diaw,SEN,GK,Le Havre,1,32,1993,26,26,2295,25.5,0,1,1,0,0,0,1,0,0.04,35.0,1.37,97.0,67.0,68.0,5.0,10.0,11.0,6.0,23.1,4.0,1.0,0.0,0,0,,0.0,0.0,,,88,85.0,88.0,25,0,,1,0.96,21,35,-14,-0.55,-0.77,0,0,6,0,0,2,0,0,0.0,1,0.07840062720501764,0.500888572673911
Brahim Díaz,MAR,FW,Real Madrid,Liga,26,1999,23,8,844,9.4,0,5,5,0,0,0,1,0,0.53,,,,,,,,,,,,,,9,3,33.3,0.96,0.32,0.0,0.0,37,30.3,69.0,0,15,20.0,5,2.35,18,7,11,1.17,0.02,0,13,26,3,17,1,8,0,0.0,5,0.9564293304994687,-0.6379453189726595
Junior Diaz,CIV,DF,Brest,1,22,2003,17,15,1371,15.2,0,0,0,0,0,0,4,0,0.0,,,,,,,,,,,,,,5,0,0.0,0.33,0.0,0.0,,81,52.5,89.0,14,2,18.0,11,1.41,21,20,1,0.07,0.57,0,7,9,0,0,22,15,0,0.0,0,2.4326101249178174,-0.6379453189726595
Luis Díaz,COL,MF,Bayern Munich,,29,1997,28,25,2236,24.8,15,13,28,15,0,0,7,1,1.13,,,,,,,,,,,,,,82,34,41.5,3.3,1.37,0.18,0.44,80,82.8,85.0,18,3,36.0,0,2.68,91,24,67,2.7,0.18,1,32,33,20,40,15,13,0,-8.879999999999999,28,1.128577186618299,-0.6379453189726595
Pedro Díaz,ESP,MF,Rayo Vallecano,Liga,27,1998,28,17,1501,16.7,0,0,0,0,0,0,1,0,0.0,,,,,,,,,,,,,,36,5,13.9,2.16,0.3,0.0,0.0,54,53.8,75.0,7,11,20.0,0,1.18,19,28,-9,-0.54,-0.54,0,13,8,0,34,4,21,0,0.0,0,1.4961101137043686,-0.6379453189726595
Bamba Dieng,SEN,FW,Lorient,1,26,2000,18,12,976,10.8,9,1,10,8,1,1,2,0,0.83,,,,,,,,,,,,,,36,20,55.6,3.32,1.84,0.22,0.4,54,36.1,71.0,0,6,20.0,5,1.67,16,10,6,0.55,1.08,0,14,9,7,2,1,2,0,-4.6,9,0.27752081406105455,-0.6379453189726595
Eric Dier,ENG,DF,Monaco,1,32,1994,8,7,672,7.5,1,0,1,1,0,0,0,0,0.13,,,,,,,,,,,,,,3,2,66.7,0.4,0.27,0.33,0.5,84,24.9,90.0,7,1,42.0,8,1.38,15,14,1,0.13,-0.13,0,9,4,0,2,10,2,0,-0.33999999999999997,1,1.5978695073235687,-0.6379453189726595
Lucas Digne,FRA,DF,Aston Villa,League,32,1993,28,19,1655,18.4,0,5,5,0,0,0,3,0,0.27,,,,,,,,,,,,,,12,5,41.7,0.65,0.27,0.0,0.0,59,55.7,79.0,8,9,16.0,5,1.82,25,20,5,0.27,0.2,0,12,12,3,95,11,23,0,0.0,5,1.8468223791417708,-0.6379453189726595
Kevin Diks,IDN,DF,Gladbach,,29,1996,27,26,2263,25.1,4,0,4,0,4,4,6,0,0.0,,,,,,,,,,,,,,21,12,57.1,0.84,0.48,0.0,0.0,84,83.8,87.0,21,1,14.0,0,1.11,34,40,-6,-0.24,1.41,0,14,19,1,5,21,29,0,-4.0,0,1.9912385503783352,-0.6379453189726595
Federico Dimarco,ITA,MF,Inter,A,28,1997,31,27,2449,27.2,6,14,20,6,0,0,3,0,0.73,,,,,,,,,,,,,,61,19,31.1,2.24,0.7,0.1,0.32,79,82.5,85.0,19,4,39.0,2,2.32,68,21,47,1.73,1.38,0,40,21,5,271,28,31,0,-4.1,20,2.1683204704152885,-0.6379453189726595
Stole Dimitrievski,MKD,GK,Valencia,Liga,32,1993,13,13,1170,13.0,0,0,0,0,0,0,0,0,0.0,16.0,1.23,43.0,30.0,69.8,6.0,1.0,6.0,4.0,30.8,3.0,0.0,0.0,0,0,,0.0,0.0,,,90,41.9,90.0,13,0,,15,1.46,17,16,1,0.08,0.8,0,0,3,0,0,0,0,0,0.0,0,0.0,0.45912133326930527
Junior Dina Ebimbe,CMR,MF,Brest,1,25,2000,23,12,915,10.2,4,0,4,4,0,0,2,0,0.39,,,,,,,,,,,,,,22,7,31.8,2.16,0.69,0.18,0.57,40,35.1,65.0,0,11,13.0,2,1.17,11,14,-3,-0.3,-0.14,0,20,14,2,2,3,10,0,-2.74,4,1.2732615083251715,-0.6379453189726595
Eren Dinkçi,GER,MF,Heidenheim,,24,2001,10,9,798,8.9,1,1,2,1,0,0,1,0,0.23,,,,,,,,,,,,,,14,4,28.6,1.58,0.45,0.07,0.25,80,29.6,86.0,6,1,28.0,0,0.6,14,18,-4,-0.45,0.92,0,7,2,0,15,3,10,0,-0.72,2,1.4590347923681257,-0.6379453189726595
Sinaly Diomande,CIV,DF,Auxerre,1,25,2001,20,20,1771,19.7,1,1,2,1,0,0,4,1,0.1,,,,,,,,,,,,,,6,2,33.3,0.3,0.1,0.17,0.5,89,65.6,89.0,17,0,,1,0.9,18,24,-6,-0.3,0.47,1,24,24,1,0,31,15,0,-0.6599999999999999,2,2.3338406900050734,-0.6379453189726595
Yan Diomandé,CIV,FW,RB Leipzig,,19,2006,29,24,2135,23.7,12,6,18,12,0,0,2,0,0.76,,,,,,,,,,,,,,49,24,49.0,2.07,1.01,0.24,0.5,74,79.1,83.0,9,5,27.0,0,2.03,48,25,23,0.97,1.13,0,17,29,7,36,15,17,0,-6.24,18,1.3496415014761702,-0.6379453189726595
Issa Diop,MAR,DF,Fulham,League,29,1997,10,6,596,6.6,0,0,0,0,0,0,2,0,0.0,,,,,,,,,,,,,,1,0,0.0,0.15,0.0,0.0,,60,20.1,89.0,5,4,15.0,10,1.3,8,11,-3,-0.45,-0.45,0,7,3,0,1,4,2,0,0.0,0,0.9077155824508322,-0.6379453189726595
Sofiane Diop,MAR,MF,Nice,1,25,2000,29,23,1845,20.5,7,2,9,5,2,2,5,0,0.34,,,,,,,,,,,,,,46,15,32.6,2.24,0.73,0.11,0.33,64,68.3,74.0,5,6,24.0,0,1.0,26,39,-13,-0.63,0.31,0,21,40,6,28,15,8,0,-5.35,7,1.121404193076548,-0.6379453189726595
El Hadji Malick Diouf,SEN,DF,West Ham United,League,21,2004,27,25,2274,25.3,0,5,5,0,0,0,5,0,0.2,,,,,,,,,,,,,,16,2,12.5,0.63,0.08,0.0,0.0,84,76.6,88.0,20,2,33.0,0,1.07,32,40,-8,-0.32,0.85,0,25,21,2,84,28,14,0,0.0,5,1.6594231529039905,-0.6379453189726595
Yehvann Diouf,SEN,GK,Nice,1,26,1999,22,22,1980,22.0,0,0,0,0,0,0,1,0,0.0,41.0,1.86,112.0,77.0,67.9,6.0,4.0,12.0,4.0,18.2,5.0,1.0,1.0,0,0,,0.0,0.0,,,90,73.3,90.0,22,0,,6,1.0,23,41,-18,-0.82,-0.32,0,0,4,0,0,2,0,0,0.0,0,0.09086778736937755,0.4328854868180488
Axel Disasi,FRA,DF,West Ham United,League,28,1998,9,9,810,9.0,0,0,0,0,0,0,0,0,0.0,,,,,,,,,,,,,,5,3,60.0,0.56,0.33,0.0,0.0,90,27.3,90.0,9,0,,0,1.44,11,9,2,0.22,1.01,0,5,3,1,0,5,5,1,0.0,0,1.1098779134295227,-0.6379453189726595
Matías Dituro,ARG,GK,Elche,Liga,38,1987,15,15,1350,15.0,0,0,0,0,0,0,1,0,0.0,19.0,1.27,64.0,48.0,75.0,4.0,7.0,4.0,3.0,20.0,3.0,0.0,1.0,0,0,,0.0,0.0,,,90,48.4,90.0,15,0,,16,1.27,18,19,-1,-0.07,0.37,0,0,6,0,0,1,0,0,0.0,0,0.06662225183211193,0.49761357658826727
Djené,TOG,DF,Getafe,Liga,34,1991,29,27,2215,24.6,0,0,0,0,0,0,9,1,0.0,,,,,,,,,,,,,,4,0,0.0,0.16,0.0,0.0,,76,79.4,80.0,19,2,30.0,0,1.31,20,25,-5,-0.2,-0.2,0,28,22,0,8,31,20,0,0.0,0,2.072328321820398,-0.6379453189726595
Berat Djimsiti,ALB,DF,Atalanta,A,33,1993,30,26,2265,25.2,0,0,0,0,0,0,4,0,0.0,,,,,,,,,,,,,,13,2,15.4,0.52,0.08,0.0,0.0,76,76.3,84.0,21,4,23.0,1,1.57,29,21,8,0.32,-0.7,0,15,7,0,2,28,27,0,0.0,0,2.1816739389131294,-0.6379453189726595
Marko Dmitrović,SRB,GK,Espanyol,Liga,34,1992,31,31,2790,31.0,0,0,0,0,0,0,0,0,0.0,48.0,1.55,150.0,107.0,71.3,10.0,8.0,13.0,8.0,25.8,5.0,0.0,0.0,0,0,,0.0,0.0,,,90,100.0,90.0,31,0,,0,1.23,37,48,-11,-0.35,,0,0,4,0,0,0,2,0,0.0,0,0.06449532408900355,0.6130783472897843
Ritsu Doan,JPN,MF,Eintracht Frankfurt,,27,1998,28,26,2148,23.9,4,5,9,4,0,0,4,0,0.38,,,,,,,,,,,,,,35,13,37.1,1.47,0.54,0.11,0.31,77,79.6,81.0,10,2,27.0,1,1.39,46,39,7,0.29,1.76,0,21,31,1,102,15,20,0,-2.5700000000000003,9,1.463822668339607,-0.6379453189726595
Dodô,BRA,DF,Fiorentina,A,27,1998,31,31,2684,29.8,1,2,3,1,0,0,7,0,0.1,,,,,,,,,,,,,,21,3,14.3,0.7,0.1,0.05,0.33,87,90.4,87.0,25,0,,0,1.06,36,41,-5,-0.17,0.46,0,17,47,2,128,27,16,0,-0.85,3,1.4424689701442468,-0.6379453189726595
Danilho Doekhi,NED,DF,Union Berlin,,27,1998,30,30,2700,30.0,4,0,4,4,0,0,4,0,0.13,,,,,,,,,,,,,,39,9,23.1,1.3,0.3,0.1,0.44,90,100.0,90.0,30,0,,0,1.07,34,52,-18,-0.6,,0,26,13,1,6,38,28,0,-3.1,4,2.1992669110296568,-0.6379453189726595
Matt Doherty,IRL,DF,Wolves,League,34,1992,10,10,702,7.8,0,0,0,0,0,0,4,0,0.0,,,,,,,,,,,,,,3,0,0.0,0.38,0.0,0.0,,70,23.6,70.0,3,0,,13,0.5,2,14,-12,-1.54,-0.55,0,16,5,0,8,7,7,0,0.0,0,1.792573623559539,-0.6379453189726595
Josh Doig,SCO,DF,Sassuolo,A,23,2002,29,21,1843,20.5,0,0,0,0,0,0,5,0,0.0,,,,,,,,,,,,,,11,4,36.4,0.54,0.2,0.0,0.0,64,62.1,81.0,11,8,17.0,3,1.14,19,29,-10,-0.49,-1.05,0,16,17,0,36,22,20,0,0.0,0,2.04778156996587,-0.6379453189726595
Jeremy Doku,BEL,MF,Manchester City,League,23,2002,24,15,1393,15.5,2,4,6,2,0,0,0,0,0.39,,,,,,,,,,,,,,26,10,38.5,1.68,0.65,0.08,0.2,58,48.4,78.0,3,9,25.0,1,1.88,36,14,22,1.42,0.57,0,20,47,3,50,9,12,0,-1.2,6,1.3539651837524178,-0.6379453189726595
Tyrhys Dolan,ENG,MF,Espanyol,Liga,24,2001,30,24,2023,22.5,1,4,5,1,0,0,6,1,0.22,,,,,,,,,,,,,,29,9,31.0,1.29,0.4,0.03,0.11,67,72.5,76.0,2,6,34.0,0,1.17,28,34,-6,-0.27,0.32,1,30,41,5,91,14,31,0,-0.73,5,1.9991115059973343,-0.6379453189726595
Benjamín Domínguez,ARG,MF,Bologna,A,22,2003,13,5,482,5.4,0,3,3,0,0,0,1,0,0.56,,,,,,,,,,,,,,11,1,9.1,2.05,0.19,0.0,0.0,37,16.2,67.0,1,8,18.0,16,1.54,9,6,3,0.56,0.56,0,6,15,3,6,2,2,0,0.0,3,0.7393715341959335,-0.6379453189726595
Carlos Dominguez,ESP,DF,Celta Vigo,Liga,25,2001,8,6,610,6.8,0,0,0,0,0,0,1,0,0.0,,,,,,,,,,,,,,2,1,50.0,0.3,0.15,0.0,0.0,76,21.9,89.0,5,2,38.0,16,1.25,10,12,-2,-0.3,-0.54,0,6,1,0,1,5,8,0,0.0,0,1.9089574155653453,-0.6379453189726595
Nicolás Domínguez,ARG,MF,Nottingham Forest,League,27,1998,22,14,944,10.5,1,1,2,1,0,0,2,0,0.19,,,,,,,,,,,,,,16,5,31.3,1.53,0.48,0.06,0.2,43,31.8,62.0,1,8,10.0,4,1.18,11,17,-6,-0.57,-0.44,0,13,8,0,13,4,23,0,-0.7,2,2.5689819219790677,-0.6379453189726595
Jean-Luc Dompé,FRA,FW,Hamburger SV,,30,1995,20,12,1138,12.6,3,0,3,2,1,1,0,0,0.16,,,,,,,,,,,,,,25,12,48.0,1.98,0.95,0.08,0.17,57,42.1,81.0,5,8,21.0,2,1.05,16,14,2,0.16,1.14,0,2,9,4,82,0,5,0,-2.04,2,0.39651070578905634,-0.6379453189726595
John Donald,ESP,DF,Elche,Liga,25,2000,15,5,485,5.4,1,0,1,1,0,0,2,0,0.19,,,,,,,,,,,,,,5,2,40.0,0.93,0.37,0.2,0.5,32,17.4,74.0,3,10,12.0,10,1.2,11,12,-1,-0.19,0.09,0,10,4,0,0,7,8,0,-0.6,1,2.7726432532347505,-0.6379453189726595
Gianluigi Donnarumma,ITA,GK,Manchester City,League,27,1999,29,29,2610,29.0,0,0,0,0,0,0,6,0,0.0,25.0,0.86,91.0,65.0,72.5,19.0,7.0,3.0,12.0,41.4,0.0,1.0,0.0,0,0,,0.0,0.0,,,90,90.6,90.0,29,0,,0,2.21,60,25,35,1.21,0.87,0,0,3,0,0,1,0,0,0.0,0,0.03447087211306446,0.7628928592390123
Patrick Dorgu,DEN,MF,Manchester Utd,League,21,2004,22,14,1335,14.8,3,3,6,3,0,0,5,0,0.4,,,,,,,,,,,,,,20,7,35.0,1.35,0.47,0.15,0.43,61,44.9,86.0,10,8,17.0,1,1.59,18,20,-2,-0.13,-0.96,0,19,42,7,54,14,30,0,-1.95,6,2.9709655638082375,-0.6379453189726595
Niklas Dorsch,GER,MF,Heidenheim,,28,1998,28,23,1924,21.4,0,1,1,0,0,0,2,0,0.05,,,,,,,,,,,,,,14,3,21.4,0.65,0.14,0.0,0.0,69,71.3,78.0,9,5,24.0,1,0.68,20,46,-26,-1.22,-0.4,0,28,21,1,25,14,27,0,0.0,1,1.914992993928071,-0.6379453189726595
Alberto Dossena,ITA,DF,Cagliari,A,27,1998,7,6,542,6.0,0,1,1,0,0,0,5,0,0.17,,,,,,,,,,,,,,5,1,20.0,0.83,0.17,0.0,0.0,77,18.2,90.0,6,1,2.0,4,0.71,3,9,-6,-1.0,-0.7,0,10,7,2,0,4,7,0,0.0,1,1.8302828618968388,-0.6379453189726595
Fodé Doucouré,MLI,MF,Le Havre,1,25,2001,22,11,965,10.7,2,1,3,2,0,0,2,0,0.28,,,,,,,,,,,,,,18,7,38.9,1.68,0.65,0.11,0.29,44,35.7,65.0,0,11,23.0,5,0.91,12,14,-2,-0.19,0.38,0,12,4,2,65,8,19,0,-1.23,3,2.521008403361345,-0.6379453189726595
Désiré Doué,FRA,FW,Paris Saint-Germain,1,20,2005,19,13,1056,11.7,5,2,7,5,0,1,0,0,0.6,,,,,,,,,,,,,,44,16,36.4,3.75,1.36,0.11,0.31,56,41.9,66.0,0,6,34.0,0,2.32,26,13,13,1.11,-0.37,0,22,24,0,50,8,15,0,-3.24,7,1.964133219470538,-0.6379453189726595
Guela Doué,CIV,DF,Strasbourg,1,23,2002,21,20,1791,19.9,2,6,8,2,0,0,3,0,0.4,,,,,,,,,,,,,,12,5,41.7,0.6,0.25,0.17,0.4,85,68.6,88.0,16,1,30.0,0,1.52,38,26,12,0.6,0.93,0,40,20,0,45,25,35,0,-1.15,8,3.0135610246107483,-0.6379453189726595
Ismaël Doukouré,FRA,DF,Strasbourg,1,22,2003,21,21,1758,19.5,0,1,1,0,0,0,3,2,0.05,,,,,,,,,,,,,,6,3,50.0,0.31,0.15,0.0,0.0,84,67.4,84.0,17,0,,0,1.52,34,23,11,0.56,0.77,0,16,14,0,3,21,10,1,0.0,1,1.5889287544848794,-0.6379453189726595
Kamory Doumbia,MLI,MF,Brest,1,23,2003,20,19,1515,16.8,5,3,8,5,0,0,6,0,0.48,,,,,,,,,,,,,,38,12,31.6,2.26,0.71,0.13,0.42,76,58.0,79.0,4,1,22.0,0,1.55,28,21,7,0.42,1.48,0,26,18,2,19,18,28,0,-3.44,8,2.736466389054134,-0.6379453189726595
Anastasios Douvikas,GRE,FW,Como,A,26,1999,33,20,1861,20.7,11,1,12,10,1,1,0,0,0.53,,,,,,,,,,,,,,53,24,45.3,2.56,1.16,0.19,0.42,56,62.7,74.0,7,13,30.0,0,1.76,40,19,21,1.02,0.37,0,30,35,5,4,4,9,0,-6.4399999999999995,11,0.6277160791887977,-0.6379453189726595
Damion Downs,USA,FW,Hamburger SV,,21,2004,10,6,510,5.7,0,0,0,0,0,0,0,0,0.0,,,,,,,,,,,,,,7,4,57.1,1.24,0.71,0.0,0.0,51,18.9,70.0,0,4,23.0,3,0.9,4,8,-4,-0.71,-0.25,0,8,1,2,0,0,2,0,0.0,0,0.3502626970227671,-0.6379453189726595
Radu Drăgușin,ROU,DF,Tottenham Hotspur,League,24,2002,8,5,515,5.7,0,0,0,0,0,0,0,0,0.0,,,,,,,,,,,,,,4,0,0.0,0.7,0.0,0.0,,64,17.3,90.0,4,3,22.0,8,0.75,6,13,-7,-1.22,-1.08,0,9,1,0,3,15,3,0,0.0,0,3.1523642732049035,-0.6379453189726595
Domingos Duarte,POR,DF,Getafe,Liga,31,1995,28,28,2402,26.7,1,1,2,1,0,0,9,0,0.07,,,,,,,,,,,,,,12,4,33.3,0.45,0.15,0.08,0.25,86,86.1,86.0,22,0,,1,1.32,22,29,-7,-0.26,-0.73,0,28,21,3,0,27,11,1,-0.6799999999999999,2,1.422688131785848,-0.6379453189726595
Martin Dúbravka,SVK,GK,Burnley,League,37,1989,33,33,2970,33.0,0,0,0,0,0,0,1,0,0.0,67.0,2.03,175.0,114.0,65.1,4.0,8.0,21.0,4.0,12.1,6.0,0.0,1.0,0,0,,0.0,0.0,,,90,100.0,90.0,33,0,,0,0.61,34,67,-33,-1.0,,0,0,7,0,0,0,1,0,0.0,0,0.03029385034837928,0.39422213415303897
Denzel Dumfries,NED,MF,Inter,A,30,1996,17,14,1196,13.3,3,1,4,3,0,0,2,0,0.3,,,,,,,,,,,,,,19,5,26.3,1.43,0.38,0.16,0.6,70,40.3,79.0,7,3,29.0,1,2.06,33,14,19,1.43,-0.09,0,20,11,2,29,7,8,0,-2.2,4,1.1269722013523666,-0.6379453189726595
Lewis Dunk,ENG,DF,Brighton,League,34,1991,29,28,2565,28.5,0,0,0,0,0,0,10,0,0.0,,,,,,,,,,,,,,19,2,10.5,0.67,0.07,0.0,0.0,88,86.4,90.0,28,1,45.0,0,1.45,41,35,6,0.21,0.21,0,13,8,1,5,29,21,0,0.0,0,1.75377060680463,-0.6379453189726595
Maxime Dupé,FRA,GK,Nice,1,33,1993,8,8,720,8.0,0,0,0,0,0,0,0,0,0.0,15.0,1.87,32.0,20.0,62.5,1.0,4.0,3.0,1.0,12.5,3.0,0.0,0.0,0,0,,0.0,0.0,,,90,26.7,90.0,8,0,,22,0.88,11,15,-4,-0.5,0.32,0,0,1,0,0,0,0,0,0.0,0,0.0,0.2583870717873622
Pablo Durán,ESP,FW,Celta Vigo,Liga,24,2001,24,14,1168,13.0,2,2,4,2,0,0,0,0,0.31,,,,,,,,,,,,,,29,11,37.9,2.23,0.85,0.07,0.18,49,41.9,67.0,2,10,23.0,3,1.42,15,20,-5,-0.39,-0.88,0,13,10,15,11,3,9,0,-1.23,4,0.9223674096848579,-0.6379453189726595
Hugo Duro,ESP,FW,Valencia,Liga,26,1999,30,18,1647,18.3,9,0,9,8,1,1,4,0,0.44,,,,,,,,,,,,,,30,12,40.0,1.64,0.66,0.27,0.67,55,59.0,75.0,7,12,24.0,0,1.13,24,27,-3,-0.16,0.54,0,16,32,5,0,3,7,0,-5.76,8,0.5461496450027307,-0.6379453189726595
Paulo Dybala,ARG,FW,Roma,A,32,1993,17,12,1054,11.7,2,2,4,2,0,1,0,0,0.34,,,,,,,,,,,,,,36,14,38.9,3.07,1.2,0.06,0.14,62,35.5,75.0,4,5,30.0,2,1.65,13,8,5,0.43,-0.14,0,11,25,1,73,3,5,0,-1.1600000000000001,4,0.6831767719897524,-0.6379453189726595
Adam Dźwigała,POL,DF,St Pauli,,30,1995,17,13,1167,13.0,1,1,2,1,0,0,5,0,0.15,,,,,,,,,,,,,,4,2,50.0,0.31,0.15,0.25,0.5,69,43.2,79.0,5,4,35.0,8,1.06,11,22,-11,-0.85,-0.03,0,19,6,0,1,21,26,0,-0.5,2,3.61260568793236,-0.6379453189726595
Aron Dønnum,NOR,MF,Toulouse,1,28,1998,25,25,2161,24.0,4,4,8,1,3,3,7,0,0.21,,,,,,,,,,,,,,35,12,34.3,1.46,0.5,0.03,0.08,86,80.0,86.0,21,0,,0,1.16,35,33,2,0.08,0.58,0,33,36,0,127,26,23,0,-3.64,5,2.0408163265306123,-0.6379453189726595
Simon Ebonog,CMR,MF,Le Havre,1,21,2004,26,19,1543,17.1,1,0,1,1,0,0,6,0,0.06,,,,,,,,,,,,,,20,4,20.0,1.17,0.23,0.05,0.25,59,57.1,75.0,6,7,16.0,2,1.04,12,26,-14,-0.82,-0.89,0,25,30,0,12,19,20,0,-0.8,1,2.2793687901811803,-0.6379453189726595
Enzo Ebosse,CMR,DF,Torino,A,27,1999,8,8,665,7.4,0,0,0,0,0,0,1,0,0.0,,,,,,,,,,,,,,0,0,,0.0,0.0,,,83,22.4,83.0,4,0,,2,1.63,11,9,2,0.27,1.01,0,6,7,0,2,7,3,0,0.0,0,1.349527665317139,-0.6379453189726595
Éderson,BRA,MF,Atalanta,A,26,1999,26,23,1942,21.6,1,0,1,0,1,1,2,0,0.0,,,,,,,,,,,,,,32,9,28.1,1.48,0.42,0.0,0.0,75,65.4,80.0,13,3,31.0,2,1.62,27,15,12,0.56,0.21,0,31,34,2,11,23,30,0,-1.0,0,2.4525682554372974,-0.6379453189726595
Andrias Edmundsson,FRO,DF,Hellas Verona,A,25,2000,10,10,869,9.7,0,0,0,0,0,0,3,0,0.0,,,,,,,,,,,,,,4,1,25.0,0.41,0.1,0.0,0.0,87,29.3,87.0,9,0,,0,0.4,5,15,-10,-1.04,-0.05,0,11,6,0,4,18,11,0,0.0,0,2.9866117404737387,-0.6379453189726595
Odsonne Édouard,FRA,FW,Lens,1,28,1998,25,23,1575,17.5,12,3,15,11,1,1,1,0,0.8,,,,,,,,,,,,,,51,26,51.0,2.91,1.49,0.22,0.42,63,60.3,66.0,0,2,29.0,0,2.12,34,18,16,0.91,-0.13,0,19,17,10,1,1,4,0,-6.28,14,0.2855511136493432,-0.6379453189726595
Marcus Edwards,ENG,MF,Burnley,League,27,1998,21,11,1047,11.6,1,3,4,1,0,0,0,0,0.34,,,,,,,,,,,,,,22,6,27.3,1.89,0.52,0.05,0.17,50,35.3,79.0,2,10,18.0,10,0.48,14,18,-4,-0.34,1.01,0,7,17,1,17,3,6,0,-0.7,4,0.7751937984496124,-0.6379453189726595
CJ Egan-Riley,ENG,DF,Marseille,1,23,2003,11,8,624,6.9,0,0,0,0,0,0,1,1,0.0,,,,,,,,,,,,,,0,0,,0.0,0.0,,,57,23.1,75.0,4,3,9.0,15,1.55,9,9,0,0.0,-0.78,0,5,5,0,1,2,7,0,0.0,0,1.3024602026049203,-0.6379453189726595
Maximilian Eggestein,GER,MF,Freiburg,,29,1996,30,30,2700,30.0,3,1,4,3,0,0,4,0,0.13,,,,,,,,,,,,,,42,13,31.0,1.4,0.43,0.07,0.23,90,100.0,90.0,30,0,,0,1.43,44,48,-4,-0.13,,0,17,17,1,14,28,33,0,-2.09,4,2.0326557814061976,-0.6379453189726595
Kingsley Ehizibue,NED,MF,Udinese,A,30,1995,28,16,1486,16.5,0,0,0,0,0,0,4,0,0.0,,,,,,,,,,,,,,4,0,0.0,0.24,0.0,0.0,,53,50.0,83.0,8,12,14.0,5,1.46,19,19,0,0.0,0.3,0,32,19,1,29,13,25,0,0.0,0,2.301635372501514,-0.6379453189726595
Chidera Ejuke,NGA,MF,Sevilla,Liga,28,1998,22,4,695,7.7,1,1,2,1,0,0,0,0,0.26,,,,,,,,,,,,,,17,2,11.8,2.2,0.26,0.06,0.5,32,24.9,54.0,0,18,27.0,5,1.05,14,13,1,0.13,0.69,0,3,12,2,17,5,9,0,-0.88,2,1.8158236057068742,-0.6379453189726595
Hjalmar Ekdal,SWE,DF,Burnley,League,27,1998,17,15,1359,15.1,0,0,0,0,0,0,0,0,0.0,,,,,,,,,,,,,,5,1,20.0,0.33,0.07,0.0,0.0,80,45.8,89.0,13,2,9.0,13,0.59,12,30,-18,-1.19,-0.35,0,5,5,2,1,10,14,0,0.0,0,1.5883520847121113,-0.6379453189726595
Jeff Ekhator,ITA,FW,Genoa,A,19,2006,26,6,721,8.0,3,0,3,3,0,0,3,0,0.37,,,,,,,,,,,,,,16,4,25.0,2.0,0.5,0.19,0.75,28,24.3,59.0,0,20,18.0,7,1.12,12,12,0,0.0,0.24,0,17,18,10,8,1,7,0,-2.24,3,0.9987515605493134,-0.6379453189726595
Hugo Ekitike,FRA,FW,Liverpool,League,23,2002,28,21,1803,20.0,11,4,15,11,0,0,0,0,0.75,,,,,,,,,,,,,,65,19,29.2,3.24,0.95,0.17,0.58,64,60.7,77.0,6,7,26.0,1,1.68,35,25,10,0.5,0.42,0,35,12,10,7,4,7,0,-7.77,15,0.5497251374312843,-0.6379453189726595
Jurgen Ekkelenkamp,NED,MF,Udinese,A,26,2000,29,25,2028,22.5,5,2,7,5,0,0,1,0,0.31,,,,,,,,,,,,,,29,14,48.3,1.29,0.62,0.17,0.36,70,68.3,78.0,4,4,22.0,4,1.31,26,29,-3,-0.13,0.06,0,20,14,2,32,17,25,0,-2.6199999999999997,7,1.865837405597512,-0.6379453189726595
Jacques Ekomie,GAB,DF,Angers,1,22,2003,28,22,1943,21.6,0,0,0,0,0,0,3,0,0.0,,,,,,,,,,,,,,8,3,37.5,0.37,0.14,0.0,0.0,69,72.0,83.0,14,6,19.0,0,1.21,19,28,-9,-0.42,0.18,0,27,29,3,53,28,27,0,0.0,0,2.545118000925497,-0.6379453189726595
Caleb Ekuban,GHA,FW,Genoa,A,32,1994,28,6,920,10.2,4,1,5,4,0,0,0,0,0.49,,,,,,,,,,,,,,26,10,38.5,2.54,0.98,0.15,0.4,33,31.0,64.0,0,22,24.0,1,1.14,12,15,-3,-0.29,-0.16,0,15,27,6,5,5,1,0,-2.5,5,0.5876591576885407,-0.6379453189726595
Anthony Elanga,SWE,FW,Newcastle United,League,23,2002,29,14,1283,14.3,0,1,1,0,0,0,0,0,0.07,,,,,,,,,,,,,,16,4,25.0,1.12,0.28,0.0,0.0,44,43.2,70.0,2,15,20.0,0,1.14,20,27,-7,-0.49,-0.7,0,8,22,2,79,3,11,0,0.0,1,0.9783368273934311,-0.6379453189726595
Daniel Elfadli,LBY,DF,Hamburger SV,,29,1997,20,15,1241,13.8,0,0,0,0,0,0,6,1,0.0,,,,,,,,,,,,,,4,1,25.0,0.29,0.07,0.0,0.0,62,46.0,77.0,8,5,18.0,5,1.05,15,21,-6,-0.44,0.12,1,20,15,0,0,20,14,0,0.0,0,2.4619840695148443,-0.6379453189726595
Unai Elgezabal,ESP,DF,Levante,Liga,32,1993,12,11,958,10.6,1,0,1,1,0,0,2,0,0.09,,,,,,,,,,,,,,3,1,33.3,0.28,0.09,0.33,1.0,80,34.3,85.0,8,1,26.0,4,0.42,15,24,-9,-0.85,-0.55,0,11,6,0,0,4,4,1,-0.6699999999999999,1,0.7540056550424129,-0.6379453189726595
Mikael Ellertsson,ISL,MF,Genoa,A,24,2002,31,26,2317,25.7,1,1,2,1,0,0,1,1,0.08,,,,,,,,,,,,,,24,6,25.0,0.93,0.23,0.04,0.17,75,78.0,86.0,19,5,17.0,1,1.06,27,38,-11,-0.43,-1.12,0,24,35,1,30,14,25,0,-0.76,2,1.5169194865810969,-0.6379453189726595
Elif Elmas,MKD,MF,Napoli,A,26,1999,29,18,1604,17.8,1,2,3,1,0,0,2,0,0.17,,,,,,,,,,,,,,23,8,34.8,1.29,0.45,0.04,0.13,55,54.0,76.0,7,11,22.0,2,1.86,24,21,3,0.17,-0.62,0,17,13,1,35,6,13,0,-0.6799999999999999,3,1.0668163952835483,-0.6379453189726595
Aritz Elustondo,ESP,DF,Real Sociedad,Liga,32,1994,12,5,502,5.6,0,0,0,0,0,0,0,0,0.0,,,,,,,,,,,,,,3,2,66.7,0.54,0.36,0.0,0.0,42,18.0,75.0,2,7,18.0,16,0.92,11,10,1,0.18,0.18,0,13,7,0,3,8,5,0,0.0,0,2.3172905525846703,-0.6379453189726595
Nico Elvedi,SUI,DF,Gladbach,,29,1996,30,30,2696,30.0,0,0,0,0,0,0,4,0,0.0,,,,,,,,,,,,,,8,0,0.0,0.27,0.0,0.0,,90,99.9,90.0,29,0,,0,1.03,36,50,-14,-0.47,-0.47,0,16,14,0,1,34,30,0,0.0,0,2.132622459180273,-0.6379453189726595
Breel Embolo,SUI,FW,Rennes,1,29,1997,27,18,1633,18.1,8,3,11,8,0,0,3,0,0.61,,,,,,,,,,,,,,33,15,45.5,1.82,0.83,0.24,0.53,60,60.5,81.0,8,9,20.0,0,1.81,31,28,3,0.17,-0.51,0,44,48,14,7,4,11,0,-4.4,11,0.8282716731087796,-0.6379453189726595
Emersonn,BRA,FW,Toulouse,1,21,2004,24,18,1424,15.8,4,2,6,4,0,0,5,1,0.38,,,,,,,,,,,,,,45,17,37.8,2.84,1.07,0.09,0.24,59,52.7,69.0,3,6,31.0,0,1.04,17,17,0,0.0,0.07,0,38,8,4,8,7,8,0,-2.4699999999999998,6,0.9487666034155597,-0.6379453189726595
Julio Enciso,PAR,MF,Strasbourg,1,22,2004,22,18,1528,17.0,2,2,4,2,0,0,2,0,0.24,,,,,,,,,,,,,,47,18,38.3,2.77,1.06,0.04,0.11,69,58.5,79.0,4,4,25.0,1,1.27,26,21,5,0.29,-0.04,0,14,25,1,51,5,9,0,-1.28,4,0.8230452674897119,-0.6379453189726595
Endrick,BRA,FW,Lyon,1,19,2006,12,10,896,10.0,4,6,10,3,1,1,3,1,0.9,,,,,,,,,,,,,,35,21,60.0,3.52,2.11,0.09,0.14,75,33.2,83.0,3,2,36.0,0,1.75,18,11,7,0.7,0.3,0,14,18,3,26,2,6,0,-2.1100000000000003,9,0.7992007992007992,-0.6379453189726595
Yannik Engelhardt,GER,MF,Gladbach,,25,2001,27,25,2127,23.6,2,2,4,2,0,0,7,0,0.17,,,,,,,,,,,,,,17,5,29.4,0.72,0.21,0.12,0.4,79,78.8,84.0,18,2,18.0,0,1.11,32,36,-4,-0.17,1.4,0,37,30,0,5,30,21,0,-1.4,4,2.160101651842439,-0.6379453189726595
Christian Eriksen,DEN,MF,Wolfsburg,,34,1992,27,23,2076,23.1,3,7,10,0,3,3,4,0,0.3,,,,,,,,,,,,,,32,11,34.4,1.39,0.48,0.0,0.0,77,76.9,85.0,9,4,32.0,1,0.7,32,50,-18,-0.78,0.23,0,11,4,3,98,14,18,0,-3.0,7,1.3846819558632624,-0.6379453189726595
Aarón Escandell,ESP,GK,Oviedo,Liga,30,1995,31,31,2790,31.0,0,0,0,0,0,0,2,0,0.0,48.0,1.55,172.0,130.0,74.4,6.0,9.0,16.0,9.0,29.0,4.0,2.0,0.0,0,0,,0.0,0.0,,,90,100.0,90.0,31,0,,0,0.87,24,48,-24,-0.77,,0,1,8,0,0,0,0,0,0.0,0,0.0,0.689195327942101
Carlos Espí,ESP,FW,Levante,Liga,20,2005,18,6,744,8.3,8,0,8,8,0,0,3,0,0.97,,,,,,,,,,,,,,29,16,55.2,3.51,1.94,0.28,0.5,41,26.7,81.0,2,12,21.0,9,1.06,15,11,4,0.48,1.32,0,19,16,6,1,4,3,0,-3.5199999999999996,8,0.842358604091456,-0.6379453189726595
Alfonso Espino,URU,DF,Rayo Vallecano,Liga,34,1992,24,11,1149,12.8,2,0,2,2,0,0,2,0,0.16,,,,,,,,,,,,,,18,8,44.4,1.41,0.63,0.11,0.25,48,41.2,81.0,6,13,20.0,5,1.29,10,20,-10,-0.78,-0.84,0,17,24,8,40,13,23,0,-1.12,2,2.810304449648712,-0.6379453189726595
Francesco Esposito,ITA,FW,Inter,A,20,2005,31,13,1379,15.3,6,3,9,6,0,0,1,0,0.59,,,,,,,,,,,,,,55,22,40.0,3.59,1.44,0.11,0.27,44,46.4,74.0,4,18,23.0,1,2.42,33,12,21,1.37,-0.21,0,26,41,2,3,5,4,0,-3.58,9,0.5878510777269759,-0.6379453189726595
Sebastiano Esposito,ITA,FW,Cagliari,A,23,2002,31,29,2288,25.4,6,5,11,5,1,1,6,0,0.39,,,,,,,,,,,,,,46,13,28.3,1.81,0.51,0.11,0.38,74,77.0,77.0,6,2,34.0,1,1.03,23,31,-8,-0.31,0.48,0,40,44,4,115,14,29,0,-4.57,10,1.6922471467926012,-0.6379453189726595
Maxime Estève,FRA,DF,Burnley,League,23,2002,30,30,2581,28.7,0,0,0,0,0,0,1,0,0.0,,,,,,,,,,,,,,10,1,10.0,0.35,0.03,0.0,0.0,86,86.9,86.0,25,0,,0,0.6,31,63,-32,-1.12,-0.88,0,11,12,0,6,32,23,2,0.0,0,1.9157088122605364,-0.6379453189726595
Nahuel Estévez,ARG,MF,Parma,A,30,1995,29,9,1004,11.2,0,0,0,0,0,0,2,0,0.0,,,,,,,,,,,,,,9,1,11.1,0.81,0.09,0.0,0.0,35,33.8,76.0,5,20,16.0,2,1.07,5,9,-4,-0.36,0.19,0,10,12,0,41,5,9,0,0.0,0,1.248884924174844,-0.6379453189726595
Pervis Estupiñán,ECU,MF,Milan,A,28,1998,16,12,888,9.9,1,1,2,1,0,0,3,1,0.2,,,,,,,,,,,,,,9,1,11.1,0.91,0.1,0.11,1.0,56,29.9,73.0,5,4,4.0,13,2.06,15,4,11,1.11,0.68,0,14,6,5,15,10,8,0,-0.89,2,1.8163471241170535,-0.6379453189726595
Karl Etta Eyong,CMR,FW,Levante,Liga,22,2003,24,15,1347,15.0,5,2,7,5,0,1,2,0,0.47,,,,,,,,,,,,,,34,14,41.2,2.27,0.94,0.15,0.36,56,48.3,79.0,6,9,18.0,2,0.92,19,30,-11,-0.73,-0.49,0,24,30,6,13,4,11,0,-2.9,7,0.9993337774816788,-0.6379453189726595
Evanilson,BRA,FW,Bournemouth,League,26,1999,31,27,2371,26.3,6,1,7,6,0,0,1,0,0.27,,,,,,,,,,,,,,63,23,36.5,2.39,0.87,0.1,0.26,76,79.8,83.0,8,4,36.0,0,1.42,36,37,-1,-0.04,-0.19,0,22,29,25,2,3,4,0,-3.6999999999999997,7,0.26605853287723297,-0.6379453189726595
Edu Expósito,ESP,MF,Espanyol,Liga,29,1996,29,25,1965,21.8,1,6,7,1,0,0,7,0,0.32,,,,,,,,,,,,,,33,9,27.3,1.51,0.41,0.03,0.11,68,70.4,75.0,6,4,26.0,1,1.17,27,31,-4,-0.18,0.58,0,20,35,2,212,18,22,0,-0.73,7,1.8340210912425492,-0.6379453189726595
Eberechi Eze,ENG,MF,Arsenal,League,27,1998,27,17,1529,17.0,6,2,8,6,0,0,1,0,0.47,,,,,,,,,,,,,,44,14,31.8,2.59,0.82,0.14,0.43,57,51.5,75.0,5,10,25.0,4,1.93,32,13,19,1.12,-0.01,0,14,31,1,7,10,12,0,-4.04,8,1.2933568489124043,-0.6379453189726595
Abde Ezzalzouli,MAR,MF,Real Betis,Liga,24,2001,22,19,1651,18.3,6,5,11,6,0,0,3,0,0.6,,,,,,,,,,,,,,60,19,31.7,3.27,1.04,0.1,0.32,75,59.2,82.0,13,3,30.0,0,1.5,31,24,7,0.38,0.38,0,22,57,4,46,11,23,0,-4.1,11,1.8569087930092842,-0.6379453189726595
Giovanni Fabbian,ITA,MF,Bologna,A,23,2003,14,8,705,7.8,2,0,2,2,0,0,0,0,0.26,,,,,,,,,,,,,,14,4,28.6,1.79,0.51,0.14,0.5,50,23.7,72.0,1,6,21.0,7,1.43,10,7,3,0.38,0.38,0,13,18,2,2,5,4,0,-1.44,2,1.1523687580025608,-0.6379453189726595
Alieu Fadera,GAM,FW,Sassuolo,A,24,2001,26,8,963,10.7,2,1,3,2,0,0,4,0,0.28,,,,,,,,,,,,,,13,4,30.8,1.21,0.37,0.15,0.5,37,32.4,67.0,0,18,24.0,4,1.54,12,11,1,0.09,0.27,0,34,36,8,24,5,20,0,-1.4,3,2.3342670401493932,-0.6379453189726595
Wout Faes,BEL,DF,Monaco,1,28,1998,11,11,928,10.3,0,0,0,0,0,0,3,0,0.0,,,,,,,,,,,,,,5,1,20.0,0.48,0.1,0.0,0.0,84,34.4,84.0,10,0,,1,2.09,21,15,6,0.58,0.53,0,13,3,0,1,13,8,0,0.0,0,2.0368574199806013,-0.6379453189726595
Nicolò Fagioli,ITA,MF,Fiorentina,A,25,2001,29,26,2237,24.9,2,3,5,2,0,0,5,0,0.2,,,,,,,,,,,,,,30,7,23.3,1.21,0.28,0.07,0.29,77,75.3,82.0,12,3,34.0,3,1.07,30,38,-8,-0.32,-0.44,0,21,37,0,81,16,26,0,-1.51,5,1.686069851465275,-0.6379453189726595
Romain Faivre,FRA,MF,Auxerre,1,27,1998,9,6,507,5.6,0,2,2,0,0,0,0,0,0.36,,,,,,,,,,,,,,8,3,37.5,1.42,0.53,0.0,0.0,56,18.8,77.0,2,3,15.0,1,1.11,6,4,2,0.36,1.01,0,5,10,2,13,3,4,0,0.0,2,1.2477718360071302,-0.6379453189726595
Wladimiro Falcone,ITA,GK,Lecce,A,31,1995,33,33,2970,33.0,0,0,0,0,0,0,2,0,0.0,46.0,1.39,129.0,89.0,67.4,7.0,7.0,19.0,8.0,24.2,4.0,2.0,0.0,0,0,,0.0,0.0,,,90,100.0,90.0,33,0,,0,0.85,22,46,-24,-0.73,,0,0,7,0,0,0,2,0,0.0,0,0.06058770069675856,0.559225820363521
Ansu Fati,ESP,MF,Monaco,1,23,2002,21,8,878,9.8,9,0,9,6,3,4,1,0,0.62,,,,,,,,,,,,,,37,20,54.1,3.79,2.05,0.16,0.3,42,32.5,70.0,1,13,25.0,1,1.76,19,16,3,0.31,0.11,0,8,5,3,6,2,9,0,-5.8,6,1.1213047910295617,-0.6379453189726595
Abdoulaye Faye,SEN,DF,Lorient,1,21,2004,13,12,1113,12.4,0,0,0,0,0,0,7,0,0.0,,,,,,,,,,,,,,7,1,14.3,0.57,0.08,0.0,0.0,86,41.2,89.0,11,1,45.0,0,1.23,17,24,-7,-0.57,-0.74,0,22,14,0,3,24,19,0,0.0,0,3.4649476228847704,-0.6379453189726595
Jacopo Fazzini,ITA,MF,Fiorentina,A,23,2003,18,5,543,6.0,0,0,0,0,0,0,2,0,0.0,,,,,,,,,,,,,,9,1,11.1,1.49,0.17,0.0,0.0,30,18.3,73.0,0,13,14.0,8,1.0,6,8,-2,-0.33,-0.15,0,10,14,0,11,5,8,0,0.0,0,2.1630615640599,-0.6379453189726595
Aleix Febas,ESP,MF,Elche,Liga,30,1996,30,30,2651,29.5,2,2,4,2,0,0,7,0,0.14,,,,,,,,,,,,,,20,8,40.0,0.68,0.27,0.1,0.25,88,95.0,88.0,26,0,,0,1.07,37,42,-5,-0.17,1.77,0,26,94,1,18,23,39,0,-1.2,4,2.1009827177228058,-0.6379453189726595
Luiz Felipe,ITA,DF,Rayo Vallecano,Liga,29,1997,10,7,470,5.2,0,0,0,0,0,0,1,0,0.0,,,,,,,,,,,,,,3,1,33.3,0.57,0.19,0.0,0.0,47,16.8,63.0,3,3,11.0,11,1.2,8,4,4,0.77,1.27,0,5,1,0,0,7,8,0,0.0,0,2.8790786948176583,-0.6379453189726595
Robin Fellhauer,GER,MF,Augsburg,,28,1998,30,28,2470,27.4,2,2,4,2,0,0,2,0,0.15,,,,,,,,,,,,,,25,6,24.0,0.91,0.22,0.08,0.33,82,91.5,85.0,17,2,46.0,0,1.2,31,49,-18,-0.66,-1.44,0,22,32,4,78,20,41,0,-1.52,4,2.225465158701204,-0.6379453189726595
Kiko Femenía,ESP,DF,Getafe,Liga,35,1991,25,23,1839,20.4,1,1,2,1,0,0,6,0,0.1,,,,,,,,,,,,,,8,3,37.5,0.39,0.15,0.13,0.33,74,65.9,77.0,8,2,30.0,1,1.28,19,22,-3,-0.15,0.04,0,20,11,5,41,34,21,0,-0.61,2,2.6947574718275353,-0.6379453189726595
Evan Ferguson,IRL,FW,Roma,A,21,2004,16,10,773,8.6,3,2,5,3,0,0,1,0,0.58,,,,,,,,,,,,,,27,15,55.6,3.14,1.75,0.11,0.2,48,26.0,59.0,1,6,30.0,3,1.88,12,6,6,0.7,0.25,0,11,9,3,2,1,4,0,-1.35,5,0.5807200929152149,-0.6379453189726595
Lewis Ferguson,SCO,MF,Bologna,A,26,1999,22,13,1238,13.8,1,0,1,1,0,0,7,1,0.07,,,,,,,,,,,,,,11,2,18.2,0.8,0.15,0.09,0.5,56,41.7,84.0,10,9,16.0,9,1.05,15,21,-6,-0.44,-0.9,1,30,21,3,17,10,12,0,-0.8200000000000001,1,1.5930485155684286,-0.6379453189726595
Bruno Fernandes,POR,MF,Manchester Utd,League,31,1994,30,30,2614,29.0,8,18,26,4,4,6,4,0,0.76,,,,,,,,,,,,,,75,21,28.0,2.58,0.72,0.05,0.19,87,88.0,87.0,25,0,,0,1.77,55,41,14,0.48,0.73,0,21,34,4,153,16,31,0,-6.95,22,1.6201309893140297,-0.6379453189726595
Mateus Fernandes,POR,MF,West Ham United,League,21,2004,31,30,2566,28.5,3,3,6,3,0,0,7,0,0.21,,,,,,,,,,,,,,22,5,22.7,0.77,0.18,0.14,0.6,83,86.4,85.0,18,1,26.0,0,1.06,34,42,-8,-0.28,1.72,0,45,44,0,48,30,58,0,-2.3,6,3.0866362679761488,-0.6379453189726595
Enzo Fernández,ARG,MF,Chelsea,League,25,2001,31,30,2665,29.6,8,3,11,6,2,2,8,0,0.3,,,,,,,,,,,,,,63,28,44.4,2.13,0.95,0.1,0.21,86,89.7,88.0,23,1,37.0,0,1.45,48,36,12,0.41,0.7,0,30,39,1,69,19,23,0,-5.199999999999999,9,1.4184397163120566,-0.6379453189726595
Ezequiél Fernández,ARG,MF,Leverkusen,,23,2002,18,12,959,10.7,0,1,1,0,0,0,4,1,0.09,,,,,,,,,,,,,,11,1,9.1,1.03,0.09,0.0,0.0,53,35.5,67.0,2,6,25.0,3,1.94,20,19,1,0.09,-0.84,1,13,21,1,4,13,16,0,0.0,1,2.707749766573296,-0.6379453189726595
Manu Fernández,ESP,DF,Celta Vigo,Liga,24,2001,13,9,713,7.9,0,0,0,0,0,0,2,0,0.0,,,,,,,,,,,,,,2,0,0.0,0.25,0.0,0.0,,55,25.6,74.0,3,4,11.0,15,1.54,11,10,1,0.13,0.0,0,7,7,0,0,6,9,0,0.0,0,1.8963337547408343,-0.6379453189726595
Roberto Férnandez,ESP,FW,Espanyol,Liga,23,2002,31,20,1953,21.7,6,2,8,5,1,1,3,0,0.32,,,,,,,,,,,,,,49,20,40.8,2.26,0.92,0.1,0.25,63,70.0,81.0,10,11,30.0,0,1.23,24,31,-7,-0.32,0.11,0,31,35,6,8,5,2,0,-4.0,7,0.32243205895900506,-0.6379453189726595
Thiago Fernández,ARG,MF,Oviedo,Liga,22,2004,10,5,463,5.1,0,4,4,0,0,0,2,0,0.78,,,,,,,,,,,,,,7,3,42.9,1.36,0.58,0.0,0.0,46,16.6,65.0,0,5,28.0,0,1.4,10,11,-1,-0.19,0.7,0,5,6,2,13,3,3,0,0.0,4,1.1741682974559688,-0.6379453189726595
Matias Fernandez-Pardo,BEL,MF,Lille,1,21,2005,25,23,2018,22.4,7,5,12,6,1,1,4,0,0.49,,,,,,,,,,,,,,61,28,45.9,2.72,1.25,0.1,0.21,81,74.7,84.0,12,2,38.0,2,1.68,29,23,6,0.27,-0.92,0,13,33,13,52,8,13,0,-4.199999999999999,11,0.9370816599732262,-0.6379453189726595
Junior Firpo,DOM,DF,Real Betis,Liga,29,1996,10,8,672,7.5,0,1,1,0,0,0,2,0,0.13,,,,,,,,,,,,,,5,0,0.0,0.67,0.0,0.0,,67,24.1,78.0,3,2,26.0,12,1.0,11,11,0,0.0,-0.3,0,10,7,0,18,8,13,0,0.0,1,2.796271637816245,-0.6379453189726595
Jonathan Fischer,DEN,GK,Metz,1,24,2001,26,25,2264,25.2,0,0,0,0,0,0,0,0,0.0,56.0,2.23,137.0,88.0,63.5,3.0,4.0,18.0,4.0,16.0,6.0,1.0,0.0,0,0,,0.0,0.0,,,87,83.9,90.0,25,1,14.0,4,0.5,25,56,-31,-1.23,0.42,0,0,4,0,0,0,0,0,0.0,0,0.0,0.37212878977303354
Kilian Fischer,GER,DF,Wolfsburg,,25,2000,11,10,800,8.9,0,0,0,0,0,0,0,0,0.0,,,,,,,,,,,,,,2,0,0.0,0.23,0.0,0.0,,73,29.6,78.0,5,1,18.0,4,0.73,10,21,-11,-1.24,-0.57,0,10,4,0,16,12,13,1,0.0,0,2.8058361391694726,-0.6379453189726595
Mark Flekken,NED,GK,Leverkusen,,32,1993,21,21,1859,20.7,0,0,0,0,0,0,2,0,0.0,33.0,1.6,93.0,66.0,71.0,11.0,3.0,7.0,5.0,23.8,6.0,0.0,0.0,0,0,,0.0,0.0,,,89,68.9,89.0,20,0,,0,1.71,45,33,12,0.58,-0.17,0,0,3,0,0,0,0,0,0.0,0,0.0,0.5090024674703654
Zian Flemming,NED,FW,Burnley,League,27,1998,24,16,1362,15.1,9,0,9,7,2,2,3,0,0.46,,,,,,,,,,,,,,43,19,44.2,2.84,1.26,0.16,0.37,57,45.9,79.0,5,8,13.0,3,0.71,19,27,-8,-0.53,0.87,0,38,22,2,6,6,6,0,-5.96,7,0.7941760423560557,-0.6379453189726595
Romano Floriani,ITA,MF,Cremonese,A,23,2003,24,10,980,10.9,0,0,0,0,0,0,2,0,0.0,,,,,,,,,,,,,,5,1,20.0,0.46,0.09,0.0,0.0,41,33.0,74.0,3,14,17.0,8,0.75,11,16,-5,-0.46,0.26,0,19,5,2,24,5,10,0,0.0,0,1.374885426214482,-0.6379453189726595
Phil Foden,ENG,MF,Manchester City,League,25,2000,28,21,1832,20.4,7,3,10,7,0,0,4,0,0.49,,,,,,,,,,,,,,51,17,33.3,2.51,0.84,0.14,0.41,65,63.6,83.0,12,7,13.0,2,2.07,45,16,29,1.42,0.82,0,17,27,2,105,9,13,0,-4.619999999999999,10,1.0779029887310143,-0.6379453189726595
Malick Fofana,BEL,MF,Lyon,1,21,2005,10,9,727,8.1,2,1,3,2,0,0,1,0,0.37,,,,,,,,,,,,,,18,9,50.0,2.23,1.11,0.11,0.22,73,26.9,80.0,1,1,6.0,0,1.8,10,7,3,0.37,-0.18,0,11,21,3,26,3,5,0,-1.01,3,0.9864364981504317,-0.6379453189726595
Rayan Fofana,FRA,FW,Lens,1,20,2006,24,6,753,8.4,5,0,5,5,0,0,0,0,0.6,,,,,,,,,,,,,,35,12,34.3,4.18,1.43,0.14,0.42,31,28.9,63.0,0,18,21.0,5,2.04,17,8,9,1.08,0.15,0,13,32,7,5,1,4,0,-3.32,5,0.5945303210463734,-0.6379453189726595
Seko Fofana,CIV,MF,Rennes,1,30,1995,12,7,655,7.3,1,0,1,1,0,0,0,0,0.14,,,,,,,,,,,,,,9,3,33.3,1.24,0.41,0.11,0.33,55,24.3,83.0,4,5,14.0,1,1.5,9,12,-3,-0.41,-1.03,0,3,13,0,7,3,2,0,-0.6699999999999999,1,0.6839945280437757,-0.6379453189726595
Wesley Fofana,FRA,DF,Chelsea,League,25,2000,21,16,1446,16.1,0,1,1,0,0,0,6,1,0.06,,,,,,,,,,,,,,8,1,12.5,0.5,0.06,0.0,0.0,69,48.7,82.0,9,5,26.0,5,1.62,23,19,4,0.25,-0.16,1,19,13,1,2,28,11,0,0.0,1,2.4208566108007443,-0.6379453189726595
Youssouf Fofana,FRA,MF,Milan,A,27,1999,28,24,1912,21.2,2,3,5,2,0,0,4,0,0.24,,,,,,,,,,,,,,38,16,42.1,1.79,0.75,0.05,0.13,68,64.4,75.0,8,4,29.0,3,2.07,33,17,16,0.75,0.33,0,19,15,0,10,13,17,0,-1.2,5,1.4144271570014144,-0.6379453189726595
Jonas Föhrenbach,GER,DF,Heidenheim,,30,1996,23,21,1965,21.8,1,1,2,1,0,0,3,0,0.09,,,,,,,,,,,,,,6,1,16.7,0.27,0.05,0.17,1.0,85,72.8,87.0,18,2,65.0,4,0.78,26,45,-19,-0.87,0.84,0,16,16,1,78,28,20,0,-0.83,2,2.200825309491059,-0.6379453189726595
Francesco Folino,ITA,DF,Cremonese,A,24,2002,16,7,686,7.6,1,0,1,1,0,0,1,0,0.13,,,,,,,,,,,,,,1,1,100.0,0.13,0.13,1.0,1.0,43,23.1,87.0,6,9,9.0,16,0.94,4,15,-11,-1.44,-1.05,0,11,9,0,1,1,4,0,0.0,1,0.657030223390276,-0.6379453189726595
Michael Folorunsho,ITA,MF,Cagliari,A,28,1998,23,21,1728,19.2,2,0,2,2,0,0,3,0,0.1,,,,,,,,,,,,,,28,8,28.6,1.46,0.42,0.07,0.25,75,58.2,80.0,9,2,23.0,0,0.83,17,27,-10,-0.52,-0.23,0,32,40,13,20,8,8,0,-1.44,2,0.8328995314940135,-0.6379453189726595
Nicolas Fonseca,URU,MF,Oviedo,Liga,27,1998,14,7,676,7.5,0,0,0,0,0,0,5,0,0.0,,,,,,,,,,,,,,6,1,16.7,0.8,0.13,0.0,0.0,48,24.2,72.0,1,7,25.0,0,1.14,12,13,-1,-0.13,0.85,0,16,8,0,3,13,18,0,0.0,0,4.1278295605858855,-0.6379453189726595
Pablo Fornals,ESP,MF,Real Betis,Liga,30,1996,31,28,2416,26.8,7,4,11,7,0,0,2,0,0.41,,,,,,,,,,,,,,38,16,42.1,1.42,0.6,0.18,0.44,78,86.6,82.0,15,3,40.0,0,1.48,42,33,9,0.34,0.82,0,26,22,11,125,28,25,0,-4.12,11,1.9768743006340916,-0.6379453189726595
Niccolò Fortini,ITA,MF,Fiorentina,A,20,2006,16,2,541,6.0,0,0,0,0,0,0,0,0,0.0,,,,,,,,,,,,,,8,2,25.0,1.33,0.33,0.0,0.0,34,18.2,78.0,1,14,28.0,12,0.81,9,12,-3,-0.5,-0.35,0,5,18,0,29,4,9,0,0.0,0,2.1630615640599,-0.6379453189726595
Lyle Foster,RSA,FW,Burnley,League,25,2000,24,15,1330,14.8,3,2,5,3,0,0,4,0,0.34,,,,,,,,,,,,,,19,6,31.6,1.29,0.41,0.16,0.5,55,44.8,75.0,3,9,22.0,2,0.58,11,30,-19,-1.29,-0.52,0,22,13,11,6,4,11,0,-2.04,5,1.012829169480081,-0.6379453189726595
Dimitri Foulquier,FRA,DF,Valencia,Liga,33,1993,15,12,1150,12.8,0,0,0,0,0,0,1,0,0.0,,,,,,,,,,,,,,6,1,16.7,0.47,0.08,0.0,0.0,77,41.2,88.0,11,3,32.0,3,1.27,16,21,-5,-0.39,-0.01,0,16,7,0,11,8,9,0,0.0,0,1.327088212334114,-0.6379453189726595
Juan Foyth,ARG,DF,Villarreal,Liga,28,1998,13,12,934,10.4,0,0,0,0,0,0,2,0,0.0,,,,,,,,,,,,,,2,0,0.0,0.19,0.0,0.0,,72,33.5,77.0,8,1,11.0,2,2.15,22,9,13,1.25,0.91,0,8,1,0,0,15,13,0,0.0,0,2.689721421709894,-0.6379453189726595
Alejandro Francés,ESP,DF,Girona,Liga,23,2002,19,7,726,8.1,0,1,1,0,0,0,1,1,0.12,,,,,,,,,,,,,,7,4,57.1,0.87,0.5,0.0,0.0,38,26.0,71.0,2,12,19.0,7,1.58,10,15,-5,-0.62,-0.31,0,10,15,0,15,10,11,0,0.0,1,2.589395807644883,-0.6379453189726595
Przemysław Frankowski,POL,MF,Rennes,1,31,1995,19,15,1210,13.4,1,2,3,1,0,0,5,0,0.22,,,,,,,,,,,,,,9,3,33.3,0.67,0.22,0.11,0.33,64,44.8,75.0,5,4,21.0,1,1.68,20,16,4,0.3,-0.13,0,13,10,1,82,9,25,0,-0.6699999999999999,3,2.535421327367636,-0.6379453189726595
Davide Frattesi,ITA,MF,Inter,A,26,1999,19,3,518,5.8,0,0,0,0,0,0,0,0,0.0,,,,,,,,,,,,,,13,3,23.1,2.26,0.52,0.0,0.0,27,17.4,80.0,2,16,17.0,13,2.47,14,4,10,1.74,0.31,0,8,10,2,1,3,7,0,0.0,0,1.721170395869191,-0.6379453189726595
Morten Frendrup,DEN,MF,Genoa,A,25,2001,31,30,2631,29.2,1,0,1,1,0,0,5,0,0.03,,,,,,,,,,,,,,8,3,37.5,0.27,0.1,0.13,0.33,85,88.6,87.0,21,1,28.0,0,1.06,35,40,-5,-0.17,0.09,0,36,35,0,4,34,60,0,-0.61,1,3.218076001369394,-0.6379453189726595
Martin Frese,DEN,MF,Hellas Verona,A,28,1998,26,22,1986,22.1,2,0,2,2,0,0,6,0,0.09,,,,,,,,,,,,,,19,10,52.6,0.86,0.45,0.11,0.2,76,66.9,83.0,14,4,40.0,3,0.62,15,36,-21,-0.95,0.15,0,37,17,3,65,23,40,1,-0.8999999999999999,2,2.849389416553595,-0.6379453189726595
Remo Freuler,SUI,MF,Bologna,A,34,1992,24,21,1788,19.9,1,2,3,1,0,0,5,0,0.15,,,,,,,,,,,,,,6,1,16.7,0.3,0.05,0.17,1.0,75,60.2,82.0,14,3,21.0,3,1.63,26,23,3,0.15,0.15,0,17,21,1,14,13,30,1,-0.83,3,2.1597187343043696,-0.6379453189726595
Marco Friedl,AUT,DF,Werder Bremen,,28,1998,27,27,2321,25.8,1,0,1,1,0,0,8,1,0.04,,,,,,,,,,,,,,8,2,25.0,0.31,0.08,0.13,0.5,86,86.0,86.0,24,0,,0,1.0,28,43,-15,-0.58,0.13,0,15,16,1,15,32,21,0,-0.74,1,2.0534676481983727,-0.6379453189726595
Jeremie Frimpong,NED,DF,Liverpool,League,25,2000,17,10,827,9.2,0,1,1,0,0,0,1,0,0.11,,,,,,,,,,,,,,8,1,12.5,0.87,0.11,0.0,0.0,49,27.8,73.0,3,7,13.0,2,1.53,16,9,7,0.76,0.59,0,6,13,3,45,6,8,0,0.0,1,1.5200868621064063,-0.6379453189726595
Jorge de Frutos,ESP,FW,Rayo Vallecano,Liga,29,1997,29,27,2046,22.7,10,1,11,9,1,1,3,0,0.44,,,,,,,,,,,,,,52,23,44.2,2.29,1.01,0.17,0.39,71,73.3,73.0,4,2,39.0,1,1.21,24,22,2,0.09,1.42,0,31,32,16,34,7,13,0,-6.09,10,0.8806693086745927,-0.6379453189726595
Chris Führich,GER,MF,Stuttgart,,28,1998,29,17,1416,15.7,6,6,12,6,0,0,1,0,0.76,,,,,,,,,,,,,,38,20,52.6,2.42,1.27,0.16,0.3,49,52.4,68.0,0,12,22.0,1,1.83,32,23,9,0.57,-0.2,0,4,5,4,64,2,8,0,-2.8,12,0.6365372374283896,-0.6379453189726595
Joel Fujita,JPN,MF,St Pauli,,24,2002,28,27,2350,26.1,1,3,4,1,0,0,5,0,0.15,,,,,,,,,,,,,,28,6,21.4,1.07,0.23,0.04,0.17,84,87.0,86.0,20,1,22.0,0,0.79,22,45,-23,-0.88,-0.37,0,32,14,3,26,30,29,0,-0.76,4,2.2596706242818843,-0.6379453189726595
Niclas Füllkrug,GER,FW,Milan,A,33,1993,16,3,544,6.0,1,0,1,1,0,1,0,0,0.17,,,,,,,,,,,,,,16,5,31.3,2.65,0.83,0.06,0.2,34,18.3,63.0,0,13,27.0,1,1.75,10,5,5,0.83,0.23,0,7,8,11,1,3,2,0,-0.7,1,0.831946755407654,-0.6379453189726595
Matteo Gabbia,ITA,DF,Milan,A,26,1999,25,23,2080,23.1,0,0,0,0,0,0,3,0,0.0,,,,,,,,,,,,,,18,3,16.7,0.78,0.13,0.0,0.0,83,70.0,88.0,21,2,29.0,2,2.16,37,17,20,0.87,0.76,0,18,5,0,1,12,11,0,0.0,0,0.9952401557767199,-0.6379453189726595
Tiago Gabriel,POR,DF,Lecce,A,21,2004,33,32,2859,31.8,2,0,2,2,0,0,5,0,0.06,,,,,,,,,,,,,,19,4,21.1,0.6,0.13,0.11,0.5,87,96.3,89.0,30,1,12.0,0,0.85,22,42,-20,-0.63,2.61,0,25,38,0,2,44,37,1,-1.56,2,2.546369066331342,-0.6379453189726595
Gianluca Gaetano,ITA,MF,Cagliari,A,25,2000,28,16,1462,16.2,2,3,5,2,0,0,4,0,0.31,,,,,,,,,,,,,,26,8,30.8,1.6,0.49,0.08,0.25,52,49.2,73.0,5,12,24.0,0,1.07,20,24,-4,-0.25,0.35,0,24,24,0,32,14,12,0,-1.3599999999999999,5,1.6039481801357187,-0.6379453189726595
Roberto Gagliardini,ITA,MF,Hellas Verona,A,32,1994,25,21,1912,21.2,1,0,1,1,0,0,7,0,0.05,,,,,,,,,,,,,,15,3,20.0,0.71,0.14,0.07,0.33,76,64.4,83.0,15,4,43.0,1,0.48,15,33,-18,-0.85,0.43,0,37,26,0,15,52,34,0,-0.79,1,4.054691183404055,-0.6379453189726595
Cody Gakpo,NED,MF,Liverpool,League,26,1999,31,27,2318,25.8,6,5,11,6,0,0,2,0,0.43,,,,,,,,,,,,,,78,19,24.4,3.03,0.74,0.08,0.32,75,78.0,82.0,13,4,28.0,0,1.58,40,30,10,0.39,0.25,0,37,40,22,84,9,14,0,-4.48,11,0.8911274699728786,-0.6379453189726595
Javi Galán,ESP,DF,Osasuna,Liga,31,1994,14,14,1230,13.7,0,1,1,0,0,0,2,0,0.07,,,,,,,,,,,,,,4,1,25.0,0.29,0.07,0.0,0.0,88,44.1,88.0,12,0,,0,1.5,18,18,0,0.0,0.06,0,23,28,0,52,23,25,0,0.0,1,3.5010940919037203,-0.6379453189726595
Iñigo Ruiz de Galarreta,ESP,MF,Athletic Club,Liga,32,1993,28,25,1817,20.2,1,1,2,1,0,0,10,0,0.1,,,,,,,,,,,,,,19,2,10.5,0.94,0.1,0.05,0.5,65,65.1,67.0,3,3,45.0,1,1.14,21,30,-9,-0.45,-0.17,0,46,33,0,45,17,26,0,-0.9,2,2.127659574468085,-0.6379453189726595
Conor Gallagher,ENG,MF,Tottenham Hotspur,League,26,2000,11,9,744,8.3,0,1,1,0,0,0,0,0,0.12,,,,,,,,,,,,,,6,2,33.3,0.73,0.24,0.0,0.0,68,25.1,77.0,2,2,28.0,0,0.27,7,19,-12,-1.45,-1.49,0,15,17,0,16,13,6,0,0.0,1,2.286401925391095,-0.6379453189726595
Conor Gallagher,ENG,MF,Atlético Madrid,Liga,26,2000,19,4,679,7.5,2,0,2,2,0,0,2,0,0.27,,,,,,,,,,,,,,13,5,38.5,1.72,0.66,0.15,0.4,36,24.3,65.0,1,15,28.0,0,2.0,15,7,8,1.06,0.59,0,18,9,2,11,11,12,0,-1.25,2,3.062583222370173,-0.6379453189726595
Antonino Gallo,ITA,DF,Lecce,A,26,2000,32,29,2606,29.0,0,4,4,0,0,0,2,0,0.14,,,,,,,,,,,,,,5,1,20.0,0.17,0.03,0.0,0.0,81,87.7,87.0,24,3,29.0,0,0.88,19,39,-20,-0.69,0.3,0,6,10,0,113,14,35,0,0.0,4,1.6890727335401585,-0.6379453189726595
Idrissa Gana Gueye,SEN,MF,Everton,League,36,1989,24,24,2008,22.3,2,3,5,2,0,0,1,1,0.22,,,,,,,,,,,,,,28,7,25.0,1.25,0.31,0.07,0.29,84,67.6,84.0,16,0,,0,1.38,26,25,1,0.04,0.04,0,20,31,0,19,29,21,0,-1.51,5,2.2411474675033616,-0.6379453189726595
Ignatius Ganago,CMR,FW,Nantes,1,27,1999,9,7,556,6.2,1,0,1,0,1,1,1,0,0.0,,,,,,,,,,,,,,12,5,41.7,1.94,0.81,0.0,0.0,62,21.3,72.0,2,2,26.0,1,0.67,5,5,0,0.0,0.92,0,6,7,2,4,1,2,0,-1.0,0,0.4830917874396135,-0.6379453189726595
Omri Gandelman,ISR,MF,Lecce,A,25,2000,15,9,858,9.5,2,0,2,2,0,0,0,0,0.21,,,,,,,,,,,,,,10,3,30.0,1.05,0.31,0.2,0.67,57,28.9,74.0,2,6,33.0,0,0.73,6,11,-5,-0.52,0.29,0,10,3,1,4,3,5,0,-1.4,2,0.8412197686645636,-0.6379453189726595
Ismaëlo Ganiou,FRA,DF,Lens,1,21,2005,18,18,1602,17.8,3,0,3,3,0,0,4,1,0.17,,,,,,,,,,,,,,16,3,18.8,0.9,0.17,0.19,1.0,89,61.4,89.0,17,0,,8,2.22,37,19,18,1.01,0.12,1,21,18,0,14,20,20,0,-2.4299999999999997,3,2.245929253228523,-0.6379453189726595
Facundo Garcés,MAS,DF,Alavés,Liga,26,1999,10,8,793,8.8,0,0,0,0,0,0,3,0,0.0,,,,,,,,,,,,,,8,4,50.0,0.91,0.45,0.0,0.0,79,28.4,90.0,8,2,37.0,1,1.2,8,11,-3,-0.34,0.02,0,13,3,2,1,7,8,0,0.0,0,1.70261066969353,-0.6379453189726595
Aleix García,ESP,MF,Leverkusen,,28,1997,29,27,2365,26.3,2,6,8,2,0,0,6,0,0.3,,,,,,,,,,,,,,27,4,14.8,1.03,0.15,0.07,0.5,82,87.6,84.0,19,2,43.0,0,1.69,52,34,18,0.68,0.42,0,8,19,2,109,20,17,0,-1.72,8,1.4063093880653743,-0.6379453189726595
Álvaro García,ESP,MF,Rayo Vallecano,Liga,33,1992,31,22,2056,22.8,4,5,9,4,0,0,3,0,0.39,,,,,,,,,,,,,,47,19,40.4,2.06,0.83,0.09,0.21,66,73.7,81.0,7,9,31.0,0,1.13,21,28,-7,-0.31,-0.06,0,18,12,14,89,14,15,0,-2.29,9,1.2713722051731695,-0.6379453189726595
Eric García,ESP,DF,Barcelona,Liga,25,2001,29,27,2337,26.0,1,1,2,1,0,0,4,0,0.08,,,,,,,,,,,,,,24,7,29.2,0.92,0.27,0.04,0.14,81,83.8,84.0,19,2,29.0,2,2.52,71,22,49,1.89,0.89,0,31,22,1,10,42,40,0,-0.72,2,3.152633602460592,-0.6379453189726595
Fran Garcia,ESP,DF,Real Madrid,Liga,26,1999,10,8,672,7.5,1,1,2,1,0,0,2,1,0.27,,,,,,,,,,,,,,5,2,40.0,0.67,0.27,0.2,0.5,67,24.1,81.0,4,2,13.0,20,2.1,16,8,8,1.07,-0.12,1,5,10,1,23,4,9,0,-0.6,2,1.7310252996005326,-0.6379453189726595
Gonzalo García,ESP,FW,Real Madrid,Liga,22,2004,24,6,683,7.6,4,0,4,4,0,0,1,0,0.53,,,,,,,,,,,,,,14,9,64.3,1.84,1.19,0.29,0.44,28,24.5,75.0,2,18,13.0,7,2.25,21,8,13,1.71,0.73,0,5,3,0,1,2,7,0,-1.3900000000000001,4,1.1826544021024967,-0.6379453189726595
Joan García,ESP,GK,Barcelona,Liga,24,2001,25,25,2250,25.0,0,0,0,0,0,0,1,0,0.0,19.0,0.76,83.0,66.0,79.5,22.0,1.0,2.0,12.0,48.0,2.0,0.0,0.0,0,0,,0.0,0.0,,,90,80.6,90.0,25,0,,0,2.68,71,19,52,2.08,1.75,0,0,4,0,0,0,3,0,0.0,0,0.11995201919232307,0.8595512409015365
Rubén García,ESP,MF,Osasuna,Liga,32,1993,28,22,1772,19.7,2,5,7,2,0,0,5,0,0.36,,,,,,,,,,,,,,22,7,31.8,1.12,0.36,0.09,0.29,63,63.5,72.0,3,6,31.0,0,1.36,23,21,2,0.1,0.37,0,28,22,1,119,13,26,0,-1.37,7,1.97869101978691,-0.6379453189726595
Ulisses Garcia,SUI,DF,Sassuolo,A,30,1996,8,6,567,6.3,1,1,2,1,0,0,2,0,0.32,,,,,,,,,,,,,,1,1,100.0,0.16,0.16,1.0,1.0,71,19.1,84.0,4,2,33.0,1,1.63,11,6,5,0.79,1.09,0,7,1,0,23,5,7,0,0.0,2,1.9017432646592711,-0.6379453189726595
Víctor García,ESP,MF,Levante,Liga,28,1997,17,9,781,8.7,0,1,1,0,0,0,0,0,0.12,,,,,,,,,,,,,,13,4,30.8,1.5,0.46,0.0,0.0,46,28.0,67.0,1,8,22.0,7,0.76,8,11,-3,-0.35,0.19,0,10,11,2,50,6,8,0,0.0,1,1.6073478760045925,-0.6379453189726595
Alejandro Garnacho,ARG,MF,Chelsea,League,21,2004,22,14,1221,13.6,1,4,5,1,0,0,2,0,0.37,,,,,,,,,,,,,,31,7,22.6,2.29,0.52,0.03,0.14,56,41.1,68.0,4,8,33.0,8,1.45,20,18,2,0.15,-0.32,0,8,23,1,60,4,12,0,-0.79,5,1.1756061719324027,-0.6379453189726595
James Garner,ENG,MF,Everton,League,25,2001,33,33,2963,32.9,2,6,8,2,0,0,9,0,0.24,,,,,,,,,,,,,,42,12,28.6,1.28,0.36,0.05,0.17,90,99.8,90.0,32,0,,0,1.42,40,39,1,0.03,0.03,0,31,32,0,171,51,61,0,-1.4,8,3.4032209054998486,-0.6379453189726595
Federico Gatti,ITA,DF,Juventus,A,27,1998,18,11,988,11.0,2,0,2,2,0,0,3,0,0.18,,,,,,,,,,,,,,12,6,50.0,1.09,0.55,0.17,0.33,55,33.3,79.0,6,7,17.0,8,2.11,10,10,0,0.0,-1.27,0,14,6,0,2,11,8,0,-0.98,2,1.7257039055404177,-0.6379453189726595
Paulo Gazzaniga,ARG,GK,Girona,Liga,34,1992,28,28,2472,27.5,0,0,0,0,0,0,4,1,0.0,37.0,1.35,137.0,104.0,75.9,9.0,10.0,9.0,6.0,21.4,4.0,0.0,1.0,0,0,,0.0,0.0,,,88,88.6,88.0,27,0,,2,1.32,31,37,-6,-0.22,1.48,0,1,5,0,0,0,1,0,0.0,0,0.03635041802980734,0.6099744605501883
Jean-Philippe Gbamin,CIV,DF,Metz,1,30,1995,27,27,2277,25.3,1,1,2,1,0,0,2,1,0.08,,,,,,,,,,,,,,14,7,50.0,0.55,0.28,0.07,0.14,84,84.3,84.0,24,0,,0,0.48,25,58,-33,-1.3,-0.03,0,21,8,0,4,24,26,0,-0.51,2,1.9755037534571314,-0.6379453189726595
Yann Gboho,FRA,MF,Toulouse,1,25,2001,29,28,2431,27.0,8,2,10,8,0,0,1,1,0.37,,,,,,,,,,,,,,52,15,28.8,1.93,0.56,0.15,0.53,84,90.0,85.0,21,1,45.0,0,1.24,38,35,3,0.11,1.45,0,16,66,5,32,13,13,0,-5.75,10,0.9626064420584968,-0.6379453189726595
David de Gea,ESP,GK,Fiorentina,A,35,1990,33,33,2970,33.0,0,0,0,0,0,0,1,0,0.0,45.0,1.36,142.0,103.0,71.8,8.0,12.0,13.0,7.0,21.2,5.0,1.0,0.0,0,0,,0.0,0.0,,,90,100.0,90.0,33,0,,0,1.09,38,45,-7,-0.21,,0,0,5,0,0,0,0,0,0.0,0,0.0,0.58667139149248
Lutsharel Geertruida,NED,DF,Sunderland,League,25,2000,25,14,1423,15.8,0,0,0,0,0,0,1,0,0.0,,,,,,,,,,,,,,8,2,25.0,0.51,0.13,0.0,0.0,57,47.9,86.0,11,11,20.0,5,1.24,11,21,-10,-0.63,-0.98,0,14,5,1,7,17,20,0,0.0,0,2.340290955091714,-0.6379453189726595
Yannick Gerhardt,GER,MF,Wolfsburg,,32,1994,16,12,1026,11.4,1,0,1,1,0,0,1,0,0.09,,,,,,,,,,,,,,10,1,10.0,0.88,0.09,0.1,1.0,64,38.0,81.0,4,4,13.0,10,1.13,16,29,-13,-1.14,-0.5,0,20,14,0,7,9,8,0,-0.9,1,1.4899211218229622,-0.6379453189726595
Willem Geubbels,FRA,FW,Paris FC,1,24,2001,21,9,812,9.0,3,0,3,2,1,1,0,0,0.22,,,,,,,,,,,,,,26,6,23.1,2.88,0.67,0.08,0.33,39,30.1,66.0,0,12,18.0,5,1.19,11,16,-5,-0.55,-0.51,0,16,3,7,7,4,2,0,-2.52,2,0.6659267480577137,-0.6379453189726595
Daniele Ghilardi,ITA,DF,Roma,A,23,2003,19,8,965,10.7,0,0,0,0,0,0,1,0,0.0,,,,,,,,,,,,,,1,0,0.0,0.09,0.0,0.0,,51,32.5,84.0,7,11,26.0,14,1.79,17,14,3,0.28,-0.35,0,20,16,0,3,19,13,0,0.0,0,2.987861811391223,-0.6379453189726595
Dimitris Giannoulis,GRE,MF,Augsburg,,30,1995,24,22,1720,19.1,2,4,6,2,0,0,8,0,0.31,,,,,,,,,,,,,,10,6,60.0,0.52,0.31,0.2,0.33,72,63.7,76.0,8,2,25.0,0,1.25,29,37,-8,-0.42,0.32,0,15,16,4,87,20,19,0,-0.7999999999999998,6,2.040816326530612,-0.6379453189726595
Morgan Gibbs-White,ENG,MF,Nottingham Forest,League,26,2000,33,32,2808,31.2,12,2,14,11,1,1,1,0,0.42,,,,,,,,,,,,,,73,27,37.0,2.34,0.87,0.15,0.41,85,94.5,86.0,17,1,45.0,0,1.09,33,41,-8,-0.26,0.3,0,23,39,5,37,10,14,0,-7.95,13,0.768984299903877,-0.6379453189726595
Bryan Gil,ESP,MF,Girona,Liga,25,2001,24,17,1370,15.2,0,3,3,0,0,0,4,0,0.2,,,,,,,,,,,,,,20,5,25.0,1.31,0.33,0.0,0.0,57,49.1,72.0,1,7,22.0,1,1.29,17,18,-1,-0.07,0.63,0,17,33,6,41,9,18,0,0.0,3,1.775147928994083,-0.6379453189726595
Mario Gila,ESP,DF,Lazio,A,25,2000,28,28,2282,25.4,0,0,0,0,0,0,3,1,0.0,,,,,,,,,,,,,,11,3,27.3,0.43,0.12,0.0,0.0,82,76.8,82.0,18,0,,0,1.5,29,23,6,0.24,0.5,0,17,21,0,1,24,33,0,0.0,0,2.243211334120425,-0.6379453189726595
Billy Gilmour,SCO,MF,Napoli,A,24,2001,14,8,699,7.8,1,0,1,1,0,0,1,0,0.13,,,,,,,,,,,,,,9,2,22.2,1.16,0.26,0.11,0.5,50,23.5,76.0,4,6,15.0,5,2.29,14,4,10,1.29,1.09,0,8,6,0,5,10,6,0,-0.78,1,2.0486555697823303,-0.6379453189726595
Benedikt Gimber,GER,DF,Heidenheim,,29,1997,21,18,1436,16.0,0,0,0,0,0,0,6,0,0.0,,,,,,,,,,,,,,4,1,25.0,0.25,0.06,0.0,0.0,68,53.2,75.0,10,3,28.0,6,0.62,8,40,-32,-2.01,-1.93,0,27,31,0,5,15,21,0,0.0,0,2.2485946283572766,-0.6379453189726595
Santiago Giménez,MEX,FW,Milan,A,25,2001,12,8,691,7.7,0,0,0,0,0,0,2,0,0.0,,,,,,,,,,,,,,22,7,31.8,2.87,0.91,0.0,0.0,58,23.3,73.0,1,4,26.0,1,2.0,13,7,6,0.78,0.19,0,9,10,7,1,1,4,0,0.0,0,0.648508430609598,-0.6379453189726595
Gvidas Gineitis,LTU,MF,Torino,A,22,2004,25,19,1465,16.3,0,1,1,0,0,0,4,0,0.06,,,,,,,,,,,,,,20,4,20.0,1.23,0.25,0.0,0.0,59,49.3,72.0,6,6,17.0,5,1.32,17,26,-9,-0.55,-0.07,0,35,30,0,56,20,24,0,0.0,1,2.6977314530962597,-0.6379453189726595
Matthias Ginter,GER,DF,Freiburg,,32,1994,29,29,2602,28.9,2,3,5,2,0,0,2,0,0.17,,,,,,,,,,,,,,17,6,35.3,0.59,0.21,0.12,0.33,90,96.4,90.0,28,0,,0,1.48,44,46,-2,-0.07,1.77,0,15,19,2,10,22,14,0,-1.28,5,1.2452438602559668,-0.6379453189726595
Giovane,BRA,FW,Hellas Verona,A,22,2003,21,19,1533,17.0,3,4,7,3,0,0,2,0,0.41,,,,,,,,,,,,,,47,25,53.2,2.76,1.47,0.06,0.12,73,51.6,77.0,8,2,33.0,0,0.67,12,23,-11,-0.65,0.73,0,21,15,8,56,5,9,0,-1.5,7,0.8230452674897119,-0.6379453189726595
Olivier Giroud,FRA,FW,Lille,1,39,1986,27,17,1539,17.1,7,1,8,4,3,4,2,0,0.29,,,,,,,,,,,,,,40,15,37.5,2.34,0.88,0.1,0.27,57,57.0,78.0,4,10,22.0,0,1.74,16,24,-8,-0.47,-2.25,0,26,27,8,2,4,8,0,-5.5,5,0.7013442431326709,-0.6379453189726595
Jamie Gittens,ENG,MF,Chelsea,League,21,2004,16,5,495,5.5,0,2,2,0,0,0,0,0,0.36,,,,,,,,,,,,,,10,2,20.0,1.82,0.36,0.0,0.0,31,16.7,57.0,1,11,19.0,6,2.06,7,7,0,0.0,-0.4,0,6,8,2,13,2,4,0,0.0,2,1.088929219600726,-0.6379453189726595
Robert Glatzel,GER,FW,Hamburger SV,,32,1994,17,5,482,5.4,2,2,4,2,0,0,0,0,0.75,,,,,,,,,,,,,,15,6,40.0,2.8,1.12,0.13,0.33,28,17.9,65.0,1,12,13.0,5,1.12,7,10,-3,-0.56,-0.07,0,7,10,0,1,0,1,0,-1.22,4,0.18484288354898337,-0.6379453189726595
Serge Gnabry,GER,MF,Bayern Munich,,30,1995,21,16,1219,13.5,8,6,14,8,0,0,1,0,1.03,,,,,,,,,,,,,,50,17,34.0,3.69,1.26,0.16,0.47,58,45.1,68.0,1,5,26.0,4,2.71,48,14,34,2.51,-0.29,0,9,6,6,21,4,10,0,-5.279999999999999,14,1.0362694300518134,-0.6379453189726595
Giorgi Gocholeishvili,GEO,MF,Hamburger SV,,25,2001,22,9,901,10.0,0,2,2,0,0,0,3,1,0.2,,,,,,,,,,,,,,14,2,14.3,1.4,0.2,0.0,0.0,41,33.4,78.0,1,13,15.0,5,1.32,9,12,-3,-0.3,0.3,1,13,18,3,19,6,14,0,0.0,2,1.998001998001998,-0.6379453189726595
Martial Godo,CIV,MF,Strasbourg,1,23,2003,24,15,1299,14.4,8,1,9,8,0,0,2,0,0.62,,,,,,,,,,,,,,36,14,38.9,2.49,0.97,0.22,0.57,54,49.8,78.0,6,9,14.0,2,1.54,31,17,14,0.97,1.31,0,14,25,8,24,12,13,0,-4.92,9,1.7349063150589867,-0.6379453189726595
Aleksandr Golovin,RUS,MF,Monaco,1,29,1996,22,19,1488,16.5,5,5,10,5,0,0,4,1,0.6,,,,,,,,,,,,,,31,18,58.1,1.87,1.09,0.16,0.28,68,55.1,75.0,4,3,24.0,2,1.77,27,17,10,0.6,0.83,1,27,16,2,34,19,16,0,-2.12,10,2.1199273167777104,-0.6379453189726595
Angel Gomes,ENG,MF,Marseille,1,25,2000,14,12,888,9.9,3,0,3,3,0,0,4,0,0.3,,,,,,,,,,,,,,11,5,45.5,1.11,0.51,0.27,0.6,63,32.9,72.0,4,2,13.0,3,2.07,21,9,12,1.22,0.92,0,19,12,0,7,4,5,0,-1.65,3,0.9081735620585267,-0.6379453189726595
João Gomes,BRA,MF,Wolves,League,25,2001,31,28,2471,27.5,1,1,2,1,0,0,9,0,0.07,,,,,,,,,,,,,,17,6,35.3,0.62,0.22,0.06,0.17,80,83.2,86.0,20,3,24.0,1,0.52,19,50,-31,-1.13,-0.05,0,60,41,1,28,32,60,0,-0.64,2,3.3442384587422755,-0.6379453189726595
Rodrigo Gomes,POR,MF,Wolves,League,22,2003,17,6,656,7.3,3,0,3,3,0,0,0,0,0.41,,,,,,,,,,,,,,15,6,40.0,2.06,0.82,0.2,0.5,39,22.1,69.0,1,11,22.0,4,0.59,9,15,-6,-0.82,0.38,0,4,8,3,21,8,14,0,-1.7999999999999998,3,3.009575923392613,-0.6379453189726595
Toti Gomes,POR,DF,Wolves,League,27,1999,15,14,1129,12.5,0,0,0,0,0,0,2,1,0.0,,,,,,,,,,,,,,4,1,25.0,0.32,0.08,0.0,0.0,75,38.0,81.0,9,1,1.0,6,0.27,6,28,-22,-1.75,-1.02,0,10,10,0,10,9,8,0,0.0,0,1.3589128697042365,-0.6379453189726595
Diego Gómez,PAR,MF,Brighton,League,23,2003,30,25,2036,22.6,5,1,6,5,0,0,9,0,0.27,,,,,,,,,,,,,,36,14,38.9,1.59,0.62,0.14,0.36,68,68.6,76.0,2,5,28.0,0,1.5,26,25,1,0.04,-0.44,0,49,10,1,22,17,48,0,-3.04,6,2.874834144183989,-0.6379453189726595
Joe Gomez,ENG,DF,Liverpool,League,28,1997,17,6,522,5.8,0,2,2,0,0,0,2,0,0.34,,,,,,,,,,,,,,3,1,33.3,0.52,0.17,0.0,0.0,31,17.6,63.0,2,11,13.0,10,1.71,15,12,3,0.52,0.22,0,10,0,0,15,8,6,0,0.0,2,2.4096385542168677,-0.6379453189726595
Moi Gómez,ESP,MF,Osasuna,Liga,31,1994,20,10,980,10.9,0,1,1,0,0,0,2,0,0.09,,,,,,,,,,,,,,11,2,18.2,1.01,0.18,0.0,0.0,49,35.1,79.0,3,10,19.0,9,1.0,13,13,0,0.0,0.05,0,15,20,0,24,9,6,0,0.0,1,1.374885426214482,-0.6379453189726595
Sergio Gómez,ESP,DF,Real Sociedad,Liga,25,2000,29,25,2241,24.9,0,2,2,0,0,0,2,1,0.08,,,,,,,,,,,,,,10,0,0.0,0.4,0.0,0.0,,77,80.3,86.0,17,4,20.0,1,1.34,38,36,2,0.08,0.24,0,40,12,4,130,28,46,0,0.0,2,2.9706945002007226,-0.6379453189726595
Unai Gómez,ESP,MF,Athletic Club,Liga,22,2003,20,7,627,7.0,1,1,2,1,0,0,1,0,0.29,,,,,,,,,,,,,,14,3,21.4,2.01,0.43,0.07,0.33,31,22.5,50.0,0,13,21.0,9,1.5,6,15,-9,-1.29,-1.17,0,9,4,3,20,2,5,0,-0.79,2,0.9985734664764623,-0.6379453189726595
Valentín Gómez,ARG,DF,Real Betis,Liga,22,2003,23,15,1510,16.8,1,0,1,1,0,0,5,0,0.06,,,,,,,,,,,,,,10,4,40.0,0.6,0.24,0.1,0.25,66,54.1,90.0,15,8,20.0,7,1.61,21,20,1,0.06,-0.36,0,22,11,1,11,19,24,0,-0.6,1,2.558001189767995,-0.6379453189726595
Nicolás González,ESP,MF,Manchester City,League,24,2002,22,15,1379,15.3,1,0,1,1,0,0,6,0,0.07,,,,,,,,,,,,,,12,2,16.7,0.78,0.13,0.08,0.5,63,47.9,80.0,9,7,25.0,7,2.23,37,13,24,1.57,0.85,0,28,17,0,2,22,26,0,-0.84,1,3.135205747877204,-0.6379453189726595
Nicolás González,ARG,MF,Atlético Madrid,Liga,28,1998,22,17,1330,14.8,3,0,3,3,0,0,4,1,0.2,,,,,,,,,,,,,,40,19,47.5,2.71,1.29,0.08,0.16,60,47.7,69.0,4,5,31.0,0,2.05,25,11,14,0.95,0.64,0,27,21,2,27,11,14,0,-1.48,3,1.6880486158001349,-0.6379453189726595
Urko González,ESP,MF,Espanyol,Liga,25,2001,29,22,2090,23.2,0,1,1,0,0,0,5,0,0.04,,,,,,,,,,,,,,15,1,6.7,0.65,0.04,0.0,0.0,72,74.9,88.0,19,7,22.0,0,1.17,27,39,-12,-0.52,-0.65,0,36,33,1,10,22,27,0,0.0,1,2.1111589831968978,-0.6379453189726595
Anthony Gordon,ENG,FW,Newcastle United,League,25,2001,26,24,1795,19.9,6,2,8,3,3,3,3,1,0.25,,,,,,,,,,,,,,48,20,41.7,2.41,1.0,0.06,0.15,69,60.4,74.0,4,2,13.0,0,1.31,24,28,-4,-0.2,-0.28,0,13,40,5,69,3,13,0,-4.8,5,0.8036162732295329,-0.6379453189726595
Leon Goretzka,GER,MF,Bayern Munich,,31,1995,27,21,1640,18.2,3,2,5,3,0,0,4,0,0.27,,,,,,,,,,,,,,26,8,30.8,1.43,0.44,0.12,0.38,61,60.7,73.0,8,6,18.0,3,2.67,60,13,47,2.58,-0.22,0,13,13,2,6,23,13,0,-2.04,5,1.9769357495881383,-0.6379453189726595
Andoni Gorosabel,ESP,DF,Athletic Club,Liga,29,1996,17,10,863,9.6,0,1,1,0,0,0,3,0,0.1,,,,,,,,,,,,,,5,1,20.0,0.52,0.1,0.0,0.0,51,30.9,74.0,4,7,18.0,13,1.29,13,16,-3,-0.31,0.11,0,9,9,0,32,8,17,0,0.0,1,2.6014568158168574,-0.6379453189726595
Jon Gorrotxategi,ESP,MF,Real Sociedad,Liga,24,2002,25,22,1908,21.2,1,3,4,1,0,0,7,0,0.19,,,,,,,,,,,,,,11,1,9.1,0.52,0.05,0.09,1.0,76,68.4,82.0,14,3,31.0,2,1.32,32,34,-2,-0.09,-0.4,0,26,20,0,5,29,26,0,-0.91,4,2.593116454502593,-0.6379453189726595
Alimami Gory,MLI,MF,Paris FC,1,29,1996,21,8,837,9.3,3,1,4,3,0,0,1,0,0.43,,,,,,,,,,,,,,12,3,25.0,1.29,0.32,0.25,1.0,40,31.0,68.0,1,13,22.0,2,1.24,10,18,-8,-0.86,-0.96,0,10,13,6,10,8,9,0,-2.25,4,1.8259935553168636,-0.6379453189726595
Robin Gosens,GER,DF,Fiorentina,A,31,1994,22,20,1553,17.3,3,1,4,3,0,0,2,0,0.23,,,,,,,,,,,,,,15,7,46.7,0.87,0.41,0.2,0.43,71,52.3,76.0,8,2,20.0,4,1.09,17,20,-3,-0.17,0.08,0,17,20,3,37,15,12,0,-1.5999999999999999,4,1.5597920277296358,-0.6379453189726595
Mario Götze,GER,MF,Eintracht Frankfurt,,33,1992,19,7,793,8.8,0,0,0,0,0,0,1,0,0.0,,,,,,,,,,,,,,5,0,0.0,0.57,0.0,0.0,,42,29.4,68.0,1,12,26.0,6,1.58,14,17,-3,-0.34,-0.39,0,7,12,1,21,4,6,0,0.0,0,1.1350737797956867,-0.6379453189726595
Amine Gouiri,ALG,FW,Marseille,1,26,2000,19,13,1121,12.5,7,3,10,7,0,0,0,0,0.8,,,,,,,,,,,,,,33,15,45.5,2.65,1.2,0.21,0.47,59,41.5,75.0,3,6,25.0,1,1.68,24,21,3,0.24,-0.61,0,10,10,2,36,3,8,0,-3.85,10,0.8792965627498002,-0.6379453189726595
Lucas Gourna-Douath,FRA,MF,Le Havre,1,22,2003,12,12,1049,11.7,0,0,0,0,0,0,3,0,0.0,,,,,,,,,,,,,,8,2,25.0,0.69,0.17,0.0,0.0,87,38.9,87.0,9,0,,0,0.92,8,14,-6,-0.51,-0.13,0,17,28,1,5,14,7,0,0.0,0,1.7933390264731,-0.6379453189726595
Tiago Gouveia,POR,MF,Nice,1,24,2001,15,5,532,5.9,0,0,0,0,0,0,3,0,0.0,,,,,,,,,,,,,,12,4,33.3,2.03,0.68,0.0,0.0,35,19.7,69.0,2,10,19.0,5,1.06,6,17,-11,-1.86,-1.4,0,6,9,0,4,9,3,0,0.0,0,2.030456852791878,-0.6379453189726595
Jeffrey Gouweleeuw,NED,DF,Augsburg,,34,1991,7,6,518,5.8,0,1,1,0,0,0,3,0,0.17,,,,,,,,,,,,,,3,2,66.7,0.52,0.35,0.0,0.0,74,19.2,82.0,4,1,29.0,1,1.0,10,13,-3,-0.52,0.01,0,4,1,0,3,9,7,0,0.0,1,2.753872633390706,-0.6379453189726595
Kamil Grabara,POL,GK,Wolfsburg,,27,1999,30,30,2700,30.0,0,0,0,0,0,0,1,0,0.0,66.0,2.2,163.0,107.0,63.8,6.0,6.0,18.0,1.0,3.3,7.0,3.0,1.0,1,0,0.0,0.03,0.0,0.0,,90,100.0,90.0,30,0,,0,0.8,41,66,-25,-0.83,,0,0,1,0,0,1,1,0,0.0,0,0.06664445184938353,0.27633791409611663
Jonathan Gradit,FRA,DF,Lens,1,33,1992,10,10,807,9.0,0,0,0,0,0,0,2,1,0.0,,,,,,,,,,,,,,2,0,0.0,0.22,0.0,0.0,,81,30.9,81.0,8,0,,0,2.2,19,8,11,1.23,0.38,0,15,9,0,3,16,12,0,0.0,0,3.1076581576026636,-0.6379453189726595
Alberto Grassi,ITA,MF,Cremonese,A,31,1995,25,14,1398,15.5,0,0,0,0,0,0,3,0,0.0,,,,,,,,,,,,,,10,3,30.0,0.64,0.19,0.0,0.0,56,47.1,75.0,4,11,32.0,3,0.92,9,27,-18,-1.16,-0.99,0,12,22,0,2,28,8,0,0.0,0,2.3210831721470018,-0.6379453189726595
Ryan Gravenberch,NED,MF,Liverpool,League,23,2002,31,30,2653,29.5,4,3,7,4,0,0,5,0,0.24,,,,,,,,,,,,,,32,9,28.1,1.09,0.31,0.13,0.44,86,89.3,87.0,26,1,45.0,0,1.68,44,35,9,0.31,-0.26,0,33,37,0,6,39,31,0,-2.83,7,2.3720772619451034,-0.6379453189726595
Archie Gray,ENG,MF,Tottenham Hotspur,League,20,2006,23,18,1469,16.3,2,2,4,2,0,0,5,0,0.25,,,,,,,,,,,,,,11,5,45.5,0.67,0.31,0.18,0.4,64,49.5,78.0,9,5,12.0,7,0.74,18,28,-10,-0.61,-0.55,0,12,2,0,12,17,8,0,-1.1,4,1.5328019619865112,-0.6379453189726595
Jack Grealish,ENG,MF,Everton,League,30,1995,20,18,1627,18.1,2,6,8,2,0,0,5,1,0.44,,,,,,,,,,,,,,26,8,30.8,1.44,0.44,0.08,0.25,81,54.8,88.0,11,2,20.0,0,1.55,23,23,0,0.0,-0.07,1,13,58,0,39,11,15,0,-1.3599999999999999,8,1.435670900055218,-0.6379453189726595
Mason Greenwood,ENG,MF,Marseille,1,24,2001,28,26,2168,24.1,15,6,21,10,5,7,4,0,0.66,,,,,,,,,,,,,,103,42,40.8,4.28,1.74,0.1,0.24,77,80.3,81.0,14,2,33.0,1,1.75,47,31,16,0.66,0.33,0,20,23,0,102,4,10,0,-10.8,16,0.5806719203649937,-0.6379453189726595
Michael Gregoritsch,AUT,FW,Augsburg,,32,1994,13,7,635,7.1,4,1,5,3,1,1,2,0,0.57,,,,,,,,,,,,,,19,7,36.8,2.69,0.99,0.16,0.43,49,23.5,75.0,2,6,19.0,1,1.23,13,10,3,0.43,1.25,0,4,15,2,5,2,4,0,-2.88,4,0.8438818565400844,-0.6379453189726595
Dominik Greif,SVK,GK,Lyon,1,29,1997,25,25,2250,25.0,0,1,1,0,0,0,1,0,0.04,27.0,1.08,92.0,69.0,72.8,13.0,5.0,7.0,11.0,44.0,2.0,3.0,0.0,0,0,,0.0,0.0,,,90,83.3,90.0,25,0,,4,1.76,39,27,12,0.48,-0.12,0,0,6,0,0,0,0,0,0.0,1,0.0,0.7337242353942073
Antoine Griezmann,FRA,FW,Atlético Madrid,Liga,35,1991,27,8,1042,11.6,6,1,7,6,0,0,1,0,0.6,,,,,,,,,,,,,,36,19,52.8,3.11,1.64,0.17,0.32,39,37.3,65.0,1,19,28.0,1,1.89,24,15,9,0.78,0.26,0,2,6,14,52,3,7,0,-2.7699999999999996,7,0.8613264427217916,-0.6379453189726595
Vincenzo Grifo,ITA,MF,Freiburg,,33,1993,29,18,1453,16.1,7,3,10,3,4,4,0,0,0.37,,,,,,,,,,,,,,28,11,39.3,1.73,0.68,0.11,0.27,50,53.8,69.0,3,11,19.0,1,1.48,24,26,-2,-0.12,0.02,0,9,9,2,106,15,4,0,-5.79,6,1.1793916821849781,-0.6379453189726595
Álex Grimaldo,ESP,MF,Leverkusen,,30,1995,25,25,2161,24.0,8,6,14,5,3,3,5,0,0.46,,,,,,,,,,,,,,53,19,35.8,2.21,0.79,0.09,0.26,86,80.0,86.0,21,0,,1,1.8,52,34,18,0.75,0.58,0,11,27,6,141,14,20,0,-6.29,11,1.4160766347355267,-0.6379453189726595
Pascal Groß,GER,MF,Dortmund,,34,1991,11,7,613,6.8,0,1,1,0,0,0,0,0,0.15,,,,,,,,,,,,,,8,1,12.5,1.17,0.15,0.0,0.0,56,22.7,78.0,1,4,16.0,4,2.0,9,5,4,0.59,-0.53,0,10,4,0,23,5,6,0,0.0,1,1.6152716593245229,-0.6379453189726595
Pascal Groß,GER,MF,Brighton,League,34,1991,14,13,1186,13.2,1,3,4,1,0,0,2,0,0.3,,,,,,,,,,,,,,11,4,36.4,0.83,0.3,0.09,0.25,85,39.9,90.0,11,1,20.0,0,1.57,15,10,5,0.38,0.33,0,12,12,4,84,9,15,0,-0.64,4,1.8168054504163513,-0.6379453189726595
Brajan Gruda,GER,MF,RB Leipzig,,21,2004,9,6,545,6.1,3,2,5,3,0,0,1,0,0.83,,,,,,,,,,,,,,16,9,56.3,2.64,1.49,0.19,0.33,61,20.2,79.0,2,3,24.0,0,2.22,16,6,10,1.65,1.15,0,7,10,1,15,0,8,0,-1.29,5,1.309328968903437,-0.6379453189726595
Brajan Gruda,GER,MF,Brighton,League,21,2004,18,8,719,8.0,1,1,2,1,0,0,2,0,0.25,,,,,,,,,,,,,,16,6,37.5,2.0,0.75,0.06,0.17,40,24.2,69.0,0,10,17.0,1,1.28,14,11,3,0.38,0.26,0,11,14,2,14,2,5,0,-0.64,2,0.8739076154806492,-0.6379453189726595
Ilia Gruev,BUL,MF,Leeds United,League,25,2000,23,15,1323,14.7,0,3,3,0,0,0,3,0,0.2,,,,,,,,,,,,,,7,1,14.3,0.48,0.07,0.0,0.0,58,44.5,79.0,6,8,17.0,10,1.52,17,22,-5,-0.34,-0.23,0,16,9,0,16,14,13,0,0.0,3,1.8354860639021076,-0.6379453189726595
Marco Grüll,AUT,MF,Werder Bremen,,27,1998,30,23,1936,21.5,3,1,4,3,0,0,5,0,0.19,,,,,,,,,,,,,,40,12,30.0,1.86,0.56,0.08,0.25,65,71.7,77.0,6,7,24.0,0,1.03,21,36,-15,-0.7,-0.34,0,31,27,1,60,13,20,0,-2.04,4,1.5341701534170151,-0.6379453189726595
Nemanja Gudelj,SRB,DF,Sevilla,Liga,34,1991,27,22,2040,22.7,2,0,2,2,0,0,8,0,0.09,,,,,,,,,,,,,,22,6,27.3,0.97,0.26,0.09,0.33,76,73.1,87.0,18,5,27.0,3,1.15,30,37,-7,-0.31,0.29,0,33,10,0,6,19,22,0,-1.46,2,1.805372082782915,-0.6379453189726595
Gabriel Gudmundsson,SWE,DF,Leeds United,League,26,1999,31,30,2541,28.2,0,0,0,0,0,0,6,1,0.0,,,,,,,,,,,,,,18,3,16.7,0.64,0.11,0.0,0.0,82,85.6,84.0,20,1,22.0,0,1.19,38,43,-5,-0.18,0.24,1,31,54,3,84,27,45,1,0.0,0,2.552286423254165,-0.6379453189726595
Gonçalo Guedes,POR,MF,Real Sociedad,Liga,29,1996,31,22,1811,20.1,8,4,12,8,0,0,3,0,0.6,,,,,,,,,,,,,,46,18,39.1,2.29,0.89,0.17,0.44,58,64.9,72.0,5,9,26.0,0,1.35,32,24,8,0.4,1.04,0,18,33,13,70,4,15,0,-4.9399999999999995,12,0.9448035803083041,-0.6379453189726595
Marc Guéhi,ENG,DF,Crystal Palace,League,25,2000,20,20,1800,20.0,2,2,4,2,0,0,4,0,0.2,,,,,,,,,,,,,,15,4,26.7,0.75,0.2,0.13,0.5,90,62.5,90.0,20,0,,0,1.35,22,23,-1,-0.05,-0.05,0,14,18,0,10,24,19,0,-1.48,4,2.148925537231384,-0.6379453189726595
Marc Guéhi,ENG,DF,Manchester City,League,25,2000,10,10,900,10.0,1,0,1,1,0,0,2,0,0.1,,,,,,,,,,,,,,14,5,35.7,1.4,0.5,0.07,0.2,90,31.3,90.0,10,0,,0,2.4,20,8,12,1.2,0.11,0,5,10,0,4,19,8,0,-0.6499999999999999,1,2.6973026973026974,-0.6379453189726595
Mattéo Guendouzi,FRA,MF,Lazio,A,27,1999,16,16,1428,15.9,2,1,3,2,0,0,5,1,0.19,,,,,,,,,,,,,,16,8,50.0,1.01,0.5,0.13,0.25,89,48.1,89.0,14,0,,0,1.25,13,12,1,0.06,-0.11,0,17,21,0,20,11,8,0,-0.96,3,1.1942174732872408,-0.6379453189726595
Javier Guerra,ESP,MF,Valencia,Liga,22,2003,29,19,1555,17.3,1,3,4,1,0,0,3,0,0.23,,,,,,,,,,,,,,18,6,33.3,1.04,0.35,0.06,0.17,54,55.7,73.0,4,10,17.0,2,1.21,19,23,-4,-0.23,0.35,0,24,13,1,31,20,12,0,-0.64,4,1.8486424032351239,-0.6379453189726595
Raphaël Guerreiro,POR,MF,Bayern Munich,,32,1993,16,7,707,7.9,5,2,7,5,0,0,0,0,0.89,,,,,,,,,,,,,,10,5,50.0,1.27,0.64,0.5,1.0,44,26.2,70.0,1,9,24.0,10,3.0,29,4,25,3.18,0.7,0,3,2,1,4,1,7,0,-2.5,7,1.011378002528445,-0.6379453189726595
Evann Guessand,CIV,MF,Aston Villa,League,24,2001,13,6,588,6.5,0,1,1,0,0,0,0,0,0.15,,,,,,,,,,,,,,8,5,62.5,1.22,0.77,0.0,0.0,45,19.8,67.0,0,7,27.0,5,1.77,9,10,-1,-0.15,-0.42,0,11,12,0,10,3,9,0,0.0,1,1.8433179723502304,-0.6379453189726595
Ander Guevara,ESP,MF,Alavés,Liga,28,1997,21,2,593,6.6,1,0,1,1,0,0,4,1,0.15,,,,,,,,,,,,,,4,1,25.0,0.61,0.15,0.25,1.0,28,21.3,83.0,1,19,23.0,9,1.14,13,10,3,0.46,1.03,1,10,5,0,5,9,8,0,-0.75,1,2.5718608169440245,-0.6379453189726595
Pape Gueye,SEN,MF,Villarreal,Liga,27,1999,25,21,1760,19.6,4,2,6,3,1,1,7,0,0.26,,,,,,,,,,,,,,40,11,27.5,2.05,0.56,0.08,0.27,70,63.1,80.0,9,4,23.0,1,1.96,37,21,16,0.82,0.47,0,32,45,2,14,30,20,0,-3.12,5,2.549719530851606,-0.6379453189726595
Morgan Guilavogui,GUI,MF,Lens,1,28,1998,16,3,491,5.5,1,0,1,1,0,0,3,1,0.18,,,,,,,,,,,,,,10,2,20.0,1.83,0.37,0.1,0.5,31,18.8,75.0,1,13,21.0,0,2.31,9,5,4,0.73,-0.29,0,15,12,4,4,3,10,0,-0.8,1,2.3593466424682394,-0.6379453189726595
Bruno Guimarães,BRA,MF,Newcastle United,League,28,1997,24,22,2046,22.7,9,4,13,7,2,2,5,0,0.48,,,,,,,,,,,,,,33,18,54.5,1.45,0.79,0.21,0.39,85,68.9,90.0,18,2,37.0,1,1.46,37,31,6,0.26,1.14,0,34,54,1,64,13,36,0,-5.220000000000001,11,2.157639806252752,-0.6379453189726595
Daouda Guindo,MLI,DF,Brest,1,23,2002,21,15,1338,14.9,0,0,0,0,0,0,4,1,0.0,,,,,,,,,,,,,,17,4,23.5,1.14,0.27,0.0,0.0,64,51.3,81.0,10,6,19.0,4,1.33,17,20,-3,-0.2,0.01,0,24,14,1,23,19,26,0,0.0,0,3.0181086519114686,-0.6379453189726595
Bahereba Guirassy,FRA,FW,Nantes,1,19,2006,19,9,798,8.9,2,1,3,2,0,0,2,0,0.34,,,,,,,,,,,,,,14,7,50.0,1.58,0.79,0.14,0.29,42,30.6,65.0,0,10,21.0,4,0.89,9,10,-1,-0.11,0.88,0,14,8,3,23,5,13,0,-1.02,3,2.0202020202020203,-0.6379453189726595
Serhou Guirassy,GUI,FW,Dortmund,,30,1996,29,23,2020,22.4,14,1,15,13,1,3,3,0,0.62,,,,,,,,,,,,,,71,33,46.5,3.16,1.47,0.18,0.39,70,74.8,82.0,9,6,24.0,1,2.1,45,21,24,1.07,0.28,0,32,33,7,3,0,1,0,-8.06,14,0.04462293618920125,-0.6379453189726595
Péter Gulácsi,HUN,GK,RB Leipzig,,35,1990,22,22,1918,21.3,0,0,0,0,0,0,1,0,0.0,28.0,1.31,78.0,51.0,66.7,12.0,4.0,6.0,9.0,40.9,2.0,0.0,0.0,0,0,,0.0,0.0,,,87,71.0,87.0,21,0,,3,1.82,40,28,12,0.56,-0.59,0,0,0,0,0,0,0,0,0.0,0,0.0,0.5828711081133244
Arda Güler,TUR,MF,Real Madrid,Liga,21,2005,31,24,1940,21.6,4,8,12,4,0,0,1,0,0.56,,,,,,,,,,,,,,48,19,39.6,2.23,0.88,0.08,0.21,63,69.5,73.0,3,7,28.0,0,2.26,40,20,20,0.93,-0.77,0,21,29,3,126,7,27,0,-2.48,12,1.5733456732993982,-0.6379453189726595
Gerard Gumbau,ESP,MF,Rayo Vallecano,Liga,31,1994,22,11,859,9.5,0,1,1,0,0,0,4,0,0.1,,,,,,,,,,,,,,11,5,45.5,1.15,0.52,0.0,0.0,39,30.8,65.0,2,11,13.0,9,1.0,8,17,-9,-0.94,-0.94,0,30,4,0,36,7,11,0,0.0,1,1.8927444794952681,-0.6379453189726595
Christian Günter,GER,DF,Freiburg,,33,1993,22,16,1386,15.4,0,3,3,0,0,0,3,0,0.19,,,,,,,,,,,,,,8,0,0.0,0.52,0.0,0.0,,63,51.3,80.0,8,6,17.0,8,1.41,21,26,-5,-0.32,-0.39,0,9,6,4,68,8,11,0,0.0,3,1.2329656067488644,-0.6379453189726595
Jon Guridi,ESP,MF,Alavés,Liga,31,1995,21,10,802,8.9,0,0,0,0,0,0,1,0,0.0,,,,,,,,,,,,,,10,3,30.0,1.12,0.34,0.0,0.0,38,28.7,60.0,0,11,18.0,9,1.0,10,18,-8,-0.9,-0.76,0,10,5,2,9,4,11,0,0.0,0,1.6835016835016834,-0.6379453189726595
Gorka Guruzeta,ESP,FW,Athletic Club,Liga,29,1996,28,22,1821,20.2,7,1,8,6,1,1,5,1,0.35,,,,,,,,,,,,,,63,25,39.7,3.11,1.24,0.1,0.24,65,65.3,75.0,9,6,29.0,2,1.25,22,25,-3,-0.15,0.69,1,39,28,9,7,9,3,0,-4.5,7,0.5937654626422563,-0.6379453189726595
Malo Gusto,FRA,DF,Chelsea,League,22,2003,30,22,1908,21.2,2,3,5,2,0,0,4,1,0.24,,,,,,,,,,,,,,11,5,45.5,0.52,0.24,0.18,0.4,64,64.2,78.0,8,8,24.0,1,1.47,39,27,12,0.57,0.65,1,15,15,1,47,23,22,0,-1.1,5,2.1216407355021216,-0.6379453189726595
Miguel Gutiérrez,ESP,MF,Napoli,A,24,2001,23,11,1120,12.4,1,1,2,1,0,0,0,0,0.16,,,,,,,,,,,,,,12,4,33.3,0.96,0.32,0.08,0.25,49,37.7,79.0,6,12,21.0,6,1.87,16,16,0,0.0,-0.73,0,14,24,1,39,6,16,0,-0.6799999999999999,2,1.7727639000805802,-0.6379453189726595
Albert Guðmundsson,ISL,FW,Fiorentina,A,28,1997,28,24,2008,22.3,5,4,9,2,3,3,3,1,0.27,,,,,,,,,,,,,,35,13,37.1,1.57,0.58,0.06,0.15,72,67.6,79.0,8,4,31.0,2,0.96,27,25,2,0.09,0.93,0,31,27,5,48,2,4,0,-4.22,6,0.26893769610040336,-0.6379453189726595
Joško Gvardiol,CRO,DF,Manchester City,League,24,2002,16,15,1302,14.5,2,2,4,2,0,0,2,0,0.28,,,,,,,,,,,,,,16,5,31.3,1.11,0.35,0.13,0.4,81,45.2,85.0,12,1,34.0,1,2.25,35,13,22,1.52,0.72,0,16,7,0,2,14,13,0,-1.35,4,1.8607856650585803,-0.6379453189726595
Viktor Gyökeres,SWE,FW,Arsenal,League,27,1998,31,24,1989,22.1,12,0,12,9,3,3,5,0,0.41,,,,,,,,,,,,,,47,18,38.3,2.13,0.81,0.19,0.5,64,67.0,76.0,9,7,25.0,0,2.13,47,13,34,1.54,1.26,0,30,25,3,7,1,5,0,-8.58,9,0.27137042062415195,-0.6379453189726595
Erling Haaland,NOR,FW,Manchester City,League,25,2000,31,30,2593,28.8,23,7,30,20,3,4,2,0,0.94,,,,,,,,,,,,,,111,51,45.9,3.85,1.77,0.18,0.39,84,90.0,86.0,22,1,18.0,0,2.06,61,28,33,1.15,0.2,0,20,24,3,3,4,7,0,-13.82,27,0.38181187087816726,-0.6379453189726595
Janik Haberer,GER,MF,Union Berlin,,32,1994,27,19,1587,17.6,0,1,1,0,0,0,8,0,0.06,,,,,,,,,,,,,,11,1,9.1,0.62,0.06,0.0,0.0,59,58.8,74.0,7,8,22.0,2,1.04,17,37,-20,-1.13,-1.3,0,22,21,1,67,10,17,0,0.0,1,1.5332197614991478,-0.6379453189726595
Albian Hajdari,KVX,DF,Hoffenheim,,22,2003,26,24,2100,23.3,1,1,2,1,0,0,9,0,0.09,,,,,,,,,,,,,,17,4,23.5,0.73,0.17,0.06,0.25,81,77.8,85.0,17,2,32.0,1,1.77,46,31,15,0.64,0.64,0,38,22,0,15,33,35,0,-0.76,2,2.917202917202917,-0.6379453189726595
Achraf Hakimi,MAR,DF,Paris Saint-Germain,1,27,1998,16,13,1271,14.1,2,1,3,2,0,0,3,1,0.21,,,,,,,,,,,,,,23,7,30.4,1.63,0.5,0.09,0.29,79,50.4,89.0,12,3,39.0,1,2.13,27,15,12,0.85,-0.95,0,9,17,4,42,11,12,0,-1.37,3,1.630049610205528,-0.6379453189726595
Lewis Hall,ENG,DF,Newcastle United,League,21,2004,26,21,1888,21.0,1,1,2,1,0,0,3,0,0.1,,,,,,,,,,,,,,22,5,22.7,1.05,0.24,0.05,0.2,73,63.6,86.0,16,5,18.0,3,1.23,29,35,-6,-0.29,-0.54,0,15,37,0,92,26,28,0,-0.75,2,2.570204664445502,-0.6379453189726595
Andreas Hanche-Olsen,NOR,DF,Mainz 05,,29,1997,13,8,851,9.5,0,1,1,0,0,0,3,0,0.11,,,,,,,,,,,,,,6,3,50.0,0.63,0.32,0.0,0.0,65,31.5,83.0,5,5,38.0,2,0.54,9,13,-4,-0.42,-0.18,0,13,6,2,0,13,5,1,0.0,1,1.8927444794952681,-0.6379453189726595
Dávid Hancko,SVK,DF,Atlético Madrid,Liga,28,1997,26,23,2117,23.5,0,2,2,0,0,0,2,0,0.09,,,,,,,,,,,,,,19,5,26.3,0.81,0.21,0.0,0.0,81,75.9,89.0,21,3,25.0,4,1.96,44,25,19,0.81,0.81,0,15,4,2,29,18,26,0,0.0,2,1.871544023819651,-0.6379453189726595
Florent Hanin,ALG,DF,Angers,1,36,1990,21,8,771,8.6,0,0,0,0,0,0,0,0,0.0,,,,,,,,,,,,,,2,0,0.0,0.23,0.0,0.0,,37,28.6,73.0,1,13,14.0,9,1.05,8,13,-5,-0.58,-0.16,0,7,7,0,20,12,8,0,0.0,0,2.3228803716608595,-0.6379453189726595
Hákon Haraldsson,ISL,MF,Lille,1,23,2003,28,25,2124,23.6,7,2,9,7,0,0,5,0,0.38,,,,,,,,,,,,,,42,13,31.0,1.78,0.55,0.17,0.54,76,78.7,82.0,8,3,22.0,0,1.82,39,24,15,0.64,0.64,0,25,35,0,67,11,10,0,-4.79,9,0.8894536213468868,-0.6379453189726595
Conrad Harder,DEN,FW,RB Leipzig,,21,2005,26,7,811,9.0,3,3,6,3,0,0,3,0,0.67,,,,,,,,,,,,,,38,12,31.6,4.22,1.33,0.08,0.25,31,30.0,78.0,3,19,14.0,1,1.92,16,16,0,0.0,-1.05,0,19,17,4,13,7,5,0,-2.04,6,1.3318534961154274,-0.6379453189726595
Jack Harrison,ENG,FW,Fiorentina,A,29,1996,11,7,722,8.0,1,3,4,1,0,0,0,0,0.5,,,,,,,,,,,,,,7,2,28.6,0.87,0.25,0.14,0.5,66,24.3,87.0,5,4,28.0,1,1.73,10,6,4,0.5,0.94,0,7,5,0,43,1,2,0,-0.72,4,0.37453183520599254,-0.6379453189726595
Abdou Harroui,NED,MF,Hellas Verona,A,28,1998,20,10,782,8.7,1,0,1,0,1,1,2,0,0.0,,,,,,,,,,,,,,11,2,18.2,1.27,0.23,0.0,0.0,39,26.3,66.0,0,10,13.0,9,0.55,6,19,-13,-1.5,-0.67,0,19,1,2,26,1,14,0,-1.0,0,1.7221584385763493,-0.6379453189726595
Quilindschy Hartman,NED,DF,Burnley,League,24,2001,19,19,1671,18.6,0,5,5,0,0,0,1,0,0.27,,,,,,,,,,,,,,7,3,42.9,0.38,0.16,0.0,0.0,88,56.3,88.0,15,0,,7,0.58,18,36,-18,-0.97,0.07,0,11,3,1,73,27,25,0,0.0,5,2.794196668457818,-0.6379453189726595
Haissem Hassan,EGY,MF,Oviedo,Liga,24,2002,30,17,1637,18.2,0,3,3,0,0,0,1,0,0.16,,,,,,,,,,,,,,30,7,23.3,1.65,0.38,0.0,0.0,55,58.7,73.0,3,13,31.0,1,0.87,11,27,-16,-0.88,-0.26,0,9,13,3,97,6,21,0,0.0,3,1.4827018121911038,-0.6379453189726595
Hans Hateboer,NED,DF,Lyon,1,32,1994,14,8,695,7.7,0,0,0,0,0,0,0,1,0.0,,,,,,,,,,,,,,6,1,16.7,0.78,0.13,0.0,0.0,50,25.7,74.0,3,6,17.0,5,2.0,12,8,4,0.52,0.02,0,8,3,1,20,9,10,0,0.0,0,2.4643320363164722,-0.6379453189726595
Jorrel Hato,NED,DF,Chelsea,League,20,2006,18,8,827,9.2,0,0,0,0,0,0,5,0,0.0,,,,,,,,,,,,,,4,0,0.0,0.44,0.0,0.0,,46,27.8,75.0,4,10,23.0,12,1.39,10,20,-10,-1.09,-1.97,0,14,2,0,7,10,15,0,0.0,0,2.714440825190011,-0.6379453189726595
Ayden Heaven,ENG,DF,Manchester Utd,League,19,2006,15,9,744,8.3,0,1,1,0,0,0,2,0,0.12,,,,,,,,,,,,,,3,0,0.0,0.36,0.0,0.0,,50,25.1,77.0,5,6,8.0,18,1.87,15,12,3,0.36,-0.04,0,7,6,0,1,1,11,1,0.0,1,1.4440433212996389,-0.6379453189726595
Jan Paul van Hecke,NED,DF,Brighton,League,25,2000,31,31,2760,30.7,3,3,6,3,0,0,8,0,0.2,,,,,,,,,,,,,,20,9,45.0,0.65,0.29,0.15,0.33,89,92.9,89.0,30,0,,0,1.48,45,37,8,0.26,1.12,0,25,37,4,21,36,26,1,-1.6500000000000001,6,2.018886356235754,-0.6379453189726595
Hwang Hee-chan,KOR,FW,Wolves,League,30,1996,22,15,1185,13.2,2,1,3,1,1,1,3,0,0.15,,,,,,,,,,,,,,16,6,37.5,1.22,0.46,0.06,0.17,54,39.9,70.0,0,7,19.0,6,0.36,8,24,-16,-1.22,-0.16,0,23,15,7,17,7,3,0,-1.6400000000000001,2,0.757002271006813,-0.6379453189726595
Torbjørn Heggem,NOR,DF,Bologna,A,27,1999,23,21,1914,21.3,0,0,0,0,0,0,0,1,0.0,,,,,,,,,,,,,,10,2,20.0,0.47,0.09,0.0,0.0,83,64.4,88.0,18,2,34.0,5,1.22,29,28,1,0.05,-0.12,0,29,12,0,1,21,13,0,0.0,0,1.5954950727358046,-0.6379453189726595
Gauthier Hein,FRA,MF,Metz,1,29,1996,25,22,1991,22.1,6,5,11,2,4,4,3,1,0.32,,,,,,,,,,,,,,33,10,30.3,1.49,0.45,0.06,0.2,80,73.7,87.0,15,3,29.0,0,0.44,23,52,-29,-1.31,-0.04,1,15,14,3,113,7,7,0,-5.4,7,0.6331976481230212,-0.6379453189726595
Dean Henderson,ENG,GK,Crystal Palace,League,29,1997,31,31,2790,31.0,0,0,0,0,0,0,3,0,0.0,36.0,1.16,121.0,89.0,73.6,11.0,9.0,11.0,11.0,35.5,4.0,1.0,0.0,0,0,,0.0,0.0,,,90,96.9,90.0,31,0,,0,1.35,35,36,-1,-0.03,-0.03,0,1,5,0,0,1,0,0,0.0,0,0.032247662044501774,0.7447709075842102
Jordan Henderson,ENG,MF,Brentford,League,35,1990,29,21,1820,20.2,1,3,4,1,0,0,4,0,0.2,,,,,,,,,,,,,,6,1,16.7,0.3,0.05,0.17,1.0,63,61.3,80.0,10,8,18.0,1,1.48,27,26,1,0.05,-0.19,0,13,7,1,44,16,13,0,-0.83,4,1.4349332013854528,-0.6379453189726595
Ramon Hendriks,NED,DF,Stuttgart,,24,2001,27,19,1710,19.0,0,2,2,0,0,0,3,0,0.11,,,,,,,,,,,,,,4,0,0.0,0.21,0.0,0.0,,63,63.3,86.0,14,8,11.0,2,1.81,41,32,9,0.47,-0.53,0,12,20,0,19,18,12,0,0.0,2,1.5781167806417673,-0.6379453189726595
Luis Henrique,BRA,MF,Inter,A,24,2001,27,17,1469,16.3,1,2,3,1,0,0,1,0,0.18,,,,,,,,,,,,,,15,7,46.7,0.92,0.43,0.07,0.14,54,49.5,74.0,7,10,21.0,6,2.56,31,13,18,1.1,-0.76,0,5,0,1,39,7,15,0,-0.51,3,1.3488657265481299,-0.6379453189726595
Rico Henry,JAM,DF,Brentford,League,28,1997,25,14,1328,14.8,0,1,1,0,0,0,2,0,0.07,,,,,,,,,,,,,,5,0,0.0,0.34,0.0,0.0,,53,44.7,80.0,6,11,19.0,4,1.64,28,22,6,0.41,0.52,0,15,17,2,26,7,11,0,0.0,1,1.2153950033760972,-0.6379453189726595
Mads Hermansen,DEN,GK,West Ham United,League,25,2000,13,13,1170,13.0,0,0,0,0,0,0,0,0,0.0,20.0,1.54,61.0,40.0,67.2,4.0,4.0,5.0,6.0,46.2,0.0,0.0,0.0,0,0,,0.0,0.0,,,90,39.4,90.0,13,0,,20,1.23,15,20,-5,-0.38,0.22,0,0,2,0,0,0,0,0,0.0,0,0.0,0.4898419004839083
Mario Hermoso,ESP,DF,Roma,A,30,1995,22,20,1711,19.0,2,1,3,2,0,0,6,0,0.16,,,,,,,,,,,,,,14,5,35.7,0.74,0.26,0.14,0.4,78,57.6,82.0,12,2,39.0,2,1.68,21,16,5,0.26,-0.59,0,31,17,0,9,27,16,0,-1.2999999999999998,3,2.261967385586533,-0.6379453189726595
Lucas Hernández,FRA,DF,Paris Saint-Germain,1,30,1996,20,16,1431,15.9,0,2,2,0,0,0,3,0,0.13,,,,,,,,,,,,,,7,2,28.6,0.44,0.13,0.0,0.0,72,56.8,86.0,13,4,15.0,8,2.5,37,11,26,1.64,0.73,0,17,17,0,12,17,9,0,0.0,2,1.6341923318667504,-0.6379453189726595
Jorge Herrando,ESP,DF,Osasuna,Liga,25,2001,26,15,1450,16.1,0,1,1,0,0,0,3,0,0.06,,,,,,,,,,,,,,3,0,0.0,0.19,0.0,0.0,,56,52.0,80.0,9,11,23.0,5,1.27,17,24,-7,-0.43,-0.84,0,23,9,0,2,20,13,0,0.0,1,2.0484171322160147,-0.6379453189726595
Sergio Herrera,ESP,GK,Osasuna,Liga,32,1993,31,31,2790,31.0,0,0,0,0,0,0,3,0,0.0,38.0,1.23,133.0,103.0,77.4,10.0,9.0,12.0,7.0,22.6,8.0,0.0,0.0,0,0,,0.0,0.0,,,90,100.0,90.0,31,0,,0,1.26,37,38,-1,-0.03,,0,2,4,0,0,0,0,0,0.0,0,0.0,0.6639980968224994
Daniel Heuer Fernandes,POR,GK,Hamburger SV,,33,1992,30,30,2700,30.0,0,0,0,0,0,0,3,0,0.0,48.0,1.6,136.0,96.0,69.1,7.0,10.0,13.0,6.0,20.0,6.0,2.0,2.0,1,0,0.0,0.03,0.0,0.0,,90,100.0,90.0,30,0,,0,1.03,33,48,-15,-0.5,,0,0,4,0,0,0,0,0,0.0,0,0.0,0.5160777469351647
Aaron Hickey,SCO,DF,Brentford,League,23,2002,18,7,599,6.7,0,0,0,0,0,0,1,0,0.0,,,,,,,,,,,,,,5,1,20.0,0.75,0.15,0.0,0.0,33,20.2,69.0,1,11,10.0,6,1.5,8,8,0,0.0,-0.15,0,6,8,0,4,7,6,0,0.0,0,1.9374068554396424,-0.6379453189726595
Santiago Hidalgo,ARG,FW,Toulouse,1,21,2005,25,11,1070,11.9,4,5,9,4,0,0,4,0,0.76,,,,,,,,,,,,,,28,10,35.7,2.36,0.84,0.14,0.4,43,39.6,72.0,3,14,20.0,4,1.36,24,11,13,1.09,1.87,0,33,25,7,10,6,14,0,-2.5999999999999996,9,1.6792611251049538,-0.6379453189726595
Isak Hien,SWE,DF,Atalanta,A,27,1999,25,18,1756,19.5,1,0,1,1,0,0,4,0,0.05,,,,,,,,,,,,,,8,3,37.5,0.41,0.15,0.13,0.33,70,59.1,86.0,16,7,29.0,3,1.56,24,21,3,0.15,-0.81,0,34,15,0,0,22,31,1,-0.61,1,2.7165556125064065,-0.6379453189726595
Omar El Hilali,MAR,DF,Espanyol,Liga,22,2003,29,26,2274,25.3,0,2,2,0,0,0,7,0,0.08,,,,,,,,,,,,,,1,0,0.0,0.04,0.0,0.0,,78,81.5,86.0,20,3,14.0,1,1.31,29,40,-11,-0.44,-0.44,0,34,21,1,44,31,44,0,0.0,2,2.963255630185697,-0.6379453189726595
James Hill,ENG,DF,Bournemouth,League,24,2002,24,17,1656,18.4,0,3,3,0,0,0,3,0,0.16,,,,,,,,,,,,,,10,2,20.0,0.54,0.11,0.0,0.0,69,55.8,88.0,15,7,23.0,5,1.75,26,20,6,0.33,0.74,0,11,12,1,10,29,15,1,0.0,3,2.390005431830527,-0.6379453189726595
Piero Hincapié,ECU,DF,Arsenal,League,24,2002,22,18,1593,17.7,1,2,3,1,0,0,2,0,0.17,,,,,,,,,,,,,,2,1,50.0,0.11,0.06,0.5,1.0,72,53.6,85.0,13,4,17.0,3,2.23,38,18,20,1.13,0.02,0,16,12,0,30,20,23,1,-0.5,3,2.4280067758328627,-0.6379453189726595
Jack Hinshelwood,ENG,MF,Brighton,League,21,2005,22,15,1324,14.7,1,3,4,1,0,0,0,0,0.27,,,,,,,,,,,,,,26,8,30.8,1.77,0.54,0.04,0.13,60,44.6,73.0,4,7,32.0,2,1.36,17,18,-1,-0.07,-0.45,0,29,9,2,6,6,11,1,-0.6799999999999999,4,1.1556764106050306,-0.6379453189726595
Jonas Hofmann,GER,MF,Leverkusen,,33,1992,22,11,984,10.9,2,2,4,2,0,0,3,0,0.37,,,,,,,,,,,,,,22,7,31.8,2.01,0.64,0.09,0.29,45,36.4,72.0,3,11,18.0,5,1.68,20,10,10,0.91,0.44,0,4,9,2,36,2,10,0,-1.37,4,1.0999083409715857,-0.6379453189726595
Malthe Hojholt,DEN,MF,Pisa,A,25,2001,14,8,689,7.7,0,0,0,0,0,0,1,0,0.0,,,,,,,,,,,,,,4,2,50.0,0.52,0.26,0.0,0.0,49,23.2,65.0,1,6,28.0,19,0.64,7,19,-12,-1.57,-0.62,0,12,5,0,4,7,7,0,0.0,0,1.8158236057068742,-0.6379453189726595
Lucas Höler,GER,FW,Freiburg,,31,1994,29,22,1781,19.8,3,1,4,3,0,0,3,0,0.2,,,,,,,,,,,,,,29,14,48.3,1.47,0.71,0.1,0.21,61,66.0,77.0,8,7,11.0,1,1.38,25,35,-10,-0.51,-1.09,0,26,26,10,8,9,8,0,-1.5999999999999999,4,0.8581524482584553,-0.6379453189726595
Benedict Hollerbach,GER,FW,Mainz 05,,24,2001,14,13,872,9.7,1,3,4,1,0,0,0,0,0.41,,,,,,,,,,,,,,22,6,27.3,2.27,0.62,0.05,0.17,62,32.3,66.0,0,1,14.0,0,0.79,12,15,-3,-0.31,-0.01,0,18,12,5,20,1,8,0,-0.7,4,0.9268795056642637,-0.6379453189726595
Emil Holm,SWE,DF,Bologna,A,25,2000,11,8,655,7.3,1,4,5,1,0,0,3,1,0.69,,,,,,,,,,,,,,8,1,12.5,1.1,0.14,0.13,1.0,60,22.1,78.0,2,3,11.0,5,1.36,14,9,5,0.69,0.76,1,11,14,0,23,7,13,0,-0.87,5,2.735978112175103,-0.6379453189726595
Franck Honorat,FRA,MF,Gladbach,,29,1996,24,21,1742,19.4,2,6,8,2,0,0,0,0,0.41,,,,,,,,,,,,,,17,5,29.4,0.88,0.26,0.12,0.4,73,64.5,79.0,7,3,30.0,0,1.08,21,30,-9,-0.46,0.0,0,11,5,8,116,4,10,0,-1.4,8,0.7212776919113859,-0.6379453189726595
Mathias Honsak,AUT,MF,Heidenheim,,29,1996,25,15,1223,13.6,2,1,3,2,0,0,1,0,0.22,,,,,,,,,,,,,,31,8,25.8,2.28,0.59,0.06,0.25,49,45.3,67.0,1,10,21.0,2,0.56,11,30,-19,-1.4,-0.55,0,11,15,9,25,16,12,0,-1.52,3,2.0573108008817047,-0.6379453189726595
Andreas Hountondji,BEN,FW,St Pauli,,23,2002,17,11,824,9.2,4,0,4,4,0,1,2,0,0.44,,,,,,,,,,,,,,18,11,61.1,1.97,1.2,0.22,0.36,48,30.5,60.0,0,6,28.0,0,0.59,8,17,-9,-0.98,-0.22,0,9,5,6,19,0,0,0,-1.58,4,0.0,-0.6379453189726595
Lukáš Hrádecký,FIN,GK,Monaco,1,36,1989,13,13,1079,12.0,0,0,0,0,0,0,0,0,0.0,18.0,1.5,54.0,38.0,70.4,6.0,1.0,6.0,2.0,15.4,2.0,0.0,1.0,0,0,,0.0,0.0,,,83,40.0,83.0,11,0,,0,1.46,16,18,-2,-0.17,-0.67,0,0,0,0,0,0,1,0,0.0,0,0.08326394671107411,0.40078408557969547
Robin Hranáč,CZE,DF,Hoffenheim,,26,2000,27,25,2186,24.3,1,0,1,1,0,0,4,0,0.04,,,,,,,,,,,,,,8,3,37.5,0.33,0.12,0.13,0.33,81,81.0,86.0,21,2,17.0,2,1.89,49,34,15,0.62,0.62,0,25,10,0,5,19,14,0,-0.61,1,1.3574660633484161,-0.6379453189726595
Timo Hübers,GER,DF,Köln,,29,1996,8,8,675,7.5,0,0,0,0,0,0,0,0,0.0,,,,,,,,,,,,,,0,0,,0.0,0.0,,,84,25.0,84.0,7,0,,0,1.38,9,10,-1,-0.13,0.13,0,8,10,0,1,10,9,0,0.0,0,2.5299600532623168,-0.6379453189726595
Callum Hudson-Odoi,ENG,MF,Nottingham Forest,League,25,2000,30,21,1841,20.5,3,4,7,3,0,0,0,0,0.34,,,,,,,,,,,,,,30,10,33.3,1.47,0.49,0.1,0.3,61,62.0,75.0,4,9,31.0,0,1.0,21,26,-5,-0.24,0.07,0,12,12,2,91,8,7,0,-2.0,7,0.7313505607020965,-0.6379453189726595
Will Hughes,ENG,MF,Crystal Palace,League,31,1995,29,17,1422,15.8,0,0,0,0,0,0,7,0,0.0,,,,,,,,,,,,,,17,0,0.0,1.08,0.0,0.0,,49,49.4,73.0,7,12,16.0,3,1.34,10,14,-4,-0.25,-0.44,0,21,21,0,40,14,15,0,0.0,0,1.8342820999367488,-0.6379453189726595
Dean Huijsen,ESP,DF,Real Madrid,Liga,21,2005,23,20,1671,18.6,2,2,4,2,0,0,6,1,0.22,,,,,,,,,,,,,,18,4,22.2,0.97,0.22,0.11,0.5,73,59.9,80.0,13,3,25.0,0,2.35,42,16,26,1.4,0.6,0,19,11,1,1,16,14,0,-1.56,4,1.612036539494895,-0.6379453189726595
Trai Hume,NIR,DF,Sunderland,League,24,2002,33,29,2618,29.1,1,1,2,1,0,0,9,0,0.07,,,,,,,,,,,,,,29,6,20.7,1.0,0.21,0.03,0.17,79,88.1,87.0,23,4,22.0,0,1.39,30,34,-4,-0.14,-0.14,0,25,33,3,82,21,42,0,-0.8200000000000001,2,2.1642047406389553,-0.6379453189726595
Bashir Humphreys,ENG,DF,Burnley,League,23,2003,16,14,1323,14.7,0,0,0,0,0,0,5,0,0.0,,,,,,,,,,,,,,8,2,25.0,0.54,0.14,0.0,0.0,83,44.5,89.0,12,2,40.0,5,0.56,13,28,-15,-1.02,-0.04,0,13,8,1,16,8,16,0,0.0,0,1.6315431679129844,-0.6379453189726595
Denis Huseinbasic,BIH,MF,Köln,,24,2001,15,9,726,8.1,0,0,0,0,0,0,1,0,0.0,,,,,,,,,,,,,,6,0,0.0,0.74,0.0,0.0,,48,26.9,68.0,2,6,19.0,9,0.87,12,14,-2,-0.25,-0.02,0,8,8,0,1,5,9,0,0.0,0,1.7262638717632555,-0.6379453189726595
Omari Hutchinson,ENG,MF,Nottingham Forest,League,22,2003,26,14,1438,16.0,1,4,5,1,0,0,1,0,0.31,,,,,,,,,,,,,,23,10,43.5,1.44,0.63,0.04,0.1,55,48.4,80.0,8,12,27.0,5,1.12,18,19,-1,-0.06,0.41,0,19,20,6,115,8,8,0,-0.6,5,0.9993753903810118,-0.6379453189726595
Kwon Hyeokkyu,KOR,MF,Nantes,1,25,2001,12,9,753,8.4,0,0,0,0,0,0,2,0,0.0,,,,,,,,,,,,,,3,0,0.0,0.36,0.0,0.0,,63,28.9,77.0,2,3,20.0,4,0.83,6,14,-8,-0.96,-0.33,0,11,10,0,1,6,6,0,0.0,0,1.426872770511296,-0.6379453189726595
Lucas Høgsberg,DEN,DF,Strasbourg,1,19,2006,19,17,1432,15.9,0,0,0,0,0,0,3,1,0.0,,,,,,,,,,,,,,4,1,25.0,0.25,0.06,0.0,0.0,75,54.9,81.0,9,2,24.0,7,1.37,21,25,-4,-0.25,-1.24,1,14,10,1,0,9,7,0,0.0,0,1.005656819610308,-0.6379453189726595
Pierre Højbjerg,DEN,MF,Marseille,1,30,1995,28,26,2361,26.2,2,4,6,2,0,0,3,0,0.23,,,,,,,,,,,,,,38,12,31.6,1.45,0.46,0.05,0.17,84,87.4,89.0,22,2,24.0,0,1.75,49,36,13,0.5,-0.83,0,31,38,0,9,23,19,0,-1.4,6,1.6024418161007248,-0.6379453189726595
Oscar Højlund,DEN,MF,Eintracht Frankfurt,,21,2005,22,10,942,10.5,1,1,2,1,0,0,3,1,0.19,,,,,,,,,,,,,,5,2,40.0,0.48,0.19,0.2,0.5,43,34.9,70.0,0,12,20.0,3,1.27,13,20,-7,-0.67,-0.92,1,23,4,1,2,7,16,0,-0.6,2,2.188392007611798,-0.6379453189726595
Rasmus Højlund,DEN,FW,Napoli,A,23,2003,28,27,2330,25.9,10,3,13,9,1,1,1,0,0.46,,,,,,,,,,,,,,51,22,43.1,1.97,0.85,0.18,0.41,83,78.5,85.0,15,1,30.0,0,1.93,40,28,12,0.46,0.04,0,33,46,11,3,0,1,0,-6.04,12,0.0385951370127364,-0.6379453189726595
Pablo Ibáñez,ESP,MF,Alavés,Liga,27,1998,30,24,1885,20.9,1,1,2,1,0,0,5,0,0.1,,,,,,,,,,,,,,43,12,27.9,2.05,0.57,0.02,0.08,63,67.6,72.0,5,6,27.0,0,1.1,17,30,-13,-0.62,-0.82,0,32,55,2,33,19,26,0,-0.76,2,2.152080344332855,-0.6379453189726595
Arijon Ibrahimović,GER,MF,Heidenheim,,20,2005,28,22,1949,21.7,1,2,3,0,1,1,2,0,0.09,,,,,,,,,,,,,,42,17,40.5,1.94,0.79,0.0,0.0,70,72.2,79.0,10,6,35.0,0,0.64,23,44,-21,-0.97,0.47,0,12,25,5,116,19,15,0,-1.0,2,1.566098572086596,-0.6379453189726595
Riyad Idrissi,ITA,MF,Cagliari,A,20,2005,23,4,783,8.7,2,0,2,2,0,0,3,0,0.23,,,,,,,,,,,,,,6,6,100.0,0.69,0.69,0.33,0.33,34,26.4,90.0,4,19,22.0,5,0.96,14,15,-1,-0.11,0.42,0,9,6,1,23,9,15,0,-0.020000000000000018,2,2.7554535017221586,-0.6379453189726595
Jay Idzes,IDN,DF,Sassuolo,A,25,2000,32,32,2879,32.0,0,0,0,0,0,0,2,0,0.0,,,,,,,,,,,,,,5,0,0.0,0.16,0.0,0.0,,90,96.9,90.0,31,0,,1,1.41,41,42,-1,-0.03,1.95,0,32,13,1,1,37,15,0,0.0,0,1.6244923461418308,-0.6379453189726595
Iglesias,ESP,DF,Getafe,Liga,27,1998,30,29,2560,28.4,1,2,3,1,0,0,3,0,0.11,,,,,,,,,,,,,,22,5,22.7,0.77,0.18,0.05,0.2,85,91.8,87.0,25,1,24.0,1,1.37,23,28,-5,-0.18,-0.18,0,53,55,1,78,22,61,1,-0.75,3,2.921506511791623,-0.6379453189726595
Borja Iglesias,ESP,FW,Celta Vigo,Liga,33,1993,28,17,1556,17.3,11,2,13,8,3,3,6,0,0.58,,,,,,,,,,,,,,41,22,53.7,2.37,1.27,0.2,0.36,56,55.8,76.0,4,11,25.0,1,1.32,27,22,5,0.29,0.36,0,32,22,19,3,0,4,0,-6.6,10,0.23108030040439048,-0.6379453189726595
Jonathan Ikone,FRA,MF,Paris FC,1,27,1998,19,10,854,9.5,3,0,3,3,0,0,1,0,0.32,,,,,,,,,,,,,,20,6,30.0,2.11,0.63,0.15,0.5,45,31.6,65.0,0,9,23.0,2,1.21,12,9,3,0.32,0.75,0,11,12,1,4,4,10,0,-2.1,3,1.4721345951629863,-0.6379453189726595
Andrej Ilic,SRB,FW,Union Berlin,,26,2000,28,21,1991,22.1,2,9,11,2,0,1,5,0,0.5,,,,,,,,,,,,,,60,19,31.7,2.71,0.86,0.03,0.11,71,73.7,85.0,16,7,29.0,0,1.11,29,42,-13,-0.59,0.05,0,33,29,15,16,1,2,0,-1.4300000000000002,11,0.13568521031207598,-0.6379453189726595
Luka Ilić,SRB,MF,Oviedo,Liga,26,1999,18,8,714,7.9,1,0,1,1,0,0,4,1,0.13,,,,,,,,,,,,,,9,5,55.6,1.13,0.63,0.11,0.2,40,25.6,68.0,1,10,17.0,7,0.72,6,14,-8,-1.01,-0.31,1,16,7,2,7,7,4,0,-0.44999999999999996,1,1.3906447534766118,-0.6379453189726595
Emirhan İlkhan,TUR,MF,Torino,A,21,2004,14,9,685,7.6,1,1,2,1,0,0,2,1,0.26,,,,,,,,,,,,,,8,3,37.5,1.05,0.39,0.13,0.33,49,23.1,64.0,0,5,22.0,18,0.93,8,17,-9,-1.18,-0.87,0,10,14,0,4,11,14,0,-0.61,2,3.28515111695138,-0.6379453189726595
Ciro Immobile,ITA,FW,Paris FC,1,36,1990,9,8,603,6.7,2,2,4,2,0,0,1,0,0.6,,,,,,,,,,,,,,13,5,38.5,1.94,0.75,0.15,0.4,67,22.3,73.0,0,1,18.0,0,1.78,10,7,3,0.45,0.83,0,5,5,7,3,1,0,0,-1.25,4,0.14903129657228018,-0.6379453189726595
Tim Iroegbunam,ENG,MF,Everton,League,22,2003,24,13,1127,12.5,0,2,2,0,0,0,8,0,0.16,,,,,,,,,,,,,,9,1,11.1,0.72,0.08,0.0,0.0,47,37.9,77.0,5,11,11.0,6,1.5,12,11,1,0.08,0.08,0,22,19,0,3,19,37,0,0.0,2,4.476418864908074,-0.6379453189726595
Jackson Irvine,AUS,MF,St Pauli,,33,1993,20,14,1272,14.1,0,0,0,0,0,0,2,1,0.0,,,,,,,,,,,,,,16,3,18.8,1.13,0.21,0.0,0.0,64,47.1,84.0,9,6,16.0,2,0.95,14,15,-1,-0.07,1.44,1,15,12,1,9,26,11,0,0.0,0,2.6222537207654146,-0.6379453189726595
Alexander Isak,SWE,FW,Liverpool,League,26,1999,12,7,597,6.6,2,1,3,2,0,0,0,0,0.45,,,,,,,,,,,,,,16,5,31.3,2.41,0.75,0.13,0.4,50,20.1,74.0,0,5,16.0,1,1.67,5,8,-3,-0.45,-0.98,0,5,0,0,2,0,5,0,-1.35,3,0.7564296520423601,-0.6379453189726595
Gustav Isaksen,DEN,FW,Lazio,A,25,2001,26,17,1432,15.9,4,1,5,4,0,0,0,0,0.31,,,,,,,,,,,,,,41,15,36.6,2.58,0.94,0.1,0.27,55,48.2,71.0,0,9,26.0,3,1.31,12,15,-3,-0.19,-0.6,0,17,50,0,27,7,7,0,-2.5,5,0.8799497171590195,-0.6379453189726595
Wilson Isidor,HAI,FW,Sunderland,League,25,2000,28,11,1076,12.0,5,0,5,5,0,0,1,0,0.42,,,,,,,,,,,,,,39,15,38.5,3.26,1.25,0.13,0.33,38,36.2,71.0,0,17,17.0,3,1.39,16,16,0,0.0,0.19,0,14,4,10,0,0,6,0,-3.05,5,0.4995836802664446,-0.6379453189726595
Ardian Ismajli,ALB,DF,Torino,A,29,1996,23,19,1726,19.2,0,1,1,0,0,0,5,0,0.05,,,,,,,,,,,,,,6,4,66.7,0.31,0.21,0.0,0.0,75,58.1,85.0,15,4,29.0,0,1.43,24,24,0,0.0,1.23,0,20,16,1,8,34,11,0,0.0,1,2.342529932326913,-0.6379453189726595
Franco Israel,URU,GK,Torino,A,25,2000,9,9,810,9.0,0,0,0,0,0,0,1,0,0.0,18.0,2.0,40.0,24.0,60.0,2.0,2.0,5.0,3.0,33.3,2.0,0.0,0.0,0,0,,0.0,0.0,,,90,27.3,90.0,9,0,,20,0.89,9,18,-9,-1.0,-0.67,0,0,3,0,0,0,0,0,0.0,0,0.0,0.2904884730257155
Hiroki Ito,JPN,DF,Bayern Munich,,26,1999,13,7,657,7.3,1,2,3,1,0,0,0,0,0.41,,,,,,,,,,,,,,9,3,33.3,1.23,0.41,0.11,0.33,51,24.3,77.0,1,6,20.0,4,2.62,24,8,16,2.19,-0.63,0,8,1,0,5,8,0,0,-0.6699999999999999,3,1.094391244870041,-0.6379453189726595
Alex Iwobi,NGA,MF,Fulham,League,29,1996,27,27,2263,25.1,4,3,7,4,0,0,3,0,0.28,,,,,,,,,,,,,,31,12,38.7,1.23,0.48,0.13,0.33,84,76.2,84.0,11,0,,0,1.26,33,39,-6,-0.24,-0.62,0,7,10,1,80,14,17,0,-2.44,7,1.2345679012345678,-0.6379453189726595
Nicolas Jackson,SEN,FW,Bayern Munich,,24,2001,19,9,760,8.4,6,1,7,6,0,0,1,1,0.83,,,,,,,,,,,,,,28,15,53.6,3.32,1.78,0.21,0.4,40,28.1,67.0,3,10,15.0,3,2.53,29,5,24,2.84,0.24,0,13,7,6,1,4,3,0,-2.85,7,0.8323424494649228,-0.6379453189726595
Jérémy Jacquet,FRA,DF,Rennes,1,20,2005,19,19,1671,18.6,0,0,0,0,0,0,6,1,0.0,,,,,,,,,,,,,,11,3,27.3,0.59,0.16,0.0,0.0,88,61.9,88.0,17,0,,0,1.42,27,29,-2,-0.11,-1.24,1,20,17,1,0,22,17,0,0.0,0,2.0956475013433633,-0.6379453189726595
Lee Jae-sung,KOR,MF,Mainz 05,,33,1992,26,26,2141,23.8,4,2,6,4,0,0,3,0,0.25,,,,,,,,,,,,,,30,9,30.0,1.26,0.38,0.13,0.44,82,79.3,82.0,8,0,,0,1.15,26,37,-11,-0.46,-0.78,0,18,21,9,31,23,20,0,-2.83,6,1.8059638807223855,-0.6379453189726595
Kristijan Jakić,CRO,MF,Augsburg,,28,1997,23,17,1519,16.9,1,1,2,1,0,0,4,0,0.12,,,,,,,,,,,,,,17,5,29.4,1.01,0.3,0.06,0.2,66,56.3,78.0,10,6,33.0,2,1.0,20,26,-6,-0.36,0.41,0,16,17,2,4,14,23,0,-0.7,2,2.1880544056771143,-0.6379453189726595
Reece James,ENG,DF,Chelsea,League,26,1999,27,20,1896,21.1,2,4,6,2,0,0,4,0,0.28,,,,,,,,,,,,,,21,6,28.6,1.0,0.28,0.1,0.33,70,63.8,86.0,15,7,25.0,1,1.63,32,20,12,0.57,0.65,0,26,20,1,123,31,32,0,-1.4,6,2.9843675982946465,-0.6379453189726595
Vitaly Janelt,GER,MF,Brentford,League,27,1998,22,13,1261,14.0,1,4,5,1,0,0,7,0,0.36,,,,,,,,,,,,,,12,3,25.0,0.86,0.21,0.08,0.33,57,42.5,83.0,10,9,20.0,2,1.5,24,16,8,0.57,0.78,0,17,12,0,53,26,16,0,-0.76,5,2.9978586723768736,-0.6379453189726595
Isak Jansson,SWE,FW,Nice,1,24,2002,19,7,595,6.6,1,0,1,1,0,0,3,0,0.15,,,,,,,,,,,,,,15,9,60.0,2.27,1.36,0.07,0.11,31,22.0,57.0,0,12,16.0,4,0.74,4,12,-8,-1.21,-0.61,0,9,6,0,12,4,7,0,-0.3699999999999999,1,1.6641452344931922,-0.6379453189726595
Luca Jaquez,SUI,DF,Stuttgart,,22,2003,10,8,687,7.6,0,1,1,0,0,0,1,0,0.13,,,,,,,,,,,,,,2,0,0.0,0.26,0.0,0.0,,69,25.4,80.0,4,2,23.0,4,1.9,12,8,4,0.52,-0.19,0,2,2,0,0,8,5,0,0.0,1,1.7082785808147176,-0.6379453189726595
Ardon Jashari,SUI,MF,Milan,A,23,2002,10,4,480,5.3,0,1,1,0,0,0,0,0,0.19,,,,,,,,,,,,,,6,2,33.3,1.13,0.37,0.0,0.0,48,16.2,81.0,2,6,26.0,15,1.4,3,3,0,0.0,-0.76,0,8,5,0,8,5,8,0,0.0,1,2.448210922787194,-0.6379453189726595
Bakery Jatta,GAM,MF,Hamburger SV,,27,1998,12,9,706,7.8,0,1,1,0,0,0,1,0,0.13,,,,,,,,,,,,,,6,2,33.3,0.76,0.25,0.0,0.0,59,26.1,72.0,2,3,20.0,0,1.17,11,8,3,0.38,1.19,0,11,5,2,18,6,7,0,0.0,1,1.6645326504481435,-0.6379453189726595
Mikel Jauregizar,ESP,MF,Athletic Club,Liga,22,2003,30,29,2425,26.9,2,0,2,2,0,0,3,0,0.07,,,,,,,,,,,,,,32,9,28.1,1.19,0.33,0.06,0.22,81,86.9,83.0,18,1,29.0,0,1.17,26,37,-11,-0.41,-0.16,0,37,31,0,57,45,40,0,-1.46,2,3.15867707172055,-0.6379453189726595
Finn Jeltsch,GER,DF,Stuttgart,,19,2006,22,17,1507,16.7,0,1,1,0,0,0,3,0,0.06,,,,,,,,,,,,,,3,0,0.0,0.18,0.0,0.0,,69,55.8,85.0,14,5,14.0,6,1.95,37,22,15,0.9,0.52,0,13,16,3,3,19,14,0,0.0,1,1.9748653500897666,-0.6379453189726595
Castrop Jens,KOR,MF,Gladbach,,22,2003,25,19,1495,16.6,3,1,4,3,0,0,2,1,0.24,,,,,,,,,,,,,,29,12,41.4,1.75,0.72,0.1,0.25,60,55.4,73.0,4,6,17.0,1,1.0,21,31,-10,-0.6,-0.3,0,29,26,3,21,15,26,0,-1.7999999999999998,4,2.4683925346176996,-0.6379453189726595
Mathias Jensen,DEN,MF,Brentford,League,30,1996,31,21,1833,20.4,2,1,3,2,0,0,3,0,0.15,,,,,,,,,,,,,,24,7,29.2,1.18,0.34,0.08,0.29,59,61.7,81.0,10,10,13.0,2,1.55,29,25,4,0.2,0.2,0,15,10,2,101,14,20,0,-1.44,3,1.6658500734933857,-0.6379453189726595
Oliver Jensen,DEN,MF,Parma,A,24,2002,30,19,1771,19.7,1,0,1,1,0,0,2,0,0.05,,,,,,,,,,,,,,14,3,21.4,0.71,0.15,0.07,0.33,59,59.6,78.0,9,11,26.0,3,1.17,12,27,-15,-0.76,-0.69,0,13,20,2,14,17,7,0,-0.79,1,1.21765601217656,-0.6379453189726595
Moritz Jenz,GER,DF,Wolfsburg,,26,1999,21,20,1786,19.8,1,0,1,1,0,0,8,1,0.05,,,,,,,,,,,,,,5,1,20.0,0.25,0.05,0.2,1.0,85,66.1,89.0,18,1,1.0,2,0.67,21,44,-23,-1.16,-0.96,1,31,7,0,1,12,22,1,-0.8,1,1.7163048965169105,-0.6379453189726595
Igor Jesus,BRA,FW,Nottingham Forest,League,25,2001,32,23,1932,21.5,4,3,7,4,0,0,0,0,0.33,,,,,,,,,,,,,,59,14,23.7,2.75,0.65,0.07,0.29,60,65.1,75.0,4,9,24.0,0,1.13,26,32,-6,-0.28,-0.02,0,35,35,11,9,2,14,0,-3.02,7,0.7438400743840073,-0.6379453189726595
Juan Jesus,BRA,DF,Napoli,A,34,1991,23,19,1630,18.1,0,0,0,0,0,0,10,1,0.0,,,,,,,,,,,,,,3,0,0.0,0.17,0.0,0.0,,71,54.9,83.0,13,4,15.0,7,2.17,27,18,9,0.5,0.09,1,39,2,0,1,26,20,0,0.0,0,2.5400331308669237,-0.6379453189726595
Álex Jiménez,ESP,DF,Bournemouth,League,20,2005,29,24,2137,23.7,1,0,1,1,0,0,9,0,0.04,,,,,,,,,,,,,,20,4,20.0,0.84,0.17,0.05,0.25,74,72.0,83.0,10,5,29.0,1,1.45,36,36,0,0.0,0.0,0,31,19,0,43,26,43,0,-0.8,1,2.910164487557992,-0.6379453189726595
Raúl Jiménez,MEX,FW,Fulham,League,34,1991,32,25,2009,22.3,9,3,12,5,4,4,5,0,0.36,,,,,,,,,,,,,,66,17,25.8,2.96,0.76,0.08,0.29,63,67.6,76.0,10,7,16.0,0,1.41,32,26,6,0.27,1.11,0,41,30,19,5,7,17,0,-7.64,8,1.0757507844016134,-0.6379453189726595
João Pedro,BRA,FW,Chelsea,League,24,2001,32,28,2391,26.6,14,5,19,14,0,0,4,0,0.72,,,,,,,,,,,,,,66,27,40.9,2.48,1.02,0.21,0.52,75,80.5,81.0,11,4,31.0,0,1.5,45,30,15,0.56,1.19,0,32,48,15,14,5,15,0,-8.33,19,0.751597143930853,-0.6379453189726595
Joelinton,BRA,MF,Newcastle United,League,29,1996,25,21,1771,19.7,2,1,3,2,0,0,10,0,0.15,,,,,,,,,,,,,,28,10,35.7,1.42,0.51,0.07,0.2,71,59.6,80.0,11,4,24.0,3,1.44,30,25,5,0.25,0.85,0,39,27,1,10,26,18,0,-1.2999999999999998,3,2.2323693556570268,-0.6379453189726595
Jofre,ESP,MF,Espanyol,Liga,24,2001,22,8,797,8.9,1,0,1,1,0,0,1,0,0.11,,,,,,,,,,,,,,20,5,25.0,2.26,0.56,0.05,0.2,36,28.6,61.0,0,14,22.0,9,1.09,9,18,-9,-1.02,-0.93,0,12,21,2,31,5,5,0,-0.75,1,1.122334455667789,-0.6379453189726595
Ísak Jóhannesson,ISL,MF,Köln,,23,2003,28,19,1626,18.1,1,2,3,1,0,0,4,0,0.17,,,,,,,,,,,,,,13,4,30.8,0.72,0.22,0.08,0.25,58,60.2,75.0,7,9,22.0,1,1.07,24,33,-9,-0.5,-0.67,0,10,5,2,62,7,15,0,-0.6799999999999999,3,1.2147984538928767,-0.6379453189726595
Brennan Johnson,WAL,MF,Tottenham Hotspur,League,24,2001,16,6,610,6.8,2,0,2,2,0,0,2,0,0.3,,,,,,,,,,,,,,6,2,33.3,0.89,0.3,0.33,1.0,38,20.5,77.0,1,10,15.0,2,1.38,13,5,8,1.18,1.9,0,2,4,8,23,2,9,0,-1.3399999999999999,2,1.6152716593245229,-0.6379453189726595
Brennan Johnson,WAL,MF,Crystal Palace,League,24,2001,13,9,766,8.5,0,1,1,0,0,0,4,0,0.12,,,,,,,,,,,,,,13,3,23.1,1.53,0.35,0.0,0.0,59,26.6,77.0,3,4,19.0,0,1.23,4,9,-5,-0.59,-0.76,0,14,7,3,29,1,5,0,0.0,1,0.7050528789659225,-0.6379453189726595
Sam Johnstone,ENG,GK,Wolves,League,33,1993,12,12,1080,12.0,0,0,0,0,0,0,0,0,0.0,24.0,2.0,62.0,39.0,62.9,0.0,2.0,10.0,0.0,0.0,1.0,0.0,0.0,0,0,,0.0,0.0,,,90,36.4,90.0,12,0,,18,0.17,6,24,-18,-1.5,-0.6,0,0,0,0,0,0,1,1,0.0,0,0.08326394671107411,0.23059928196630758
Curtis Jones,ENG,MF,Liverpool,League,25,2001,29,13,1491,16.6,0,1,1,0,0,0,1,0,0.06,,,,,,,,,,,,,,19,6,31.6,1.15,0.36,0.0,0.0,51,50.2,81.0,5,16,28.0,2,1.55,30,28,2,0.12,-0.43,0,11,23,0,8,12,17,0,0.0,1,1.7459361830222755,-0.6379453189726595
Frenkie de Jong,NED,MF,Barcelona,Liga,28,1997,20,16,1502,16.7,1,5,6,1,0,0,4,1,0.36,,,,,,,,,,,,,,7,2,28.6,0.42,0.12,0.14,0.5,75,53.8,88.0,13,4,24.0,1,2.3,40,17,23,1.38,-0.79,1,10,24,2,4,17,16,0,-0.72,6,1.9748653500897666,-0.6379453189726595
Josan,ESP,MF,Elche,Liga,36,1989,15,4,490,5.4,0,2,2,0,0,0,2,0,0.37,,,,,,,,,,,,,,3,1,33.3,0.55,0.18,0.0,0.0,33,17.6,74.0,0,11,18.0,10,1.13,12,7,5,0.92,1.43,0,5,5,1,55,4,5,0,0.0,2,1.6635859519408502,-0.6379453189726595
Mateo Joseph,ESP,MF,Mallorca,Liga,22,2003,29,19,1699,18.9,2,3,5,2,0,0,2,0,0.26,,,,,,,,,,,,,,33,14,42.4,1.75,0.74,0.06,0.14,59,60.9,76.0,4,10,25.0,1,1.03,24,29,-5,-0.26,0.07,0,19,31,4,14,13,19,0,-1.1600000000000001,5,1.6922263352723426,-0.6379453189726595
Abdulai Juma Bah,SLE,DF,Nice,1,20,2006,23,19,1688,18.8,0,0,0,0,0,0,6,0,0.0,,,,,,,,,,,,,,6,1,16.7,0.32,0.05,0.0,0.0,73,62.5,85.0,17,4,17.0,5,1.04,18,38,-20,-1.07,-0.89,0,26,7,1,0,22,16,0,0.0,0,2.02020202020202,-0.6379453189726595
Anthony Jung,GER,DF,Freiburg,,34,1991,10,4,490,5.4,0,0,0,0,0,0,2,0,0.0,,,,,,,,,,,,,,1,0,0.0,0.18,0.0,0.0,,49,18.1,86.0,3,6,24.0,13,1.4,9,11,-2,-0.37,-0.29,0,4,3,0,0,8,0,0,0.0,0,1.478743068391867,-0.6379453189726595
Eli Junior Kroupi,FRA,MF,Bournemouth,League,19,2006,28,16,1307,14.5,10,0,10,9,1,1,4,0,0.62,,,,,,,,,,,,,,38,17,44.7,2.62,1.17,0.24,0.53,47,44.0,70.0,0,12,16.0,5,1.39,25,19,6,0.41,0.74,0,19,9,4,9,8,6,0,-5.92,9,0.9648518263266713,-0.6379453189726595
Luiz Lúcio Reis Júnior,BRA,GK,Villarreal,Liga,25,2001,28,28,2520,28.0,0,0,0,0,0,0,3,0,0.0,30.0,1.07,96.0,72.0,74.0,18.0,3.0,7.0,8.0,28.6,5.0,1.0,0.0,0,0,,0.0,0.0,,,90,90.3,90.0,28,0,,3,2.04,51,30,21,0.75,1.08,0,2,4,0,0,1,0,0,0.0,0,0.035701535166012134,0.6503608659310436
Hamed Junior Traorè,CIV,MF,Marseille,1,26,2000,12,6,530,5.9,2,1,3,2,0,0,1,0,0.51,,,,,,,,,,,,,,11,5,45.5,1.87,0.85,0.18,0.4,44,19.6,74.0,1,6,15.0,4,1.33,8,9,-1,-0.17,-0.96,0,7,9,2,29,4,6,0,-1.1,3,1.6920473773265652,-0.6379453189726595
Vinicius Júnior,BRA,FW,Real Madrid,Liga,25,2000,30,26,2296,25.5,11,5,16,7,4,5,7,0,0.47,,,,,,,,,,,,,,86,38,44.2,3.37,1.49,0.08,0.18,77,82.3,83.0,14,4,33.0,0,2.23,56,26,30,1.18,0.08,0,27,67,12,55,2,15,0,-7.96,12,0.6664053312426499,-0.6379453189726595
James Justin,ENG,DF,Leeds United,League,28,1998,24,16,1451,16.1,2,1,3,2,0,0,4,0,0.19,,,,,,,,,,,,,,20,5,25.0,1.24,0.31,0.1,0.4,60,48.9,85.0,12,8,12.0,7,1.38,20,19,1,0.06,0.54,0,11,22,2,31,22,27,0,-1.5,3,3.0415890751086274,-0.6379453189726595
Ferran Jutglà,ESP,FW,Celta Vigo,Liga,27,1999,23,17,1276,14.2,7,2,9,7,0,0,4,0,0.63,,,,,,,,,,,,,,39,23,59.0,2.75,1.62,0.18,0.3,55,45.7,69.0,2,6,18.0,5,1.3,19,19,0,0.0,-0.24,0,19,23,4,13,7,2,0,-2.8600000000000003,9,0.6333567909922591,-0.6379453189726595
Martijn Kaars,NED,FW,St Pauli,,27,1999,25,12,1097,12.2,3,0,3,2,1,1,1,0,0.16,,,,,,,,,,,,,,20,9,45.0,1.64,0.74,0.1,0.22,44,40.6,68.0,1,13,22.0,3,0.8,8,21,-13,-1.07,-0.39,0,7,6,4,10,0,5,0,-2.1,2,0.40950040950040956,-0.6379453189726595
Mohamed Kaba,GUI,MF,Nantes,1,24,2001,9,8,702,7.8,0,1,1,0,0,0,2,0,0.13,,,,,,,,,,,,,,5,1,20.0,0.64,0.13,0.0,0.0,78,26.9,84.0,3,1,31.0,0,0.56,6,8,-2,-0.26,0.64,0,10,22,0,1,9,12,0,0.0,1,2.6888604353393086,-0.6379453189726595
Mohamed Kaba,GUI,MF,Lecce,A,24,2001,15,5,633,7.0,0,0,0,0,0,0,1,0,0.0,,,,,,,,,,,,,,9,4,44.4,1.28,0.57,0.0,0.0,42,21.3,81.0,3,10,23.0,6,1.0,3,12,-9,-1.28,-0.7,0,12,21,0,8,4,7,0,0.0,0,1.5691868758915835,-0.6379453189726595
Ozan Kabak,TUR,DF,Hoffenheim,,26,2000,21,14,1391,15.5,4,0,4,4,0,0,3,0,0.26,,,,,,,,,,,,,,28,11,39.3,1.81,0.71,0.14,0.36,66,51.5,90.0,14,7,19.0,3,2.05,33,26,7,0.45,-0.1,0,18,7,0,1,23,15,0,-2.46,4,2.4500322372662797,-0.6379453189726595
Christian Kabasele,BEL,DF,Udinese,A,35,1991,26,24,1982,22.0,3,0,3,3,0,0,4,0,0.14,,,,,,,,,,,,,,9,6,66.7,0.41,0.27,0.33,0.5,76,66.7,82.0,16,2,9.0,7,1.27,25,25,0,0.0,0.46,0,28,21,1,0,29,11,0,-1.02,3,1.817355747387551,-0.6379453189726595
Anton Kade,GER,MF,Augsburg,,22,2004,24,14,1383,15.4,3,0,3,3,0,0,3,0,0.2,,,,,,,,,,,,,,35,15,42.9,2.28,0.98,0.09,0.2,58,51.2,78.0,2,10,29.0,1,1.21,15,28,-13,-0.85,-0.64,0,19,13,9,21,10,10,0,-1.6500000000000001,3,1.2978585334198571,-0.6379453189726595
Ferdi Kadioglu,TUR,DF,Brighton,League,26,1999,32,29,2683,29.8,0,0,0,0,0,0,6,0,0.0,,,,,,,,,,,,,,23,9,39.1,0.77,0.3,0.0,0.0,84,90.3,89.0,25,3,38.0,1,1.38,39,34,5,0.17,-0.15,0,16,34,6,98,20,38,0,0.0,0,1.9456558201945655,-0.6379453189726595
Arnaud Kalimuendo,FRA,FW,Eintracht Frankfurt,,24,2002,15,13,1116,12.4,6,1,7,6,0,0,3,0,0.56,,,,,,,,,,,,,,28,16,57.1,2.26,1.29,0.21,0.38,74,41.3,81.0,8,2,30.0,0,1.13,21,23,-2,-0.16,-0.16,0,7,16,5,13,3,3,0,-2.64,7,0.48348106365834004,-0.6379453189726595
Pierre Kalulu,FRA,DF,Juventus,A,25,2000,32,32,2831,31.5,2,4,6,2,0,0,3,1,0.19,,,,,,,,,,,,,,12,4,33.3,0.38,0.13,0.17,0.5,88,95.3,88.0,31,0,,0,1.97,56,25,31,0.99,2.93,1,31,11,0,78,23,31,0,-1.3199999999999998,6,1.7137416693113297,-0.6379453189726595
Daichi Kamada,JPN,MF,Crystal Palace,League,29,1996,22,17,1526,17.0,0,0,0,0,0,0,2,0,0.0,,,,,,,,,,,,,,16,4,25.0,0.94,0.24,0.0,0.0,69,53.0,83.0,5,5,23.0,0,1.73,27,17,10,0.59,1.32,0,27,20,1,34,10,29,0,0.0,0,2.2927689594356258,-0.6379453189726595
Warren Kamanzi,NOR,MF,Toulouse,1,25,2000,21,7,824,9.2,0,1,1,0,0,0,1,0,0.11,,,,,,,,,,,,,,9,1,11.1,0.98,0.11,0.0,0.0,39,30.5,74.0,2,14,22.0,9,1.19,17,19,-2,-0.22,-0.27,0,8,8,1,12,7,10,0,0.0,1,1.8458197611292075,-0.6379453189726595
Boubacar Kamara,FRA,MF,Aston Villa,League,26,1999,18,17,1411,15.7,1,3,4,1,0,0,5,0,0.26,,,,,,,,,,,,,,7,4,57.1,0.45,0.26,0.14,0.25,78,47.5,82.0,9,1,19.0,0,2.33,26,15,11,0.7,0.99,0,16,30,0,2,15,16,0,-0.43999999999999995,4,1.9732654360280077,-0.6379453189726595
Hassane Kamara,CIV,MF,Udinese,A,32,1994,22,18,1522,16.9,0,1,1,0,0,0,4,0,0.06,,,,,,,,,,,,,,16,5,31.3,0.95,0.3,0.0,0.0,69,51.2,79.0,8,4,25.0,3,1.27,21,23,-2,-0.12,0.07,0,14,10,0,65,23,17,0,0.0,1,2.365464222353637,-0.6379453189726595
Jakub Kamiński,POL,MF,Köln,,23,2002,30,30,2677,29.7,7,3,10,7,0,0,4,0,0.34,,,,,,,,,,,,,,55,22,40.0,1.85,0.74,0.13,0.32,89,99.1,89.0,26,0,,0,1.03,44,50,-6,-0.2,3.71,0,13,28,5,105,22,25,0,-4.14,10,1.5819589363850555,-0.6379453189726595
Harry Kane,ENG,FW,Bayern Munich,,32,1993,27,23,2107,23.4,32,5,37,22,10,10,1,0,1.15,,,,,,,,,,,,,,110,62,56.4,4.7,2.65,0.2,0.35,78,78.0,86.0,15,4,35.0,1,2.59,86,24,62,2.65,-0.08,0,24,32,19,10,7,12,0,-19.6,27,0.8116189662537378,-0.6379453189726595
Lee Kang-in,KOR,MF,Paris Saint-Germain,1,25,2001,23,15,1254,13.9,2,3,5,2,0,0,3,0,0.36,,,,,,,,,,,,,,32,12,37.5,2.3,0.86,0.06,0.17,55,49.8,70.0,4,8,26.0,1,2.17,32,12,20,1.44,0.23,0,17,19,2,78,1,7,0,-1.28,5,0.5751258087706685,-0.6379453189726595
Adam Karabec,CZE,MF,Lyon,1,22,2003,21,11,922,10.2,1,0,1,1,0,0,3,0,0.1,,,,,,,,,,,,,,9,5,55.6,0.88,0.49,0.11,0.2,44,34.1,74.0,0,10,11.0,9,1.95,11,8,3,0.29,-0.31,0,14,20,3,80,1,3,0,-0.44999999999999996,1,0.3917727717923605,-0.6379453189726595
Atakan Karazor,TUR,MF,Stuttgart,,29,1996,27,21,1816,20.2,0,1,1,0,0,0,5,0,0.05,,,,,,,,,,,,,,7,2,28.6,0.35,0.1,0.0,0.0,67,67.3,84.0,12,6,7.0,2,1.85,35,26,9,0.45,-0.67,0,19,31,1,7,12,27,0,0.0,1,1.929737753587333,-0.6379453189726595
Dermane Karim,TOG,MF,Lorient,1,22,2003,26,14,1252,13.9,1,2,3,1,0,0,3,0,0.22,,,,,,,,,,,,,,15,2,13.3,1.08,0.14,0.07,0.5,48,46.4,72.0,2,12,20.0,1,1.42,16,23,-7,-0.5,-0.69,0,18,37,0,16,10,14,0,-0.86,3,1.7253774263120056,-0.6379453189726595
Lennart Karl,GER,MF,Bayern Munich,,18,2008,24,15,1206,13.4,5,4,9,5,0,0,1,0,0.67,,,,,,,,,,,,,,39,20,51.3,2.91,1.49,0.13,0.25,50,44.7,67.0,4,9,22.0,4,2.54,47,13,34,2.54,-0.23,0,5,11,4,25,9,14,0,-2.4,9,1.715137956748695,-0.6379453189726595
Jesper Karlström,SWE,MF,Udinese,A,30,1995,33,33,2908,32.3,1,0,1,1,0,0,5,0,0.03,,,,,,,,,,,,,,18,2,11.1,0.56,0.06,0.06,0.5,88,97.9,88.0,27,0,,0,1.3,37,43,-6,-0.19,-1.64,0,39,26,1,11,35,32,0,-0.88,1,2.0736614051377287,-0.6379453189726595
Mikkel Kaufmann,DEN,FW,Heidenheim,,25,2001,15,6,527,5.9,1,1,2,1,0,0,2,0,0.34,,,,,,,,,,,,,,11,3,27.3,1.88,0.51,0.09,0.33,35,19.5,63.0,0,9,17.0,1,0.47,3,9,-6,-1.02,0.09,0,14,13,1,1,1,2,0,-0.73,2,0.5076142131979695,-0.6379453189726595
Michael Kayode,ITA,DF,Brentford,League,21,2004,32,32,2808,31.2,1,1,2,1,0,0,6,0,0.06,,,,,,,,,,,,,,8,2,25.0,0.26,0.06,0.13,0.5,88,94.5,88.0,26,0,,0,1.5,47,41,6,0.19,1.3,0,22,44,1,53,35,44,1,-0.74,2,2.531239987183595,-0.6379453189726595
Moise Kean,ITA,FW,Fiorentina,A,26,2000,26,23,2036,22.6,8,1,9,6,2,2,4,0,0.31,,,,,,,,,,,,,,98,27,27.6,4.33,1.19,0.06,0.22,78,68.6,86.0,15,3,19.0,1,0.92,24,32,-8,-0.35,-0.45,0,29,44,30,7,7,4,0,-6.38,7,0.48651039363113663,-0.6379453189726595
Michael Keane,ENG,DF,Everton,League,33,1993,28,24,2141,23.8,3,0,3,3,0,0,0,1,0.13,,,,,,,,,,,,,,21,6,28.6,0.88,0.25,0.14,0.5,76,72.1,89.0,22,4,4.0,1,1.29,24,31,-7,-0.29,-1.16,0,14,6,0,1,34,21,0,-2.16,3,2.3099538009239815,-0.6379453189726595
Ilan Kebbal,ALG,MF,Paris FC,1,27,1998,25,24,2067,23.0,9,4,13,6,3,3,6,0,0.44,,,,,,,,,,,,,,46,19,41.3,2.0,0.83,0.13,0.32,83,76.6,85.0,14,1,20.0,1,1.2,30,38,-8,-0.35,-0.63,0,14,59,3,96,7,15,0,-6.529999999999999,10,0.9561060408518035,-0.6379453189726595
Yassine Kechta,MAR,MF,Le Havre,1,24,2002,26,12,1154,12.8,1,1,2,1,0,0,3,0,0.16,,,,,,,,,,,,,,17,7,41.2,1.33,0.55,0.06,0.14,44,42.7,73.0,1,14,20.0,3,1.04,12,19,-7,-0.55,-0.2,0,33,15,3,24,17,16,0,-0.5800000000000001,2,2.5761124121779857,-0.6379453189726595
Thilo Kehrer,GER,DF,Monaco,1,29,1996,24,24,2074,23.0,0,0,0,0,0,0,8,2,0.0,,,,,,,,,,,,,,15,1,6.7,0.65,0.04,0.0,0.0,86,76.8,86.0,21,0,,3,1.79,42,31,11,0.48,1.05,1,25,24,2,4,29,34,0,0.0,0,2.737940026075619,-0.6379453189726595
Mandela Keita,BEL,MF,Parma,A,23,2002,32,31,2597,28.9,0,1,1,0,0,0,1,0,0.03,,,,,,,,,,,,,,13,2,15.4,0.45,0.07,0.0,0.0,81,87.4,84.0,17,1,6.0,0,1.22,17,32,-15,-0.52,-0.28,0,26,52,0,2,40,42,1,0.0,1,2.836388792805258,-0.6379453189726595
Caoimhín Kelleher,IRL,GK,Brentford,League,27,1998,32,32,2880,32.0,0,0,0,0,0,0,1,0,0.0,41.0,1.28,115.0,81.0,67.8,12.0,9.0,11.0,9.0,28.1,4.0,3.0,0.0,0,0,,0.0,0.0,,,90,97.0,90.0,32,0,,0,1.41,44,41,3,0.09,-0.91,0,2,6,0,0,1,0,0,0.0,0,0.031240237425804437,0.5980602823745782
Lloyd Kelly,ENG,DF,Juventus,A,27,1998,30,28,2567,28.5,1,1,2,1,0,0,4,0,0.07,,,,,,,,,,,,,,13,2,15.4,0.46,0.07,0.08,0.5,86,86.4,90.0,27,2,30.0,0,1.87,51,26,25,0.88,0.21,0,38,16,3,8,13,30,0,-0.84,2,1.5082427218519816,-0.6379453189726595
Aljoscha Kemlein,GER,MF,Union Berlin,,21,2004,26,20,1658,18.4,0,1,1,0,0,0,3,0,0.05,,,,,,,,,,,,,,12,2,16.7,0.65,0.11,0.0,0.0,64,61.4,77.0,5,6,19.0,4,1.04,18,27,-9,-0.49,0.29,0,18,10,0,8,17,21,0,0.0,1,2.0640956002172732,-0.6379453189726595
Marc-Oliver Kempf,GER,DF,Como,A,31,1995,30,24,2031,22.6,4,0,4,4,0,0,2,0,0.18,,,,,,,,,,,,,,18,6,33.3,0.8,0.27,0.22,0.67,68,68.4,81.0,20,6,15.0,3,1.8,40,19,21,0.93,0.16,0,25,17,0,0,10,8,0,-2.6799999999999997,4,0.7961079168509508,-0.6379453189726595
Luca Kerber,GER,MF,Heidenheim,,24,2002,15,8,629,7.0,2,0,2,2,0,0,3,0,0.29,,,,,,,,,,,,,,9,3,33.3,1.29,0.43,0.22,0.67,42,23.3,71.0,2,7,9.0,13,0.73,4,17,-13,-1.86,-0.99,0,11,5,1,4,3,10,0,-1.3399999999999999,2,1.854493580599144,-0.6379453189726595
Milos Kerkez,HUN,DF,Liverpool,League,22,2003,29,25,2034,22.6,2,1,3,2,0,0,4,0,0.13,,,,,,,,,,,,,,8,2,25.0,0.35,0.09,0.25,1.0,70,68.5,79.0,13,4,18.0,4,1.55,37,30,7,0.31,-0.07,0,19,23,4,75,13,26,0,-1.5,3,1.7249004865103934,-0.6379453189726595
Kevin,BRA,MF,Fulham,League,23,2003,23,8,908,10.1,1,1,2,1,0,0,1,0,0.2,,,,,,,,,,,,,,22,9,40.9,2.18,0.89,0.05,0.11,39,30.6,69.0,0,15,24.0,1,1.39,12,14,-2,-0.2,-0.15,0,12,15,2,40,9,8,0,-0.55,2,1.6815034619188922,-0.6379453189726595
Bilal El Khannouss,MAR,MF,Stuttgart,,21,2004,22,17,1452,16.1,4,4,8,4,0,0,5,0,0.5,,,,,,,,,,,,,,36,14,38.9,2.23,0.87,0.11,0.29,66,53.8,80.0,6,5,18.0,1,1.86,30,26,4,0.25,-0.91,0,16,9,1,58,9,21,0,-2.46,8,1.8621973929236495,-0.6379453189726595
Rani Khedira,TUN,MF,Union Berlin,,32,1994,29,29,2563,28.5,5,1,6,5,0,0,7,0,0.21,,,,,,,,,,,,,,22,10,45.5,0.77,0.35,0.23,0.5,88,94.9,88.0,25,0,,0,1.1,31,47,-16,-0.56,0.75,0,46,18,2,22,34,34,0,-2.6999999999999997,6,2.385128025254297,-0.6379453189726595
Abdukodir Khusanov,UZB,DF,Manchester City,League,22,2004,17,11,1072,11.9,0,0,0,0,0,0,2,0,0.0,,,,,,,,,,,,,,4,1,25.0,0.34,0.08,0.0,0.0,63,37.2,83.0,8,6,27.0,9,1.94,17,9,8,0.67,-0.72,0,11,5,0,2,23,16,0,0.0,0,3.27455919395466,-0.6379453189726595
Kialonda,ANG,DF,Lecce,A,28,1997,22,21,1828,20.3,0,0,0,0,0,0,6,1,0.0,,,,,,,,,,,,,,9,1,11.1,0.44,0.05,0.0,0.0,83,61.5,86.0,19,1,26.0,0,1.05,17,25,-8,-0.39,0.87,0,12,22,2,1,19,9,0,0.0,0,1.3786312161496799,-0.6379453189726595
Kiké,ESP,FW,Espanyol,Liga,36,1989,30,14,1440,16.0,6,1,7,5,1,1,3,0,0.37,,,,,,,,,,,,,,48,22,45.8,3.0,1.37,0.1,0.23,48,51.6,75.0,4,16,25.0,1,1.17,25,23,2,0.12,0.99,0,29,34,22,14,3,7,0,-3.8,6,0.6246096189881324,-0.6379453189726595
Semih Kılıçsoy,TUR,FW,Cagliari,A,20,2005,22,11,975,10.8,4,0,4,4,0,0,1,0,0.37,,,,,,,,,,,,,,17,8,47.1,1.57,0.74,0.24,0.5,44,32.8,72.0,1,11,16.0,11,1.05,10,15,-5,-0.46,-0.06,0,14,15,2,1,1,4,0,-2.08,4,0.46253469010175763,-0.6379453189726595
Max Kilman,ENG,DF,West Ham United,League,28,1997,21,17,1561,17.3,0,0,0,0,0,0,4,0,0.0,,,,,,,,,,,,,,7,1,14.3,0.4,0.06,0.0,0.0,74,52.6,90.0,17,4,8.0,10,0.95,18,37,-19,-1.1,-1.22,0,16,2,0,2,6,8,0,0.0,0,0.8087810514153667,-0.6379453189726595
Joshua Kimmich,GER,MF,Bayern Munich,,31,1995,26,22,2055,22.8,2,6,8,2,0,0,4,0,0.35,,,,,,,,,,,,,,25,10,40.0,1.09,0.44,0.08,0.2,79,76.1,87.0,17,4,34.0,1,2.58,81,23,58,2.54,-0.53,0,7,20,0,112,21,22,0,-1.2,8,1.8851380973257341,-0.6379453189726595
Joshua King,ENG,MF,Fulham,League,19,2007,27,15,1208,13.4,1,2,3,1,0,0,3,0,0.22,,,,,,,,,,,,,,24,10,41.7,1.79,0.75,0.04,0.1,45,40.7,65.0,0,12,19.0,3,1.37,13,18,-5,-0.37,-0.47,0,11,25,2,11,3,10,0,-0.6,3,0.9694258016405667,-0.6379453189726595
Justin Kluivert,NED,MF,Bournemouth,League,26,1999,18,10,919,10.2,2,0,2,2,0,0,4,0,0.2,,,,,,,,,,,,,,16,4,25.0,1.57,0.39,0.13,0.5,51,30.9,72.0,0,8,25.0,0,1.22,16,18,-2,-0.2,-0.28,0,15,9,1,40,4,7,0,-1.48,2,1.0773751224289914,-0.6379453189726595
Ruben Kluivert,NED,DF,Lyon,1,24,2001,13,8,706,7.8,1,2,3,1,0,0,3,0,0.38,,,,,,,,,,,,,,1,1,100.0,0.13,0.13,1.0,1.0,54,26.1,85.0,6,5,5.0,7,2.08,18,15,3,0.38,-0.16,0,8,3,0,1,8,9,0,0.0,3,2.176696542893726,-0.6379453189726595
Ansgar Knauff,GER,MF,Eintracht Frankfurt,,24,2002,24,11,1112,12.4,4,1,5,4,0,0,3,0,0.4,,,,,,,,,,,,,,31,13,41.9,2.51,1.05,0.13,0.31,46,41.2,74.0,1,13,23.0,0,1.42,24,23,1,0.08,0.25,0,23,11,5,33,8,10,0,-2.31,5,1.4504431909750202,-0.6379453189726595
Gregor Kobel,SUI,GK,Dortmund,,28,1997,30,30,2700,30.0,0,0,0,0,0,0,2,0,0.0,31.0,1.03,102.0,76.0,74.5,19.0,7.0,4.0,13.0,43.3,5.0,0.0,0.0,0,0,,0.0,0.0,,,90,100.0,90.0,30,0,,0,2.13,61,31,30,1.0,,0,0,5,0,0,0,0,0,0.0,0,0.0,0.8238206656300752
Robin Koch,GER,DF,Eintracht Frankfurt,,29,1996,28,28,2473,27.5,3,1,4,3,0,0,3,1,0.15,,,,,,,,,,,,,,13,5,38.5,0.47,0.18,0.23,0.6,88,91.6,88.0,26,0,,0,1.5,51,52,-1,-0.04,0.36,1,25,9,0,2,39,20,0,-1.8499999999999999,4,2.144674663758633,-0.6379453189726595
Christian Kofane,CMR,FW,Leverkusen,,19,2006,27,11,1161,12.9,5,3,8,5,0,0,3,0,0.62,,,,,,,,,,,,,,45,19,42.2,3.49,1.47,0.11,0.26,43,43.0,76.0,2,16,21.0,2,1.7,29,15,14,1.09,0.79,0,28,14,3,0,2,7,0,-2.91,8,0.69713400464756,-0.6379453189726595
Hervé Koffi,BFA,GK,Angers,1,29,1996,26,26,2340,26.0,0,0,0,0,0,0,1,0,0.0,29.0,1.12,126.0,100.0,78.6,9.0,7.0,10.0,10.0,38.5,2.0,2.0,1.0,0,0,,0.0,0.0,,,90,86.7,90.0,26,0,,0,1.31,23,29,-6,-0.23,1.77,0,1,10,0,0,0,1,0,0.0,0,0.03844675124951941,0.7805014828556713
Derrick Köhn,GHA,MF,Union Berlin,,27,1999,28,21,1868,20.8,1,2,3,0,1,1,4,1,0.1,,,,,,,,,,,,,,28,5,17.9,1.35,0.24,0.0,0.0,67,69.2,82.0,10,7,20.0,0,1.11,23,32,-9,-0.43,0.54,0,32,15,6,113,8,22,0,-1.0,2,1.4416146083613646,-0.6379453189726595
Philipp Köhn,SUI,GK,Monaco,1,28,1998,19,17,1621,18.0,0,0,0,0,0,0,1,0,0.0,27.0,1.5,73.0,48.0,65.8,9.0,4.0,4.0,5.0,29.4,2.0,0.0,0.0,0,0,,0.0,0.0,,,85,60.0,90.0,17,2,46.0,11,1.79,36,27,9,0.5,0.67,0,0,3,0,0,1,0,0,0.0,0,0.05552470849528039,0.43719909823534736
Dominik Kohr,GER,DF,Mainz 05,,32,1994,25,25,2059,22.9,1,0,1,1,0,0,10,2,0.04,,,,,,,,,,,,,,12,2,16.7,0.52,0.09,0.08,0.5,82,76.3,82.0,17,0,,0,1.2,29,32,-3,-0.13,0.71,1,36,39,1,14,38,32,0,-0.84,1,3.0554343081623743,-0.6379453189726595
Koke,ESP,MF,Atlético Madrid,Liga,34,1992,28,19,1770,19.7,2,2,4,2,0,0,5,0,0.2,,,,,,,,,,,,,,11,4,36.4,0.56,0.2,0.18,0.5,63,63.4,78.0,10,9,33.0,2,2.0,35,20,15,0.76,0.41,0,19,15,0,29,17,23,0,-1.28,4,2.0294266869609334,-0.6379453189726595
Sead Kolašinac,BIH,DF,Atalanta,A,32,1993,16,13,1047,11.6,0,0,0,0,0,0,3,0,0.0,,,,,,,,,,,,,,3,0,0.0,0.26,0.0,0.0,,65,35.3,72.0,3,3,38.0,6,1.88,18,11,7,0.6,0.18,0,17,9,0,3,8,16,0,0.0,0,2.0671834625323,-0.6379453189726595
Randal Kolo Muani,FRA,FW,Tottenham Hotspur,League,27,1998,25,17,1377,15.3,1,1,2,1,0,0,2,0,0.13,,,,,,,,,,,,,,16,3,18.8,1.05,0.2,0.06,0.33,55,46.4,69.0,3,8,26.0,2,0.64,14,28,-14,-0.92,-1.08,0,36,13,1,9,2,15,0,-0.8200000000000001,2,1.1103853690398433,-0.6379453189726595
Timothée Kolodziejczak,FRA,DF,Paris FC,1,34,1991,11,7,662,7.4,0,0,0,0,0,0,2,0,0.0,,,,,,,,,,,,,,1,1,100.0,0.14,0.14,0.0,0.0,60,24.5,89.0,6,4,10.0,16,1.18,6,14,-8,-1.09,-1.18,0,8,1,0,0,7,6,0,0.0,0,1.7543859649122806,-0.6379453189726595
Mert Kömür,GER,MF,Augsburg,,20,2005,25,15,1327,14.7,2,3,5,2,0,0,1,0,0.34,,,,,,,,,,,,,,37,13,35.1,2.51,0.88,0.05,0.15,53,49.1,75.0,6,10,20.0,4,1.24,18,25,-7,-0.47,0.12,0,24,17,2,56,7,12,0,-1.35,5,1.291638341264446,-0.6379453189726595
Ibrahima Konaté,FRA,DF,Liverpool,League,26,1999,31,31,2660,29.6,1,0,1,1,0,0,6,0,0.03,,,,,,,,,,,,,,10,3,30.0,0.34,0.1,0.1,0.33,86,89.6,86.0,24,0,,1,1.74,46,35,11,0.37,0.37,0,31,35,0,3,26,30,0,-0.7,1,1.8912529550827422,-0.6379453189726595
Geoffrey Kondogbia,CTA,MF,Marseille,1,33,1993,10,9,587,6.5,0,0,0,0,0,0,3,0,0.0,,,,,,,,,,,,,,4,1,25.0,0.61,0.15,0.0,0.0,59,21.7,64.0,0,1,14.0,7,1.9,11,6,5,0.77,0.21,0,12,8,0,1,11,9,0,0.0,0,3.0721966205837177,-0.6379453189726595
Ismaël Koné,CAN,MF,Sassuolo,A,23,2002,30,29,2411,26.8,6,0,6,6,0,0,5,1,0.22,,,,,,,,,,,,,,20,10,50.0,0.75,0.37,0.3,0.6,80,81.2,82.0,10,1,32.0,1,1.47,34,35,-1,-0.04,0.28,1,19,48,0,4,10,15,0,-3.0,6,0.9324878776575903,-0.6379453189726595
Manu Koné,FRA,MF,Roma,A,24,2001,26,26,2300,25.6,2,2,4,2,0,0,2,0,0.16,,,,,,,,,,,,,,21,5,23.8,0.82,0.2,0.1,0.4,88,77.4,88.0,24,0,,0,1.81,34,19,15,0.59,0.32,0,44,48,2,1,19,26,0,-1.5,4,1.7571261226083559,-0.6379453189726595
Ransford Königsdörffer,GHA,FW,Hamburger SV,,24,2001,30,26,2059,22.9,5,1,6,5,0,1,2,0,0.26,,,,,,,,,,,,,,61,22,36.1,2.67,0.96,0.08,0.23,69,76.3,75.0,2,4,29.0,0,1.03,27,39,-12,-0.52,-0.1,0,23,27,27,18,4,2,0,-3.24,6,0.2618943692710607,-0.6379453189726595
Ezri Konsa,ENG,DF,Aston Villa,League,28,1997,31,31,2765,30.7,0,0,0,0,0,0,0,1,0.0,,,,,,,,,,,,,,11,2,18.2,0.36,0.07,0.0,0.0,89,93.1,89.0,30,0,,1,1.84,46,39,7,0.23,0.67,0,11,34,0,5,22,7,0,0.0,0,0.9443178117876913,-0.6379453189726595
Teun Koopmeiners,NED,DF,Juventus,A,28,1998,28,16,1640,18.2,0,0,0,0,0,0,5,0,0.0,,,,,,,,,,,,,,27,6,22.2,1.48,0.33,0.0,0.0,59,55.2,84.0,10,12,24.0,4,1.79,24,20,4,0.22,-1.4,0,27,9,3,40,18,11,0,0.0,0,1.5925315760571115,-0.6379453189726595
Odilon Kossounou,CIV,DF,Atalanta,A,25,2001,17,10,955,10.6,1,0,1,1,0,0,1,0,0.09,,,,,,,,,,,,,,5,1,20.0,0.47,0.09,0.2,1.0,56,32.2,76.0,5,7,28.0,9,1.59,15,11,4,0.38,-0.16,0,16,3,0,2,10,13,0,-0.8,1,2.167766258246937,-0.6379453189726595
Filip Kostić,SRB,MF,Juventus,A,33,1992,18,4,479,5.3,3,1,4,3,0,0,1,0,0.75,,,,,,,,,,,,,,9,4,44.4,1.69,0.75,0.33,0.75,27,16.1,69.0,0,14,15.0,15,2.0,12,4,8,1.5,0.78,0,8,5,0,49,4,10,0,-1.68,4,2.6365348399246704,-0.6379453189726595
Koffi Kouao,CIV,DF,Metz,1,27,1998,26,26,2201,24.5,2,1,3,2,0,0,10,0,0.12,,,,,,,,,,,,,,23,10,43.5,0.94,0.41,0.09,0.2,85,81.5,85.0,18,0,,3,0.58,21,47,-26,-1.06,1.28,0,32,33,3,57,28,45,1,-1.1,3,2.978376172990616,-0.6379453189726595
Arsène Kouassi,BFA,MF,Lorient,1,21,2004,27,26,2245,24.9,2,5,7,2,0,0,4,0,0.28,,,,,,,,,,,,,,7,4,57.1,0.28,0.16,0.29,0.5,83,83.1,83.0,17,1,77.0,0,1.33,31,34,-3,-0.12,0.08,0,13,49,9,108,19,17,0,-0.8400000000000001,7,1.4452027298273786,-0.6379453189726595
Konstantinos Koulierakis,GRE,DF,Wolfsburg,,22,2003,25,23,2123,23.6,2,1,3,2,0,0,5,0,0.13,,,,,,,,,,,,,,22,10,45.5,0.93,0.42,0.09,0.2,85,78.6,90.0,23,2,27.0,3,0.96,34,51,-17,-0.72,0.53,0,24,11,0,15,32,21,1,-1.1,3,2.244811520542143,-0.6379453189726595
Jules Koundé,FRA,DF,Barcelona,Liga,27,1998,26,20,1932,21.5,1,3,4,1,0,0,4,0,0.19,,,,,,,,,,,,,,12,3,25.0,0.56,0.14,0.08,0.33,74,69.2,89.0,17,6,26.0,2,2.46,60,20,40,1.86,0.39,0,19,22,2,32,27,21,0,-0.76,4,2.2315202231520224,-0.6379453189726595
Goduine Koyalipou,CTA,FW,Angers,1,26,2000,9,6,498,5.5,0,0,0,0,0,0,0,0,0.0,,,,,,,,,,,,,,15,5,33.3,2.71,0.9,0.0,0.0,55,18.4,77.0,1,3,13.0,1,1.11,1,5,-4,-0.72,-0.31,0,4,3,3,1,1,2,0,0.0,0,0.544464609800363,-0.6379453189726595
Alex Král,CZE,MF,Union Berlin,,27,1998,19,2,456,5.1,0,0,0,0,0,0,1,0,0.0,,,,,,,,,,,,,,7,3,42.9,1.38,0.59,0.0,0.0,24,16.9,73.0,0,17,18.0,7,1.05,7,13,-6,-1.18,-0.7,0,4,10,0,12,2,5,0,0.0,0,1.3698630136986303,-0.6379453189726595
Andrej Kramarić,CRO,MF,Hoffenheim,,34,1991,30,22,1902,21.1,12,5,17,7,5,5,1,0,0.57,,,,,,,,,,,,,,57,28,49.1,2.7,1.32,0.12,0.25,63,70.4,75.0,4,8,32.0,0,1.8,47,28,19,0.9,1.35,0,5,12,5,73,6,4,0,-8.64,12,0.47370914258645186,-0.6379453189726595
Jean-Philippe Krasso,CIV,FW,Paris FC,1,28,1997,25,12,1092,12.1,2,2,4,1,1,1,0,0,0.25,,,,,,,,,,,,,,27,10,37.0,2.23,0.82,0.04,0.1,44,40.4,70.0,1,13,19.0,0,1.12,15,17,-2,-0.16,0.06,0,20,19,10,4,1,8,0,-1.6,3,0.7431874483897606,-0.6379453189726595
Tom Krauß,GER,MF,Köln,,24,2001,24,17,1633,18.1,0,1,1,0,0,0,4,0,0.06,,,,,,,,,,,,,,9,2,22.2,0.5,0.11,0.0,0.0,68,60.5,84.0,7,7,29.0,5,1.13,21,28,-7,-0.39,-0.39,0,22,21,0,13,24,38,0,0.0,1,3.4235229155162887,-0.6379453189726595
Ladislav Krejčí,CZE,DF,Wolves,League,27,1999,26,25,2201,24.5,2,1,3,2,0,0,5,1,0.12,,,,,,,,,,,,,,19,10,52.6,0.78,0.41,0.11,0.2,85,74.1,86.0,20,1,48.0,1,0.54,18,43,-25,-1.02,0.38,1,32,7,0,13,30,16,1,-0.8999999999999999,3,1.8767849857201142,-0.6379453189726595
Rasmus Kristensen,DEN,DF,Eintracht Frankfurt,,28,1997,19,18,1421,15.8,2,0,2,2,0,0,4,0,0.13,,,,,,,,,,,,,,14,5,35.7,0.89,0.32,0.14,0.4,75,52.6,79.0,12,1,7.0,0,1.47,26,28,-2,-0.13,-0.13,0,21,10,3,31,18,32,0,-1.2999999999999998,2,3.1625553447185326,-0.6379453189726595
Thomas Kristensen,DEN,DF,Udinese,A,24,2002,23,23,2054,22.8,2,0,2,2,0,0,4,0,0.09,,,,,,,,,,,,,,9,4,44.4,0.39,0.18,0.22,0.5,89,69.2,89.0,21,0,,2,1.35,26,26,0,0.0,0.49,0,23,7,1,3,22,13,0,-1.12,2,1.5344147303814115,-0.6379453189726595
Nikola Krstović,MNE,FW,Atalanta,A,26,2000,29,15,1486,16.5,10,4,14,10,0,0,2,0,0.85,,,,,,,,,,,,,,85,28,32.9,5.15,1.7,0.12,0.36,51,50.0,75.0,5,14,26.0,4,1.72,29,13,16,0.97,0.97,0,33,26,23,4,3,9,0,-6.640000000000001,14,0.726832222895215,-0.6379453189726595
Lukas Kübler,GER,DF,Freiburg,,33,1992,19,17,1380,15.3,2,1,3,2,0,0,2,0,0.2,,,,,,,,,,,,,,18,4,22.2,1.17,0.26,0.11,0.5,73,51.1,79.0,8,2,22.0,4,1.53,30,28,2,0.13,0.54,0,16,9,5,25,24,21,0,-1.56,3,2.939255388634879,-0.6379453189726595
Takefusa Kubo,JPN,MF,Real Sociedad,Liga,24,2001,19,13,1216,13.5,2,4,6,2,0,0,1,0,0.44,,,,,,,,,,,,,,25,12,48.0,1.85,0.89,0.08,0.17,64,43.6,79.0,3,6,31.0,1,1.11,15,18,-3,-0.22,-0.45,0,7,39,10,32,7,15,0,-1.04,6,1.6284233900814211,-0.6379453189726595
Mohammed Kudus,GHA,MF,Tottenham Hotspur,League,25,2000,19,19,1535,17.1,2,5,7,2,0,0,3,0,0.41,,,,,,,,,,,,,,26,9,34.6,1.52,0.53,0.08,0.22,81,51.7,81.0,8,0,,0,1.37,22,20,2,0.12,0.93,0,23,15,10,122,3,17,0,-1.28,7,1.1689070718877848,-0.6379453189726595
Nicolas-Gerrit Kühn,GER,MF,Como,A,26,2000,22,6,664,7.4,1,1,2,1,0,0,0,0,0.27,,,,,,,,,,,,,,8,3,37.5,1.08,0.41,0.13,0.33,30,22.4,63.0,0,16,18.0,10,1.64,10,6,4,0.54,-0.43,0,6,2,3,14,4,6,0,-0.61,2,1.349527665317139,-0.6379453189726595
Sael Kumbedi,FRA,DF,Wolfsburg,,21,2005,20,17,1514,16.8,0,5,5,0,0,0,2,0,0.3,,,,,,,,,,,,,,3,0,0.0,0.18,0.0,0.0,,76,56.1,85.0,10,3,24.0,5,0.8,26,42,-16,-0.95,-0.27,0,19,15,4,31,13,28,0,0.0,5,2.439024390243902,-0.6379453189726595
Khvicha Kvaratskhelia,GEO,FW,Paris Saint-Germain,1,25,2001,24,15,1257,14.0,5,4,9,5,0,0,1,0,0.64,,,,,,,,,,,,,,60,25,41.7,4.3,1.79,0.08,0.2,52,49.9,68.0,3,9,26.0,1,2.21,25,11,14,1.0,-0.64,0,17,24,4,40,8,12,0,-3.0,9,1.4275517487508922,-0.6379453189726595
Adrián de la Fuente,ESP,DF,Levante,Liga,27,1999,27,24,2186,24.3,2,1,3,1,1,2,5,0,0.08,,,,,,,,,,,,,,31,7,22.6,1.28,0.29,0.03,0.14,81,78.4,89.0,23,3,17.0,1,0.93,24,41,-17,-0.7,-1.0,0,27,20,1,23,38,15,1,-1.79,2,2.1801727684080623,-0.6379453189726595
Rémy Labeau Lascary,GLP,MF,Brest,1,23,2003,23,11,1063,11.8,5,1,6,5,0,0,2,0,0.51,,,,,,,,,,,,,,28,14,50.0,2.37,1.19,0.18,0.36,46,40.7,71.0,3,12,24.0,0,1.52,18,18,0,0.0,0.35,0,25,15,8,11,4,9,0,-2.48,6,1.100762066045724,-0.6379453189726595
Maxence Lacroix,FRA,DF,Crystal Palace,League,26,2000,30,30,2665,29.6,1,2,3,1,0,0,3,1,0.1,,,,,,,,,,,,,,21,4,19.0,0.71,0.14,0.05,0.25,89,92.5,89.0,29,0,,0,1.23,31,33,-2,-0.07,-0.49,0,30,17,0,5,40,33,0,-0.8,3,2.465383316447146,-0.6379453189726595
Konrad Laimer,AUT,DF,Bayern Munich,,28,1997,25,19,1724,19.2,3,6,9,3,0,0,6,0,0.47,,,,,,,,,,,,,,16,8,50.0,0.84,0.42,0.19,0.38,69,63.9,80.0,10,6,33.0,0,2.76,75,13,62,3.24,1.58,0,22,6,3,29,17,21,0,-1.48,9,1.978136387298282,-0.6379453189726595
Kenny Lala,MAD,DF,Brest,1,34,1991,28,27,2431,27.0,0,2,2,0,0,0,3,0,0.07,,,,,,,,,,,,,,8,1,12.5,0.3,0.04,0.0,0.0,87,93.1,89.0,25,1,24.0,0,1.21,34,42,-8,-0.3,-1.3,0,13,21,0,92,22,24,0,0.0,2,1.7030729359496481,-0.6379453189726595
Senne Lammens,BEL,GK,Manchester Utd,League,23,2002,27,27,2430,27.0,0,0,0,0,0,0,0,0,0.0,34.0,1.26,93.0,63.0,67.7,14.0,9.0,4.0,6.0,22.2,4.0,0.0,0.0,0,0,,0.0,0.0,,,90,81.8,90.0,27,0,,3,1.89,51,34,17,0.63,1.3,0,0,3,0,0,0,1,0,0.0,0,0.03702332469455757,0.49674607060265996
Noa Lang,NED,FW,Napoli,A,26,1999,18,7,666,7.4,1,2,3,1,0,0,2,0,0.41,,,,,,,,,,,,,,9,4,44.4,1.22,0.54,0.11,0.25,37,22.4,66.0,0,11,19.0,3,1.89,9,4,5,0.68,0.29,0,5,11,2,44,2,8,0,-0.56,3,1.349527665317139,-0.6379453189726595
Aymeric Laporte,ESP,DF,Athletic Club,Liga,31,1994,20,19,1669,18.5,0,1,1,0,0,0,2,0,0.05,,,,,,,,,,,,,,14,5,35.7,0.75,0.27,0.0,0.0,83,59.8,86.0,17,1,27.0,0,1.2,18,30,-12,-0.65,-0.65,0,6,10,1,1,20,13,0,0.0,1,1.7828200972447323,-0.6379453189726595
Hugo Larsson,SWE,MF,Eintracht Frankfurt,,21,2004,23,19,1641,18.2,2,2,4,2,0,0,0,0,0.22,,,,,,,,,,,,,,11,5,45.5,0.6,0.27,0.18,0.4,71,60.8,80.0,9,4,29.0,1,1.35,31,29,2,0.11,0.45,0,6,2,0,8,21,9,0,-1.1,4,1.6474464579901154,-0.6379453189726595
Toni Lato,ESP,DF,Mallorca,Liga,28,1997,9,6,465,5.2,0,1,1,0,0,0,3,0,0.19,,,,,,,,,,,,,,0,0,,0.0,0.0,,,52,16.7,75.0,1,3,4.0,14,0.33,6,10,-4,-0.77,-0.58,0,5,1,0,15,5,7,0,0.0,1,2.3032629558541267,-0.6379453189726595
Josh Laurent,ENG,DF,Burnley,League,30,1995,29,16,1593,17.7,1,0,1,1,0,0,7,1,0.06,,,,,,,,,,,,,,14,4,28.6,0.79,0.23,0.07,0.25,55,53.6,83.0,9,13,21.0,3,0.69,17,37,-20,-1.13,-0.28,0,25,10,2,14,25,22,0,-0.72,1,2.6538678712591754,-0.6379453189726595
Armand Lauriente,FRA,FW,Sassuolo,A,27,1998,33,28,2180,24.2,5,8,13,5,0,0,3,0,0.54,,,,,,,,,,,,,,61,21,34.4,2.52,0.87,0.08,0.24,66,73.4,73.0,5,5,25.0,0,1.36,29,34,-5,-0.21,-0.43,0,32,32,18,101,7,9,0,-3.3200000000000003,13,0.6608839322593969,-0.6379453189726595
Valentino Lazaro,AUT,MF,Torino,A,30,1996,28,23,2051,22.8,0,2,2,0,0,0,4,0,0.09,,,,,,,,,,,,,,7,2,28.6,0.31,0.09,0.0,0.0,73,69.1,84.0,14,5,24.0,5,1.07,23,44,-21,-0.92,-1.31,0,36,9,1,118,22,25,0,0.0,2,2.0604997807978953,-0.6379453189726595
Manuel Lazzari,ITA,DF,Lazio,A,32,1993,19,8,813,9.0,0,0,0,0,0,0,2,0,0.0,,,,,,,,,,,,,,4,2,50.0,0.44,0.22,0.0,0.0,43,27.4,72.0,1,11,22.0,8,1.26,9,7,2,0.22,0.14,0,8,18,0,14,6,5,0,0.0,0,1.2208657047724751,-0.6379453189726595
Théo Le Bris,FRA,MF,Lorient,1,23,2002,28,22,1893,21.0,2,2,4,2,0,0,0,0,0.19,,,,,,,,,,,,,,17,7,41.2,0.81,0.33,0.12,0.29,68,70.1,81.0,7,6,19.0,1,1.36,30,26,4,0.19,1.08,0,8,7,0,81,17,28,0,-1.1600000000000001,4,2.1418372203712517,-0.6379453189726595
Enzo Le Fée,FRA,MF,Sunderland,League,26,2000,31,28,2481,27.6,4,5,9,1,3,4,5,0,0.22,,,,,,,,,,,,,,26,8,30.8,0.94,0.29,0.04,0.13,80,83.5,87.0,21,3,16.0,0,1.45,31,35,-4,-0.15,-0.15,0,26,30,4,76,26,47,0,-3.68,6,2.6439695762404924,-0.6379453189726595
Robin Le Normand,ESP,DF,Atlético Madrid,Liga,29,1996,22,14,1423,15.8,1,0,1,1,0,0,3,0,0.06,,,,,,,,,,,,,,3,1,33.3,0.19,0.06,0.33,1.0,65,51.0,86.0,12,8,28.0,4,1.77,26,15,11,0.7,0.17,0,15,14,1,3,10,14,0,-0.6699999999999999,1,1.5180265654648957,-0.6379453189726595
Nicola Leali,ITA,GK,Genoa,A,33,1993,20,20,1712,19.0,0,0,0,0,0,0,2,1,0.0,26.0,1.37,79.0,55.0,69.6,4.0,8.0,8.0,4.0,20.0,2.0,0.0,0.0,0,0,,0.0,0.0,,,86,57.6,86.0,19,0,,12,1.0,21,25,-4,-0.21,-0.07,0,2,2,0,0,1,0,0,0.0,0,0.052603892688058915,0.4563596652218045
Rafael Leão,POR,FW,Milan,A,26,1999,25,20,1634,18.2,9,3,12,7,2,2,4,0,0.55,,,,,,,,,,,,,,58,23,39.7,3.19,1.27,0.12,0.3,65,55.0,76.0,6,5,22.0,1,1.88,24,17,7,0.39,-0.56,0,18,31,9,17,4,2,0,-6.24,10,0.32948929159802304,-0.6379453189726595
Pierre Lees-Melou,FRA,MF,Paris FC,1,32,1993,19,17,1526,17.0,1,2,3,1,0,0,5,0,0.18,,,,,,,,,,,,,,25,6,24.0,1.47,0.35,0.04,0.17,80,56.5,88.0,13,2,18.0,0,1.42,25,22,3,0.18,0.87,0,25,20,0,12,16,31,0,-0.76,3,2.7630805408583186,-0.6379453189726595
Jordan Lefort,MTN,DF,Angers,1,32,1993,30,30,2700,30.0,0,2,2,0,0,0,2,0,0.07,,,,,,,,,,,,,,10,2,20.0,0.33,0.07,0.0,0.0,90,100.0,90.0,30,0,,0,1.13,26,40,-14,-0.47,,0,19,18,2,19,41,28,0,0.0,2,2.299233588803732,-0.6379453189726595
Diogo Leite,POR,DF,Union Berlin,,27,1999,19,19,1603,17.8,0,0,0,0,0,0,2,0,0.0,,,,,,,,,,,,,,10,1,10.0,0.56,0.06,0.0,0.0,84,59.4,84.0,12,0,,2,1.16,20,26,-6,-0.34,0.65,0,23,22,1,6,33,11,1,0.0,0,2.4705221785513753,-0.6379453189726595
Florian Lejeune,FRA,DF,Rayo Vallecano,Liga,34,1991,31,31,2780,30.9,0,1,1,0,0,0,5,0,0.03,,,,,,,,,,,,,,43,13,30.2,1.39,0.42,0.0,0.0,90,99.6,90.0,30,0,,0,1.13,29,38,-9,-0.29,-0.29,0,45,12,1,7,38,38,0,0.0,1,2.4587512131996117,-0.6379453189726595
Youssef Lekhedim,ESP,DF,Alavés,Liga,20,2005,22,12,1201,13.3,0,1,1,0,0,0,6,0,0.07,,,,,,,,,,,,,,10,2,20.0,0.75,0.15,0.0,0.0,55,43.0,84.0,7,10,19.0,7,1.13,19,19,0,0.0,0.62,0,22,12,0,57,12,8,0,0.0,1,1.5026296018031555,-0.6379453189726595
Iñigo Lekue,ESP,DF,Athletic Club,Liga,32,1993,10,8,569,6.3,0,0,0,0,0,0,2,2,0.0,,,,,,,,,,,,,,3,1,33.3,0.47,0.16,0.0,0.0,57,20.4,70.0,4,2,5.0,14,1.36,9,13,-4,-0.63,-0.31,0,11,0,0,19,4,10,0,0.0,0,2.218700475435816,-0.6379453189726595
Thomas Lemar,FRA,MF,Girona,Liga,30,1995,21,12,1066,11.8,3,1,4,3,0,0,2,0,0.34,,,,,,,,,,,,,,16,8,50.0,1.35,0.68,0.19,0.38,51,38.2,71.0,1,9,24.0,1,1.14,14,14,0,0.0,0.63,0,17,18,0,42,3,10,0,-1.48,4,1.100762066045724,-0.6379453189726595
Félix Lemaréchal,FRA,MF,Strasbourg,1,22,2003,11,7,555,6.2,0,2,2,0,0,0,1,0,0.32,,,,,,,,,,,,,,10,2,20.0,1.62,0.32,0.0,0.0,50,21.3,68.0,1,4,20.0,1,1.73,10,6,4,0.65,0.43,0,9,6,0,15,3,6,0,0.0,2,1.4492753623188406,-0.6379453189726595
Tim Lemperle,GER,FW,Hoffenheim,,24,2002,25,20,1665,18.5,7,2,9,6,1,1,1,0,0.43,,,,,,,,,,,,,,45,18,40.0,2.43,0.97,0.13,0.33,67,61.7,78.0,1,5,22.0,0,1.88,41,25,16,0.86,0.95,0,52,13,15,25,6,15,0,-4.66,8,1.1345218800648298,-0.6379453189726595
Clément Lenglet,FRA,DF,Atlético Madrid,Liga,30,1995,13,13,994,11.0,0,1,1,0,0,0,5,1,0.09,,,,,,,,,,,,,,3,0,0.0,0.27,0.0,0.0,,76,35.6,76.0,8,0,,14,1.46,16,10,6,0.54,-0.11,1,18,5,0,2,12,6,0,0.0,1,1.6348773841961852,-0.6379453189726595
Bernd Leno,GER,GK,Fulham,League,34,1992,33,33,2970,33.0,0,0,0,0,0,0,3,0,0.0,46.0,1.39,127.0,84.0,66.1,13.0,6.0,14.0,7.0,21.2,3.0,0.0,1.0,0,0,,0.0,0.0,,,90,100.0,90.0,33,0,,0,1.36,43,46,-3,-0.09,,0,0,5,0,0,1,1,1,0.0,0,0.06058770069675856,0.5079638521387103
Donovan Léon,GUF,GK,Auxerre,1,33,1992,27,27,2280,25.3,0,0,0,0,0,0,0,2,0.0,34.0,1.34,121.0,90.0,73.6,5.0,9.0,13.0,8.0,29.6,2.0,1.0,0.0,0,0,,0.0,0.0,,,84,84.4,84.0,24,0,,0,0.89,20,34,-14,-0.55,-0.55,0,3,7,0,0,0,2,0,0.0,0,0.07902015013828526,0.6448375298360423
Esteban Lepaul,FRA,FW,Rennes,1,26,2000,28,27,2159,24.0,16,4,20,14,2,3,2,0,0.75,,,,,,,,,,,,,,69,30,43.5,2.88,1.25,0.2,0.47,77,80.0,79.0,9,1,29.0,0,1.79,42,29,13,0.54,0.87,0,23,15,6,13,3,5,0,-10.0,18,0.3331945022907122,-0.6379453189726595
Johann Lepenant,FRA,MF,Nantes,1,23,2002,23,19,1831,20.3,0,1,1,0,0,0,4,0,0.05,,,,,,,,,,,,,,18,5,27.8,0.88,0.25,0.0,0.0,80,70.2,88.0,14,4,40.0,0,0.65,17,27,-10,-0.49,0.78,0,25,40,0,56,20,41,0,0.0,1,3.003446578040374,-0.6379453189726595
Mehdi Léris,ALG,MF,Pisa,A,27,1998,29,16,1571,17.5,1,3,4,1,0,0,2,0,0.23,,,,,,,,,,,,,,21,6,28.6,1.2,0.34,0.05,0.17,54,52.9,75.0,4,13,28.0,3,0.55,14,35,-21,-1.2,-0.24,0,24,19,6,83,15,28,0,-0.7,4,2.455739577384352,-0.6379453189726595
Jefferson Lerma,COL,MF,Crystal Palace,League,31,1994,26,15,1435,15.9,0,2,2,0,0,0,6,0,0.13,,,,,,,,,,,,,,18,7,38.9,1.13,0.44,0.0,0.0,55,49.8,82.0,12,11,19.0,3,1.35,18,16,2,0.13,0.31,0,20,19,0,11,18,14,1,0.0,2,2.011313639220616,-0.6379453189726595
Louis Leroux,FRA,MF,Nantes,1,20,2006,19,14,1279,14.2,1,1,2,1,0,0,2,0,0.14,,,,,,,,,,,,,,13,3,23.1,0.91,0.21,0.08,0.33,67,49.0,81.0,7,5,28.0,2,0.89,12,20,-8,-0.56,0.32,0,11,13,1,28,4,17,0,-0.76,2,1.4778325123152711,-0.6379453189726595
Robert Lewandowski,POL,FW,Barcelona,Liga,37,1988,25,12,1206,13.4,12,1,13,11,1,3,2,0,0.9,,,,,,,,,,,,,,55,26,47.3,4.1,1.94,0.2,0.42,48,43.2,76.0,6,13,22.0,3,2.56,44,13,31,2.31,1.01,0,11,15,13,0,2,3,0,-6.8,12,0.37285607755406414,-0.6379453189726595
Jamie Leweling,GER,MF,Stuttgart,,25,2001,28,22,2029,22.5,7,7,14,7,0,0,4,0,0.62,,,,,,,,,,,,,,42,17,40.5,1.86,0.75,0.17,0.41,72,75.1,84.0,9,6,29.0,0,1.79,42,33,9,0.4,-1.08,0,15,36,12,107,12,11,0,-4.109999999999999,14,1.0217681030653043,-0.6379453189726595
Keane Lewis-Potter,ENG,DF,Brentford,League,25,2001,31,17,1525,16.9,3,2,5,3,0,0,1,0,0.3,,,,,,,,,,,,,,24,7,29.2,1.42,0.41,0.13,0.43,49,51.3,78.0,7,14,14.0,2,1.45,21,24,-3,-0.18,-0.61,0,15,28,3,55,7,11,0,-2.09,5,1.0644589000591367,-0.6379453189726595
Philipp Lienhart,AUT,DF,Freiburg,,29,1996,16,12,1082,12.0,0,0,0,0,0,0,4,1,0.0,,,,,,,,,,,,,,6,1,16.7,0.5,0.08,0.0,0.0,68,40.1,81.0,8,4,28.0,2,1.63,22,18,4,0.33,0.78,1,6,7,2,12,12,11,0,0.0,0,1.9150707743547044,-0.6379453189726595
Matthijs de Ligt,NED,DF,Manchester Utd,League,26,1999,13,13,1170,13.0,1,0,1,1,0,0,0,0,0.08,,,,,,,,,,,,,,11,3,27.3,0.85,0.23,0.09,0.33,90,39.4,90.0,13,0,,0,1.62,21,20,1,0.08,-0.52,0,6,5,0,4,11,13,0,-0.73,1,1.8447348193697157,-0.6379453189726595
Victor Lindelöf,SWE,DF,Aston Villa,League,31,1994,13,7,668,7.4,0,1,1,0,0,0,0,0,0.13,,,,,,,,,,,,,,3,0,0.0,0.4,0.0,0.0,,51,22.5,90.0,7,6,6.0,16,2.31,14,10,4,0.54,0.46,0,1,0,0,0,4,2,0,0.0,1,0.8097165991902834,-0.6379453189726595
Luca Lipani,ITA,MF,Sassuolo,A,20,2005,19,8,791,8.8,0,0,0,0,0,0,2,0,0.0,,,,,,,,,,,,,,10,2,20.0,1.14,0.23,0.0,0.0,42,26.6,72.0,2,11,20.0,13,1.26,11,12,-1,-0.11,-0.03,0,25,4,1,4,10,14,0,0.0,0,2.724177071509648,-0.6379453189726595
Adrián Liso,ESP,FW,Getafe,Liga,21,2005,25,19,1572,17.5,3,0,3,3,0,0,5,1,0.17,,,,,,,,,,,,,,26,10,38.5,1.49,0.57,0.12,0.3,63,56.3,76.0,4,6,20.0,2,1.28,12,17,-5,-0.29,-0.29,1,37,39,16,39,4,19,0,-1.8,3,1.3135351227869787,-0.6379453189726595
Valentino Livramento,ENG,DF,Newcastle United,League,23,2002,17,14,1328,14.8,0,1,1,0,0,0,1,0,0.07,,,,,,,,,,,,,,3,0,0.0,0.2,0.0,0.0,,78,44.7,88.0,12,3,33.0,0,1.47,22,14,8,0.54,1.15,0,7,16,2,36,2,14,0,0.0,1,1.0803511141120863,-0.6379453189726595
Diego Llorente,ESP,DF,Real Betis,Liga,32,1993,13,10,810,9.0,1,0,1,1,0,0,3,0,0.11,,,,,,,,,,,,,,3,2,66.7,0.33,0.22,0.33,0.5,62,29.0,73.0,6,3,28.0,11,1.31,14,8,6,0.67,0.62,0,8,11,0,0,21,9,0,-0.33999999999999997,1,3.3296337402885685,-0.6379453189726595
Marcos Llorente,ESP,DF,Atlético Madrid,Liga,31,1995,25,21,1861,20.7,0,4,4,0,0,0,5,0,0.19,,,,,,,,,,,,,,16,6,37.5,0.77,0.29,0.0,0.0,74,66.7,83.0,17,4,28.0,1,2.04,40,19,21,1.02,1.21,0,24,10,2,37,10,32,0,0.0,4,2.0280057943022696,-0.6379453189726595
Gautier Lloris,FRA,DF,Le Havre,1,30,1995,25,24,2038,22.6,1,1,2,1,0,0,1,1,0.09,,,,,,,,,,,,,,11,4,36.4,0.49,0.18,0.09,0.25,82,75.5,84.0,21,1,12.0,0,1.0,18,25,-7,-0.31,0.51,0,25,15,1,1,40,21,1,-0.64,2,2.6979212737726668,-0.6379453189726595
Giovani Lo Celso,ARG,MF,Real Betis,Liga,30,1996,18,11,1111,12.3,2,2,4,2,0,0,3,0,0.32,,,,,,,,,,,,,,27,10,37.0,2.19,0.81,0.07,0.2,62,39.8,79.0,2,7,35.0,2,1.5,18,13,5,0.41,0.3,0,7,40,4,50,5,11,0,-1.2999999999999998,4,1.2997562956945572,-0.6379453189726595
Danny Loader,CMR,MF,Auxerre,1,25,2000,26,25,2198,24.4,3,3,6,3,0,0,7,0,0.25,,,,,,,,,,,,,,57,16,28.1,2.33,0.66,0.05,0.19,85,81.4,87.0,17,1,29.0,0,0.73,20,31,-11,-0.45,0.09,0,58,47,4,24,9,18,0,-2.2,6,1.106104055714871,-0.6379453189726595
Stanislav Lobotka,SVK,MF,Napoli,A,31,1994,27,24,2087,23.2,1,1,2,1,0,0,3,0,0.09,,,,,,,,,,,,,,8,4,50.0,0.34,0.17,0.13,0.25,77,70.3,84.0,17,3,22.0,0,1.89,34,28,6,0.26,-0.66,0,12,36,0,4,12,13,0,-0.48,2,1.0771219302024988,-0.6379453189726595
Manuel Locatelli,ITA,MF,Juventus,A,28,1998,31,31,2544,28.3,1,2,3,1,0,1,7,0,0.11,,,,,,,,,,,,,,38,11,28.9,1.34,0.39,0.03,0.09,82,85.7,82.0,19,0,,1,1.97,45,23,22,0.78,-0.49,0,44,37,0,13,34,58,0,-0.67,3,3.2497350759448955,-0.6379453189726595
Bradley Locko,FRA,DF,Brest,1,23,2002,20,14,1277,14.2,0,2,2,0,0,0,0,0,0.14,,,,,,,,,,,,,,2,1,50.0,0.14,0.07,0.0,0.0,64,48.9,84.0,8,6,18.0,1,1.1,20,23,-3,-0.21,-0.01,0,11,18,2,34,9,28,0,0.0,2,2.6038001407459537,-0.6379453189726595
Ruben Loftus-Cheek,ENG,MF,Milan,A,30,1996,25,11,1050,11.7,3,1,4,3,0,0,1,0,0.34,,,,,,,,,,,,,,29,6,20.7,2.49,0.51,0.1,0.5,42,35.4,70.0,3,14,20.0,2,1.96,19,8,11,0.94,0.47,0,22,17,1,10,4,7,0,-2.4,4,0.9393680614859096,-0.6379453189726595
Sean Longstaff,ENG,MF,Leeds United,League,28,1997,19,10,953,10.6,1,2,3,1,0,0,2,0,0.28,,,,,,,,,,,,,,13,2,15.4,1.23,0.19,0.08,0.5,50,32.1,84.0,7,9,12.0,6,1.21,10,19,-9,-0.85,-0.94,0,10,17,1,50,10,23,0,-0.84,3,3.110273327049953,-0.6379453189726595
Ademola Lookman,NGA,FW,Atalanta,A,28,1997,12,9,795,8.8,2,0,2,2,0,0,0,0,0.23,,,,,,,,,,,,,,27,8,29.6,3.06,0.91,0.07,0.25,66,26.8,83.0,4,3,16.0,1,1.33,10,13,-3,-0.34,-1.13,0,10,8,4,21,3,3,0,-1.44,2,0.681044267877412,-0.6379453189726595
Anthony Lopes,POR,GK,Nantes,1,35,1990,28,28,2518,28.0,0,0,0,0,0,0,4,0,0.0,44.0,1.57,128.0,87.0,68.0,4.0,7.0,17.0,6.0,21.4,3.0,0.0,0.0,1,0,0.0,0.04,0.0,0.0,,90,96.5,90.0,27,0,,0,0.68,24,45,-21,-0.75,-0.75,0,0,14,0,0,1,1,0,0.0,0,0.07140307033202427,0.500888572673911
David López,ESP,DF,Mallorca,Liga,23,2003,8,6,570,6.3,0,0,0,0,0,0,2,0,0.0,,,,,,,,,,,,,,3,0,0.0,0.47,0.0,0.0,,71,20.4,85.0,5,2,30.0,23,1.25,10,13,-3,-0.47,-0.23,0,7,3,0,0,8,4,1,0.0,0,1.9017432646592711,-0.6379453189726595
Diego López,ESP,MF,Valencia,Liga,23,2002,27,15,1362,15.1,3,0,3,3,0,0,2,0,0.2,,,,,,,,,,,,,,23,7,30.4,1.52,0.46,0.13,0.43,50,48.8,76.0,5,12,19.0,2,1.19,12,23,-11,-0.73,-0.66,0,14,30,3,28,11,10,0,-2.09,3,1.3898080741230974,-0.6379453189726595
Fer López,ESP,MF,Celta Vigo,Liga,21,2004,10,7,643,7.1,1,0,1,1,0,0,2,0,0.14,,,,,,,,,,,,,,9,3,33.3,1.26,0.42,0.11,0.33,64,23.0,77.0,2,3,35.0,0,1.2,9,13,-4,-0.56,-0.9,0,15,12,0,11,3,3,0,-0.6699999999999999,1,0.8438818565400844,-0.6379453189726595
Fermin López,ESP,MF,Barcelona,Liga,22,2003,25,15,1449,16.1,5,8,13,5,0,0,3,0,0.81,,,,,,,,,,,,,,56,20,35.7,3.48,1.24,0.09,0.25,58,51.9,75.0,6,10,32.0,1,2.56,47,17,30,1.86,0.25,0,24,17,4,29,6,18,0,-3.2,13,1.4897579143389197,-0.6379453189726595
Javi López,ESP,DF,Oviedo,Liga,24,2002,19,16,1349,15.0,0,1,1,0,0,0,3,0,0.07,,,,,,,,,,,,,,6,1,16.7,0.4,0.07,0.0,0.0,71,48.4,82.0,10,3,11.0,7,1.0,15,21,-6,-0.4,0.72,0,32,26,1,39,14,20,0,0.0,1,2.2651565622918053,-0.6379453189726595
Maxime Lopez,FRA,MF,Paris FC,1,28,1997,22,21,1820,20.2,0,3,3,0,0,0,9,0,0.15,,,,,,,,,,,,,,10,6,60.0,0.49,0.3,0.0,0.0,83,67.4,85.0,17,1,31.0,2,1.14,24,33,-9,-0.45,-0.75,0,27,8,3,75,9,15,0,0.0,3,1.1875309252845125,-0.6379453189726595
Pau López,ESP,GK,Real Betis,Liga,31,1994,9,9,810,9.0,0,0,0,0,0,0,1,0,0.0,11.0,1.22,39.0,29.0,71.8,4.0,2.0,3.0,2.0,22.2,0.0,1.0,0.0,0,0,,0.0,0.0,,,90,29.0,90.0,9,0,,16,1.56,13,11,2,0.22,-0.01,0,0,2,0,0,0,1,0,0.0,0,0.11098779134295228,0.42011576191220024
Unai López,ESP,MF,Rayo Vallecano,Liga,30,1995,22,16,1301,14.5,0,3,3,0,0,0,7,1,0.21,,,,,,,,,,,,,,19,4,21.1,1.31,0.28,0.0,0.0,59,46.6,74.0,4,6,20.0,4,1.32,14,10,4,0.28,1.06,1,27,12,1,50,16,14,0,0.0,3,2.067539627842867,-0.6379453189726595
Iker Losada,ESP,MF,Levante,Liga,24,2001,18,9,688,7.6,3,1,4,3,0,0,1,0,0.52,,,,,,,,,,,,,,13,4,30.8,1.7,0.52,0.23,0.75,38,24.7,62.0,0,9,15.0,12,0.89,10,10,0,0.0,0.64,0,5,5,2,17,8,8,0,-2.08,4,2.102496714848883,-0.6379453189726595
Tom Louchet,FRA,MF,Nice,1,22,2003,24,13,1241,13.8,3,2,5,3,0,0,1,1,0.36,,,,,,,,,,,,,,21,6,28.6,1.52,0.44,0.14,0.5,52,46.0,78.0,3,11,20.0,3,1.13,14,26,-12,-0.87,-0.25,0,16,11,0,41,9,15,0,-2.16,5,1.7378711078928313,-0.6379453189726595
Felipe Loyola,CHI,MF,Pisa,A,25,2000,9,5,452,5.0,1,0,1,1,0,0,0,0,0.2,,,,,,,,,,,,,,8,1,12.5,1.59,0.2,0.13,1.0,50,15.2,65.0,0,4,32.0,3,0.11,3,13,-10,-1.99,-1.06,0,7,2,0,4,6,5,0,-0.87,1,2.19560878243513,-0.6379453189726595
Pol Lozano,ESP,MF,Espanyol,Liga,26,1999,28,25,1957,21.7,2,1,3,2,0,0,8,0,0.14,,,,,,,,,,,,,,16,5,31.3,0.74,0.23,0.13,0.4,70,70.1,76.0,9,3,21.0,2,1.32,26,34,-8,-0.37,-0.04,0,57,25,0,26,22,17,0,-1.35,3,1.7964071856287425,-0.6379453189726595
Lucas,BRA,MF,Burnley,League,25,2001,16,12,1113,12.4,0,0,0,0,0,0,0,1,0.0,,,,,,,,,,,,,,11,1,9.1,0.89,0.08,0.0,0.0,70,37.5,86.0,11,4,20.0,12,0.44,12,25,-13,-1.05,-0.08,0,11,3,4,47,14,19,0,0.0,0,2.6591458501208702,-0.6379453189726595
Jhon Lucumí,COL,DF,Bologna,A,27,1998,25,22,1927,21.4,1,0,1,1,0,0,4,0,0.05,,,,,,,,,,,,,,7,2,28.6,0.33,0.09,0.14,0.5,77,64.9,85.0,19,3,22.0,4,1.52,27,21,6,0.28,0.54,0,16,17,1,1,29,18,0,-0.72,1,2.1952358710882764,-0.6379453189726595
Florentino Luís,POR,MF,Burnley,League,26,1999,26,22,1817,20.2,0,2,2,0,0,0,6,0,0.1,,,,,,,,,,,,,,10,1,10.0,0.5,0.05,0.0,0.0,70,61.2,79.0,8,4,22.0,4,0.54,16,41,-25,-1.24,-0.61,0,38,7,1,9,33,43,0,0.0,2,3.7605145967342897,-0.6379453189726595
José Luis Gayà,ESP,DF,Valencia,Liga,30,1995,27,26,2044,22.7,1,1,2,1,0,0,6,1,0.09,,,,,,,,,,,,,,12,3,25.0,0.53,0.13,0.08,0.33,76,73.3,78.0,13,1,9.0,2,1.07,18,34,-16,-0.7,-1.19,0,26,15,2,73,16,33,0,-0.76,2,2.157639806252752,-0.6379453189726595
Douglas Luiz,BRA,MF,Aston Villa,League,27,1998,9,6,503,5.6,1,0,1,1,0,0,0,0,0.18,,,,,,,,,,,,,,5,3,60.0,0.89,0.54,0.2,0.33,56,16.9,76.0,1,3,16.0,1,1.0,3,6,-3,-0.54,-0.87,0,8,8,0,27,4,9,0,-0.3999999999999999,1,2.3172905525846703,-0.6379453189726595
Castello Lukeba,FRA,DF,RB Leipzig,,23,2002,23,22,1951,21.7,1,0,1,1,0,0,2,0,0.05,,,,,,,,,,,,,,8,2,25.0,0.37,0.09,0.13,0.5,85,72.3,88.0,20,1,9.0,2,2.0,46,26,20,0.92,0.68,0,10,8,1,3,30,11,0,-0.74,1,1.888530631045601,-0.6379453189726595
Saša Lukić,SRB,MF,Fulham,League,29,1996,22,16,1374,15.3,1,2,3,1,0,0,7,0,0.2,,,,,,,,,,,,,,14,3,21.4,0.92,0.2,0.07,0.33,62,46.3,77.0,8,6,24.0,3,1.23,14,17,-3,-0.2,-0.2,0,43,21,1,53,11,23,0,-0.79,3,2.2207707380796866,-0.6379453189726595
Kristoffer Lund,USA,DF,Köln,,23,2002,29,22,1948,21.6,0,1,1,0,0,0,2,0,0.05,,,,,,,,,,,,,,19,3,15.8,0.88,0.14,0.0,0.0,67,72.1,81.0,11,7,24.0,1,1.07,31,36,-5,-0.23,0.01,0,12,34,3,80,27,24,0,0.0,1,2.3600185099490973,-0.6379453189726595
Sebastiano Luperto,ITA,DF,Cremonese,A,29,1996,10,10,893,9.9,0,1,1,0,0,0,1,0,0.1,,,,,,,,,,,,,,3,1,33.3,0.3,0.1,0.0,0.0,89,30.1,89.0,9,0,,0,0.5,6,16,-10,-1.01,-0.53,0,8,10,1,10,7,7,0,0.0,1,1.4127144298688195,-0.6379453189726595
Sebastiano Luperto,ITA,DF,Cagliari,A,29,1996,19,19,1706,19.0,1,0,1,1,0,0,3,0,0.05,,,,,,,,,,,,,,7,3,42.9,0.37,0.16,0.14,0.33,90,57.4,90.0,18,0,,4,1.32,22,24,-2,-0.11,0.75,0,23,17,0,1,19,12,0,-0.58,1,1.6307206733298263,-0.6379453189726595
Babis Lykogiannis,GRE,DF,Bologna,A,32,1993,10,7,627,7.0,0,1,1,0,0,0,3,0,0.14,,,,,,,,,,,,,,7,2,28.6,1.0,0.29,0.0,0.0,63,21.1,81.0,4,3,19.0,18,0.7,5,8,-3,-0.43,-0.66,0,8,1,0,45,6,10,0,0.0,1,2.282453637660485,-0.6379453189726595
Senne Lynen,BEL,MF,Werder Bremen,,27,1999,27,27,2392,26.6,0,0,0,0,0,0,4,0,0.0,,,,,,,,,,,,,,21,4,19.0,0.79,0.15,0.0,0.0,89,88.6,89.0,22,0,,0,1.0,31,47,-16,-0.6,-0.02,0,36,12,0,12,57,23,0,0.0,0,3.006388575723412,-0.6379453189726595
Mathias Løvik,NOR,MF,Parma,A,22,2003,9,5,471,5.2,0,0,0,0,0,0,0,0,0.0,,,,,,,,,,,,,,3,0,0.0,0.57,0.0,0.0,,52,15.9,79.0,2,4,19.0,10,1.0,5,8,-3,-0.57,-0.11,0,3,2,2,15,7,8,0,0.0,0,2.8790786948176583,-0.6379453189726595
Ian Maatsen,NED,DF,Aston Villa,League,24,2002,26,14,1346,15.0,0,1,1,0,0,0,2,0,0.07,,,,,,,,,,,,,,18,5,27.8,1.2,0.33,0.0,0.0,52,45.3,81.0,6,12,18.0,7,1.69,23,21,2,0.13,-0.09,0,14,17,1,49,14,27,0,0.0,1,2.731512325116589,-0.6379453189726595
Alexis Mac Allister,ARG,MF,Liverpool,League,27,1998,32,26,2208,24.5,2,2,4,2,0,0,5,0,0.16,,,,,,,,,,,,,,45,11,24.4,1.83,0.45,0.04,0.18,69,74.3,80.0,15,6,20.0,0,1.63,36,31,5,0.2,-0.5,0,25,27,0,19,16,22,0,-1.56,4,1.5503875968992247,-0.6379453189726595
Deiver Machado,COL,DF,Nantes,1,32,1993,11,9,702,7.8,0,1,1,0,0,0,1,0,0.13,,,,,,,,,,,,,,6,1,16.7,0.77,0.13,0.0,0.0,64,26.9,70.0,4,2,37.0,1,0.82,7,8,-1,-0.13,0.82,0,17,17,4,15,7,13,0,0.0,1,2.5608194622279132,-0.6379453189726595
Shuto Machino,JPN,FW,Gladbach,,26,1999,28,8,970,10.8,3,1,4,3,0,0,1,0,0.37,,,,,,,,,,,,,,23,11,47.8,2.13,1.02,0.13,0.27,35,35.9,78.0,2,20,17.0,1,1.07,11,29,-18,-1.67,-1.88,0,8,9,7,9,3,4,0,-1.5699999999999998,4,0.6475485661424607,-0.6379453189726595
Noni Madueke,ENG,FW,Arsenal,League,24,2002,22,14,993,11.0,2,1,3,2,0,0,0,0,0.27,,,,,,,,,,,,,,19,6,31.6,1.72,0.54,0.11,0.33,45,33.4,62.0,0,8,16.0,5,1.77,20,9,11,1.0,-0.19,0,13,14,2,70,4,10,0,-1.3399999999999999,3,1.2715712988192553,-0.6379453189726595
Pablo Maffeo,ESP,DF,Mallorca,Liga,28,1997,25,24,2128,23.6,1,1,2,1,0,0,9,0,0.08,,,,,,,,,,,,,,7,1,14.3,0.3,0.04,0.14,1.0,85,76.3,87.0,15,1,45.0,1,1.12,30,33,-3,-0.13,0.69,0,18,17,0,64,30,24,1,-0.86,2,2.2871664548919948,-0.6379453189726595
Gabriel Magalhães,BRA,DF,Arsenal,League,28,1997,27,26,2346,26.1,3,4,7,3,0,0,4,0,0.27,,,,,,,,,,,,,,21,5,23.8,0.81,0.19,0.14,0.6,87,79.0,89.0,25,1,20.0,0,2.11,49,19,30,1.15,0.14,0,17,28,0,6,18,18,0,-2.3,7,1.378782075833014,-0.6379453189726595
Soungoutou Magassa,FRA,MF,West Ham United,League,22,2003,21,11,978,10.9,1,0,1,1,0,0,4,0,0.09,,,,,,,,,,,,,,7,2,28.6,0.64,0.18,0.14,0.5,47,32.9,74.0,2,10,17.0,8,0.76,11,23,-12,-1.1,-0.88,0,17,17,0,9,17,23,0,-0.72,1,3.666361136571952,-0.6379453189726595
Hugo Magnetti,FRA,MF,Brest,1,27,1998,28,27,2338,26.0,1,1,2,1,0,0,4,1,0.08,,,,,,,,,,,,,,18,3,16.7,0.69,0.12,0.06,0.33,84,89.6,86.0,18,1,20.0,0,1.32,35,37,-2,-0.08,1.25,0,29,30,0,20,39,41,0,-0.8200000000000001,2,3.075740099961553,-0.6379453189726595
Frank Magri,CMR,FW,Toulouse,1,26,1999,17,16,1253,13.9,5,1,6,5,0,1,3,0,0.43,,,,,,,,,,,,,,33,12,36.4,2.37,0.86,0.15,0.42,74,46.4,77.0,3,1,28.0,0,1.53,18,17,1,0.07,0.2,0,28,22,3,15,3,3,0,-3.2,6,0.4313443565780014,-0.6379453189726595
Harry Maguire,ENG,DF,Manchester Utd,League,33,1993,18,14,1203,13.4,1,1,2,1,0,0,3,1,0.15,,,,,,,,,,,,,,10,2,20.0,0.75,0.15,0.1,0.5,67,40.5,82.0,8,4,13.0,3,1.89,25,14,11,0.82,0.72,0,13,14,0,2,9,9,0,-0.8,2,1.342281879194631,-0.6379453189726595
Mike Maignan,FRA,GK,Milan,A,30,1995,32,32,2845,31.6,0,0,0,0,0,0,3,0,0.0,27.0,0.85,107.0,87.0,79.4,18.0,9.0,5.0,13.0,40.6,5.0,2.0,1.0,0,0,,0.0,0.0,,,89,95.8,89.0,31,0,,0,1.97,44,27,17,0.54,-2.34,0,0,6,0,0,1,0,0,0.0,0,0.031635558367605184,0.8914815327938421
Linton Maina,GER,MF,Köln,,26,1999,20,7,830,9.2,2,0,2,2,0,0,0,0,0.22,,,,,,,,,,,,,,17,7,41.2,1.84,0.76,0.12,0.29,42,30.7,72.0,0,13,25.0,4,1.05,14,16,-2,-0.22,0.02,0,8,5,1,21,2,6,0,-1.1600000000000001,2,0.8686210640608035,-0.6379453189726595
Patrick Mainka,GER,DF,Heidenheim,,31,1994,30,30,2700,30.0,2,2,4,2,0,0,1,0,0.13,,,,,,,,,,,,,,33,7,21.2,1.1,0.23,0.06,0.29,90,100.0,90.0,30,0,,0,0.63,33,66,-33,-1.1,,0,7,19,2,0,30,27,0,-1.58,4,1.8993668777074308,-0.6379453189726595
Kobbie Mainoo,ENG,MF,Manchester Utd,League,21,2005,23,11,1212,13.5,0,2,2,0,0,0,1,0,0.15,,,,,,,,,,,,,,8,2,25.0,0.59,0.15,0.0,0.0,53,40.8,89.0,9,12,20.0,4,2.13,27,17,10,0.74,0.59,0,8,16,1,13,10,14,0,0.0,2,1.7764618800888232,-0.6379453189726595
Ainsley Maitland-Niles,ENG,DF,Lyon,1,28,1997,26,24,2170,24.1,1,3,4,1,0,1,7,1,0.17,,,,,,,,,,,,,,13,6,46.2,0.54,0.25,0.08,0.17,83,80.4,86.0,20,2,48.0,0,1.88,40,26,14,0.58,0.41,1,34,12,1,39,29,33,0,-0.52,4,2.571547075902115,-0.6379453189726595
Radosław Majecki,POL,GK,Brest,1,26,1999,10,10,864,9.6,0,0,0,0,0,0,0,1,0.0,18.0,1.87,43.0,26.0,60.5,1.0,4.0,5.0,3.0,30.0,1.0,0.0,0.0,0,0,,0.0,0.0,,,86,33.1,86.0,9,0,,13,0.7,9,15,-6,-0.62,-0.62,0,1,1,0,0,0,0,0,0.0,0,0.0,0.29739264314446723
Lovro Majer,CRO,MF,Wolfsburg,,28,1998,25,16,1327,14.7,2,3,5,2,0,0,5,0,0.34,,,,,,,,,,,,,,26,6,23.1,1.76,0.41,0.08,0.33,53,49.1,70.0,1,9,23.0,3,0.68,20,29,-9,-0.61,0.44,0,29,22,4,22,8,16,0,-1.52,5,1.6315431679129844,-0.6379453189726595
Jean-Victor Makengo,FRA,MF,Lorient,1,27,1998,27,20,1562,17.4,3,2,5,3,0,0,1,0,0.29,,,,,,,,,,,,,,34,12,35.3,1.96,0.69,0.09,0.25,58,57.9,70.0,2,7,24.0,3,1.41,23,23,0,0.0,0.32,0,8,32,0,16,13,13,1,-1.92,5,1.4933946008041354,-0.6379453189726595
Jordy Makengo,FRA,DF,Freiburg,,24,2001,18,11,1056,11.7,0,0,0,0,0,0,1,0,0.0,,,,,,,,,,,,,,0,0,,0.0,0.0,,,59,39.1,85.0,8,7,17.0,8,1.44,14,17,-3,-0.26,-0.2,0,10,8,2,31,10,9,0,0.0,0,1.622544833475662,-0.6379453189726595
Said El Mala,GER,FW,Köln,,19,2006,30,16,1627,18.1,11,3,14,10,1,1,3,0,0.72,,,,,,,,,,,,,,59,24,40.7,3.26,1.33,0.17,0.42,54,60.3,78.0,4,14,28.0,0,1.03,27,28,-1,-0.06,0.45,0,11,19,17,37,5,10,0,-6.92,13,0.8282716731087796,-0.6379453189726595
Julián Malatini,ARG,DF,Werder Bremen,,24,2001,11,5,516,5.7,0,0,0,0,0,0,3,0,0.0,,,,,,,,,,,,,,2,0,0.0,0.35,0.0,0.0,,47,19.1,71.0,1,6,27.0,7,1.0,4,12,-8,-1.4,-0.98,0,7,1,0,5,6,6,0,0.0,0,2.1015761821366024,-0.6379453189726595
Daniel Maldini,ITA,FW,Lazio,A,24,2001,8,8,578,6.4,1,1,2,1,0,0,0,0,0.31,,,,,,,,,,,,,,12,3,25.0,1.87,0.47,0.08,0.33,72,19.5,72.0,2,0,,1,1.88,6,7,-1,-0.16,-0.34,0,11,17,3,1,3,9,0,-0.76,2,1.8720748829953198,-0.6379453189726595
Youssef Maleh,MAR,MF,Cremonese,A,27,1998,9,9,779,8.7,1,0,1,1,0,0,2,1,0.12,,,,,,,,,,,,,,11,2,18.2,1.27,0.23,0.09,0.5,87,26.2,87.0,6,0,,0,0.44,5,16,-11,-1.27,-0.86,0,24,8,0,25,7,9,0,-0.8200000000000001,1,1.836969001148106,-0.6379453189726595
Youssef Maleh,MAR,MF,Lecce,A,27,1998,9,5,460,5.1,0,0,0,0,0,0,2,0,0.0,,,,,,,,,,,,,,7,1,14.3,1.37,0.2,0.0,0.0,51,15.5,82.0,2,4,13.0,9,0.44,3,9,-6,-1.17,-0.53,0,9,8,0,12,7,4,0,0.0,0,2.152641878669276,-0.6379453189726595
Donyell Malen,NED,FW,Aston Villa,League,27,1999,21,5,656,7.3,4,1,5,4,0,0,0,0,0.69,,,,,,,,,,,,,,27,9,33.3,3.7,1.23,0.15,0.44,31,22.1,71.0,0,16,19.0,0,2.05,11,10,1,0.14,-0.06,0,2,6,1,7,0,2,0,-2.6500000000000004,5,0.27359781121751026,-0.6379453189726595
Donyell Malen,NED,FW,Roma,A,27,1999,13,13,1054,11.7,10,0,10,8,2,2,1,0,0.68,,,,,,,,,,,,,,53,21,39.6,4.53,1.79,0.15,0.38,81,35.5,81.0,6,0,,0,1.46,21,15,6,0.51,0.0,0,9,13,13,3,1,1,0,-6.85,8,0.1707941929974381,-0.6379453189726595
Ruslan Malinovskyi,UKR,MF,Genoa,A,32,1993,30,27,2083,23.1,6,3,9,3,3,3,10,0,0.26,,,,,,,,,,,,,,49,15,30.6,2.12,0.65,0.06,0.2,69,70.1,74.0,5,3,30.0,1,1.13,27,30,-3,-0.13,0.17,0,34,25,1,59,16,18,0,-5.1,6,1.4712245781047164,-0.6379453189726595
Lennard Maloney,USA,DF,Mainz 05,,26,1999,18,4,452,5.0,0,0,0,0,0,0,1,0,0.0,,,,,,,,,,,,,,3,1,33.3,0.6,0.2,0.0,0.0,25,16.7,78.0,2,14,10.0,10,1.44,3,9,-6,-1.19,-1.07,0,13,3,1,2,7,8,0,0.0,0,2.9940119760479043,-0.6379453189726595
Giorgi Mamardashvili,GEO,GK,Liverpool,League,25,2000,8,8,687,7.6,0,0,0,0,0,0,0,0,0.0,13.0,1.7,37.0,26.0,67.6,3.0,0.0,5.0,2.0,25.0,1.0,1.0,0.0,0,0,,0.0,0.0,,,86,23.1,86.0,7,0,,25,1.13,10,13,-3,-0.39,-0.94,0,1,2,0,0,0,0,0,0.0,0,0.0,0.3621207329146857
Felix Mambimbi,SUI,FW,Le Havre,1,25,2001,16,7,524,5.8,1,0,1,1,0,0,1,0,0.17,,,,,,,,,,,,,,6,2,33.3,1.03,0.34,0.17,0.5,33,19.4,62.0,0,9,10.0,10,0.81,4,8,-4,-0.69,-0.31,0,15,4,5,5,4,10,0,-0.6599999999999999,1,2.4096385542168677,-0.6379453189726595
Gianluca Mancini,ITA,DF,Roma,A,30,1996,31,31,2636,29.3,1,2,3,1,0,0,9,0,0.1,,,,,,,,,,,,,,16,5,31.3,0.55,0.17,0.06,0.2,85,88.8,85.0,24,0,,0,1.68,39,24,15,0.51,-0.03,0,65,38,5,28,42,25,0,-0.7,3,2.285909245991129,-0.6379453189726595
Reinildo Mandava,MOZ,DF,Sunderland,League,32,1994,20,19,1580,17.6,0,1,1,0,0,0,7,1,0.06,,,,,,,,,,,,,,4,0,0.0,0.23,0.0,0.0,,79,53.2,83.0,16,1,1.0,0,1.6,22,22,0,0.0,0.26,0,29,31,1,19,25,18,0,0.0,1,2.4417944349801246,-0.6379453189726595
Aïssa Mandi,ALG,DF,Lille,1,34,1991,25,24,2064,22.9,1,0,1,1,0,0,7,0,0.04,,,,,,,,,,,,,,11,2,18.2,0.48,0.09,0.09,0.5,83,76.4,86.0,20,1,6.0,2,1.84,34,25,9,0.39,-0.46,0,15,16,0,8,38,20,0,-0.8200000000000001,1,2.5316455696202533,-0.6379453189726595
Rolando Mandragora,ITA,MF,Fiorentina,A,28,1997,30,27,2167,24.1,6,3,9,5,1,1,6,0,0.33,,,,,,,,,,,,,,57,15,26.3,2.37,0.62,0.09,0.33,72,73.0,75.0,10,3,45.0,0,0.97,27,32,-5,-0.21,0.02,0,31,50,0,66,15,22,0,-4.65,8,1.5346329323931978,-0.6379453189726595
Mateus Mane,POR,MF,Wolves,League,18,2007,22,14,1369,15.2,2,1,3,2,0,0,0,0,0.2,,,,,,,,,,,,,,30,12,40.0,1.97,0.79,0.07,0.17,62,46.1,85.0,11,8,23.0,0,0.68,13,24,-11,-0.72,0.74,0,23,37,1,56,3,11,0,-1.16,3,0.9204470742932281,-0.6379453189726595
Johan Manzambi,SUI,MF,Freiburg,,20,2005,24,23,1859,20.7,5,2,7,5,0,0,4,2,0.34,,,,,,,,,,,,,,46,12,26.1,2.23,0.58,0.11,0.42,77,68.9,79.0,7,1,45.0,1,1.38,31,33,-2,-0.1,0.12,0,21,70,1,30,26,12,0,-3.6799999999999997,7,1.8348623853211008,-0.6379453189726595
Sekou Mara,FRA,FW,Auxerre,1,23,2002,23,11,966,10.7,0,1,1,0,0,0,0,0,0.09,,,,,,,,,,,,,,25,8,32.0,2.33,0.75,0.0,0.0,42,35.8,69.0,1,12,18.0,2,0.74,10,15,-5,-0.47,0.0,0,25,22,2,0,2,6,0,0.0,1,0.7469654528478058,-0.6379453189726595
Alessandro Marcandalli,ITA,DF,Genoa,A,23,2002,27,24,2164,24.0,0,2,2,0,0,0,4,0,0.08,,,,,,,,,,,,,,3,2,66.7,0.12,0.08,0.0,0.0,80,72.9,87.0,21,3,28.0,4,1.37,35,31,4,0.17,1.28,0,20,9,0,8,15,14,0,0.0,2,1.2078300708038316,-0.6379453189726595
Marcão,BRA,DF,Sevilla,Liga,29,1996,13,11,938,10.4,1,0,1,1,0,0,5,1,0.1,,,,,,,,,,,,,,10,2,20.0,0.96,0.19,0.1,0.5,72,33.6,84.0,9,2,8.0,2,1.23,13,15,-2,-0.19,0.29,1,22,21,1,1,4,4,0,-0.8,1,0.7684918347742555,-0.6379453189726595
Vincent Marchetti,FRA,MF,Paris FC,1,28,1997,20,9,789,8.8,2,0,2,2,0,0,1,0,0.23,,,,,,,,,,,,,,24,7,29.2,2.74,0.8,0.08,0.29,39,29.2,71.0,1,11,13.0,2,1.05,13,19,-6,-0.68,-0.68,0,12,4,1,1,5,12,0,-1.44,2,1.9296254256526673,-0.6379453189726595
Pablo Marí,ESP,DF,Fiorentina,A,32,1993,11,9,808,9.0,0,0,0,0,0,0,3,0,0.0,,,,,,,,,,,,,,2,0,0.0,0.22,0.0,0.0,,73,27.2,86.0,7,2,15.0,6,0.55,9,19,-10,-1.11,-1.24,0,17,8,0,0,19,8,0,0.0,0,2.9966703662597114,-0.6379453189726595
José María Giménez,URU,DF,Atlético Madrid,Liga,31,1995,15,12,1159,12.9,0,1,1,0,0,0,3,0,0.08,,,,,,,,,,,,,,13,3,23.1,1.01,0.23,0.0,0.0,77,41.5,90.0,12,3,26.0,4,2.0,20,14,6,0.47,-0.25,0,19,10,1,0,15,12,0,0.0,1,2.09140201394268,-0.6379453189726595
Marius Marin,ROU,MF,Pisa,A,27,1998,23,18,1281,14.2,0,0,0,0,0,0,7,0,0.0,,,,,,,,,,,,,,3,0,0.0,0.21,0.0,0.0,,56,43.1,66.0,4,5,19.0,4,0.65,7,22,-15,-1.05,0.07,0,36,20,0,18,14,26,0,0.0,0,2.814919071076707,-0.6379453189726595
Pablo Marín,ESP,MF,Real Sociedad,Liga,22,2003,27,12,1148,12.8,0,1,1,0,0,0,1,0,0.08,,,,,,,,,,,,,,12,4,33.3,0.94,0.31,0.0,0.0,43,41.1,72.0,3,15,19.0,4,1.44,21,26,-5,-0.39,-0.72,0,17,16,2,11,6,13,0,0.0,1,1.4832162373145978,-0.6379453189726595
Rafa Marín,ESP,DF,Villarreal,Liga,23,2002,19,17,1619,18.0,1,0,1,1,0,0,1,0,0.06,,,,,,,,,,,,,,4,1,25.0,0.22,0.06,0.25,1.0,85,58.0,89.0,15,2,56.0,10,2.11,31,21,10,0.56,-0.21,0,11,7,3,0,20,17,1,-0.75,1,2.0544142143253747,-0.6379453189726595
João Mário Lopes,POR,DF,Bologna,A,26,2000,7,7,517,5.7,1,0,1,1,0,0,0,0,0.17,,,,,,,,,,,,,,3,2,66.7,0.52,0.35,0.33,0.5,74,17.4,74.0,2,0,,4,2.14,7,3,4,0.7,0.73,0,1,16,0,10,7,2,0,-0.33999999999999997,1,1.5761821366024518,-0.6379453189726595
Guillermo Maripán,CHI,DF,Torino,A,31,1994,26,24,2100,23.3,2,0,2,2,0,0,3,0,0.09,,,,,,,,,,,,,,18,8,44.4,0.77,0.34,0.11,0.25,81,70.7,84.0,20,2,39.0,7,1.19,25,37,-12,-0.51,0.0,0,27,7,2,3,27,28,0,-1.12,2,2.3595023595023594,-0.6379453189726595
Omar Marmoush,EGY,FW,Manchester City,League,27,1999,17,7,572,6.4,1,3,4,1,0,0,2,0,0.63,,,,,,,,,,,,,,24,7,29.2,3.78,1.1,0.04,0.14,34,19.9,63.0,0,10,13.0,5,2.06,9,5,4,0.63,-0.62,0,10,18,6,12,2,7,0,-0.72,4,1.4040561622464898,-0.6379453189726595
Marquinhos,BRA,DF,Paris Saint-Germain,1,31,1994,11,8,782,8.7,0,0,0,0,0,0,0,0,0.0,,,,,,,,,,,,,,1,0,0.0,0.12,0.0,0.0,,71,31.0,90.0,8,3,21.0,13,2.27,19,4,15,1.73,0.59,0,7,1,0,1,6,9,1,0.0,0,1.7221584385763493,-0.6379453189726595
Eric Martel,GER,MF,Köln,,23,2002,28,27,2295,25.5,2,2,4,2,0,0,11,1,0.16,,,,,,,,,,,,,,19,3,15.8,0.75,0.12,0.11,0.67,82,85.0,84.0,20,1,14.0,0,1.07,37,41,-4,-0.16,0.51,1,38,49,0,11,32,29,0,-1.67,4,2.391219129753038,-0.6379453189726595
Aarón Martín,ESP,MF,Genoa,A,28,1997,29,24,2021,22.5,1,5,6,1,0,1,2,0,0.27,,,,,,,,,,,,,,11,4,36.4,0.49,0.18,0.09,0.25,70,68.0,81.0,15,5,17.0,4,1.21,28,36,-8,-0.36,-0.55,0,29,26,0,179,10,26,0,-0.64,6,1.5992892047978675,-0.6379453189726595
Gerard Martín,ESP,DF,Barcelona,Liga,24,2002,26,20,1579,17.5,0,0,0,0,0,0,6,0,0.0,,,,,,,,,,,,,,5,2,40.0,0.28,0.11,0.0,0.0,61,56.6,76.0,9,6,9.0,2,2.46,47,11,36,2.05,0.71,0,14,7,0,13,23,22,0,0.0,0,2.569960022844089,-0.6379453189726595
Iván Martín,ESP,MF,Girona,Liga,27,1999,29,24,2093,23.3,0,1,1,0,0,0,5,1,0.04,,,,,,,,,,,,,,11,4,36.4,0.47,0.17,0.0,0.0,72,75.0,83.0,12,5,20.0,1,1.31,24,27,-3,-0.13,1.03,1,26,28,2,12,13,35,0,0.0,1,2.059202059202059,-0.6379453189726595
Jon Martin,ESP,DF,Real Sociedad,Liga,19,2006,19,19,1710,19.0,1,0,1,1,0,0,5,0,0.05,,,,,,,,,,,,,,14,4,28.6,0.74,0.21,0.07,0.25,90,61.3,90.0,19,0,,7,1.42,33,32,1,0.05,0.05,0,14,9,0,0,32,12,0,-0.72,1,2.314571278274592,-0.6379453189726595
Mario Martín,ESP,MF,Getafe,Liga,22,2004,29,20,1661,18.5,2,1,3,2,0,0,9,0,0.16,,,,,,,,,,,,,,23,5,21.7,1.25,0.27,0.09,0.4,57,59.5,69.0,4,9,32.0,0,1.21,14,23,-9,-0.49,-0.81,0,55,24,3,11,13,30,0,-1.55,3,2.323068611561318,-0.6379453189726595
Gabriel Martinelli,BRA,FW,Arsenal,League,24,2001,27,10,952,10.6,1,3,4,1,0,0,2,0,0.38,,,,,,,,,,,,,,26,11,42.3,2.46,1.04,0.04,0.09,35,32.1,61.0,1,17,20.0,4,2.11,20,7,13,1.23,0.16,0,8,13,5,31,1,8,0,-0.56,4,0.8482563619227145,-0.6379453189726595
Arnau Martinez,ESP,DF,Girona,Liga,22,2003,28,26,2110,23.4,1,2,3,1,0,0,6,0,0.13,,,,,,,,,,,,,,14,1,7.1,0.6,0.04,0.07,1.0,75,75.6,80.0,15,2,14.0,2,1.32,29,26,3,0.13,2.11,0,22,23,2,33,31,32,0,-0.9299999999999999,3,2.691157624946604,-0.6379453189726595
Emiliano Martínez,ARG,GK,Aston Villa,League,33,1992,28,28,2475,27.5,0,0,0,0,0,0,2,0,0.0,32.0,1.16,111.0,80.0,71.2,15.0,5.0,8.0,8.0,28.6,0.0,1.0,0.0,0,0,,0.0,0.0,,,88,83.3,88.0,27,0,,0,1.79,39,32,7,0.25,0.44,0,0,16,0,0,0,0,0,0.0,0,0.0,0.611697513266034
Joaquín Martínez Gauna,ESP,MF,Sevilla,Liga,22,2003,14,9,961,10.7,1,3,4,1,0,0,1,0,0.37,,,,,,,,,,,,,,10,4,40.0,0.94,0.37,0.1,0.25,69,34.4,87.0,7,5,35.0,11,0.93,16,17,-1,-0.09,0.45,0,9,10,4,62,4,13,0,-0.6,4,1.5873015873015874,-0.6379453189726595
Lautaro Martínez,ARG,FW,Inter,A,28,1997,26,24,1945,21.6,16,4,20,16,0,0,3,0,0.93,,,,,,,,,,,,,,86,35,40.7,3.98,1.62,0.19,0.46,75,65.5,79.0,4,2,23.0,2,2.46,55,18,37,1.71,0.66,0,41,43,8,16,4,10,0,-9.35,20,0.6478482184173993,-0.6379453189726595
Lisandro Martínez,ARG,DF,Manchester Utd,League,28,1998,15,10,963,10.7,0,0,0,0,0,0,0,1,0.0,,,,,,,,,,,,,,4,0,0.0,0.37,0.0,0.0,,64,32.4,86.0,8,5,20.0,1,1.8,19,13,6,0.56,0.25,0,9,2,0,2,11,8,1,0.0,0,1.7740429505135389,-0.6379453189726595
Pablo Martínez,ESP,MF,Levante,Liga,28,1998,20,14,1309,14.5,1,2,3,1,0,0,2,0,0.21,,,,,,,,,,,,,,24,4,16.7,1.65,0.28,0.04,0.25,65,46.9,82.0,6,6,28.0,1,1.2,15,19,-4,-0.28,0.39,0,22,10,3,51,17,7,0,-0.84,3,1.6540317022742936,-0.6379453189726595
Toni Martínez,ESP,FW,Alavés,Liga,28,1997,30,25,2127,23.6,8,3,11,8,0,0,1,0,0.47,,,,,,,,,,,,,,74,25,33.8,3.13,1.06,0.11,0.32,71,76.2,80.0,8,5,28.0,1,1.0,31,32,-1,-0.04,1.32,0,35,31,11,11,4,12,0,-5.25,11,0.6776789495976281,-0.6379453189726595
Adam Marušić,MNE,DF,Lazio,A,33,1992,29,28,2444,27.2,1,2,3,1,0,0,1,1,0.11,,,,,,,,,,,,,,14,7,50.0,0.52,0.26,0.07,0.14,84,82.3,86.0,23,1,30.0,0,1.45,25,23,2,0.07,-0.27,0,20,15,1,32,29,16,0,-0.51,3,1.6538037486218302,-0.6379453189726595
Omar Mascarell,EQG,MF,Mallorca,Liga,33,1993,24,20,1752,19.5,1,2,3,1,0,0,4,0,0.15,,,,,,,,,,,,,,3,2,66.7,0.15,0.1,0.33,0.5,73,62.8,81.0,13,4,32.0,4,1.17,26,28,-2,-0.1,0.5,0,30,11,0,5,29,23,0,-0.33999999999999997,3,2.665299846232701,-0.6379453189726595
Patrizio Masini,ITA,MF,Genoa,A,25,2001,25,12,1317,14.6,0,1,1,0,0,0,5,0,0.07,,,,,,,,,,,,,,16,4,25.0,1.09,0.27,0.0,0.0,53,44.3,88.0,11,13,20.0,7,1.12,15,21,-6,-0.41,-0.41,0,37,40,0,13,26,37,0,0.0,1,4.312114989733059,-0.6379453189726595
Han-Noah Massengo,FRA,MF,Augsburg,,24,2001,29,27,2255,25.1,2,1,3,2,0,0,2,0,0.12,,,,,,,,,,,,,,18,6,33.3,0.72,0.24,0.11,0.33,78,83.5,82.0,14,2,20.0,0,1.21,28,49,-21,-0.84,-1.85,0,21,22,0,15,34,16,0,-1.3399999999999999,3,1.9912385503783352,-0.6379453189726595
Franco Mastantuono,ARG,MF,Real Madrid,Liga,18,2007,17,9,784,8.7,1,0,1,1,0,0,5,1,0.11,,,,,,,,,,,,,,24,5,20.8,2.76,0.57,0.04,0.2,46,28.1,69.0,1,8,20.0,9,2.47,23,7,16,1.84,0.94,0,18,21,0,27,2,12,0,-0.8,1,1.6073478760045925,-0.6379453189726595
Clinton Mata,ANG,DF,Lyon,1,33,1992,28,28,2473,27.5,0,0,0,0,0,0,5,0,0.0,,,,,,,,,,,,,,3,0,0.0,0.11,0.0,0.0,,88,91.6,88.0,25,0,,0,1.79,41,30,11,0.4,-1.19,0,32,31,0,7,19,19,1,0.0,0,1.381315885132679,-0.6379453189726595
Igor Matanovic,CRO,FW,Freiburg,,23,2003,27,11,1297,14.4,8,1,9,7,1,2,0,0,0.56,,,,,,,,,,,,,,47,16,34.0,3.26,1.11,0.15,0.44,48,48.0,85.0,7,16,22.0,1,1.59,20,20,0,0.0,0.26,0,38,20,6,0,8,10,0,-5.6,8,1.2491325468424705,-0.6379453189726595
Pape Matar Sarr,SEN,MF,Tottenham Hotspur,League,23,2002,23,13,1356,15.1,2,3,5,2,0,0,2,0,0.33,,,,,,,,,,,,,,16,6,37.5,1.06,0.4,0.13,0.33,59,45.7,89.0,11,10,21.0,2,1.0,20,22,-2,-0.13,0.37,0,26,13,3,7,13,21,0,-1.22,5,2.2501654533421576,-0.6379453189726595
Jean-Philippe Mateta,FRA,FW,Crystal Palace,League,28,1997,26,23,1994,22.2,10,0,10,6,4,4,2,0,0.27,,,,,,,,,,,,,,57,28,49.1,2.57,1.26,0.11,0.21,77,69.2,83.0,12,3,30.0,0,1.27,21,23,-2,-0.09,-0.19,0,18,18,16,10,6,4,0,-6.92,6,0.45024763619990993,-0.6379453189726595
Nemanja Matić,SRB,MF,Sassuolo,A,37,1988,29,27,2357,26.2,1,1,2,1,0,0,6,1,0.08,,,,,,,,,,,,,,10,4,40.0,0.38,0.15,0.1,0.25,81,79.4,84.0,19,2,39.0,0,1.31,32,34,-2,-0.08,0.07,0,22,38,0,10,19,27,0,-0.6,2,1.755055322396032,-0.6379453189726595
Rudy Matondo,FRA,MF,Paris FC,1,18,2008,7,5,456,5.1,0,0,0,0,0,0,1,1,0.0,,,,,,,,,,,,,,5,2,40.0,0.99,0.39,0.0,0.0,65,16.9,82.0,2,2,24.0,0,2.0,7,6,1,0.2,0.48,0,11,5,0,8,3,8,0,0.0,0,2.152641878669276,-0.6379453189726595
Rudy Matondo,FRA,MF,Auxerre,1,18,2008,16,6,614,6.8,0,0,0,0,0,0,3,0,0.0,,,,,,,,,,,,,,4,0,0.0,0.59,0.0,0.0,,38,22.7,74.0,3,10,17.0,3,0.5,4,8,-4,-0.59,-0.15,0,12,9,1,5,7,7,0,0.0,0,2.0558002936857562,-0.6379453189726595
Chrislain Matsima,FRA,DF,Augsburg,,23,2002,14,14,1260,14.0,1,1,2,1,0,0,5,0,0.14,,,,,,,,,,,,,,6,1,16.7,0.43,0.07,0.17,1.0,90,46.7,90.0,14,0,,0,0.93,17,28,-11,-0.79,-0.47,0,8,4,0,4,29,9,0,-0.83,2,2.712348322626695,-0.6379453189726595
Jean Mattéo Bahoya,FRA,MF,Eintracht Frankfurt,,20,2005,24,14,1251,13.9,3,4,7,3,0,0,1,0,0.5,,,,,,,,,,,,,,25,8,32.0,1.8,0.58,0.12,0.38,52,46.3,72.0,4,10,24.0,2,1.38,21,26,-5,-0.36,-0.55,0,12,21,2,31,11,12,0,-2.04,7,1.6534867002156721,-0.6379453189726595
Alan Matturro,URU,DF,Levante,Liga,21,2004,17,9,842,9.4,1,0,1,1,0,0,0,1,0.11,,,,,,,,,,,,,,8,1,12.5,0.86,0.11,0.13,1.0,50,30.2,78.0,7,8,17.0,6,0.94,11,17,-6,-0.64,-0.23,0,7,9,0,0,6,12,0,-0.87,1,1.9128586609989373,-0.6379453189726595
Neal Maupay,FRA,FW,Sevilla,Liga,29,1996,6,5,451,5.0,1,0,1,1,0,0,1,0,0.2,,,,,,,,,,,,,,4,1,25.0,0.8,0.2,0.25,1.0,75,16.2,81.0,2,1,45.0,1,0.83,5,9,-4,-0.8,-0.49,0,5,7,0,2,1,0,0,-0.75,1,0.1996007984031936,-0.6379453189726595
Konstantinos Mavropanos,GRE,DF,West Ham United,League,28,1997,26,22,2084,23.2,3,0,3,3,0,0,2,0,0.13,,,,,,,,,,,,,,20,8,40.0,0.86,0.35,0.15,0.38,80,70.2,90.0,22,4,26.0,3,1.0,28,36,-8,-0.35,0.57,0,10,8,1,3,40,20,1,-1.8,3,2.5850926324859973,-0.6379453189726595
Christian Mawissa,FRA,DF,Monaco,1,21,2005,14,9,838,9.3,0,0,0,0,0,0,1,0,0.0,,,,,,,,,,,,,,1,1,100.0,0.11,0.11,0.0,0.0,60,31.0,79.0,6,5,26.0,2,2.0,16,13,3,0.32,0.13,0,5,8,0,5,12,18,0,0.0,0,3.2223415682062297,-0.6379453189726595
Eliezer Mayenda,ESP,FW,Sunderland,League,20,2005,19,8,758,8.4,2,0,2,2,0,0,0,0,0.24,,,,,,,,,,,,,,13,6,46.2,1.54,0.71,0.15,0.33,40,25.5,74.0,1,11,15.0,14,1.26,8,9,-1,-0.12,0.0,0,6,11,3,1,1,3,0,-1.1,2,0.4756242568370987,-0.6379453189726595
Borja Mayoral,ESP,FW,Getafe,Liga,29,1997,14,12,1041,11.6,4,1,5,4,0,1,0,0,0.43,,,,,,,,,,,,,,14,7,50.0,1.21,0.61,0.29,0.57,74,37.3,81.0,6,2,34.0,2,1.0,9,15,-6,-0.52,-0.57,0,6,7,10,6,4,5,0,-1.9700000000000002,5,0.7751937984496124,-0.6379453189726595
Senny Mayulu,FRA,MF,Paris Saint-Germain,1,19,2006,20,17,1267,14.1,3,4,7,3,0,0,2,0,0.5,,,,,,,,,,,,,,24,7,29.2,1.7,0.5,0.13,0.43,63,50.3,70.0,3,3,28.0,0,2.1,29,11,18,1.28,-0.09,0,20,18,1,19,6,23,0,-2.09,7,2.0552799433026223,-0.6379453189726595
Ibrahim Maza,ALG,MF,Leverkusen,,20,2005,24,16,1525,16.9,3,3,6,3,0,0,2,0,0.35,,,,,,,,,,,,,,44,14,31.8,2.6,0.83,0.07,0.21,64,56.5,79.0,7,8,33.0,2,1.63,35,22,13,0.77,0.31,0,17,31,2,53,15,20,0,-2.02,6,2.0697811945594324,-0.6379453189726595
Noussair Mazraoui,MAR,DF,Manchester Utd,League,28,1997,17,9,777,8.6,0,0,0,0,0,0,3,0,0.0,,,,,,,,,,,,,,5,0,0.0,0.58,0.0,0.0,,46,26.2,70.0,2,8,19.0,4,1.94,16,9,7,0.81,0.56,0,12,13,0,12,8,11,0,0.0,0,2.2067363530778166,-0.6379453189726595
Luca Mazzitelli,ITA,MF,Cagliari,A,30,1995,18,9,767,8.5,2,2,4,2,0,0,3,0,0.47,,,,,,,,,,,,,,15,5,33.3,1.76,0.59,0.13,0.4,43,25.8,65.0,1,9,20.0,9,1.33,12,9,3,0.35,1.05,0,22,13,0,9,10,11,0,-1.35,4,2.4676850763807288,-0.6379453189726595
Samuel Mbangula,BEL,MF,Werder Bremen,,22,2004,22,12,1077,12.0,3,2,5,3,0,0,0,0,0.42,,,,,,,,,,,,,,15,7,46.7,1.25,0.58,0.2,0.43,49,39.9,72.0,1,10,22.0,3,0.95,14,20,-6,-0.5,0.16,0,4,22,3,21,3,10,0,-1.5999999999999999,5,1.0824313072439633,-0.6379453189726595
Ethan Mbappé,FRA,MF,Lille,1,19,2006,14,4,455,5.1,3,1,4,3,0,0,1,0,0.79,,,,,,,,,,,,,,14,7,50.0,2.77,1.38,0.21,0.43,33,16.9,78.0,0,10,14.0,0,1.86,10,9,1,0.2,-0.36,0,5,7,1,22,0,5,0,-1.53,4,0.9784735812133073,-0.6379453189726595
Kylian Mbappé,FRA,FW,Real Madrid,Liga,27,1998,26,25,2227,24.7,23,4,27,15,8,9,4,0,0.77,,,,,,,,,,,,,,122,56,45.9,4.93,2.26,0.12,0.27,86,79.8,88.0,17,1,27.0,1,2.23,46,23,23,0.93,-1.15,0,11,30,26,24,3,1,0,-16.28,19,0.16187778227438285,-0.6379453189726595
Ibrahim Mbaye,SEN,FW,Paris Saint-Germain,1,18,2008,19,9,843,9.4,1,2,3,1,0,0,0,0,0.32,,,,,,,,,,,,,,18,7,38.9,1.92,0.75,0.06,0.14,44,33.5,70.0,3,10,22.0,5,2.37,20,8,12,1.28,-0.06,0,9,12,2,14,4,6,0,-0.5800000000000001,3,1.0626992561105206,-0.6379453189726595
Chancel Mbemba,COD,DF,Lille,1,31,1994,13,9,954,10.6,0,0,0,0,0,0,3,0,0.0,,,,,,,,,,,,,,7,3,42.9,0.66,0.28,0.0,0.0,73,35.3,90.0,9,4,36.0,12,2.23,22,15,7,0.66,0.25,0,10,6,0,0,13,8,1,0.0,0,1.9792648444863337,-0.6379453189726595
Bryan Mbeumo,CMR,MF,Manchester Utd,League,26,1999,28,27,2294,25.5,9,3,12,9,0,0,4,0,0.47,,,,,,,,,,,,,,61,30,49.2,2.39,1.18,0.15,0.3,82,77.2,84.0,13,1,21.0,0,1.86,47,32,15,0.59,0.85,0,22,27,7,91,6,10,0,-4.5,12,0.6272050176401411,-0.6379453189726595
Michel Mboula,GAB,DF,Metz,1,22,2003,12,9,695,7.7,0,0,0,0,0,0,2,0,0.0,,,,,,,,,,,,,,2,1,50.0,0.26,0.13,0.0,0.0,58,25.7,71.0,4,3,19.0,5,0.33,6,12,-6,-0.78,0.7,0,8,9,0,7,13,10,1,0.0,0,2.9831387808041505,-0.6379453189726595
Pathé Mboup,SEN,MF,Brest,1,22,2003,24,8,950,10.6,1,0,1,1,0,0,6,0,0.09,,,,,,,,,,,,,,20,10,50.0,1.89,0.95,0.05,0.1,40,36.4,70.0,1,16,24.0,2,1.25,11,15,-4,-0.38,-0.27,0,32,16,5,7,12,15,0,-0.5,1,2.5447690857681433,-0.6379453189726595
Moustapha Mbow,SEN,DF,Paris FC,1,26,2000,28,27,2447,27.2,0,1,1,0,0,0,3,0,0.04,,,,,,,,,,,,,,7,2,28.6,0.26,0.07,0.0,0.0,87,90.6,90.0,27,1,17.0,2,1.25,36,40,-4,-0.15,0.56,0,19,16,1,2,33,32,0,0.0,1,2.388827636898199,-0.6379453189726595
John McGinn,SCO,MF,Aston Villa,League,31,1994,26,25,1886,21.0,4,3,7,4,0,0,4,0,0.33,,,,,,,,,,,,,,22,9,40.9,1.05,0.43,0.18,0.44,73,63.5,74.0,6,1,45.0,0,1.92,31,24,7,0.33,0.42,0,29,44,0,70,12,16,0,-2.38,7,1.3326987148976677,-0.6379453189726595
Weston McKennie,USA,MF,Juventus,A,27,1998,31,27,2390,26.6,5,5,10,5,0,0,5,0,0.38,,,,,,,,,,,,,,41,15,36.6,1.54,0.56,0.12,0.33,77,80.5,87.0,19,4,13.0,1,1.9,49,26,23,0.87,0.09,0,38,11,7,30,21,18,0,-3.2,10,1.4656144306651633,-0.6379453189726595
Mark McKenzie,USA,DF,Toulouse,1,27,1999,26,24,2134,23.7,0,2,2,0,0,0,6,1,0.08,,,,,,,,,,,,,,6,1,16.7,0.25,0.04,0.0,0.0,82,79.0,87.0,21,2,19.0,0,1.23,31,34,-3,-0.13,-0.44,0,29,10,1,3,21,26,0,0.0,2,1.9822859552931251,-0.6379453189726595
Dwight McNeil,ENG,MF,Everton,League,26,1999,20,13,1101,12.2,0,1,1,0,0,0,1,0,0.08,,,,,,,,,,,,,,23,5,21.7,1.88,0.41,0.0,0.0,55,37.1,77.0,3,7,14.0,11,1.6,14,7,7,0.57,0.86,0,10,6,1,39,9,13,0,0.0,1,1.8018018018018018,-0.6379453189726595
Scott McTominay,SCO,MF,Napoli,A,29,1996,28,26,2341,26.0,8,3,11,8,0,0,1,0,0.42,,,,,,,,,,,,,,78,28,35.9,3.0,1.08,0.1,0.29,84,78.8,87.0,22,2,38.0,0,2.11,39,24,15,0.58,0.58,0,19,55,5,9,20,12,0,-5.199999999999999,11,1.2302960399846212,-0.6379453189726595
Facundo Medina,ARG,DF,Marseille,1,26,1999,13,12,1005,11.2,0,1,1,0,0,0,5,0,0.09,,,,,,,,,,,,,,4,1,25.0,0.36,0.09,0.0,0.0,77,37.2,83.0,9,1,6.0,3,1.77,21,18,3,0.27,-0.53,0,18,8,0,9,12,11,1,0.0,1,2.0517395182872438,-0.6379453189726595
Henrik Meister,DEN,FW,Pisa,A,22,2003,24,15,1412,15.7,2,0,2,2,0,0,1,0,0.13,,,,,,,,,,,,,,19,7,36.8,1.21,0.45,0.11,0.29,59,47.5,75.0,6,9,31.0,7,0.54,13,25,-12,-0.76,0.62,0,24,17,3,0,0,3,0,-1.23,2,0.19096117122851688,-0.6379453189726595
Bamo Meïté,CIV,DF,Lorient,1,24,2001,23,21,1871,20.8,0,3,3,0,0,0,5,0,0.14,,,,,,,,,,,,,,7,1,14.3,0.34,0.05,0.0,0.0,81,69.3,87.0,17,2,25.0,3,1.57,29,26,3,0.14,0.9,0,30,20,2,12,13,13,0,0.0,3,1.249399327246516,-0.6379453189726595
Kader Meïté,FRA,FW,Rennes,1,18,2007,17,6,535,5.9,3,2,5,3,0,0,0,0,0.84,,,,,,,,,,,,,,22,7,31.8,3.7,1.18,0.14,0.43,31,19.8,52.0,0,11,20.0,2,1.59,14,5,9,1.51,1.43,0,12,4,8,3,1,2,0,-2.02,5,0.5076142131979695,-0.6379453189726595
Hannibal Mejbri,TUN,MF,Burnley,League,23,2003,23,12,990,11.0,1,3,4,1,0,0,7,0,0.36,,,,,,,,,,,,,,14,4,28.6,1.27,0.36,0.07,0.25,43,33.3,71.0,3,11,13.0,2,0.78,12,22,-10,-0.91,0.14,0,17,36,3,25,7,13,0,-0.72,4,1.8165304268846503,-0.6379453189726595
Nuno Mendes,POR,DF,Paris Saint-Germain,1,23,2002,19,13,1237,13.7,4,5,9,3,1,1,1,0,0.58,,,,,,,,,,,,,,29,14,48.3,2.11,1.02,0.1,0.21,65,49.1,85.0,10,6,23.0,4,2.21,29,12,17,1.24,-0.17,0,12,24,3,43,14,20,0,-2.5999999999999996,8,2.4799416484318018,-0.6379453189726595
Brais Méndez,ESP,MF,Real Sociedad,Liga,29,1997,27,19,1549,17.2,6,2,8,5,1,1,4,1,0.41,,,,,,,,,,,,,,32,15,46.9,1.86,0.87,0.16,0.33,57,55.5,72.0,3,8,22.0,0,1.33,25,24,1,0.06,0.06,0,41,28,7,59,6,17,0,-3.6,7,1.336432306798373,-0.6379453189726595
Rodrigo Mendoza,ESP,MF,Elche,Liga,21,2005,16,6,794,8.8,1,0,1,1,0,0,4,0,0.11,,,,,,,,,,,,,,11,2,18.2,1.25,0.23,0.09,0.5,50,28.5,85.0,2,10,29.0,3,0.94,11,15,-4,-0.45,-0.27,0,19,16,2,17,5,9,0,-0.8200000000000001,1,1.5891032917139614,-0.6379453189726595
Antoine Mendy,SEN,DF,Nice,1,21,2004,21,20,1737,19.3,1,0,1,1,0,0,5,0,0.05,,,,,,,,,,,,,,15,7,46.7,0.78,0.36,0.07,0.14,83,64.3,86.0,17,1,11.0,6,0.95,23,34,-11,-0.57,0.46,0,27,20,1,16,14,30,0,-0.51,1,2.2786121180735366,-0.6379453189726595
Batista Mendy,FRA,MF,Sevilla,Liga,26,2000,25,19,1588,17.6,1,0,1,1,0,0,6,0,0.06,,,,,,,,,,,,,,17,5,29.4,0.96,0.28,0.06,0.2,64,56.9,78.0,10,6,17.0,1,1.12,16,24,-8,-0.45,-0.15,0,35,27,0,5,18,23,0,-0.7,1,2.3282226007950024,-0.6379453189726595
Nobel Mendy,SEN,DF,Rayo Vallecano,Liga,21,2004,19,18,1461,16.2,2,0,2,2,0,0,7,2,0.12,,,,,,,,,,,,,,11,3,27.3,0.68,0.18,0.18,0.67,77,52.4,78.0,9,1,51.0,6,1.11,15,21,-6,-0.37,-0.17,1,26,9,1,6,20,9,0,-1.46,2,1.7890191239975324,-0.6379453189726595
Gideon Mensah,GHA,DF,Auxerre,1,27,1998,26,22,1980,22.0,0,1,1,0,0,0,7,0,0.05,,,,,,,,,,,,,,1,0,0.0,0.05,0.0,0.0,,76,73.3,86.0,13,4,22.0,2,0.85,18,23,-5,-0.23,0.9,0,30,31,1,52,23,32,0,0.0,1,2.4988641526578825,-0.6379453189726595
Khalis Merah,FRA,MF,Lyon,1,19,2007,19,12,924,10.3,0,1,1,0,0,0,2,0,0.1,,,,,,,,,,,,,,4,3,75.0,0.39,0.29,0.0,0.0,49,34.2,68.0,0,7,15.0,11,2.21,15,7,8,0.78,0.42,0,10,15,0,9,4,10,0,0.0,1,1.357904946653734,-0.6379453189726595
Alex Meret,ITA,GK,Napoli,A,29,1997,9,9,810,9.0,0,1,1,0,0,0,1,0,0.11,12.0,1.33,27.0,17.0,63.0,7.0,0.0,2.0,2.0,22.2,2.0,0.0,0.0,0,0,,0.0,0.0,,,90,27.3,90.0,9,0,,12,2.33,16,12,4,0.44,-0.01,0,1,1,0,0,0,0,0,0.0,1,0.0,0.29860236782216987
Mikel Merino,ESP,MF,Arsenal,League,29,1996,21,10,1007,11.2,4,3,7,4,0,0,1,0,0.63,,,,,,,,,,,,,,21,8,38.1,1.88,0.71,0.19,0.5,48,33.9,77.0,5,11,22.0,2,2.19,22,9,13,1.16,0.06,0,21,20,3,4,9,13,0,-2.48,7,1.9625334522747548,-0.6379453189726595
Quentin Merlin,FRA,MF,Rennes,1,23,2002,29,23,2173,24.1,1,4,5,1,0,0,1,0,0.21,,,,,,,,,,,,,,24,7,29.2,0.99,0.29,0.04,0.14,75,80.5,86.0,19,6,32.0,1,1.79,38,34,4,0.17,-1.03,0,17,29,5,136,25,32,0,-0.72,5,2.3641642472003315,-0.6379453189726595
Rafik Messali,FRA,MF,Toulouse,1,22,2003,12,5,502,5.6,0,0,0,0,0,0,2,0,0.0,,,,,,,,,,,,,,0,0,,0.0,0.0,,,42,18.6,70.0,2,7,22.0,1,1.25,8,2,6,1.08,1.36,0,11,9,0,9,12,6,0,0.0,0,3.2085561497326207,-0.6379453189726595
Junior Messias,BRA,MF,Genoa,A,34,1991,18,5,629,7.0,3,1,4,2,1,1,0,0,0.43,,,,,,,,,,,,,,16,7,43.8,2.29,1.0,0.13,0.29,35,21.2,64.0,0,13,24.0,5,1.72,11,6,5,0.72,1.14,0,10,20,0,15,5,8,0,-2.09,3,1.854493580599144,-0.6379453189726595
Dayann Methalie,FRA,MF,Toulouse,1,20,2006,24,19,1647,18.3,0,0,0,0,0,0,7,0,0.0,,,,,,,,,,,,,,12,5,41.7,0.66,0.27,0.0,0.0,69,61.0,80.0,6,5,27.0,0,1.0,17,26,-9,-0.49,-1.18,0,51,10,0,35,22,26,0,0.0,0,2.6215182960131074,-0.6379453189726595
Karol Mets,EST,DF,St Pauli,,32,1993,21,20,1752,19.5,1,0,1,1,0,0,2,0,0.05,,,,,,,,,,,,,,5,1,20.0,0.26,0.05,0.2,1.0,83,64.9,87.0,16,1,16.0,2,0.86,16,36,-20,-1.03,-0.55,0,11,10,1,5,19,22,0,-0.8,1,2.1014864172219374,-0.6379453189726595
Thomas Meunier,BEL,DF,Lille,1,34,1991,22,18,1645,18.3,2,2,4,2,0,0,2,0,0.22,,,,,,,,,,,,,,16,4,25.0,0.88,0.22,0.13,0.5,75,60.9,87.0,14,4,18.0,0,2.05,33,18,15,0.82,0.82,0,27,3,1,44,16,17,0,-1.48,4,1.8022938285090113,-0.6379453189726595
Georges Mikautadze,GEO,FW,Villarreal,Liga,25,2000,26,19,1729,19.2,9,5,14,9,0,0,1,0,0.73,,,,,,,,,,,,,,52,25,48.1,2.71,1.3,0.17,0.36,67,62.0,81.0,7,7,28.0,1,1.92,32,24,8,0.42,-0.6,0,11,40,2,13,5,3,0,-4.75,14,0.41644976574700676,-0.6379453189726595
William Mikelbrencis,FRA,MF,Hamburger SV,,22,2004,24,14,1296,14.4,0,4,4,0,0,0,3,0,0.28,,,,,,,,,,,,,,12,6,50.0,0.83,0.42,0.0,0.0,54,48.0,81.0,5,10,16.0,6,1.08,16,32,-16,-1.11,-1.18,0,17,5,5,51,6,21,0,0.0,4,1.8736988202637057,-0.6379453189726595
Nikola Milenković,SRB,DF,Nottingham Forest,League,28,1997,33,33,2970,33.0,0,0,0,0,0,0,6,0,0.0,,,,,,,,,,,,,,15,1,6.7,0.45,0.03,0.0,0.0,90,100.0,90.0,33,0,,0,1.09,36,45,-9,-0.27,,0,15,18,1,2,28,16,1,0.0,0,1.3329294153286884,-0.6379453189726595
Lewis Miley,ENG,MF,Newcastle United,League,19,2006,21,13,1316,14.6,1,4,5,1,0,0,0,0,0.34,,,,,,,,,,,,,,12,4,33.3,0.82,0.27,0.08,0.25,63,44.3,88.0,11,8,22.0,5,1.29,22,20,2,0.14,0.41,0,4,4,2,36,18,17,0,-0.6799999999999999,5,2.3956194387405887,-0.6379453189726595
Vanja Milinković-Savić,SRB,GK,Napoli,A,29,1997,24,24,2160,24.0,0,0,0,0,0,0,0,0,0.0,21.0,0.87,57.0,43.0,70.2,13.0,6.0,5.0,9.0,37.5,4.0,3.0,0.0,0,0,,0.0,0.0,,,90,72.7,90.0,24,0,,7,1.88,32,21,11,0.46,0.01,0,1,6,0,0,0,0,0,0.0,0,0.0,0.6312002989445865
Éder Militão,BRA,DF,Real Madrid,Liga,28,1998,15,13,1095,12.2,2,1,3,2,0,0,2,0,0.25,,,,,,,,,,,,,,20,9,45.0,1.64,0.74,0.1,0.22,73,39.2,78.0,9,2,39.0,2,2.0,25,9,16,1.32,0.25,0,14,12,0,1,10,15,0,-1.1,3,2.047502047502048,-0.6379453189726595
Luis Milla,ESP,MF,Getafe,Liga,31,1994,30,30,2653,29.5,0,9,9,0,0,0,4,1,0.31,,,,,,,,,,,,,,19,2,10.5,0.64,0.07,0.0,0.0,88,95.1,88.0,25,0,,0,1.37,27,29,-2,-0.07,1.9,0,26,42,2,177,35,24,0,0.0,9,1.999322263639444,-0.6379453189726595
Pere Milla,ESP,MF,Espanyol,Liga,33,1992,27,21,1650,18.3,6,0,6,6,0,0,5,1,0.33,,,,,,,,,,,,,,54,19,35.2,2.95,1.04,0.11,0.32,61,59.1,72.0,1,6,23.0,1,1.33,22,21,1,0.05,1.0,0,20,31,9,29,13,18,0,-3.91,6,1.693063899508465,-0.6379453189726595
Lennon Miller,SCO,MF,Udinese,A,19,2006,19,6,698,7.8,0,1,1,0,0,0,3,0,0.13,,,,,,,,,,,,,,8,1,12.5,1.03,0.13,0.0,0.0,37,23.5,72.0,0,13,20.0,13,1.21,13,10,3,0.39,0.7,0,12,12,0,21,7,9,0,0.0,1,2.0486555697823303,-0.6379453189726595
James Milner,ENG,MF,Brighton,League,40,1986,19,6,726,8.1,1,1,2,0,1,1,2,0,0.12,,,,,,,,,,,,,,8,2,25.0,0.99,0.25,0.0,0.0,38,24.4,79.0,1,13,19.0,6,1.47,16,14,2,0.25,0.09,0,11,3,1,14,5,9,0,-1.0,1,1.7262638717632555,-0.6379453189726595
Kim Min-jae,KOR,DF,Bayern Munich,,29,1996,22,16,1377,15.3,1,1,2,1,0,0,1,0,0.13,,,,,,,,,,,,,,3,2,66.7,0.2,0.13,0.33,0.5,63,51.0,83.0,9,6,8.0,5,2.59,50,15,35,2.29,-0.77,0,9,2,0,0,29,15,0,-0.33999999999999997,2,2.8739386022207705,-0.6379453189726595
Yerry Mina,COL,DF,Cagliari,A,31,1994,22,22,1790,19.9,1,0,1,1,0,0,5,1,0.05,,,,,,,,,,,,,,7,2,28.6,0.35,0.1,0.14,0.5,81,60.3,81.0,17,0,,2,1.14,19,25,-6,-0.3,0.31,1,25,33,3,1,20,15,0,-0.72,1,1.7579105976896032,-0.6379453189726595
Takumi Minamino,JPN,MF,Monaco,1,31,1995,15,11,944,10.5,3,2,5,3,0,0,4,0,0.48,,,,,,,,,,,,,,21,7,33.3,2.0,0.67,0.14,0.43,63,35.0,78.0,1,4,22.0,1,1.53,17,14,3,0.29,0.08,0,10,8,3,8,3,3,0,-2.02,5,0.570884871550904,-0.6379453189726595
Tyrone Mings,ENG,DF,Aston Villa,League,33,1993,14,12,1054,11.7,0,0,0,0,0,0,0,0,0.0,,,,,,,,,,,,,,8,1,12.5,0.68,0.09,0.0,0.0,75,35.5,85.0,11,2,17.0,5,1.21,11,18,-7,-0.6,-1.21,0,6,6,0,3,9,2,0,0.0,0,0.9393680614859096,-0.6379453189726595
Óscar Mingueza,ESP,MF,Celta Vigo,Liga,26,1999,27,19,1688,18.8,1,4,5,1,0,0,4,0,0.27,,,,,,,,,,,,,,14,5,35.7,0.75,0.27,0.07,0.2,63,60.5,77.0,8,8,28.0,4,1.44,34,22,12,0.64,1.29,0,14,24,0,57,8,17,0,-0.6499999999999999,5,1.3290802764486973,-0.6379453189726595
Yankuba Minteh,GAM,MF,Brighton,League,21,2004,29,22,2001,22.2,2,4,6,2,0,0,2,0,0.27,,,,,,,,,,,,,,37,10,27.0,1.66,0.45,0.05,0.2,69,67.4,83.0,9,7,27.0,2,1.28,33,29,4,0.18,-0.01,0,26,21,10,118,13,31,0,-1.5,6,1.9810895992796036,-0.6379453189726595
Rafa Mir,ESP,FW,Elche,Liga,28,1997,26,20,1737,19.3,8,0,8,7,1,2,4,0,0.36,,,,,,,,,,,,,,67,35,52.2,3.47,1.81,0.1,0.2,67,62.3,81.0,7,6,21.0,0,1.15,28,22,6,0.31,1.51,0,39,16,7,17,4,7,0,-4.5,7,0.5696530295183841,-0.6379453189726595
Juan Miranda,ESP,DF,Bologna,A,26,2000,27,24,2168,24.1,1,2,3,1,0,0,6,0,0.12,,,,,,,,,,,,,,11,4,36.4,0.46,0.17,0.09,0.25,80,73.0,88.0,21,3,20.0,2,1.63,35,29,6,0.25,0.59,0,23,24,2,154,30,23,0,-0.64,3,2.198257984238905,-0.6379453189726595
Fabio Miretti,ITA,MF,Juventus,A,22,2003,20,5,573,6.4,1,2,3,1,0,0,1,0,0.47,,,,,,,,,,,,,,16,4,25.0,2.51,0.63,0.06,0.25,29,19.3,68.0,0,15,15.0,6,2.0,17,5,12,1.88,1.28,0,14,6,0,14,4,9,0,-0.76,3,2.0280811232449296,-0.6379453189726595
Tyrick Mitchell,ENG,MF,Crystal Palace,League,26,1999,32,32,2846,31.6,1,2,3,1,0,0,5,0,0.09,,,,,,,,,,,,,,14,5,35.7,0.44,0.16,0.07,0.2,89,98.8,89.0,28,0,,0,1.34,33,36,-3,-0.09,-5.39,0,24,23,5,95,29,57,0,-0.6499999999999999,3,2.7206580196140457,-0.6379453189726595
Kaoru Mitoma,JPN,MF,Brighton,League,28,1997,22,16,1492,16.6,3,1,4,3,0,0,3,0,0.24,,,,,,,,,,,,,,25,12,48.0,1.51,0.72,0.12,0.25,68,50.2,83.0,9,6,28.0,0,1.32,19,17,2,0.12,-0.12,0,26,18,4,37,8,10,0,-1.56,4,1.0836845273931364,-0.6379453189726595
Maximilian Mittelstädt,GER,DF,Stuttgart,,29,1997,28,21,1911,21.2,5,4,9,2,3,3,3,0,0.28,,,,,,,,,,,,,,27,14,51.9,1.27,0.66,0.07,0.14,68,70.8,84.0,11,7,20.0,1,1.79,41,26,15,0.71,0.14,0,10,22,2,97,32,37,0,-4.02,6,3.253182461103253,-0.6379453189726595
Henrikh Mkhitaryan,ARM,MF,Inter,A,37,1989,25,14,1308,14.5,2,1,3,2,0,0,3,0,0.21,,,,,,,,,,,,,,35,9,25.7,2.41,0.62,0.06,0.22,52,44.0,74.0,5,11,24.0,3,2.36,37,11,26,1.79,0.54,0,23,14,3,39,15,25,0,-1.46,3,2.7567195037904892,-0.6379453189726595
Luka Modrić,CRO,MF,Milan,A,40,1985,32,31,2703,30.0,2,3,5,2,0,0,4,0,0.17,,,,,,,,,,,,,,18,8,44.4,0.6,0.27,0.11,0.25,84,91.0,87.0,25,1,4.0,1,2.03,45,26,19,0.63,-0.04,0,22,31,0,109,34,25,0,-1.12,5,1.9660113295568142,-0.6379453189726595
Terem Moffi,NGA,FW,Nice,1,26,1999,10,6,488,5.4,2,0,2,2,0,0,0,0,0.37,,,,,,,,,,,,,,16,8,50.0,2.95,1.48,0.13,0.25,49,18.1,68.0,1,4,21.0,0,0.8,6,11,-5,-0.92,-0.23,0,2,2,7,0,0,1,0,-0.96,2,0.18484288354898337,-0.6379453189726595
Mostafa Mohamed,EGY,FW,Nantes,1,28,1997,21,12,1075,11.9,4,0,4,4,0,0,1,0,0.33,,,,,,,,,,,,,,33,7,21.2,2.76,0.59,0.12,0.57,51,41.2,75.0,2,9,19.0,6,0.57,7,20,-13,-1.09,-0.62,0,16,26,4,8,7,5,0,-3.16,4,1.0075566750629723,-0.6379453189726595
Johan Mojica,COL,DF,Mallorca,Liga,33,1992,30,25,2314,25.7,0,3,3,0,0,0,5,0,0.12,,,,,,,,,,,,,,15,2,13.3,0.58,0.08,0.0,0.0,77,82.9,89.0,21,5,17.0,0,1.13,33,39,-6,-0.23,0.33,0,24,25,2,105,19,28,0,0.0,3,1.8280824581874757,-0.6379453189726595
Alberto Moleiro,ESP,MF,Villarreal,Liga,22,2003,30,25,1973,21.9,9,4,13,9,0,0,3,0,0.59,,,,,,,,,,,,,,41,18,43.9,1.87,0.82,0.22,0.5,66,70.7,75.0,5,5,21.0,1,2.03,40,22,18,0.82,0.6,0,29,22,3,20,9,15,0,-5.04,13,1.0953902327704244,-0.6379453189726595
Nahuel Molina,ARG,DF,Atlético Madrid,Liga,28,1998,22,12,1137,12.6,2,1,3,2,0,0,4,0,0.24,,,,,,,,,,,,,,11,3,27.3,0.87,0.24,0.18,0.67,52,40.8,83.0,10,10,14.0,9,1.95,17,15,2,0.16,-0.77,0,12,3,2,41,14,21,0,-1.46,3,2.775574940523394,-0.6379453189726595
Jon Moncayola,ESP,MF,Osasuna,Liga,27,1998,29,28,2442,27.1,0,4,4,0,0,0,8,0,0.15,,,,,,,,,,,,,,18,3,16.7,0.66,0.11,0.0,0.0,84,87.5,86.0,18,1,25.0,0,1.14,28,34,-6,-0.22,-1.51,0,33,10,0,109,22,20,0,0.0,4,1.5492438214680928,-0.6379453189726595
Lorenzo Montipò,ITA,GK,Hellas Verona,A,30,1996,30,30,2700,30.0,0,1,1,0,0,0,0,0,0.03,49.0,1.63,113.0,67.0,58.4,3.0,8.0,19.0,4.0,13.3,2.0,2.0,0.0,0,0,,0.0,0.0,,,90,90.9,90.0,30,0,,3,0.57,22,49,-27,-0.9,1.1,0,0,6,0,0,0,0,0,0.0,1,0.0,0.3017062545617659
Álvaro Morata,ESP,FW,Como,A,33,1992,22,9,892,9.9,0,1,1,0,0,1,4,1,0.1,,,,,,,,,,,,,,22,7,31.8,2.22,0.71,0.0,0.0,41,30.0,69.0,1,13,21.0,2,1.59,14,6,8,0.81,-0.1,1,16,30,8,9,1,8,0,0.0,1,0.9081735620585267,-0.6379453189726595
Morato,BRA,DF,Nottingham Forest,League,24,2001,16,10,944,10.5,0,0,0,0,0,0,4,0,0.0,,,,,,,,,,,,,,4,1,25.0,0.38,0.1,0.0,0.0,59,31.8,89.0,9,6,10.0,16,1.19,5,17,-12,-1.14,-1.28,0,11,7,1,1,8,16,0,0.0,0,2.283539486203616,-0.6379453189726595
Afonso Moreira,POR,MF,Lyon,1,21,2005,23,14,1362,15.1,3,7,10,3,0,0,3,0,0.66,,,,,,,,,,,,,,30,11,36.7,1.98,0.73,0.1,0.27,59,50.4,88.0,9,9,15.0,2,2.0,27,13,14,0.93,0.86,0,21,40,4,85,9,18,0,-1.9,10,1.7868960953011253,-0.6379453189726595
Diego Moreira,BEL,MF,Strasbourg,1,21,2004,23,21,1830,20.3,3,4,7,3,0,0,4,0,0.34,,,,,,,,,,,,,,23,9,39.1,1.13,0.44,0.13,0.33,80,70.1,84.0,7,2,31.0,0,1.39,34,25,9,0.44,0.44,0,15,25,8,81,16,22,0,-1.83,7,1.8709995076317083,-0.6379453189726595
Alberto Moreno,ESP,DF,Como,A,33,1992,15,11,1002,11.1,1,1,2,1,0,0,2,0,0.18,,,,,,,,,,,,,,9,3,33.3,0.81,0.27,0.11,0.33,67,33.7,84.0,6,4,20.0,18,1.93,22,8,14,1.26,0.57,0,15,6,2,26,4,10,0,-0.6699999999999999,2,1.2601260126012601,-0.6379453189726595
Álex Moreno,ESP,DF,Girona,Liga,32,1993,25,22,2049,22.8,0,3,3,0,0,0,4,0,0.13,,,,,,,,,,,,,,16,4,25.0,0.7,0.18,0.0,0.0,82,73.4,90.0,22,3,23.0,0,1.28,23,31,-8,-0.35,0.13,0,23,15,9,50,21,19,0,0.0,3,1.7536168347216132,-0.6379453189726595
Gerard Moreno,ESP,FW,Villarreal,Liga,34,1992,17,13,1032,11.5,8,0,8,6,2,2,0,0,0.52,,,,,,,,,,,,,,31,14,45.2,2.7,1.22,0.19,0.43,61,37.0,70.0,2,4,32.0,1,2.12,25,11,14,1.22,0.91,0,10,12,4,9,2,8,0,-5.34,6,0.8688097306689835,-0.6379453189726595
Matias Moreno,ARG,DF,Levante,Liga,22,2003,21,20,1622,18.0,0,0,0,0,0,0,6,0,0.0,,,,,,,,,,,,,,8,0,0.0,0.44,0.0,0.0,,77,58.1,81.0,14,1,6.0,5,1.1,21,21,0,0.0,1.16,0,17,17,2,1,27,21,0,0.0,0,2.665186007773459,-0.6379453189726595
Tete Morente,ESP,MF,Elche,Liga,29,1996,6,6,493,5.5,1,0,1,1,0,0,1,0,0.18,,,,,,,,,,,,,,5,1,20.0,0.91,0.18,0.2,1.0,82,17.7,82.0,3,0,,3,1.33,5,5,0,0.0,0.31,0,11,6,1,23,4,6,0,-0.8,1,1.8148820326678767,-0.6379453189726595
Tete Morente,ESP,FW,Lecce,A,29,1996,16,9,859,9.5,0,0,0,0,0,0,2,0,0.0,,,,,,,,,,,,,,14,2,14.3,1.47,0.21,0.0,0.0,54,28.9,77.0,2,7,24.0,1,0.88,3,14,-11,-1.15,-0.6,0,13,12,1,29,3,9,0,0.0,0,1.2618296529968454,-0.6379453189726595
Stefano Moreo,ITA,FW,Pisa,A,32,1993,32,24,1931,21.5,6,1,7,4,2,2,2,0,0.23,,,,,,,,,,,,,,45,18,40.0,2.1,0.84,0.09,0.22,60,65.0,74.0,9,8,18.0,1,0.56,19,43,-24,-1.12,-0.08,0,22,17,5,22,17,9,0,-4.38,5,1.208740120874012,-0.6379453189726595
Mateu Morey,ESP,DF,Mallorca,Liga,26,2000,16,8,629,7.0,1,0,1,1,0,0,2,0,0.14,,,,,,,,,,,,,,4,2,50.0,0.57,0.29,0.25,0.5,39,22.5,69.0,2,8,10.0,14,1.0,7,17,-10,-1.43,-1.47,0,12,8,1,8,5,8,0,-0.5,1,1.854493580599144,-0.6379453189726595
Ilaix Moriba,GUI,MF,Celta Vigo,Liga,23,2003,30,20,1955,21.7,1,2,3,1,0,0,5,0,0.14,,,,,,,,,,,,,,16,4,25.0,0.74,0.18,0.06,0.25,65,70.1,85.0,16,10,25.0,0,1.47,33,25,8,0.37,0.8,0,26,47,0,2,13,36,0,-0.76,3,2.257024412713035,-0.6379453189726595
Manu Morlanes,ESP,MF,Mallorca,Liga,27,1999,25,16,1277,14.2,2,0,2,2,0,0,4,1,0.14,,,,,,,,,,,,,,9,3,33.3,0.63,0.21,0.22,0.67,51,45.8,70.0,1,9,18.0,2,1.16,19,23,-4,-0.28,0.02,1,17,7,0,5,14,21,0,-1.3399999999999999,2,2.4630541871921183,-0.6379453189726595
Nikola Moro,CRO,MF,Bologna,A,28,1998,26,18,1653,18.4,2,0,2,2,0,0,1,0,0.11,,,,,,,,,,,,,,19,1,5.3,1.03,0.05,0.11,2.0,64,55.7,79.0,9,8,29.0,7,1.65,25,16,9,0.49,0.9,0,15,15,1,47,17,7,0,-1.89,2,1.3036393264530146,-0.6379453189726595
Tyler Morton,ENG,MF,Lyon,1,23,2002,26,26,2295,25.5,2,2,4,2,0,0,6,1,0.16,,,,,,,,,,,,,,24,6,25.0,0.94,0.24,0.08,0.33,88,85.0,88.0,22,0,,0,1.81,41,25,16,0.63,0.85,0,27,18,0,82,22,28,0,-1.52,4,1.960015680125441,-0.6379453189726595
Cristhian Mosquera,ESP,DF,Arsenal,League,21,2004,16,7,761,8.5,0,0,0,0,0,0,3,0,0.0,,,,,,,,,,,,,,1,0,0.0,0.12,0.0,0.0,,48,25.6,71.0,3,9,30.0,10,1.94,13,7,6,0.71,-0.55,0,12,4,1,1,8,19,0,0.0,0,3.1727379553466513,-0.6379453189726595
Daniel Mosquera,COL,FW,Hellas Verona,A,26,1999,22,5,597,6.6,0,2,2,0,0,0,1,0,0.3,,,,,,,,,,,,,,16,5,31.3,2.41,0.75,0.0,0.0,27,20.1,64.0,0,17,16.0,6,0.45,8,12,-4,-0.6,0.5,0,22,6,3,2,2,2,0,0.0,2,0.6051437216338881,-0.6379453189726595
Yerson Mosquera,COL,DF,Wolves,League,24,2001,23,20,1776,19.7,0,0,0,0,0,0,11,0,0.0,,,,,,,,,,,,,,22,6,27.3,1.11,0.3,0.0,0.0,77,59.8,85.0,13,3,26.0,6,0.7,18,34,-16,-0.81,0.77,0,25,36,1,17,17,32,2,0.0,0,2.4860476915271437,-0.6379453189726595
Edoardo Motta,ITA,GK,Lazio,A,21,2005,6,6,540,6.0,0,0,0,0,0,0,1,0,0.0,3.0,0.5,14.0,12.0,78.6,4.0,1.0,1.0,3.0,50.0,0.0,1.0,0.0,0,0,,0.0,0.0,,,90,18.2,90.0,6,0,,5,2.17,8,3,5,0.83,0.87,0,1,1,0,0,0,0,0,0.0,0,0.0,0.5473236014432796
Mason Mount,ENG,MF,Manchester Utd,League,27,1999,19,10,827,9.2,3,0,3,3,0,0,1,0,0.33,,,,,,,,,,,,,,18,5,27.8,1.96,0.54,0.17,0.6,44,27.8,68.0,2,9,17.0,5,1.74,16,14,2,0.22,-0.24,0,14,9,0,18,3,8,0,-2.15,3,1.1943539630836049,-0.6379453189726595
Samir El Mourabet,MAR,MF,Strasbourg,1,20,2005,29,22,1837,20.4,1,2,3,1,0,0,4,0,0.15,,,,,,,,,,,,,,11,1,9.1,0.54,0.05,0.09,1.0,63,70.4,76.0,8,7,24.0,0,1.48,33,20,13,0.64,1.1,0,22,19,3,18,25,33,0,-0.91,3,2.8417442430181286,-0.6379453189726595
Santiago Mouriño,URU,DF,Villarreal,Liga,24,2002,24,23,2030,22.6,1,2,3,1,0,0,10,1,0.13,,,,,,,,,,,,,,13,3,23.1,0.58,0.13,0.08,0.33,85,72.8,86.0,17,1,45.0,2,2.0,44,26,18,0.8,0.56,1,48,29,1,6,25,54,0,-0.76,3,3.4940291906236176,-0.6379453189726595
Louis Mouton,FRA,MF,Angers,1,23,2002,29,23,1784,19.8,2,1,3,2,0,0,2,1,0.15,,,,,,,,,,,,,,35,8,22.9,1.77,0.4,0.06,0.25,62,66.1,74.0,2,6,15.0,0,1.17,14,26,-12,-0.61,-0.41,0,20,16,4,25,12,25,0,-1.52,3,1.8677435638566378,-0.6379453189726595
Tarik Muharemovic,BIH,DF,Sassuolo,A,23,2003,28,28,2475,27.5,2,2,4,2,0,0,6,0,0.15,,,,,,,,,,,,,,19,6,31.6,0.69,0.22,0.11,0.33,88,83.3,88.0,27,0,,2,1.25,32,41,-9,-0.33,-1.42,0,22,20,0,2,39,23,2,-1.3399999999999999,4,2.253725917848055,-0.6379453189726595
Miro Muheim,SUI,MF,Hamburger SV,,28,1998,28,27,2407,26.7,0,4,4,0,0,0,7,1,0.15,,,,,,,,,,,,,,24,7,29.2,0.9,0.26,0.0,0.0,86,89.1,88.0,23,1,32.0,0,1.11,33,41,-8,-0.3,1.85,0,38,50,1,147,27,35,0,0.0,4,2.321228004492699,-0.6379453189726595
Ngal'Ayel Mukau,COD,MF,Lille,1,21,2004,26,15,1273,14.1,1,0,1,1,0,0,3,0,0.07,,,,,,,,,,,,,,18,4,22.2,1.27,0.28,0.06,0.25,49,47.1,73.0,2,11,16.0,1,1.81,22,19,3,0.21,-0.54,0,21,17,4,1,10,15,0,-0.76,1,1.7717930545712262,-0.6379453189726595
Nordi Mukiele,FRA,DF,Sunderland,League,28,1997,27,27,2334,25.9,2,3,5,2,0,0,5,0,0.19,,,,,,,,,,,,,,20,3,15.0,0.77,0.12,0.1,0.67,86,78.6,86.0,24,0,,1,1.33,28,32,-4,-0.15,-0.15,0,26,20,2,68,31,41,1,-1.7,5,2.7788498649170204,-0.6379453189726595
Marshall Munetsi,ZIM,MF,Paris FC,1,29,1996,12,8,774,8.6,4,1,5,4,0,0,0,0,0.58,,,,,,,,,,,,,,16,8,50.0,1.86,0.93,0.25,0.5,65,28.7,85.0,4,4,25.0,1,1.58,13,8,5,0.58,1.1,0,8,8,0,0,3,4,0,-2.0,5,0.8130081300813009,-0.6379453189726595
Marshall Munetsi,ZIM,MF,Wolves,League,29,1996,13,9,875,9.7,1,1,2,1,0,0,2,0,0.21,,,,,,,,,,,,,,14,6,42.9,1.44,0.62,0.07,0.17,67,29.5,86.0,6,4,24.0,1,0.15,6,19,-13,-1.34,-0.31,0,19,10,4,14,5,13,0,-0.58,2,1.8537590113285274,-0.6379453189726595
Rodrigo Muniz,BRA,FW,Fulham,League,24,2001,16,7,730,8.1,1,1,2,1,0,0,1,0,0.25,,,,,,,,,,,,,,24,4,16.7,2.96,0.49,0.04,0.25,46,24.6,74.0,0,9,24.0,0,1.38,8,10,-2,-0.25,-0.21,0,12,11,4,2,2,1,1,-0.84,2,0.36991368680641185,-0.6379453189726595
Aihen Muñoz,ESP,DF,Real Sociedad,Liga,28,1997,17,7,691,7.7,0,0,0,0,0,0,1,0,0.0,,,,,,,,,,,,,,5,1,20.0,0.65,0.13,0.0,0.0,41,24.8,80.0,3,10,13.0,12,1.59,12,15,-3,-0.39,-0.56,0,6,3,0,18,5,16,0,0.0,0,2.7237354085603114,-0.6379453189726595
Daniel Muñoz,COL,MF,Crystal Palace,League,29,1996,23,23,1958,21.8,3,2,5,3,0,0,6,0,0.23,,,,,,,,,,,,,,21,9,42.9,0.97,0.41,0.14,0.33,85,68.0,85.0,19,0,,0,1.61,26,21,5,0.23,0.82,0,32,16,6,56,22,37,0,-1.7399999999999998,5,2.70518110958276,-0.6379453189726595
Iker Muñoz,ESP,MF,Osasuna,Liga,23,2002,15,6,768,8.5,0,0,0,0,0,0,4,0,0.0,,,,,,,,,,,,,,8,3,37.5,0.94,0.35,0.0,0.0,51,27.5,80.0,2,9,32.0,16,1.47,10,9,1,0.12,0.21,0,16,16,1,4,11,7,0,0.0,0,2.1151586368977675,-0.6379453189726595
Javier Muñoz,ESP,MF,Getafe,Liga,31,1995,14,4,489,5.4,0,0,0,0,0,0,0,0,0.0,,,,,,,,,,,,,,12,6,50.0,2.21,1.1,0.0,0.0,35,17.5,80.0,0,10,17.0,13,0.93,2,7,-5,-0.92,-0.92,0,6,2,0,10,4,4,0,0.0,0,1.478743068391867,-0.6379453189726595
Víctor Muñoz,ESP,MF,Osasuna,Liga,22,2003,31,28,2387,26.5,5,2,7,5,0,0,3,0,0.26,,,,,,,,,,,,,,74,28,37.8,2.79,1.06,0.07,0.18,77,85.6,82.0,13,3,34.0,0,1.26,30,28,2,0.08,0.75,0,30,48,5,88,10,13,0,-3.04,7,0.867597133157299,-0.6379453189726595
Arijanet Muric,KVX,GK,Sassuolo,A,27,1998,31,31,2790,31.0,0,0,0,0,0,0,4,0,0.0,41.0,1.32,151.0,116.0,76.2,12.0,6.0,13.0,6.0,19.4,5.0,1.0,0.0,0,0,,0.0,0.0,,,90,93.9,90.0,31,0,,2,1.35,39,41,-2,-0.06,0.44,0,1,3,0,0,0,0,0,0.0,0,0.0,0.6141169626214393
Murillo,BRA,DF,Nottingham Forest,League,23,2002,25,25,2130,23.7,1,0,1,1,0,0,5,0,0.04,,,,,,,,,,,,,,11,4,36.4,0.46,0.17,0.09,0.25,85,71.7,85.0,22,0,,1,1.24,29,29,0,0.0,0.96,0,23,7,0,2,29,23,2,-0.64,1,2.193167439898777,-0.6379453189726595
Vedat Muriqi,KVX,FW,Mallorca,Liga,31,1994,30,29,2498,27.8,21,1,22,16,5,7,3,1,0.61,,,,,,,,,,,,,,90,42,46.7,3.24,1.51,0.18,0.38,83,89.5,86.0,19,1,17.0,0,1.1,36,42,-6,-0.22,0.71,0,31,54,12,3,3,3,0,-13.440000000000001,17,0.2157497303128371,-0.6379453189726595
Jacob Murphy,ENG,FW,Newcastle United,League,31,1995,28,15,1364,15.2,3,1,4,3,0,0,2,0,0.26,,,,,,,,,,,,,,40,12,30.0,2.64,0.79,0.08,0.25,49,45.9,72.0,1,13,22.0,3,1.25,22,16,6,0.4,0.9,0,8,9,5,109,3,10,0,-2.04,4,0.8547008547008548,-0.6379453189726595
Yunus Musah,USA,MF,Atalanta,A,23,2002,16,3,450,5.0,1,0,1,1,0,0,1,0,0.2,,,,,,,,,,,,,,6,1,16.7,1.2,0.2,0.17,1.0,28,15.2,63.0,1,13,20.0,15,2.0,4,7,-3,-0.6,-1.28,0,6,15,2,9,4,4,0,-0.83,1,1.596806387225549,-0.6379453189726595
Jamal Musiala,GER,MF,Bayern Munich,,23,2003,11,4,460,5.1,2,4,6,1,1,1,1,0,0.98,,,,,,,,,,,,,,21,5,23.8,4.11,0.98,0.05,0.2,42,17.0,74.0,1,7,24.0,0,2.55,22,7,15,2.93,0.32,0,4,14,0,3,3,2,0,-1.75,5,0.9784735812133073,-0.6379453189726595
Juan Musso,ARG,GK,Atlético Madrid,Liga,31,1994,5,5,450,5.0,0,0,0,0,0,0,2,0,0.0,7.0,1.4,20.0,15.0,75.0,2.0,0.0,3.0,2.0,40.0,2.0,0.0,0.0,0,0,,0.0,0.0,,,90,16.1,90.0,5,0,,24,1.2,6,7,-1,-0.2,-0.97,0,0,1,0,0,0,0,0,0.0,0,0.0,0.4643024506722113
Yvon Mvogo,SUI,GK,Lorient,1,31,1994,27,27,2430,27.0,0,0,0,0,0,0,0,0,0.0,36.0,1.33,96.0,64.0,66.7,9.0,11.0,7.0,5.0,18.5,4.0,0.0,1.0,0,0,,0.0,0.0,,,90,90.0,90.0,27,0,,0,1.41,35,36,-1,-0.04,0.96,0,0,4,0,0,1,1,0,0.0,0,0.07404664938911514,0.4496266044491006
Joel Mvuka,NOR,MF,Lorient,1,23,2002,15,5,560,6.2,0,0,0,0,0,0,0,0,0.0,,,,,,,,,,,,,,8,1,12.5,1.29,0.16,0.0,0.0,37,20.7,76.0,1,10,18.0,5,1.2,5,18,-13,-2.09,-2.47,0,4,11,1,12,6,13,0,0.0,0,3.0595813204508855,-0.6379453189726595
Junior Mwanga,FRA,MF,Nantes,1,22,2003,15,15,1260,14.0,1,1,2,1,0,0,2,1,0.14,,,,,,,,,,,,,,9,3,33.3,0.64,0.21,0.11,0.33,84,48.3,84.0,12,0,,0,0.73,15,27,-12,-0.86,-0.26,0,15,14,0,5,8,14,0,-0.6699999999999999,2,1.5703069236259815,-0.6379453189726595
Phillipp Mwene,AUT,MF,Mainz 05,,32,1994,25,20,1709,19.0,0,2,2,0,0,0,4,0,0.11,,,,,,,,,,,,,,6,0,0.0,0.32,0.0,0.0,,68,63.3,80.0,10,5,20.0,0,1.12,23,28,-5,-0.26,0.1,0,17,27,3,69,9,14,0,0.0,2,1.209889531825355,-0.6379453189726595
Vitaliy Mykolenko,UKR,DF,Everton,League,26,1999,28,28,2508,27.9,0,1,1,0,0,0,5,0,0.04,,,,,,,,,,,,,,9,2,22.2,0.32,0.07,0.0,0.0,90,84.4,90.0,25,0,,1,1.5,37,36,1,0.04,0.04,0,26,25,0,80,26,22,1,0.0,1,1.719813686850591,-0.6379453189726595
Joakim Mæhle,DEN,MF,Wolfsburg,,28,1997,12,10,862,9.6,1,2,3,1,0,0,1,0,0.31,,,,,,,,,,,,,,11,3,27.3,1.15,0.31,0.09,0.33,72,31.9,86.0,7,2,4.0,0,0.75,11,21,-10,-1.04,-0.31,0,7,5,0,14,16,15,0,-0.73,3,3.2258064516129035,-0.6379453189726595
David Møller Wolfe,NOR,MF,Wolves,League,23,2002,18,9,846,9.4,0,2,2,0,0,0,1,0,0.21,,,,,,,,,,,,,,3,0,0.0,0.32,0.0,0.0,,47,28.5,80.0,4,9,14.0,14,0.5,4,20,-16,-1.7,-0.81,0,7,4,0,26,6,5,0,0.0,2,1.1689691817215728,-0.6379453189726595
Obite N'Dicka,CIV,DF,Roma,A,26,1999,27,27,2374,26.4,3,0,3,3,0,0,5,0,0.11,,,,,,,,,,,,,,21,5,23.8,0.8,0.19,0.14,0.6,88,79.9,88.0,25,0,,0,1.81,36,23,13,0.49,-0.11,0,27,35,0,2,34,14,0,-2.3,3,1.8174933737220749,-0.6379453189726595
Konan N'dri,CIV,MF,Lecce,A,25,2000,23,1,486,5.4,2,0,2,2,0,0,2,0,0.37,,,,,,,,,,,,,,16,5,31.3,2.96,0.93,0.13,0.4,21,16.4,55.0,0,22,20.0,10,0.3,5,14,-9,-1.67,-1.12,0,8,17,1,19,1,4,0,-1.35,2,0.9242144177449167,-0.6379453189726595
Stanley N'Soki,FRA,DF,Union Berlin,,27,1999,12,9,750,8.3,1,2,3,1,0,0,2,0,0.36,,,,,,,,,,,,,,3,1,33.3,0.36,0.12,0.33,1.0,63,27.8,77.0,3,3,18.0,11,0.92,8,16,-8,-0.96,-0.5,0,8,8,0,11,18,6,0,-0.6699999999999999,3,2.8880866425992777,-0.6379453189726595
Bilal Nadir,MAR,MF,Marseille,1,22,2003,20,5,598,6.6,0,4,4,0,0,0,6,1,0.6,,,,,,,,,,,,,,7,1,14.3,1.05,0.15,0.0,0.0,30,22.1,70.0,1,15,17.0,4,1.4,22,5,17,2.56,2.52,1,24,4,1,10,6,9,0,0.0,4,2.2692889561270806,-0.6379453189726595
Mahamadou Nagida,CMR,DF,Rennes,1,20,2005,15,5,597,6.6,0,0,0,0,0,0,2,0,0.0,,,,,,,,,,,,,,11,3,27.3,1.66,0.45,0.0,0.0,40,22.1,85.0,3,10,17.0,14,2.0,12,9,3,0.45,0.11,0,11,6,0,8,17,9,0,0.0,0,3.9334341906202726,-0.6379453189726595
Sebastian Nanasi,SWE,MF,Strasbourg,1,23,2002,15,7,700,7.8,3,1,4,3,0,0,0,0,0.51,,,,,,,,,,,,,,13,7,53.8,1.67,0.9,0.23,0.43,47,26.8,76.0,3,8,21.0,9,1.47,13,9,4,0.51,0.28,0,6,1,1,13,3,3,0,-1.39,4,0.7682458386683739,-0.6379453189726595
Nikolas Nartey,DEN,MF,Stuttgart,,26,2000,25,12,1091,12.1,3,2,5,3,0,0,2,0,0.41,,,,,,,,,,,,,,20,10,50.0,1.65,0.82,0.15,0.3,44,40.4,72.0,2,13,17.0,3,2.12,29,11,18,1.48,1.37,0,17,19,1,14,10,11,0,-1.5,5,1.7341040462427746,-0.6379453189726595
Noah Nartey,DEN,MF,Lyon,1,20,2005,9,5,536,6.0,2,0,2,2,0,0,0,0,0.34,,,,,,,,,,,,,,4,2,50.0,0.67,0.34,0.5,1.0,60,19.9,81.0,4,4,33.0,2,1.56,8,7,1,0.17,-0.41,0,5,7,1,5,2,6,0,-1.0,2,1.3311148086522464,-0.6379453189726595
Natan,BRA,DF,Real Betis,Liga,25,2001,27,27,2344,26.0,0,0,0,0,0,0,7,0,0.0,,,,,,,,,,,,,,8,1,12.5,0.31,0.04,0.0,0.0,87,84.0,87.0,24,0,,3,1.52,39,34,5,0.19,-0.21,0,21,10,0,1,32,15,0,0.0,0,1.8069973087274125,-0.6379453189726595
Pau Navarro,ESP,DF,Villarreal,Liga,20,2005,19,19,1571,17.5,0,0,0,0,0,0,4,0,0.0,,,,,,,,,,,,,,1,1,100.0,0.06,0.06,0.0,0.0,83,56.3,83.0,15,0,,9,1.84,28,20,8,0.46,-0.43,0,30,10,1,2,16,32,1,0.0,0,2.741290691033695,-0.6379453189726595
Roberto Navarro,ESP,MF,Athletic Club,Liga,24,2002,25,7,921,10.2,5,1,6,5,0,0,1,0,0.59,,,,,,,,,,,,,,15,8,53.3,1.47,0.78,0.33,0.63,37,33.0,64.0,1,18,26.0,3,1.24,16,15,1,0.1,0.72,0,14,14,4,49,7,7,0,-2.36,6,1.3712047012732616,-0.6379453189726595
Corrie Ndaba,IRL,DF,Lecce,A,26,1999,14,6,543,6.0,0,0,0,0,0,0,0,0,0.0,,,,,,,,,,,,,,2,0,0.0,0.33,0.0,0.0,,39,18.3,70.0,2,8,15.0,19,1.07,4,12,-8,-1.33,-0.73,0,2,0,0,4,3,4,0,0.0,0,1.1647254575707155,-0.6379453189726595
Michel Ndary Adopo,FRA,MF,Cagliari,A,25,2000,33,28,2624,29.2,1,1,2,1,0,0,3,0,0.07,,,,,,,,,,,,,,26,11,42.3,0.89,0.38,0.04,0.09,80,88.4,85.0,20,5,49.0,0,1.0,28,41,-13,-0.45,-0.19,0,31,23,4,18,26,28,0,-0.56,2,1.8486819582334817,-0.6379453189726595
Iliman Ndiaye,SEN,MF,Everton,League,26,2000,27,27,2328,25.9,6,3,9,4,2,2,2,0,0.27,,,,,,,,,,,,,,33,18,54.5,1.28,0.7,0.12,0.22,86,78.4,86.0,16,0,,0,1.44,33,33,0,0.0,-0.14,0,27,34,10,47,14,38,0,-3.84,7,2.0069471246622927,-0.6379453189726595
Rassoul Ndiaye,SEN,MF,Le Havre,1,24,2001,30,27,2341,26.0,4,4,8,4,0,0,2,0,0.31,,,,,,,,,,,,,,32,9,28.1,1.23,0.35,0.13,0.44,78,86.7,84.0,13,3,26.0,0,1.0,21,29,-8,-0.31,0.95,0,20,36,5,91,15,27,0,-2.83,8,1.6147635524798154,-0.6379453189726595
Cher Ndour,ITA,MF,Fiorentina,A,21,2004,28,16,1510,16.8,2,0,2,2,0,0,2,0,0.12,,,,,,,,,,,,,,19,6,31.6,1.13,0.36,0.11,0.33,54,50.8,77.0,6,12,23.0,5,1.25,16,17,-1,-0.06,0.31,0,22,18,1,18,12,10,0,-1.3399999999999999,2,1.3087447947650206,-0.6379453189726595
Dan Ndoye,SUI,MF,Nottingham Forest,League,25,2000,24,14,1173,13.0,1,1,2,1,0,0,1,0,0.15,,,,,,,,,,,,,,15,4,26.7,1.15,0.31,0.07,0.25,49,39.5,71.0,3,10,18.0,3,1.08,15,17,-2,-0.15,0.2,0,16,22,9,41,10,11,0,-0.72,2,1.6141429669485012,-0.6379453189726595
Paul Nebel,GER,MF,Mainz 05,,23,2002,26,20,1740,19.3,4,1,5,4,0,0,2,2,0.26,,,,,,,,,,,,,,27,6,22.2,1.4,0.31,0.15,0.67,67,64.4,82.0,11,6,17.0,0,1.23,19,31,-12,-0.62,-0.9,0,25,17,2,124,12,27,0,-3.1,5,2.0196789228379077,-0.6379453189726595
Loïc Nego,HUN,DF,Le Havre,1,35,1991,27,24,2141,23.8,0,0,0,0,0,0,3,0,0.0,,,,,,,,,,,,,,16,3,18.8,0.67,0.13,0.0,0.0,79,79.3,87.0,19,3,18.0,0,1.11,20,29,-9,-0.38,0.27,0,18,17,4,74,30,29,0,0.0,0,2.47795044099118,-0.6379453189726595
Victor Nelsson,DEN,DF,Hellas Verona,A,27,1998,33,32,2865,31.8,0,0,0,0,0,0,4,0,0.0,,,,,,,,,,,,,,6,0,0.0,0.19,0.0,0.0,,87,96.5,89.0,30,1,13.0,0,0.55,20,54,-34,-1.07,-1.93,0,37,18,0,1,65,33,1,0.0,0,3.080792203709525,-0.6379453189726595
David Neres,BRA,FW,Napoli,A,29,1997,16,10,922,10.2,3,3,6,3,0,0,3,0,0.59,,,,,,,,,,,,,,17,4,23.5,1.66,0.39,0.18,0.75,58,31.0,77.0,1,6,26.0,1,2.0,16,7,9,0.88,0.61,0,19,7,0,53,1,5,0,-2.2800000000000002,6,0.5876591576885407,-0.6379453189726595
Martim Neto,POR,MF,Elche,Liga,23,2003,23,14,1248,13.9,2,5,7,2,0,0,2,0,0.5,,,,,,,,,,,,,,12,4,33.3,0.87,0.29,0.17,0.5,54,44.7,69.0,1,9,32.0,5,0.87,16,20,-4,-0.29,-0.05,0,18,10,0,28,2,9,0,-1.3199999999999998,7,0.7907979870596693,-0.6379453189726595
Pedro Neto,POR,MF,Chelsea,League,26,2000,31,27,2389,26.5,5,4,9,5,0,0,4,1,0.34,,,,,,,,,,,,,,44,12,27.3,1.66,0.45,0.11,0.42,77,80.4,82.0,15,4,46.0,0,1.45,42,27,15,0.57,1.18,1,16,22,6,172,6,10,0,-3.6799999999999997,9,0.6035458317615994,-0.6379453189726595
Luca Netz,GER,MF,Gladbach,,22,2003,15,10,940,10.4,0,2,2,0,0,0,1,0,0.19,,,,,,,,,,,,,,2,0,0.0,0.19,0.0,0.0,,63,34.8,86.0,7,5,17.0,5,0.93,14,10,4,0.38,1.3,0,8,2,0,26,7,10,0,0.0,2,1.633045148895293,-0.6379453189726595
Manuel Neuer,GER,GK,Bayern Munich,,40,1986,21,21,1800,20.0,0,0,0,0,0,0,0,0,0.0,19.0,0.95,49.0,31.0,63.3,18.0,3.0,0.0,7.0,33.3,1.0,0.0,0.0,0,0,,0.0,0.0,,,86,66.7,86.0,19,0,,4,2.71,78,19,59,2.95,0.85,0,0,2,0,0,0,0,0,0.0,0,0.0,0.46930049947370067
Florian Neuhaus,GER,MF,Gladbach,,29,1997,17,11,930,10.3,0,1,1,0,0,0,0,0,0.1,,,,,,,,,,,,,,22,6,27.3,2.13,0.58,0.0,0.0,55,34.4,71.0,0,6,25.0,9,1.29,19,9,10,0.97,2.19,0,9,9,0,9,9,7,0,0.0,1,1.5518913676042676,-0.6379453189726595
João Neves,POR,MF,Paris Saint-Germain,1,21,2004,15,11,1034,11.5,5,1,6,5,0,0,0,0,0.52,,,,,,,,,,,,,,22,6,27.3,1.91,0.52,0.23,0.83,69,41.0,83.0,7,4,31.0,2,2.47,29,11,18,1.57,0.42,0,12,10,0,2,4,12,0,-3.62,6,1.3900955690703736,-0.6379453189726595
Oumar Ngom,MTN,MF,Lecce,A,22,2004,10,6,525,5.8,0,0,0,0,0,0,1,0,0.0,,,,,,,,,,,,,,5,2,40.0,0.86,0.34,0.0,0.0,53,17.7,76.0,3,4,18.0,4,0.7,3,11,-8,-1.37,-0.78,0,10,5,0,1,10,13,0,0.0,0,3.9586919104991396,-0.6379453189726595
Cyril Ngonge,BEL,FW,Torino,A,25,2000,20,11,994,11.0,1,1,2,1,0,0,2,0,0.18,,,,,,,,,,,,,,24,12,50.0,2.17,1.09,0.04,0.08,50,33.5,72.0,2,9,22.0,1,1.0,9,20,-11,-1.0,-0.72,0,20,18,6,19,2,4,0,-0.52,2,0.5449591280653951,-0.6379453189726595
Nathan Ngoy,BEL,DF,Lille,1,22,2003,25,23,2045,22.7,1,2,3,1,0,0,8,1,0.13,,,,,,,,,,,,,,18,5,27.8,0.79,0.22,0.06,0.2,82,75.7,88.0,22,2,14.0,2,1.8,35,28,7,0.31,-0.79,0,16,8,0,6,34,19,0,-0.7,3,2.3337736679876704,-0.6379453189726595
Moussa Niakhate,SEN,DF,Lyon,1,30,1996,28,26,2399,26.7,0,2,2,0,0,0,3,0,0.08,,,,,,,,,,,,,,4,0,0.0,0.15,0.0,0.0,,86,88.9,90.0,26,2,30.0,0,1.71,35,24,11,0.41,-0.78,0,33,28,0,3,29,19,0,0.0,2,1.7970797454137026,-0.6379453189726595
Abdoulaye Niakhate Ndiaye,SEN,DF,Parma,A,24,2002,8,7,570,6.3,0,0,0,0,0,0,4,1,0.0,,,,,,,,,,,,,,4,0,0.0,0.63,0.0,0.0,,71,19.2,74.0,4,1,50.0,7,1.13,4,8,-4,-0.63,-0.18,1,10,7,0,0,10,9,0,0.0,0,3.011093502377179,-0.6379453189726595
Tanguy Nianzou,FRA,DF,Sevilla,Liga,23,2002,12,8,655,7.3,0,0,0,0,0,0,5,1,0.0,,,,,,,,,,,,,,9,0,0.0,1.24,0.0,0.0,,55,23.5,68.0,2,4,28.0,2,1.08,7,16,-9,-1.24,-1.11,0,15,6,0,0,4,10,0,0.0,0,1.915184678522572,-0.6379453189726595
Cheikh Niasse,SEN,MF,Hellas Verona,A,26,2000,19,11,970,10.8,0,1,1,0,0,0,1,0,0.09,,,,,,,,,,,,,,6,1,16.7,0.56,0.09,0.0,0.0,51,32.7,77.0,2,8,15.0,13,0.63,10,20,-10,-0.93,0.11,0,20,15,2,14,15,14,0,0.0,1,2.682701202590194,-0.6379453189726595
Rasmus Nicolaisen,DEN,DF,Toulouse,1,29,1997,29,27,2294,25.5,1,0,1,1,0,0,3,0,0.04,,,,,,,,,,,,,,15,5,33.3,0.59,0.2,0.07,0.2,79,85.0,84.0,21,2,15.0,0,1.28,37,37,0,0.0,0.22,0,26,18,1,2,36,10,0,-0.6499999999999999,1,1.8032144257154057,-0.6379453189726595
Moritz Nicolas,GER,GK,Gladbach,,28,1997,30,30,2700,30.0,0,0,0,0,0,0,1,0,0.0,50.0,1.67,166.0,121.0,72.9,7.0,10.0,13.0,10.0,33.3,5.0,0.0,0.0,0,0,,0.0,0.0,,,90,100.0,90.0,30,0,,0,1.03,36,50,-14,-0.47,,0,0,2,0,0,0,1,0,0.0,0,0.033322225924691765,0.7017939435019018
Hans Nicolussi Caviglia,ITA,MF,Fiorentina,A,25,2000,11,7,585,6.5,0,1,1,0,0,0,4,0,0.15,,,,,,,,,,,,,,4,1,25.0,0.62,0.15,0.0,0.0,53,19.7,78.0,3,4,11.0,10,0.91,7,12,-5,-0.77,-0.69,0,15,15,0,30,3,7,0,0.0,1,1.5360983102918588,-0.6379453189726595
Hans Nicolussi Caviglia,ITA,MF,Parma,A,25,2000,10,5,464,5.2,0,2,2,0,0,0,0,0,0.39,,,,,,,,,,,,,,8,1,12.5,1.55,0.19,0.0,0.0,46,15.6,65.0,0,5,28.0,1,1.6,8,7,1,0.19,0.8,0,3,5,0,13,1,1,0,0.0,2,0.3838771593090211,-0.6379453189726595
Julian Niehues,GER,MF,Heidenheim,,25,2001,23,17,1377,15.3,3,0,3,3,0,0,1,0,0.2,,,,,,,,,,,,,,18,5,27.8,1.18,0.33,0.17,0.6,60,51.0,71.0,4,6,28.0,7,0.78,24,30,-6,-0.39,1.44,0,10,9,2,3,23,10,0,-2.15,3,2.155453951665578,-0.6379453189726595
Oliver Nielsen,DEN,DF,Lazio,A,22,2003,21,10,1186,13.2,0,0,0,0,0,0,2,0,0.0,,,,,,,,,,,,,,3,1,33.3,0.23,0.08,0.0,0.0,56,39.9,89.0,9,11,27.0,12,1.62,17,12,5,0.38,0.43,0,10,7,0,1,12,5,0,0.0,0,1.2869038607115821,-0.6379453189726595
Justin Njinmah,GER,FW,Werder Bremen,,25,2000,29,20,1696,18.8,5,0,5,5,0,0,1,0,0.27,,,,,,,,,,,,,,52,21,40.4,2.76,1.11,0.1,0.24,58,62.8,76.0,4,9,20.0,1,1.03,17,41,-24,-1.27,-1.81,0,8,21,20,28,6,13,0,-2.9,5,1.01010101010101,-0.6379453189726595
Obed Nkambadio,FRA,GK,Paris FC,1,23,2003,12,12,1080,12.0,0,0,0,0,0,0,0,0,0.0,21.0,1.75,44.0,26.0,56.8,3.0,3.0,6.0,1.0,8.3,2.0,1.0,1.0,0,0,,0.0,0.0,,,90,40.0,90.0,12,0,,17,1.0,18,21,-3,-0.25,-0.08,0,0,0,0,0,0,0,0,0.0,0,0.0,0.17967953243359247
Christopher Nkunku,FRA,FW,Milan,A,28,1997,27,12,1120,12.4,5,3,8,2,3,3,0,0,0.4,,,,,,,,,,,,,,21,11,52.4,1.69,0.88,0.1,0.18,41,37.7,73.0,3,15,16.0,1,1.96,23,9,14,1.13,0.78,0,8,19,7,8,1,2,0,-3.9,5,0.24174053182917002,-0.6379453189726595
Felix Nmecha,GER,MF,Dortmund,,25,2000,27,24,2069,23.0,2,3,5,2,0,1,0,0,0.22,,,,,,,,,,,,,,31,7,22.6,1.35,0.3,0.06,0.29,77,76.6,83.0,7,3,25.0,0,2.26,49,27,22,0.96,-0.18,0,27,21,2,7,24,21,0,-1.58,5,1.9556714471968708,-0.6379453189726595
Lukas Nmecha,GER,FW,Leeds United,League,27,1998,26,9,881,9.8,6,1,7,4,2,3,0,0,0.51,,,,,,,,,,,,,,23,14,60.9,2.35,1.43,0.17,0.29,34,29.7,69.0,0,17,15.0,3,1.04,10,18,-8,-0.82,-0.86,0,16,14,2,7,3,5,0,-3.6199999999999997,5,0.8154943934760448,-0.6379453189726595
Arnaud Nordin,FRA,MF,Mainz 05,,27,1998,13,5,469,5.2,0,0,0,0,0,0,0,0,0.0,,,,,,,,,,,,,,13,2,15.4,2.49,0.38,0.0,0.0,36,17.4,71.0,1,8,15.0,5,0.69,5,11,-6,-1.15,-1.03,0,4,13,1,15,3,6,0,0.0,0,1.727447216890595,-0.6379453189726595
Arnaud Nordin,FRA,FW,Rennes,1,27,1998,8,7,521,5.8,1,1,2,1,0,0,1,0,0.35,,,,,,,,,,,,,,18,4,22.2,3.11,0.69,0.06,0.25,65,19.3,71.0,0,1,23.0,0,2.0,9,4,5,0.86,0.62,0,7,16,1,14,0,6,0,-0.76,2,1.0327022375215147,-0.6379453189726595
Brooke Norton-Cuffy,ENG,MF,Genoa,A,22,2004,26,25,2181,24.2,2,1,3,2,0,0,5,1,0.12,,,,,,,,,,,,,,15,6,40.0,0.62,0.25,0.13,0.33,84,73.4,86.0,19,1,32.0,1,1.0,28,38,-10,-0.41,-0.87,1,23,16,0,79,11,30,0,-1.22,3,1.6935150764147047,-0.6379453189726595
Tijjani Noslin,NED,FW,Lazio,A,26,1999,24,5,770,8.6,3,0,3,3,0,0,4,1,0.35,,,,,,,,,,,,,,25,9,36.0,2.92,1.05,0.12,0.33,32,25.9,73.0,1,19,21.0,8,1.33,10,7,3,0.35,0.31,1,10,18,3,7,2,5,0,-1.92,3,0.8130081300813009,-0.6379453189726595
Alexander Nübel,GER,GK,Stuttgart,,29,1996,30,30,2700,30.0,0,1,1,0,0,0,0,0,0.03,42.0,1.4,125.0,90.0,72.0,17.0,5.0,8.0,11.0,36.7,7.0,1.0,0.0,0,0,,0.0,0.0,,,90,100.0,90.0,30,0,,0,1.87,62,42,20,0.67,,0,0,7,0,0,1,0,0,0.0,1,0.033322225924691765,0.7226775632042046
Matheus Nunes,POR,DF,Manchester City,League,27,1998,29,27,2445,27.2,1,5,6,1,0,0,4,0,0.22,,,,,,,,,,,,,,7,2,28.6,0.26,0.07,0.14,0.5,84,84.9,88.0,24,2,35.0,2,2.21,58,24,34,1.25,0.84,0,14,27,4,57,26,37,0,-0.72,6,2.3153252480705624,-0.6379453189726595
Álvaro Núñez,ESP,DF,Elche,Liga,25,2000,19,19,1647,18.3,0,2,2,0,0,0,2,0,0.11,,,,,,,,,,,,,,4,0,0.0,0.22,0.0,0.0,,87,59.0,87.0,14,0,,0,1.21,23,20,3,0.16,1.03,0,12,17,2,60,15,15,0,0.0,2,1.638448935008192,-0.6379453189726595
Unai Núñez,ESP,DF,Hellas Verona,A,29,1997,17,15,1265,14.1,0,0,0,0,0,0,6,0,0.0,,,,,,,,,,,,,,7,1,14.3,0.5,0.07,0.0,0.0,74,42.6,82.0,12,2,21.0,1,0.71,12,26,-14,-1.0,0.01,0,27,10,0,11,23,18,1,0.0,0,2.905740609496811,-0.6379453189726595
Unai Núñez,ESP,DF,Valencia,Liga,29,1997,8,8,652,7.2,0,0,0,0,0,0,2,0,0.0,,,,,,,,,,,,,,5,0,0.0,0.69,0.0,0.0,,82,23.4,82.0,5,0,,1,1.5,10,8,2,0.28,0.87,0,8,5,0,3,7,9,0,0.0,0,2.219140083217753,-0.6379453189726595
Antonio Nusa,NOR,FW,RB Leipzig,,21,2005,27,22,1853,20.6,4,3,7,4,0,0,0,0,0.34,,,,,,,,,,,,,,53,16,30.2,2.57,0.78,0.08,0.25,69,68.6,78.0,4,5,28.0,0,2.07,39,24,15,0.73,-0.02,0,9,59,1,64,7,13,0,-2.7199999999999998,7,0.9704027171276078,-0.6379453189726595
M'Bala Nzola,ANG,FW,Pisa,A,29,1996,16,11,1052,11.7,3,0,3,1,2,3,1,1,0.09,,,,,,,,,,,,,,28,7,25.0,2.4,0.6,0.04,0.14,66,35.4,82.0,4,5,30.0,0,0.69,5,15,-10,-0.86,0.36,0,18,17,11,7,1,2,0,-2.7199999999999998,1,0.25619128949615716,-0.6379453189726595
Jake O'Brien,IRL,DF,Everton,League,24,2001,32,30,2728,30.3,0,1,1,0,0,0,2,1,0.03,,,,,,,,,,,,,,10,4,40.0,0.33,0.13,0.0,0.0,85,91.9,88.0,27,2,42.0,0,1.47,38,37,1,0.03,0.03,0,15,14,4,44,12,29,0,0.0,1,1.3526888815572418,-0.6379453189726595
Matt O'Riley,DEN,MF,Marseille,1,25,2000,15,6,741,8.2,1,2,3,1,0,0,2,0,0.36,,,,,,,,,,,,,,7,3,42.9,0.85,0.36,0.14,0.33,49,27.4,81.0,2,9,28.0,2,2.33,16,9,7,0.85,0.34,0,15,1,1,7,6,8,0,-0.58,3,1.7052375152253352,-0.6379453189726595
Adam Obert,SVK,DF,Cagliari,A,23,2002,30,28,2324,25.8,0,3,3,0,0,0,10,1,0.12,,,,,,,,,,,,,,10,3,30.0,0.39,0.12,0.0,0.0,77,78.2,82.0,15,2,21.0,1,1.07,21,35,-14,-0.54,-0.54,1,37,10,0,50,40,26,0,0.0,3,2.5571483920960865,-0.6379453189726595
Jan Oblak,SVN,GK,Atlético Madrid,Liga,33,1993,26,26,2340,26.0,0,0,0,0,0,0,0,0,0.0,25.0,0.96,82.0,58.0,70.7,15.0,6.0,5.0,10.0,38.5,1.0,0.0,1.0,0,0,,0.0,0.0,,,90,83.9,90.0,26,0,,0,1.96,45,25,20,0.77,0.97,0,0,4,0,0,0,0,0,0.0,0,0.0,0.6714155949793942
Rafel Obrador,ESP,MF,Torino,A,22,2004,11,9,725,8.1,0,2,2,0,0,0,0,0,0.25,,,,,,,,,,,,,,4,1,25.0,0.5,0.12,0.0,0.0,66,24.4,76.0,2,2,23.0,0,1.55,12,11,1,0.12,0.85,0,4,4,1,29,9,4,0,0.0,2,1.6029593094944514,-0.6379453189726595
Jens Odgaard,DEN,MF,Bologna,A,27,1999,23,15,1246,13.8,5,1,6,5,0,0,1,0,0.43,,,,,,,,,,,,,,33,13,39.4,2.38,0.94,0.15,0.38,54,42.0,75.0,4,8,15.0,7,1.61,22,20,2,0.14,0.09,0,26,27,3,13,4,10,0,-3.05,6,1.0137581462708183,-0.6379453189726595
Wilson Odobert,FRA,MF,Tottenham Hotspur,League,21,2004,24,10,985,10.9,0,2,2,0,0,0,0,0,0.18,,,,,,,,,,,,,,21,8,38.1,1.92,0.73,0.0,0.0,41,33.2,68.0,1,14,22.0,2,1.08,16,13,3,0.27,0.91,0,2,10,2,28,0,8,0,0.0,2,0.7332722273143905,-0.6379453189726595
Ifechukwu Ogbus,SUI,DF,Freiburg,,20,2005,14,11,944,10.5,0,0,0,0,0,0,1,0,0.0,,,,,,,,,,,,,,5,2,40.0,0.48,0.19,0.0,0.0,67,35.0,82.0,9,3,15.0,4,1.43,10,19,-9,-0.86,-1.11,0,5,6,0,3,7,13,0,0.0,0,1.9029495718363463,-0.6379453189726595
Noah Okafor,SUI,FW,Leeds United,League,25,2000,26,17,1434,15.9,7,1,8,7,0,0,3,0,0.5,,,,,,,,,,,,,,31,14,45.2,1.95,0.88,0.23,0.5,55,48.3,73.0,1,9,22.0,1,1.27,26,25,1,0.06,0.53,0,18,14,0,33,11,13,0,-3.78,8,1.508485229415462,-0.6379453189726595
Bryan Okoh,SUI,DF,Auxerre,1,22,2003,10,9,813,9.0,2,0,2,2,0,0,1,0,0.22,,,,,,,,,,,,,,7,2,28.6,0.77,0.22,0.29,1.0,81,30.1,90.0,8,1,6.0,1,1.2,11,10,1,0.11,0.83,0,11,6,0,0,18,7,0,-1.42,2,2.774694783573807,-0.6379453189726595
Maduka Okoye,NGA,GK,Udinese,A,26,1999,25,25,2166,24.1,0,0,0,0,0,0,1,1,0.0,32.0,1.33,92.0,66.0,70.7,10.0,4.0,11.0,8.0,32.0,5.0,1.0,0.0,0,0,,0.0,0.0,,,87,72.9,87.0,24,0,,1,1.36,30,27,3,0.12,1.02,0,2,3,0,0,0,0,0,0.0,0,0.0,0.6047933431472823
Olasagasti,ESP,MF,Levante,Liga,25,2000,26,11,1146,12.7,1,2,3,1,0,0,2,1,0.24,,,,,,,,,,,,,,20,6,30.0,1.57,0.47,0.05,0.17,44,41.1,79.0,5,15,18.0,2,0.92,17,21,-4,-0.31,0.29,0,17,18,0,63,12,10,0,-0.7,3,1.7309205350118018,-0.6379453189726595
Michael Olise,FRA,MF,Bayern Munich,,24,2001,28,22,2106,23.4,12,18,30,12,0,0,7,0,1.28,,,,,,,,,,,,,,93,46,49.5,3.97,1.97,0.13,0.26,75,78.0,86.0,13,6,37.0,1,2.61,85,24,61,2.61,-0.27,0,30,53,6,130,14,11,0,-6.02,30,1.0679196924391285,-0.6379453189726595
Mathías Olivera,URU,DF,Napoli,A,28,1997,22,13,1241,13.8,0,0,0,0,0,0,3,0,0.0,,,,,,,,,,,,,,8,3,37.5,0.58,0.22,0.0,0.0,56,41.8,78.0,6,9,26.0,9,2.05,17,13,4,0.29,-0.28,0,15,8,0,6,13,21,0,0.0,0,2.4619840695148443,-0.6379453189726595
Dani Olmo,ESP,MF,Barcelona,Liga,27,1998,26,18,1614,17.9,7,7,14,7,0,0,0,0,0.78,,,,,,,,,,,,,,60,20,33.3,3.35,1.12,0.12,0.35,62,57.8,75.0,6,8,32.0,0,2.58,50,16,34,1.9,0.37,0,18,38,3,24,13,19,0,-4.6,14,1.7867113344500278,-0.6379453189726595
Tani Oluwaseyi,CAN,FW,Villarreal,Liga,25,2000,24,6,715,7.9,2,2,4,2,0,0,1,0,0.5,,,,,,,,,,,,,,15,7,46.7,1.89,0.88,0.13,0.29,30,25.6,74.0,1,18,15.0,5,1.92,18,12,6,0.76,0.15,0,11,8,9,2,0,3,0,-1.0899999999999999,4,0.37926675094816686,-0.6379453189726595
Warmed Omari,COM,DF,Hamburger SV,,25,2000,16,13,1262,14.0,0,0,0,0,0,0,0,0,0.0,,,,,,,,,,,,,,3,1,33.3,0.21,0.07,0.0,0.0,79,46.7,87.0,10,3,45.0,0,0.94,12,23,-11,-0.78,-0.53,0,13,9,0,3,18,13,0,0.0,0,2.212705210563883,-0.6379453189726595
Andrew Omobamidele,IRL,DF,Strasbourg,1,23,2002,21,11,1131,12.6,0,0,0,0,0,0,4,0,0.0,,,,,,,,,,,,,,2,1,50.0,0.16,0.08,0.0,0.0,54,43.3,80.0,6,10,25.0,2,1.43,16,15,1,0.08,-0.41,0,9,9,0,0,12,4,0,0.0,0,1.2688342585249803,-0.6379453189726595
Amadou Onana,BEL,MF,Aston Villa,League,24,2001,24,21,1740,19.3,2,0,2,2,0,0,3,0,0.1,,,,,,,,,,,,,,19,7,36.8,0.98,0.36,0.11,0.29,73,58.6,81.0,11,3,16.0,1,1.92,28,26,2,0.1,-0.19,0,20,25,0,0,19,29,0,-1.23,2,2.48575867426204,-0.6379453189726595
Jacob Ondrejka,SWE,FW,Parma,A,23,2002,16,9,773,8.6,0,0,0,0,0,0,2,0,0.0,,,,,,,,,,,,,,21,7,33.3,2.45,0.82,0.0,0.0,48,26.0,65.0,0,7,27.0,6,1.31,8,14,-6,-0.7,-0.29,0,8,14,1,12,2,2,0,0.0,0,0.4645760743321719,-0.6379453189726595
Loïs Openda,BEL,FW,Juventus,A,26,2000,24,6,666,7.4,1,0,1,1,0,0,0,0,0.14,,,,,,,,,,,,,,26,6,23.1,3.51,0.81,0.04,0.17,28,22.4,69.0,0,18,14.0,7,1.71,11,8,3,0.41,-0.57,0,8,21,11,7,1,4,0,-0.76,1,0.6747638326585695,-0.6379453189726595
Fredrik Oppegard,NOR,MF,Auxerre,1,23,2002,22,14,1188,13.2,0,0,0,0,0,0,1,1,0.0,,,,,,,,,,,,,,10,2,20.0,0.76,0.15,0.0,0.0,54,44.0,76.0,7,8,16.0,7,0.82,11,18,-7,-0.53,-0.11,0,8,8,2,48,14,20,0,0.0,0,2.5738077214231643,-0.6379453189726595
Louis Oppie,GER,MF,St Pauli,,23,2002,21,15,1467,16.3,1,0,1,1,0,0,0,0,0.06,,,,,,,,,,,,,,14,3,21.4,0.86,0.18,0.07,0.33,70,54.3,89.0,14,6,22.0,9,0.62,13,29,-16,-0.98,-0.32,0,14,14,4,52,9,17,0,-0.79,1,1.5941140404659715,-0.6379453189726595
Gift Orban,NGA,FW,Hellas Verona,A,23,2002,28,23,2027,22.5,7,2,9,5,2,2,4,1,0.31,,,,,,,,,,,,,,85,28,32.9,3.77,1.24,0.06,0.18,72,68.2,79.0,9,5,40.0,1,0.5,14,33,-19,-0.84,0.49,0,22,20,20,14,3,3,0,-5.32,7,0.2665482007996446,-0.6379453189726595
Willi Orban,HUN,DF,RB Leipzig,,33,1992,29,29,2589,28.8,1,0,1,1,0,0,4,0,0.03,,,,,,,,,,,,,,19,8,42.1,0.66,0.28,0.05,0.13,89,95.9,89.0,28,0,,0,1.93,56,36,20,0.7,-0.93,0,18,21,2,6,39,25,0,-0.6,1,2.221450885109337,-0.6379453189726595
Christian Ordoñez,ARG,MF,Parma,A,21,2004,23,9,793,8.8,1,0,1,1,0,0,5,1,0.11,,,,,,,,,,,,,,7,2,28.6,0.79,0.23,0.14,0.5,34,26.7,61.0,1,14,17.0,9,1.3,5,9,-4,-0.45,0.04,1,16,6,0,8,6,8,0,-0.72,1,1.5891032917139614,-0.6379453189726595
Gaetano Oristanio,ITA,FW,Parma,A,23,2002,20,8,859,9.5,1,0,1,1,0,0,1,0,0.1,,,,,,,,,,,,,,24,4,16.7,2.51,0.42,0.04,0.25,43,28.9,65.0,0,12,28.0,6,1.25,7,13,-6,-0.63,-0.2,0,13,20,4,16,2,6,0,-0.84,1,0.8412197686645636,-0.6379453189726595
Aimar Oroz,ESP,MF,Osasuna,Liga,24,2001,24,21,1779,19.8,0,2,2,0,0,0,5,0,0.1,,,,,,,,,,,,,,28,4,14.3,1.42,0.2,0.0,0.0,74,63.8,81.0,6,3,29.0,0,1.46,20,21,-1,-0.05,-0.05,0,24,50,1,23,7,16,0,0.0,2,1.16102978293791,-0.6379453189726595
Riccardo Orsolini,ITA,MF,Bologna,A,29,1997,31,24,1895,21.1,8,1,9,5,3,5,2,0,0.28,,,,,,,,,,,,,,75,28,37.3,3.56,1.33,0.07,0.18,61,63.8,73.0,7,7,21.0,2,1.52,28,27,1,0.05,-0.12,0,19,39,17,40,6,11,0,-6.04,6,0.8053055423969682,-0.6379453189726595
Ángel Ortíz,ESP,DF,Real Betis,Liga,21,2004,13,7,584,6.5,0,0,0,0,0,0,1,0,0.0,,,,,,,,,,,,,,1,0,0.0,0.15,0.0,0.0,,45,20.9,72.0,2,6,14.0,13,1.54,5,9,-4,-0.62,-1.07,0,9,9,0,19,1,19,0,0.0,0,3.0721966205837177,-0.6379453189726595
Ibrahim Osman,GHA,MF,Auxerre,1,21,2004,14,7,625,6.9,0,2,2,0,0,0,0,0,0.29,,,,,,,,,,,,,,18,6,33.3,2.59,0.86,0.0,0.0,45,23.1,72.0,2,7,17.0,2,0.43,3,11,-8,-1.15,-0.89,0,7,14,3,10,6,7,0,0.0,2,1.8813314037626627,-0.6379453189726595
Patrick Osterhage,GER,MF,Freiburg,,26,2000,20,13,1189,13.2,1,0,1,1,0,0,4,0,0.08,,,,,,,,,,,,,,7,2,28.6,0.53,0.15,0.14,0.5,59,44.0,82.0,6,7,18.0,2,1.7,15,17,-2,-0.15,-0.03,0,13,13,2,9,15,7,0,-0.72,1,1.6654049962149888,-0.6379453189726595
William Osula,DEN,FW,Newcastle United,League,22,2003,19,3,468,5.2,4,0,4,4,0,0,0,0,0.77,,,,,,,,,,,,,,12,7,58.3,2.31,1.35,0.33,0.57,25,15.8,88.0,2,16,13.0,2,0.95,6,10,-4,-0.77,-0.81,0,16,8,1,1,1,2,0,-1.69,4,0.5758157389635317,-0.6379453189726595
Philip Otele,NGA,MF,Hamburger SV,,27,1999,9,7,471,5.2,1,1,2,1,0,0,3,1,0.38,,,,,,,,,,,,,,7,3,42.9,1.34,0.57,0.14,0.33,52,17.4,65.0,0,2,7.0,1,1.33,9,6,3,0.57,1.3,0,8,4,1,12,3,2,0,-0.58,2,0.9596928982725528,-0.6379453189726595
Sebastian Otoa,DEN,DF,Genoa,A,21,2004,10,6,593,6.6,0,0,0,0,0,0,1,0,0.0,,,,,,,,,,,,,,2,1,50.0,0.3,0.15,0.0,0.0,59,20.0,89.0,4,4,16.0,16,1.4,8,13,-5,-0.76,-0.72,0,4,12,1,1,8,8,1,0.0,0,2.4205748865355523,-0.6379453189726595
Abdoul Ouattara,FRA,MF,Strasbourg,1,20,2005,23,15,1429,15.9,2,0,2,2,0,0,2,0,0.13,,,,,,,,,,,,,,23,9,39.1,1.45,0.57,0.09,0.22,62,54.8,79.0,10,8,30.0,0,1.74,26,20,6,0.38,0.15,0,10,7,1,16,12,12,0,-1.19,2,1.508485229415462,-0.6379453189726595
Dango Ouattara,BFA,MF,Brentford,League,24,2002,27,21,1894,21.0,5,3,8,5,0,0,4,0,0.38,,,,,,,,,,,,,,41,16,39.0,1.95,0.76,0.12,0.31,70,63.8,83.0,9,6,25.0,0,1.3,28,28,0,0.0,-0.33,0,24,32,8,86,23,11,0,-3.08,8,1.6182770109471678,-0.6379453189726595
Kassoum Ouattara,FRA,MF,Monaco,1,21,2004,15,12,967,10.7,0,3,3,0,0,0,3,0,0.28,,,,,,,,,,,,,,12,0,0.0,1.12,0.0,0.0,,64,35.8,75.0,5,3,23.0,7,1.4,18,20,-2,-0.19,-0.65,0,22,10,1,50,19,19,0,0.0,3,3.5480859010270778,-0.6379453189726595
Assan Ouedraogo,GER,MF,RB Leipzig,,19,2006,15,10,697,7.7,3,3,6,3,0,0,0,0,0.77,,,,,,,,,,,,,,21,10,47.6,2.71,1.29,0.14,0.3,46,25.8,66.0,0,5,8.0,0,2.47,22,8,14,1.81,1.45,0,4,18,1,2,3,6,0,-1.5999999999999999,6,1.1673151750972763,-0.6379453189726595
Azzedine Ounahi,MAR,MF,Girona,Liga,26,2000,17,13,1183,13.1,4,2,6,4,0,0,5,0,0.46,,,,,,,,,,,,,,36,13,36.1,2.74,0.99,0.11,0.31,70,42.4,83.0,5,4,28.0,0,1.24,17,14,3,0.23,1.07,0,13,44,0,20,14,9,0,-2.5700000000000003,6,1.7543859649122808,-0.6379453189726595
Elisha Owusu,GHA,MF,Auxerre,1,28,1997,25,23,1984,22.0,0,0,0,0,0,0,7,0,0.0,,,,,,,,,,,,,,4,0,0.0,0.18,0.0,0.0,,79,73.5,85.0,15,2,15.0,0,0.8,17,26,-9,-0.41,0.22,0,36,20,0,1,17,41,0,0.0,0,2.635165833711949,-0.6379453189726595
Mikel Oyarzabal,ESP,FW,Real Sociedad,Liga,29,1997,27,26,2267,25.2,12,3,15,7,5,5,2,0,0.4,,,,,,,,,,,,,,71,31,43.7,2.82,1.23,0.1,0.23,84,81.3,86.0,17,1,35.0,1,1.52,40,36,4,0.16,0.68,0,18,37,13,15,3,13,0,-8.9,10,0.634668782229274,-0.6379453189726595
Daniel Oyegoke,ENG,MF,Hellas Verona,A,23,2003,15,8,594,6.6,0,0,0,0,0,0,2,0,0.0,,,,,,,,,,,,,,3,1,33.3,0.45,0.15,0.0,0.0,40,20.0,62.0,1,7,14.0,10,0.53,4,8,-4,-0.61,0.49,0,13,5,1,32,7,9,0,0.0,0,2.4205748865355523,-0.6379453189726595
Berke Özer,TUR,GK,Lille,1,25,2000,28,28,2474,27.5,0,1,1,0,0,0,5,0,0.04,31.0,1.13,92.0,62.0,67.4,16.0,6.0,6.0,11.0,39.3,1.0,1.0,0.0,0,0,,0.0,0.0,,,88,91.6,88.0,27,0,,0,1.93,47,31,16,0.58,0.98,0,0,12,0,0,0,2,0,0.0,1,0.07270083605961468,0.6591591981116889
Cenk Özkacar,TUR,DF,Köln,,25,2000,21,16,1433,15.9,0,0,0,0,0,0,2,0,0.0,,,,,,,,,,,,,,10,4,40.0,0.63,0.25,0.0,0.0,68,53.1,81.0,11,5,28.0,9,1.14,21,28,-7,-0.44,-0.44,0,11,5,1,3,19,22,0,0.0,0,2.576995600251414,-0.6379453189726595
Nico O’Reilly,ENG,DF,Manchester City,League,21,2005,30,25,2286,25.4,5,3,8,5,0,0,4,0,0.31,,,,,,,,,,,,,,32,11,34.4,1.26,0.43,0.16,0.45,76,79.4,86.0,18,5,27.0,1,2.2,55,21,34,1.34,1.04,0,36,14,1,33,19,35,0,-3.24,8,2.125147579693034,-0.6379453189726595
Pablo,BRA,MF,West Ham United,League,22,2004,9,7,556,6.2,0,1,1,0,0,0,0,0,0.16,,,,,,,,,,,,,,8,1,12.5,1.29,0.16,0.0,0.0,62,18.7,74.0,1,2,20.0,1,1.56,10,7,3,0.49,1.23,0,16,5,0,2,5,9,0,0.0,1,2.254428341384863,-0.6379453189726595
Jon Pacheco,ESP,DF,Alavés,Liga,25,2001,21,20,1725,19.2,0,0,0,0,0,0,5,1,0.0,,,,,,,,,,,,,,4,1,25.0,0.21,0.05,0.0,0.0,82,61.8,85.0,17,1,16.0,6,1.05,17,29,-12,-0.63,-0.71,1,14,7,1,4,11,16,0,0.0,0,1.4055179593961478,-0.6379453189726595
Willian Pacho,ECU,DF,Paris Saint-Germain,1,24,2001,21,19,1734,19.3,0,0,0,0,0,0,0,0,0.0,,,,,,,,,,,,,,8,1,12.5,0.42,0.05,0.0,0.0,83,68.8,87.0,17,2,38.0,7,2.1,42,20,22,1.14,-0.58,0,6,6,1,0,25,25,0,0.0,0,2.5893319523562917,-0.6379453189726595
Pablo Pagis,FRA,MF,Lorient,1,23,2002,24,19,1509,16.8,8,3,11,7,1,1,1,0,0.6,,,,,,,,,,,,,,52,16,30.8,3.1,0.95,0.13,0.44,63,55.9,72.0,2,5,28.0,1,1.5,25,24,1,0.06,0.44,0,20,21,2,82,16,15,0,-5.92,10,1.844140392623438,-0.6379453189726595
Igor Paixão,BRA,MF,Marseille,1,25,2000,27,20,1769,19.7,6,5,11,6,0,0,3,0,0.56,,,,,,,,,,,,,,47,19,40.4,2.39,0.97,0.13,0.32,66,65.5,77.0,6,7,33.0,0,1.81,36,25,11,0.56,-0.12,0,18,30,8,49,16,8,0,-3.53,11,1.21765601217656,-0.6379453189726595
Exequiel Palacios,ARG,MF,Leverkusen,,27,1998,14,8,739,8.2,0,1,1,0,0,0,2,0,0.12,,,,,,,,,,,,,,8,2,25.0,0.97,0.24,0.0,0.0,53,27.4,77.0,4,6,21.0,1,1.93,19,11,8,0.97,0.47,0,3,12,0,2,4,9,0,0.0,1,1.5834348355663825,-0.6379453189726595
Isaac Palazón Camacho,ESP,MF,Rayo Vallecano,Liga,31,1994,29,25,2091,23.2,3,3,6,1,2,3,9,0,0.17,,,,,,,,,,,,,,42,12,28.6,1.81,0.52,0.02,0.08,72,74.9,79.0,7,4,28.0,1,1.17,20,26,-6,-0.26,0.13,0,32,47,5,94,3,12,0,-2.76,4,0.6462731581214993,-0.6379453189726595
Alberto Paleari,ITA,GK,Torino,A,33,1992,24,24,2160,24.0,0,0,0,0,0,0,1,0,0.0,36.0,1.5,99.0,65.0,65.7,9.0,5.0,10.0,9.0,37.5,2.0,0.0,0.0,0,0,,0.0,0.0,,,90,72.7,90.0,24,0,,9,1.33,28,36,-8,-0.33,0.67,0,0,7,0,0,1,0,0,0.0,0,0.04164931278633902,0.569062767875821
Marco Palestra,ITA,MF,Cagliari,A,21,2005,32,31,2777,30.9,1,4,5,1,0,0,3,0,0.16,,,,,,,,,,,,,,23,5,21.7,0.75,0.16,0.04,0.2,87,93.5,88.0,25,1,36.0,0,1.0,29,44,-15,-0.49,-0.95,0,36,104,6,99,18,29,0,-0.8,5,1.5205435134260756,-0.6379453189726595
João Palhinha,POR,MF,Tottenham Hotspur,League,30,1995,28,19,1832,20.4,3,2,5,3,0,0,6,0,0.25,,,,,,,,,,,,,,24,6,25.0,1.18,0.29,0.13,0.5,65,61.7,84.0,12,9,26.0,2,1.0,26,33,-7,-0.34,-0.03,0,22,27,0,4,22,54,0,-2.2199999999999998,5,3.7236648701616852,-0.6379453189726595
Cole Palmer,ENG,MF,Chelsea,League,23,2002,22,20,1597,17.7,9,1,10,4,5,5,4,0,0.28,,,,,,,,,,,,,,53,20,37.7,2.99,1.13,0.08,0.2,73,53.8,77.0,9,2,33.0,1,1.05,27,26,1,0.06,-0.6,0,12,27,2,30,12,11,0,-7.4,5,1.2987012987012987,-0.6379453189726595
Emerson Palmieri,ITA,DF,Marseille,1,31,1994,24,19,1783,19.8,0,3,3,0,0,0,2,0,0.15,,,,,,,,,,,,,,13,2,15.4,0.66,0.1,0.0,0.0,74,66.0,89.0,16,5,20.0,1,1.75,35,26,9,0.45,-0.43,0,15,15,2,104,29,24,0,0.0,3,2.675416456335184,-0.6379453189726595
Joaquín Panichelli,ARG,FW,Strasbourg,1,23,2002,27,24,2193,24.4,16,1,17,11,5,6,3,0,0.49,,,,,,,,,,,,,,58,31,53.4,2.38,1.27,0.19,0.35,81,84.0,87.0,19,3,34.0,0,1.48,39,29,10,0.41,0.63,0,43,44,14,0,13,10,0,-10.11,12,0.9422367882015568,-0.6379453189726595
Lucas Paquetá,BRA,MF,West Ham United,League,28,1997,18,18,1511,16.8,4,1,5,2,2,2,7,1,0.18,,,,,,,,,,,,,,23,11,47.8,1.37,0.66,0.09,0.18,84,50.9,84.0,8,0,,0,0.67,18,32,-14,-0.83,-0.65,1,27,30,5,36,7,22,0,-3.01,3,1.7251635930993454,-0.6379453189726595
Victor Parada,ESP,DF,Alavés,Liga,24,2002,23,18,1595,17.7,0,3,3,0,0,0,8,1,0.17,,,,,,,,,,,,,,9,2,22.2,0.51,0.11,0.0,0.0,69,57.2,84.0,11,5,18.0,6,1.17,21,30,-9,-0.51,-0.36,1,26,12,3,30,6,6,0,0.0,3,0.6775832862789384,-0.6379453189726595
Aitor Paredes,ESP,DF,Athletic Club,Liga,25,2000,17,16,1450,16.1,1,0,1,1,0,0,4,0,0.06,,,,,,,,,,,,,,12,3,25.0,0.74,0.19,0.08,0.33,85,52.0,90.0,16,1,10.0,10,1.47,22,21,1,0.06,0.94,0,18,7,0,1,24,12,0,-0.76,1,2.2346368715083793,-0.6379453189726595
Daniel Parejo,ESP,MF,Villarreal,Liga,37,1989,25,12,1060,11.8,0,0,0,0,0,0,2,0,0.0,,,,,,,,,,,,,,2,0,0.0,0.17,0.0,0.0,,42,38.0,73.0,2,13,14.0,5,1.92,16,19,-3,-0.25,-1.45,0,11,20,0,29,14,20,0,0.0,0,2.87891617273497,-0.6379453189726595
Fabiano Parisi,ITA,MF,Fiorentina,A,25,2000,20,16,1359,15.1,1,1,2,1,0,0,5,0,0.13,,,,,,,,,,,,,,22,6,27.3,1.46,0.4,0.05,0.17,68,45.8,80.0,6,4,21.0,8,1.25,22,20,2,0.13,0.64,0,11,55,1,35,17,13,1,-0.7,2,1.985440105890139,-0.6379453189726595
Thomas Partey,GHA,MF,Villarreal,Liga,32,1993,19,7,755,8.4,0,0,0,0,0,0,0,0,0.0,,,,,,,,,,,,,,8,1,12.5,0.95,0.12,0.0,0.0,40,27.1,75.0,3,12,19.0,4,2.32,12,11,1,0.12,-0.72,0,8,4,0,2,11,4,0,0.0,0,1.78359096313912,-0.6379453189726595
Mario Pašalić,CRO,MF,Atalanta,A,31,1995,28,19,1685,18.7,3,4,7,3,0,0,2,0,0.37,,,,,,,,,,,,,,16,6,37.5,0.85,0.32,0.19,0.5,60,56.7,79.0,11,9,20.0,4,1.46,23,21,2,0.11,-0.87,0,20,5,1,10,10,17,0,-1.8599999999999999,7,1.4430785676109033,-0.6379453189726595
Patric,ESP,MF,Lazio,A,33,1993,11,4,497,5.5,0,0,0,0,0,0,1,0,0.0,,,,,,,,,,,,,,3,0,0.0,0.54,0.0,0.0,,45,16.7,85.0,3,7,23.0,12,2.09,5,3,2,0.36,0.29,0,3,1,0,0,3,0,0,0.0,0,0.544464609800363,-0.6379453189726595
Benjamin Pavard,FRA,DF,Marseille,1,30,1996,24,20,1745,19.4,1,2,3,1,0,0,5,0,0.15,,,,,,,,,,,,,,11,3,27.3,0.57,0.15,0.09,0.33,73,64.6,84.0,15,4,19.0,2,1.88,38,23,15,0.77,0.49,0,17,13,4,13,22,11,1,-0.73,3,1.7001545595054095,-0.6379453189726595
Aleksandar Pavlovic,GER,MF,Bayern Munich,,21,2004,22,14,1372,15.2,3,1,4,3,0,0,2,0,0.26,,,,,,,,,,,,,,9,5,55.6,0.59,0.33,0.33,0.6,62,50.8,83.0,8,8,26.0,6,2.5,55,21,34,2.23,-0.89,0,18,9,0,9,12,15,0,-1.3499999999999999,4,1.775147928994083,-0.6379453189726595
Strahinja Pavlović,SRB,DF,Milan,A,24,2001,29,28,2419,26.9,4,1,5,4,0,0,3,0,0.19,,,,,,,,,,,,,,22,5,22.7,0.82,0.19,0.18,0.8,83,81.4,85.0,24,1,29.0,3,1.93,39,25,14,0.52,-0.62,0,22,24,3,15,20,19,0,-3.1,5,1.4492753623188406,-0.6379453189726595
Martín Payero,ARG,MF,Cremonese,A,27,1998,23,15,1337,14.9,1,0,1,1,0,0,8,0,0.07,,,,,,,,,,,,,,21,7,33.3,1.41,0.47,0.05,0.14,58,45.0,74.0,4,8,29.0,3,1.04,17,12,5,0.34,1.77,0,34,29,2,30,9,9,0,-0.6499999999999999,1,1.2072434607645874,-0.6379453189726595
Nicolás Paz,ARG,MF,Como,A,21,2004,32,30,2653,29.5,12,6,18,12,0,2,5,0,0.61,,,,,,,,,,,,,,116,48,41.4,3.94,1.63,0.1,0.25,83,89.3,87.0,20,2,25.0,0,1.72,47,27,20,0.68,-1.88,0,50,39,0,59,25,51,0,-7.199999999999999,18,2.5753981701118263,-0.6379453189726595
Marcus Pedersen,NOR,MF,Torino,A,25,2000,26,21,1958,21.8,0,2,2,0,0,0,3,0,0.09,,,,,,,,,,,,,,13,2,15.4,0.6,0.09,0.0,0.0,75,65.9,86.0,15,5,32.0,4,1.19,27,31,-4,-0.18,0.97,0,31,6,3,97,10,12,0,0.0,2,1.008711600183402,-0.6379453189726595
Alfonso Pedraza,ESP,DF,Villarreal,Liga,30,1996,23,15,1384,15.4,1,2,3,1,0,0,7,0,0.2,,,,,,,,,,,,,,10,3,30.0,0.65,0.2,0.1,0.33,60,49.6,81.0,9,8,21.0,6,1.83,27,18,9,0.59,-0.12,0,23,20,3,65,21,27,0,-0.7,3,3.1148604802076574,-0.6379453189726595
Pedri,ESP,MF,Barcelona,Liga,23,2002,23,18,1631,18.1,2,7,9,2,0,0,2,1,0.5,,,,,,,,,,,,,,19,9,47.4,1.05,0.5,0.11,0.22,71,58.5,82.0,8,5,32.0,0,2.52,50,19,31,1.71,-0.08,1,8,37,1,7,19,28,0,-1.01,9,2.5952512424075094,-0.6379453189726595
Pedro,ESP,FW,Lazio,A,38,1987,24,7,773,8.6,3,1,4,1,2,2,4,0,0.23,,,,,,,,,,,,,,17,7,41.2,1.98,0.82,0.06,0.14,32,26.0,63.0,0,17,19.0,6,1.54,12,8,4,0.47,0.47,0,8,21,0,27,2,5,0,-2.58,2,0.8130081300813009,-0.6379453189726595
Zé Pedro Figueiredo,POR,DF,Cagliari,A,28,1997,19,16,1396,15.5,0,1,1,0,0,0,4,0,0.06,,,,,,,,,,,,,,3,0,0.0,0.19,0.0,0.0,,73,47.0,84.0,9,3,19.0,4,1.0,16,22,-6,-0.39,0.07,0,24,12,0,4,15,18,0,0.0,1,2.127659574468085,-0.6379453189726595
Adrià Pedrosa,ESP,DF,Elche,Liga,27,1998,21,6,890,9.9,1,1,2,1,0,0,4,0,0.2,,,,,,,,,,,,,,10,3,30.0,1.01,0.3,0.1,0.33,42,31.9,85.0,3,15,25.0,5,0.95,15,24,-9,-0.91,-0.96,0,17,8,1,43,12,15,0,-0.7,2,2.72452068617558,-0.6379453189726595
Dženan Pejčinović,GER,FW,Wolfsburg,,21,2005,26,12,1101,12.2,7,0,7,7,0,0,1,0,0.57,,,,,,,,,,,,,,35,15,42.9,2.86,1.23,0.2,0.47,42,40.8,75.0,4,14,14.0,3,0.77,15,34,-19,-1.55,-1.22,0,17,7,4,3,2,8,0,-4.0,7,0.8190008190008191,-0.6379453189726595
Lorenzo Pellegrini,ITA,MF,Roma,A,29,1996,24,20,1463,16.3,4,2,6,2,2,2,2,0,0.25,,,,,,,,,,,,,,32,12,37.5,1.97,0.74,0.06,0.17,61,49.3,67.0,2,4,30.0,3,1.63,22,14,8,0.49,-0.05,0,20,39,5,89,15,5,0,-3.2800000000000002,4,1.2262415695892088,-0.6379453189726595
Luca Pellegrini,ITA,DF,Lazio,A,27,1999,21,14,1215,13.5,0,0,0,0,0,0,6,0,0.0,,,,,,,,,,,,,,5,3,60.0,0.37,0.22,0.0,0.0,58,40.9,73.0,2,7,27.0,7,1.43,12,13,-1,-0.07,-0.33,0,21,11,0,48,14,13,0,0.0,0,1.998519615099926,-0.6379453189726595
Mateo Pellegrino,ARG,FW,Parma,A,25,2001,32,30,2610,29.0,8,1,9,7,1,1,5,0,0.28,,,,,,,,,,,,,,66,20,30.3,2.28,0.69,0.11,0.35,82,87.9,84.0,18,2,39.0,0,1.19,21,34,-13,-0.45,0.3,0,74,59,10,10,3,9,0,-5.8,8,0.4136504653567735,-0.6379453189726595
Iñaki Peña,ESP,GK,Elche,Liga,27,1999,16,16,1440,16.0,0,0,0,0,0,0,0,0,0.0,28.0,1.75,81.0,55.0,67.9,3.0,4.0,9.0,4.0,25.0,2.0,0.0,0.0,0,0,,0.0,0.0,,,90,51.6,90.0,16,0,,13,0.81,21,28,-7,-0.44,-0.37,0,0,1,0,0,0,0,0,0.0,0,0.0,0.4328854868180488
Mike Penders,BEL,GK,Strasbourg,1,20,2005,28,28,2520,28.0,0,0,0,0,0,0,3,0,0.0,37.0,1.32,118.0,85.0,71.2,11.0,7.0,10.0,8.0,28.6,3.0,1.0,0.0,0,0,,0.0,0.0,,,90,96.6,90.0,28,0,,0,1.43,45,37,8,0.29,-0.71,0,1,2,0,0,0,0,0,0.0,0,0.0,0.611697513266034
Nicolas Pépé,CIV,MF,Villarreal,Liga,30,1995,30,21,1959,21.8,5,4,9,5,0,0,3,0,0.41,,,,,,,,,,,,,,52,20,38.5,2.39,0.92,0.1,0.25,65,70.2,82.0,10,9,25.0,1,1.93,41,29,12,0.55,-0.32,0,18,34,14,67,12,18,0,-3.0,9,1.3755158184319118,-0.6379453189726595
Kojo Peprah Oppong,GHA,DF,Nice,1,21,2004,25,24,2065,22.9,1,0,1,1,0,0,3,0,0.04,,,,,,,,,,,,,,10,3,30.0,0.44,0.13,0.1,0.33,83,76.5,84.0,19,1,53.0,3,1.04,29,39,-10,-0.44,1.26,0,25,25,1,5,28,24,0,-0.7,1,2.2697512003491926,-0.6379453189726595
Peque,ESP,MF,Sevilla,Liga,23,2002,22,11,894,9.9,2,1,3,2,0,0,7,0,0.3,,,,,,,,,,,,,,14,6,42.9,1.41,0.6,0.14,0.33,41,32.0,66.0,1,11,15.0,5,1.32,8,12,-4,-0.4,-0.02,0,12,43,1,28,1,7,0,-1.16,3,0.8072653884964682,-0.6379453189726595
Mathias Pereira Lage,POR,MF,St Pauli,,29,1996,28,25,2018,22.4,2,2,4,2,0,0,3,0,0.18,,,,,,,,,,,,,,43,15,34.9,1.92,0.67,0.05,0.13,72,74.7,77.0,6,3,27.0,0,0.82,21,37,-16,-0.71,0.47,0,32,32,15,58,16,23,0,-1.25,4,1.7402945113788486,-0.6379453189726595
Ángel Pérez,ESP,MF,Alavés,Liga,23,2002,9,7,668,7.4,1,1,2,1,0,0,2,0,0.27,,,,,,,,,,,,,,7,3,42.9,0.94,0.4,0.14,0.33,74,23.9,87.0,4,2,30.0,1,0.89,13,15,-2,-0.27,0.11,0,8,7,3,52,5,9,0,-0.58,2,1.8893387314439947,-0.6379453189726595
Ayoze Pérez,ESP,FW,Villarreal,Liga,32,1993,18,9,819,9.1,2,3,5,2,0,0,3,0,0.55,,,,,,,,,,,,,,13,5,38.5,1.43,0.55,0.15,0.4,46,29.4,66.0,0,9,25.0,2,1.89,14,14,0,0.0,-0.91,0,14,18,5,7,3,10,0,-1.25,5,1.4270032930845227,-0.6379453189726595
Francisco Perez,ESP,MF,Rayo Vallecano,Liga,23,2002,25,10,1094,12.2,2,1,3,2,0,0,4,0,0.25,,,,,,,,,,,,,,15,8,53.3,1.23,0.66,0.13,0.25,44,39.2,67.0,0,15,28.0,3,1.12,11,16,-5,-0.41,-0.2,0,13,14,5,40,2,9,0,-0.96,3,0.9009009009009009,-0.6379453189726595
Mattia Perin,ITA,GK,Juventus,A,33,1992,8,8,675,7.5,0,0,0,0,0,0,0,0,0.0,7.0,0.93,17.0,10.0,58.8,4.0,2.0,2.0,3.0,37.5,0.0,0.0,0.0,0,0,,0.0,0.0,,,84,22.7,84.0,7,0,,21,1.75,13,7,6,0.8,-0.06,0,0,1,0,0,0,0,0,0.0,0,0.0,0.2739184647407113
Romain Perraud,FRA,DF,Lille,1,28,1997,26,23,1944,21.6,3,3,6,3,0,0,4,1,0.28,,,,,,,,,,,,,,29,12,41.4,1.34,0.56,0.1,0.25,75,72.0,83.0,13,3,12.0,2,1.85,40,24,16,0.74,0.86,0,20,40,1,109,22,29,0,-1.7999999999999998,6,2.3600185099490973,-0.6379453189726595
Lucas Perri,BRA,GK,Leeds United,League,28,1997,16,16,1440,16.0,0,0,0,0,0,0,2,0,0.0,29.0,1.81,63.0,38.0,60.3,4.0,6.0,6.0,3.0,18.8,4.0,0.0,0.0,0,0,,0.0,0.0,,,90,48.5,90.0,16,0,,13,1.13,23,29,-6,-0.37,-0.32,0,1,3,0,0,0,0,0,0.0,0,0.0,0.2946309750969665
Máximo Perrone,ARG,MF,Como,A,23,2003,31,28,2337,26.0,3,4,7,3,0,0,8,0,0.27,,,,,,,,,,,,,,16,8,50.0,0.62,0.31,0.19,0.38,75,78.7,80.0,17,3,32.0,1,1.77,46,20,26,1.0,0.57,0,36,22,0,8,18,34,0,-1.48,7,1.9992310649750096,-0.6379453189726595
Prosper Peter,NGA,FW,Angers,1,18,2007,26,11,1101,12.2,5,0,5,5,0,0,0,0,0.41,,,,,,,,,,,,,,22,14,63.6,1.8,1.14,0.23,0.36,42,40.8,74.0,5,15,19.0,1,1.15,12,22,-10,-0.82,-0.59,0,29,26,13,0,4,3,0,-1.7799999999999998,5,0.5733005733005734,-0.6379453189726595
Léo Pétrot,FRA,DF,Elche,Liga,29,1997,28,16,1433,15.9,0,0,0,0,0,0,2,0,0.0,,,,,,,,,,,,,,8,0,0.0,0.5,0.0,0.0,,51,51.4,81.0,10,12,11.0,3,1.14,15,23,-8,-0.5,-0.5,0,17,5,2,15,13,21,0,0.0,0,2.1370207416719045,-0.6379453189726595
Đorđe Petrović,SRB,GK,Bournemouth,League,26,1999,33,33,2970,33.0,0,0,0,0,0,0,3,0,0.0,50.0,1.52,142.0,98.0,69.0,11.0,15.0,7.0,9.0,27.3,6.0,0.0,0.0,0,0,,0.0,0.0,,,90,100.0,90.0,33,0,,0,1.45,50,50,0,0.0,,0,0,2,0,0,0,0,1,0.0,0,0.0,0.6146302906595823
Giuseppe Pezzella,ITA,MF,Cremonese,A,28,1997,26,25,2167,24.1,0,1,1,0,0,0,8,1,0.04,,,,,,,,,,,,,,4,0,0.0,0.17,0.0,0.0,,83,73.0,85.0,19,1,34.0,0,0.77,20,37,-17,-0.71,-0.26,0,39,29,6,106,10,30,0,0.0,1,1.6590626296142676,-0.6379453189726595
Rayan Philippe,FRA,FW,Hamburger SV,,25,2000,25,12,1194,13.3,5,0,5,5,0,1,2,0,0.38,,,,,,,,,,,,,,34,14,41.2,2.56,1.06,0.15,0.36,48,44.2,74.0,1,13,23.0,3,0.96,13,16,-3,-0.23,0.49,0,23,9,2,30,3,13,0,-2.9,5,1.2021036814425243,-0.6379453189726595
Gabriele Piccinini,ITA,MF,Pisa,A,25,2001,20,5,730,8.1,0,0,0,0,0,0,2,0,0.0,,,,,,,,,,,,,,16,6,37.5,1.97,0.74,0.0,0.0,37,24.6,77.0,1,15,23.0,13,0.5,6,17,-11,-1.36,-0.35,0,6,12,0,19,1,11,0,0.0,0,1.4796547472256474,-0.6379453189726595
Roberto Piccoli,ITA,FW,Fiorentina,A,25,2001,29,14,1462,16.2,3,1,4,3,0,0,1,0,0.25,,,,,,,,,,,,,,42,14,33.3,2.59,0.86,0.07,0.21,50,49.2,82.0,8,15,21.0,3,1.17,19,19,0,0.0,0.42,0,28,36,9,4,3,0,0,-2.02,4,0.1850709438618137,-0.6379453189726595
Charles Pickel,COD,MF,Espanyol,Liga,28,1997,18,4,564,6.3,1,0,1,1,0,0,3,2,0.16,,,,,,,,,,,,,,8,3,37.5,1.28,0.48,0.13,0.33,31,20.2,64.0,1,14,22.0,6,1.28,6,8,-2,-0.32,0.04,1,11,1,0,2,4,4,0,-0.61,1,1.2678288431061808,-0.6379453189726595
Jordan Pickford,ENG,GK,Everton,League,32,1994,33,33,2970,33.0,0,0,0,0,0,0,4,0,0.0,39.0,1.18,125.0,90.0,71.2,13.0,8.0,12.0,11.0,33.3,3.0,1.0,0.0,0,0,,0.0,0.0,,,90,100.0,90.0,33,0,,0,1.42,40,39,1,0.03,,0,1,6,0,0,0,1,0,0.0,0,0.03029385034837928,0.711630891014202
Amos Pieper,GER,DF,Werder Bremen,,28,1998,15,15,1187,13.2,0,0,0,0,0,0,4,0,0.0,,,,,,,,,,,,,,8,2,25.0,0.61,0.15,0.0,0.0,79,44.0,79.0,12,0,,3,0.93,16,24,-8,-0.61,-0.01,0,8,13,0,7,24,21,0,0.0,0,3.406510219530659,-0.6379453189726595
Marvin Pieringer,GER,FW,Heidenheim,,26,1999,23,16,1352,15.0,4,1,5,3,1,1,2,0,0.27,,,,,,,,,,,,,,24,7,29.2,1.6,0.47,0.13,0.43,59,50.1,75.0,5,7,21.0,0,0.7,20,33,-13,-0.87,0.47,0,33,26,9,17,8,13,0,-3.09,4,1.3990672884743505,-0.6379453189726595
Santiago Pierotti,ARG,MF,Lecce,A,25,2001,32,26,2172,24.1,1,0,1,1,0,0,3,0,0.04,,,,,,,,,,,,,,28,6,21.4,1.16,0.25,0.04,0.17,68,73.1,77.0,5,6,31.0,0,0.84,17,31,-14,-0.58,0.55,0,57,18,7,17,17,46,0,-0.76,1,2.6130236416424717,-0.6379453189726595
Andrea Pinamonti,ITA,FW,Sassuolo,A,26,1999,31,29,2279,25.3,8,3,11,8,0,1,2,1,0.43,,,,,,,,,,,,,,63,26,41.3,2.49,1.03,0.13,0.31,74,76.7,77.0,5,2,18.0,0,1.45,33,35,-2,-0.08,0.05,0,11,28,11,9,1,4,0,-4.62,11,0.19755037534571315,-0.6379453189726595
Yeremi Pino,ESP,MF,Crystal Palace,League,23,2002,29,23,1854,20.6,2,1,3,2,0,0,4,0,0.15,,,,,,,,,,,,,,40,11,27.5,1.94,0.53,0.05,0.18,64,64.4,76.0,4,6,18.0,1,1.31,17,21,-4,-0.19,-0.46,0,28,22,9,71,7,18,0,-1.45,3,1.2130033964095097,-0.6379453189726595
Jakub Piotrowski,POL,MF,Udinese,A,28,1997,29,17,1511,16.8,1,1,2,1,0,0,2,0,0.12,,,,,,,,,,,,,,32,6,18.8,1.91,0.36,0.03,0.17,52,50.9,72.0,4,12,24.0,1,1.28,20,21,-1,-0.06,0.19,0,24,28,2,24,13,22,0,-0.8200000000000001,2,2.082093991671624,-0.6379453189726595
Niccolò Pisilli,ITA,MF,Roma,A,21,2004,20,9,993,11.0,1,2,3,1,0,0,3,0,0.27,,,,,,,,,,,,,,13,4,30.8,1.18,0.36,0.08,0.25,50,33.4,87.0,8,11,19.0,13,1.7,20,15,5,0.45,-0.09,0,14,4,2,6,17,10,0,-0.6799999999999999,3,2.452316076294278,-0.6379453189726595
Tommaso Pobega,ITA,MF,Bologna,A,26,1999,23,14,1220,13.6,2,1,3,2,0,0,1,1,0.22,,,,,,,,,,,,,,23,9,39.1,1.7,0.66,0.09,0.22,53,41.1,76.0,7,9,18.0,6,1.61,18,17,1,0.07,-0.03,0,28,12,0,2,18,17,0,-1.19,3,2.571638501102131,-0.6379453189726595
Ernest Poku,NED,MF,Leverkusen,,22,2004,27,16,1455,16.2,5,5,10,5,0,0,0,0,0.62,,,,,,,,,,,,,,27,9,33.3,1.67,0.56,0.19,0.56,54,53.9,73.0,2,11,27.0,2,1.7,32,18,14,0.87,0.5,0,4,17,3,12,8,9,0,-3.29,10,1.0487353485502775,-0.6379453189726595
Matteo Politano,ITA,MF,Napoli,A,32,1993,30,22,1896,21.1,2,5,7,2,0,0,2,0,0.33,,,,,,,,,,,,,,45,12,26.7,2.14,0.57,0.04,0.17,63,63.8,78.0,4,8,23.0,0,2.0,31,21,10,0.47,0.06,0,17,25,0,160,3,10,0,-1.52,7,0.6158218853623874,-0.6379453189726595
Marin Pongračić,CRO,DF,Fiorentina,A,28,1997,31,30,2669,29.7,0,0,0,0,0,0,10,0,0.0,,,,,,,,,,,,,,8,1,12.5,0.27,0.03,0.0,0.0,86,89.9,88.0,27,1,20.0,1,1.16,36,37,-1,-0.03,1.76,0,64,20,0,4,34,14,0,0.0,0,1.6156176371592057,-0.6379453189726595
Nick Pope,ENG,GK,Newcastle United,League,34,1992,22,22,1966,21.8,0,0,0,0,0,0,1,0,0.0,32.0,1.46,97.0,67.0,69.1,8.0,4.0,10.0,7.0,31.8,2.0,0.0,0.0,1,1,100.0,0.05,0.05,0.0,0.0,89,66.2,89.0,21,0,,6,1.27,30,32,-2,-0.09,0.0,0,0,2,0,0,0,1,0,0.0,0,0.04585052728106373,0.5493888728512206
Pedro Porro,ESP,DF,Tottenham Hotspur,League,26,1999,29,27,2346,26.1,1,2,3,1,0,0,7,0,0.12,,,,,,,,,,,,,,25,7,28.0,0.96,0.27,0.04,0.14,81,79.0,85.0,21,2,21.0,0,1.03,34,36,-2,-0.08,1.22,0,27,23,1,197,24,35,0,-0.72,3,2.2596706242818843,-0.6379453189726595
Portu,ESP,FW,Girona,Liga,33,1992,10,4,474,5.3,0,0,0,0,0,0,2,0,0.0,,,,,,,,,,,,,,9,5,55.6,1.71,0.95,0.0,0.0,47,17.0,64.0,0,6,36.0,2,0.7,6,11,-5,-0.95,-0.68,0,6,4,3,18,2,1,0,0.0,0,0.5649717514124294,-0.6379453189726595
Stefan Posch,AUT,DF,Mainz 05,,28,1997,12,12,1080,12.0,0,0,0,0,0,0,4,0,0.0,,,,,,,,,,,,,,7,2,28.6,0.58,0.17,0.0,0.0,90,40.0,90.0,12,0,,0,1.83,18,14,4,0.33,1.06,0,7,11,1,9,12,20,0,0.0,0,2.6644462947543714,-0.6379453189726595
Freddie Potts,ENG,MF,West Ham United,League,22,2003,21,12,1159,12.9,0,1,1,0,0,0,1,0,0.08,,,,,,,,,,,,,,3,1,33.3,0.23,0.08,0.0,0.0,55,39.0,77.0,4,9,26.0,8,1.0,16,24,-8,-0.62,-0.17,0,15,14,0,34,15,18,0,0.0,1,2.5561580170410534,-0.6379453189726595
Kacper Potulski,POL,DF,Mainz 05,,18,2007,12,7,825,9.2,1,0,1,1,0,0,3,0,0.11,,,,,,,,,,,,,,9,2,22.2,0.98,0.22,0.11,0.5,69,30.6,90.0,7,5,39.0,8,1.58,9,14,-5,-0.55,-0.35,0,11,3,0,2,17,9,0,-0.78,1,2.8230184581976117,-0.6379453189726595
Alexander Prass,AUT,MF,Hoffenheim,,24,2001,28,12,1221,13.6,3,2,5,3,0,0,3,0,0.37,,,,,,,,,,,,,,17,10,58.8,1.25,0.74,0.18,0.3,44,45.2,80.0,4,16,16.0,2,1.89,25,22,3,0.22,-0.51,0,24,21,2,45,6,22,0,-1.2000000000000002,5,2.0573108008817047,-0.6379453189726595
Matteo Prati,ITA,MF,Cagliari,A,22,2003,20,15,1268,14.1,1,0,1,1,0,0,4,0,0.07,,,,,,,,,,,,,,19,1,5.3,1.35,0.07,0.05,1.0,63,42.7,74.0,5,5,30.0,2,1.05,13,20,-7,-0.5,-0.13,0,17,3,0,13,15,12,0,-0.95,1,1.9135364989369243,-0.6379453189726595
Grischa Prömel,GER,MF,Hoffenheim,,31,1995,30,16,1703,18.9,7,2,9,7,0,0,4,0,0.48,,,,,,,,,,,,,,42,13,31.0,2.22,0.69,0.17,0.54,57,63.1,86.0,11,14,23.0,0,1.8,36,31,5,0.26,-0.64,0,21,26,1,11,15,15,0,-4.79,9,1.5864621893178212,-0.6379453189726595
Ivan Provedel,ITA,GK,Lazio,A,32,1994,27,27,2430,27.0,0,0,0,0,0,0,1,0,0.0,27.0,1.0,112.0,87.0,78.6,8.0,10.0,9.0,12.0,44.4,3.0,1.0,0.0,0,0,,0.0,0.0,,,90,81.8,90.0,27,0,,0,1.26,26,27,-1,-0.04,-0.87,0,0,2,0,0,0,0,0,0.0,0,0.0,0.8471237346877833
Javi Puado,ESP,MF,Espanyol,Liga,27,1998,10,8,674,7.5,2,0,2,1,1,2,2,0,0.13,,,,,,,,,,,,,,15,9,60.0,2.0,1.2,0.07,0.11,67,24.2,83.0,3,2,7.0,0,1.3,10,13,-3,-0.4,-0.06,0,11,7,0,21,3,2,0,-1.3699999999999999,1,0.6657789613848203,-0.6379453189726595
Marc Pubill,ESP,DF,Atlético Madrid,Liga,22,2003,13,10,931,10.3,0,1,1,0,0,0,1,0,0.1,,,,,,,,,,,,,,8,2,25.0,0.77,0.19,0.0,0.0,72,33.4,88.0,9,3,19.0,15,2.23,19,7,12,1.16,0.82,0,9,8,1,4,15,7,0,0.0,1,2.133850630455868,-0.6379453189726595
Cameron Puertas,SUI,MF,Werder Bremen,,27,1998,24,18,1552,17.2,1,2,3,1,0,0,5,0,0.17,,,,,,,,,,,,,,34,8,23.5,1.97,0.46,0.03,0.13,65,57.5,81.0,8,6,15.0,3,1.17,23,25,-2,-0.12,1.14,0,32,22,2,66,15,34,0,-0.76,3,2.8471818710052292,-0.6379453189726595
Christian Pulisic,USA,FW,Milan,A,27,1998,26,17,1456,16.2,8,3,11,8,0,1,0,0,0.68,,,,,,,,,,,,,,49,23,46.9,3.03,1.42,0.16,0.35,56,49.0,76.0,4,9,18.0,1,1.88,23,12,11,0.68,0.09,0,10,23,3,32,3,8,0,-4.32,11,0.6785934608266502,-0.6379453189726595
Arkadiusz Pyrka,POL,MF,St Pauli,,23,2002,27,26,2216,24.6,0,1,1,0,0,0,3,0,0.04,,,,,,,,,,,,,,16,3,18.8,0.65,0.12,0.0,0.0,82,82.1,85.0,19,1,9.0,2,0.96,21,41,-20,-0.81,0.12,0,14,27,0,38,20,18,0,0.0,1,1.5440877691995123,-0.6379453189726595
Jarell Quansah,ENG,DF,Leverkusen,,23,2003,24,21,1950,21.7,3,0,3,3,0,0,9,0,0.14,,,,,,,,,,,,,,12,6,50.0,0.55,0.28,0.25,0.5,81,72.2,88.0,19,3,31.0,2,1.54,36,28,8,0.37,-0.95,0,18,20,1,21,21,19,0,-1.5,3,1.8424689083371717,-0.6379453189726595
Leopold Querfeld,AUT,DF,Union Berlin,,22,2003,29,29,2610,29.0,3,0,3,1,2,3,7,0,0.03,,,,,,,,,,,,,,29,10,34.5,1.0,0.34,0.03,0.1,90,96.7,90.0,29,0,,0,1.0,33,52,-19,-0.66,-1.66,0,46,26,0,3,34,25,0,-2.7,1,2.033781454670803,-0.6379453189726595
Adrien Rabiot,FRA,MF,Milan,A,31,1995,24,23,2100,23.3,6,4,10,6,0,0,6,1,0.43,,,,,,,,,,,,,,36,10,27.8,1.54,0.43,0.17,0.6,88,70.7,90.0,22,1,31.0,0,2.21,36,17,19,0.81,0.61,1,29,43,6,48,13,24,0,-4.3,10,1.5873015873015872,-0.6379453189726595
Ionuț Radu,ROU,GK,Celta Vigo,Liga,28,1997,31,31,2790,31.0,0,0,0,0,0,0,0,0,0.0,40.0,1.29,122.0,87.0,69.7,11.0,11.0,9.0,8.0,25.8,3.0,2.0,3.0,0,0,,0.0,0.0,,,90,100.0,90.0,31,0,,0,1.42,44,40,4,0.13,,0,0,7,0,0,0,0,0,0.0,0,0.0,0.5909850029097788
Ugo Raghouber,FRA,MF,Levante,Liga,22,2003,10,6,519,5.8,0,0,0,0,0,0,0,0,0.0,,,,,,,,,,,,,,2,0,0.0,0.35,0.0,0.0,,52,18.6,74.0,2,4,19.0,1,1.4,5,7,-2,-0.35,0.17,0,6,12,1,1,9,6,0,0.0,0,2.581755593803787,-0.6379453189726595
Antonio Raillo,ESP,DF,Mallorca,Liga,34,1991,23,23,2032,22.6,0,1,1,0,0,0,4,0,0.04,,,,,,,,,,,,,,12,1,8.3,0.53,0.04,0.0,0.0,88,72.8,88.0,22,0,,5,0.96,24,32,-8,-0.35,-0.24,0,23,15,1,4,12,13,0,0.0,1,1.105705440070765,-0.6379453189726595
Ylber Ramadani,ALB,MF,Lecce,A,30,1996,32,32,2761,30.7,1,0,1,1,0,0,7,0,0.03,,,,,,,,,,,,,,30,5,16.7,0.98,0.16,0.03,0.2,86,93.0,86.0,22,0,,0,0.88,22,41,-19,-0.62,1.53,0,37,54,0,15,40,43,0,-0.85,1,2.7027027027027026,-0.6379453189726595
Diant Ramaj,GER,GK,Heidenheim,,24,2001,29,29,2610,29.0,0,0,0,0,0,0,1,0,0.0,64.0,2.21,154.0,95.0,61.7,4.0,7.0,18.0,0.0,0.0,5.0,0.0,1.0,0,0,,0.0,0.0,,,90,96.7,90.0,29,0,,0,0.66,33,64,-31,-1.07,0.93,0,2,2,0,0,0,0,0,0.0,0,0.0,0.2140292736813035
Largie Ramazani,BEL,MF,Valencia,Liga,25,2001,20,8,883,9.8,5,1,6,2,3,3,4,0,0.31,,,,,,,,,,,,,,36,16,44.4,3.67,1.63,0.06,0.13,44,31.6,85.0,4,12,17.0,3,1.2,16,17,-1,-0.1,0.42,0,14,15,2,22,10,9,0,-4.04,3,1.9367991845056065,-0.6379453189726595
Jacobo Ramón,ESP,DF,Como,A,21,2005,28,26,2382,26.5,2,0,2,2,0,0,9,1,0.08,,,,,,,,,,,,,,32,7,21.9,1.21,0.26,0.06,0.29,85,80.2,88.0,24,2,45.0,1,1.75,46,23,23,0.87,-0.05,0,28,7,0,11,32,29,0,-1.58,2,2.3010184835910974,-0.6379453189726595
Gonçalo Ramos,POR,FW,Paris Saint-Germain,1,24,2001,26,11,1102,12.2,6,1,7,5,1,2,2,0,0.49,,,,,,,,,,,,,,52,24,46.2,4.25,1.96,0.1,0.21,42,43.7,78.0,5,15,16.0,2,2.19,26,11,15,1.23,-0.17,0,18,16,4,1,3,11,0,-3.5999999999999996,6,1.1466011466011468,-0.6379453189726595
Aaron Ramsdale,ENG,GK,Newcastle United,League,27,1998,12,11,1004,11.2,0,0,0,0,0,0,2,0,0.0,17.0,1.52,38.0,24.0,63.2,4.0,2.0,5.0,1.0,9.1,3.0,0.0,0.0,0,0,,0.0,0.0,,,84,33.8,90.0,11,1,14.0,21,1.17,16,17,-1,-0.09,0.0,0,0,1,0,0,0,0,0,0.0,0,0.0,0.26805290995361464
Jacob Ramsey,ENG,MF,Newcastle United,League,24,2001,23,12,1149,12.8,2,1,3,2,0,0,5,1,0.23,,,,,,,,,,,,,,14,4,28.6,1.1,0.31,0.14,0.5,50,38.7,73.0,4,11,25.0,5,1.13,19,24,-5,-0.39,-0.49,1,15,13,2,7,8,11,0,-1.44,3,1.4832162373145978,-0.6379453189726595
Luca Ranieri,ITA,DF,Fiorentina,A,26,1999,30,25,2125,23.6,1,0,1,1,0,0,7,0,0.04,,,,,,,,,,,,,,15,3,20.0,0.64,0.13,0.07,0.33,71,71.5,83.0,16,5,12.0,2,1.2,26,30,-4,-0.17,0.15,0,20,25,3,26,19,23,0,-0.79,1,1.7789072426937735,-0.6379453189726595
Lilian Raolisoa,FRA,MF,Angers,1,25,2000,28,17,1640,18.2,2,4,6,2,0,0,3,0,0.33,,,,,,,,,,,,,,15,4,26.7,0.82,0.22,0.13,0.5,59,60.7,81.0,7,11,24.0,0,1.21,15,23,-8,-0.44,0.07,0,26,14,0,85,11,21,0,-1.48,6,1.7572762218561229,-0.6379453189726595
Raphinha,BRA,MF,Barcelona,Liga,29,1996,20,17,1291,14.3,11,3,14,8,3,3,4,0,0.77,,,,,,,,,,,,,,58,19,32.8,4.04,1.32,0.14,0.42,65,46.3,71.0,4,3,28.0,1,2.75,41,9,32,2.23,0.91,0,10,9,2,67,5,5,0,-8.34,11,0.6988120195667366,-0.6379453189726595
Marcus Rashford,ENG,MF,Barcelona,Liga,28,1997,26,15,1442,16.0,6,6,12,6,0,0,2,0,0.75,,,,,,,,,,,,,,69,26,37.7,4.31,1.62,0.09,0.23,55,51.7,75.0,4,11,29.0,3,2.58,38,20,18,1.12,-1.28,0,6,20,10,90,1,8,0,-3.66,12,0.5621486570893192,-0.6379453189726595
Mathias Rasmussen,NOR,MF,St Pauli,,28,1997,9,7,639,7.1,0,0,0,0,0,0,0,0,0.0,,,,,,,,,,,,,,6,2,33.3,0.85,0.28,0.0,0.0,71,23.7,89.0,5,2,9.0,1,1.0,7,16,-9,-1.27,-0.57,0,6,7,1,6,8,5,0,0.0,0,1.828410689170183,-0.6379453189726595
Andrei Ratiu,ROU,DF,Rayo Vallecano,Liga,27,1998,28,27,2403,26.7,0,3,3,0,0,0,8,0,0.11,,,,,,,,,,,,,,26,8,30.8,0.97,0.3,0.0,0.0,86,86.1,88.0,26,1,26.0,0,1.25,27,27,0,0.0,2.09,0,19,20,4,86,36,33,0,0.0,3,2.5833021340321976,-0.6379453189726595
Raúl,ESP,FW,Osasuna,Liga,25,2000,29,5,810,9.0,5,0,5,5,0,0,1,1,0.56,,,,,,,,,,,,,,28,17,60.7,3.11,1.89,0.18,0.29,28,29.0,84.0,4,24,16.0,1,1.24,13,15,-2,-0.22,-0.27,0,10,11,5,6,7,12,0,-1.94,5,2.108768035516093,-0.6379453189726595
David Raum,GER,DF,RB Leipzig,,27,1998,29,28,2485,27.6,3,6,9,2,1,1,6,0,0.29,,,,,,,,,,,,,,24,8,33.3,0.87,0.29,0.08,0.25,86,92.0,88.0,25,1,12.0,0,2.0,55,34,21,0.76,0.34,0,29,17,6,244,33,35,0,-2.36,8,2.4628757696486776,-0.6379453189726595
Federico Ravaglia,ITA,GK,Bologna,A,26,1999,16,15,1380,15.3,0,0,0,0,0,0,4,0,0.0,27.0,1.76,77.0,52.0,67.5,4.0,3.0,8.0,2.0,13.3,2.0,0.0,0.0,0,0,,0.0,0.0,,,86,46.5,90.0,15,1,30.0,16,0.94,16,27,-11,-0.72,-1.51,0,2,3,0,0,0,1,0,0.0,0,0.06531678641410843,0.3607398988909354
David Raya,ESP,GK,Arsenal,League,30,1995,33,33,2970,33.0,0,0,0,0,0,0,1,0,0.0,26.0,0.79,79.0,52.0,67.1,21.0,7.0,5.0,15.0,45.5,0.0,0.0,0.0,0,0,,0.0,0.0,,,90,100.0,90.0,33,0,,0,2.12,63,26,37,1.12,,0,0,11,0,1,1,1,0,0.0,0,0.06058770069675856,0.7882611997046615
Rayan,BRA,MF,Bournemouth,League,19,2006,10,9,769,8.5,2,2,4,2,0,0,1,0,0.47,,,,,,,,,,,,,,16,4,25.0,1.87,0.47,0.13,0.5,77,25.9,83.0,2,1,23.0,0,1.8,9,7,2,0.23,0.32,0,5,5,0,20,4,4,0,-1.48,4,0.9400705052878966,-0.6379453189726595
Abde Rebbach,ALG,MF,Alavés,Liga,27,1998,24,9,1002,11.1,1,1,2,1,0,0,5,0,0.18,,,,,,,,,,,,,,28,9,32.1,2.51,0.81,0.04,0.11,42,35.9,71.0,3,15,24.0,7,1.0,13,13,0,0.0,0.55,0,28,21,3,74,11,13,0,-0.64,2,2.16021602160216,-0.6379453189726595
Alejandro Rego,ESP,MF,Athletic Club,Liga,22,2003,22,7,862,9.6,1,0,1,1,0,0,5,0,0.1,,,,,,,,,,,,,,11,3,27.3,1.15,0.31,0.09,0.33,39,30.9,70.0,2,15,25.0,7,1.41,13,15,-2,-0.21,0.26,0,26,3,0,2,16,15,0,-0.73,1,3.2258064516129035,-0.6379453189726595
Tijjani Reijnders,NED,MF,Manchester City,League,27,1998,26,17,1496,16.6,5,2,7,5,0,0,2,0,0.42,,,,,,,,,,,,,,41,15,36.6,2.47,0.9,0.12,0.33,58,51.9,79.0,6,9,18.0,6,1.96,30,15,15,0.9,-0.46,0,18,15,4,37,11,4,0,-3.2,7,0.9030704394942803,-0.6379453189726595
Alberto Reina,ESP,MF,Oviedo,Liga,28,1997,30,24,1851,20.6,4,1,5,4,0,0,6,1,0.24,,,,,,,,,,,,,,17,8,47.1,0.83,0.39,0.24,0.5,62,66.3,72.0,3,6,22.0,0,0.9,19,31,-12,-0.58,0.57,1,28,34,2,33,10,12,0,-2.08,5,1.0674429888403687,-0.6379453189726595
Vitor Reis,BRA,DF,Girona,Liga,20,2006,29,28,2508,27.9,1,1,2,1,0,0,7,1,0.07,,,,,,,,,,,,,,14,2,14.3,0.5,0.07,0.07,0.5,86,89.9,88.0,27,1,33.0,0,1.17,28,38,-10,-0.36,0.28,0,25,16,1,0,24,26,1,-0.86,2,1.7914725904693658,-0.6379453189726595
Rocco Reitz,GER,MF,Gladbach,,23,2002,28,28,2358,26.2,0,2,2,0,0,0,7,1,0.08,,,,,,,,,,,,,,43,13,30.2,1.64,0.5,0.0,0.0,84,87.3,84.0,17,0,,0,1.0,25,43,-18,-0.69,-1.74,0,33,50,5,81,47,34,0,0.0,2,3.0904235024799696,-0.6379453189726595
Nicolai Remberg,GER,MF,Hamburger SV,,25,2000,28,28,2520,28.0,0,1,1,0,0,0,10,0,0.04,,,,,,,,,,,,,,15,7,46.7,0.54,0.25,0.0,0.0,90,93.3,90.0,28,0,,0,1.07,31,43,-12,-0.43,1.07,0,39,45,0,4,39,23,0,0.0,1,2.2134951802927523,-0.6379453189726595
Álex Remiro,ESP,GK,Real Sociedad,Liga,31,1995,31,31,2790,31.0,0,0,0,0,0,0,0,0,0.0,48.0,1.55,122.0,79.0,64.8,11.0,9.0,11.0,3.0,9.7,5.0,0.0,0.0,0,0,,0.0,0.0,,,90,100.0,90.0,31,0,,0,1.35,49,48,1,0.03,,0,0,4,1,0,1,1,1,0.0,0,0.06449532408900355,0.356768506165732
Devyne Rensch,NED,MF,Roma,A,23,2003,20,11,979,10.9,0,4,4,0,0,0,0,0,0.37,,,,,,,,,,,,,,4,1,25.0,0.37,0.09,0.0,0.0,49,33.0,78.0,4,9,14.0,11,1.9,15,14,1,0.09,-0.63,0,4,14,2,18,12,15,0,0.0,4,2.4747937671860676,-0.6379453189726595
Guillaume Restes,FRA,GK,Toulouse,1,21,2005,30,30,2669,29.7,0,0,0,0,0,0,3,0,0.0,41.0,1.38,112.0,76.0,67.9,10.0,7.0,13.0,9.0,30.0,5.0,0.0,0.0,0,0,,0.0,0.0,,,89,98.9,89.0,29,0,,0,1.23,40,41,-1,-0.03,-0.03,0,0,8,0,0,1,0,0,0.0,0,0.03365870077415012,0.5994411163983286
Elvis Rexhbeçaj,KVX,MF,Augsburg,,28,1997,26,10,1118,12.4,2,0,2,2,0,0,4,0,0.16,,,,,,,,,,,,,,11,5,45.5,0.89,0.4,0.18,0.4,43,41.4,71.0,3,16,26.0,2,1.31,20,21,-1,-0.08,0.77,0,13,16,1,16,4,8,0,-1.1,2,0.9669621273166801,-0.6379453189726595
Oriol Rey,ESP,MF,Levante,Liga,28,1998,18,13,1184,13.2,0,0,0,0,0,0,3,0,0.0,,,,,,,,,,,,,,6,1,16.7,0.46,0.08,0.0,0.0,66,42.4,83.0,8,5,20.0,8,0.94,18,22,-4,-0.3,0.31,0,22,12,0,6,10,11,0,0.0,0,1.5897047691143074,-0.6379453189726595
Alexsandro Ribeiro,BRA,DF,Lille,1,26,1999,8,7,508,5.6,0,0,0,0,0,0,0,1,0.0,,,,,,,,,,,,,,7,2,28.6,1.24,0.35,0.0,0.0,64,18.8,72.0,5,1,2.0,8,1.88,12,5,7,1.24,0.91,0,10,8,0,1,11,9,0,0.0,0,3.5650623885918007,-0.6379453189726595
Rodrigo Ribeiro,POR,FW,Augsburg,,20,2005,10,6,532,5.9,2,0,2,2,0,0,1,0,0.34,,,,,,,,,,,,,,21,7,33.3,3.55,1.18,0.1,0.29,53,19.7,71.0,0,4,26.0,3,1.4,5,10,-5,-0.85,-0.39,0,8,2,8,1,3,1,0,-1.2999999999999998,2,0.676818950930626,-0.6379453189726595
Samuele Ricci,ITA,MF,Milan,A,24,2001,27,10,1150,12.8,1,3,4,1,0,0,1,0,0.31,,,,,,,,,,,,,,18,6,33.3,1.41,0.47,0.06,0.17,43,38.7,78.0,5,17,22.0,6,2.26,17,13,4,0.31,-0.53,0,12,29,1,25,8,8,0,-0.64,4,1.249024199843872,-0.6379453189726595
Declan Rice,ENG,MF,Arsenal,League,27,1999,32,31,2761,30.7,4,5,9,4,0,0,2,0,0.29,,,,,,,,,,,,,,40,13,32.5,1.3,0.42,0.1,0.31,86,93.0,88.0,26,1,23.0,0,2.09,56,25,31,1.01,-1.57,0,22,8,1,159,28,31,0,-2.7,9,1.9211983067404754,-0.6379453189726595
Chris Richards,USA,DF,Crystal Palace,League,26,2000,28,28,2512,27.9,1,0,1,1,0,0,3,0,0.04,,,,,,,,,,,,,,10,1,10.0,0.36,0.04,0.1,1.0,90,87.2,90.0,27,0,,1,1.46,34,32,2,0.07,0.81,0,14,3,0,12,41,32,0,-0.9,1,2.615549982085274,-0.6379453189726595
Richarlison,BRA,FW,Tottenham Hotspur,League,28,1997,27,16,1572,17.5,9,3,12,9,0,0,5,0,0.69,,,,,,,,,,,,,,48,22,45.8,2.75,1.26,0.19,0.41,58,52.9,83.0,10,11,23.0,1,1.04,23,24,-1,-0.06,0.59,0,18,29,8,16,6,14,0,-4.82,12,1.1422044545973729,-0.6379453189726595
Diego Rico,ESP,DF,Getafe,Liga,33,1993,26,18,1702,18.9,0,0,0,0,0,0,4,0,0.0,,,,,,,,,,,,,,11,1,9.1,0.58,0.05,0.0,0.0,65,61.0,86.0,15,8,19.0,4,1.41,17,22,-5,-0.26,-0.26,0,22,34,1,61,31,28,0,0.0,0,3.120042305658382,-0.6379453189726595
Clemens Riedel,GER,DF,Espanyol,Liga,22,2003,17,14,1203,13.4,0,1,1,0,0,0,5,0,0.07,,,,,,,,,,,,,,3,1,33.3,0.22,0.07,0.0,0.0,71,43.1,81.0,9,3,23.0,10,1.06,17,20,-3,-0.22,0.23,0,22,7,2,3,10,13,0,0.0,1,1.715137956748695,-0.6379453189726595
Fabian Rieder,SUI,MF,Augsburg,,24,2002,28,24,1983,22.0,6,3,9,4,2,2,4,0,0.32,,,,,,,,,,,,,,37,13,35.1,1.68,0.59,0.11,0.31,71,73.4,80.0,12,4,13.0,0,1.18,29,46,-17,-0.77,-0.9,0,41,32,2,91,10,17,0,-4.57,7,1.226715129486597,-0.6379453189726595
Chris Rigg,ENG,MF,Sunderland,League,18,2007,15,10,701,7.8,1,0,1,1,0,0,1,0,0.13,,,,,,,,,,,,,,11,2,18.2,1.41,0.26,0.09,0.5,47,23.6,67.0,2,5,6.0,16,1.73,8,7,1,0.13,0.33,0,7,8,2,9,3,8,0,-0.8200000000000001,1,1.4084507042253522,-0.6379453189726595
Hugo Rincón,ESP,DF,Girona,Liga,23,2003,28,16,1651,18.3,1,1,2,1,0,0,4,0,0.11,,,,,,,,,,,,,,7,2,28.6,0.38,0.11,0.14,0.5,59,59.2,83.0,9,12,27.0,3,1.11,21,27,-6,-0.33,0.15,0,29,48,1,27,5,28,0,-0.72,2,1.8022938285090113,-0.6379453189726595
Luis Rioja,ESP,MF,Valencia,Liga,32,1993,30,25,2102,23.4,2,5,7,2,0,0,1,0,0.3,,,,,,,,,,,,,,36,4,11.1,1.54,0.17,0.06,0.5,70,75.3,78.0,9,5,29.0,0,1.17,25,32,-7,-0.3,0.35,0,9,27,5,133,15,19,0,-1.76,7,1.452370781717215,-0.6379453189726595
Rodrigo Riquelme,ESP,MF,Real Betis,Liga,26,2000,20,7,696,7.7,0,1,1,0,0,0,1,0,0.13,,,,,,,,,,,,,,19,5,26.3,2.46,0.65,0.0,0.0,35,24.9,65.0,0,13,18.0,9,1.65,6,8,-2,-0.26,-0.65,0,7,10,0,21,4,7,0,0.0,1,1.4267185473411155,-0.6379453189726595
Robin Risser,FRA,GK,Lens,1,21,2004,29,29,2610,29.0,0,1,1,0,0,0,2,0,0.03,29.0,1.0,95.0,71.0,72.6,20.0,2.0,7.0,10.0,34.5,3.0,2.0,1.0,0,0,,0.0,0.0,,,90,100.0,90.0,29,0,,0,2.14,57,29,28,0.97,,0,0,5,0,0,0,0,0,0.0,1,0.0,0.6976514414306506
Lars Ritzka,GER,MF,St Pauli,,27,1998,18,10,830,9.2,0,0,0,0,0,0,1,0,0.0,,,,,,,,,,,,,,3,1,33.3,0.33,0.11,0.0,0.0,46,30.7,68.0,0,8,19.0,12,0.83,6,16,-10,-1.08,-0.36,0,10,2,1,15,12,21,0,0.0,0,3.5830618892508146,-0.6379453189726595
Sergi Roberto,ESP,MF,Como,A,34,1992,17,5,522,5.8,0,0,0,0,0,0,3,0,0.0,,,,,,,,,,,,,,7,2,28.6,1.21,0.34,0.0,0.0,31,17.6,55.0,0,12,20.0,5,1.88,8,7,1,0.17,-0.86,0,9,9,0,2,5,7,0,0.0,0,2.0654044750430294,-0.6379453189726595
Andrew Robertson,SCO,DF,Liverpool,League,32,1994,21,8,949,10.5,0,0,0,0,0,0,0,0,0.0,,,,,,,,,,,,,,8,2,25.0,0.76,0.19,0.0,0.0,45,32.0,81.0,4,13,23.0,12,1.62,17,12,5,0.47,0.21,0,4,1,5,44,6,10,0,0.0,0,1.5223596574690772,-0.6379453189726595
Antonee Robinson,USA,DF,Fulham,League,28,1997,17,13,1122,12.5,0,0,0,0,0,0,3,0,0.0,,,,,,,,,,,,,,2,0,0.0,0.16,0.0,0.0,,66,37.8,81.0,8,4,19.0,5,1.35,10,14,-4,-0.32,-0.37,0,10,5,2,65,19,20,0,0.0,0,3.117505995203837,-0.6379453189726595
Joel Roca,ESP,MF,Girona,Liga,20,2005,25,11,1041,11.6,2,1,3,2,0,0,3,1,0.26,,,,,,,,,,,,,,34,11,32.4,2.94,0.95,0.06,0.18,42,37.3,68.0,3,14,21.0,2,1.24,12,20,-8,-0.69,-0.49,0,10,30,3,24,2,9,0,-1.34,3,0.9474590869939707,-0.6379453189726595
Marc Roca,ESP,MF,Real Betis,Liga,29,1996,23,20,1671,18.6,0,1,1,0,0,0,1,0,0.05,,,,,,,,,,,,,,12,4,33.3,0.65,0.22,0.0,0.0,73,59.9,81.0,14,3,19.0,5,1.65,28,25,3,0.16,-0.16,0,33,22,0,9,18,26,0,0.0,1,2.3643202579258458,-0.6379453189726595
Joe Rodon,WAL,DF,Leeds United,League,28,1997,30,29,2546,28.3,2,0,2,2,0,0,1,0,0.07,,,,,,,,,,,,,,15,4,26.7,0.53,0.14,0.13,0.5,85,85.7,88.0,26,1,1.0,0,1.13,35,45,-10,-0.35,-0.99,0,12,17,1,5,28,16,0,-1.48,2,1.5542211232779934,-0.6379453189726595
Rodri,ESP,MF,Manchester City,League,29,1996,20,16,1421,15.8,1,0,1,1,0,0,2,0,0.06,,,,,,,,,,,,,,12,2,16.7,0.76,0.13,0.08,0.5,71,49.3,83.0,11,4,22.0,1,1.85,27,14,13,0.82,-0.6,0,13,27,0,4,11,23,0,-0.84,1,2.150537634408602,-0.6379453189726595
Álvaro Rodríguez,URU,FW,Elche,Liga,21,2004,27,19,1721,19.1,5,4,9,5,0,0,1,0,0.47,,,,,,,,,,,,,,58,18,31.0,3.03,0.94,0.09,0.28,64,61.7,82.0,9,8,20.0,3,0.93,23,29,-6,-0.31,-0.15,0,27,36,15,8,3,9,0,-3.38,9,0.6279434850863421,-0.6379453189726595
Guido Rodríguez,ARG,MF,Valencia,Liga,32,1994,9,7,679,7.5,2,0,2,2,0,0,2,0,0.27,,,,,,,,,,,,,,9,2,22.2,1.19,0.27,0.22,1.0,75,24.3,90.0,6,2,26.0,0,1.33,11,10,1,0.13,0.69,0,13,16,0,2,4,17,0,-1.56,2,2.796271637816245,-0.6379453189726595
Javi Rodríguez,ESP,DF,Celta Vigo,Liga,22,2003,26,21,1928,21.4,0,1,1,0,0,0,5,0,0.05,,,,,,,,,,,,,,9,1,11.1,0.42,0.05,0.0,0.0,74,69.1,84.0,14,5,33.0,3,1.42,22,25,-3,-0.14,-0.87,0,27,25,1,1,21,19,0,0.0,1,1.8682858477347033,-0.6379453189726595
Jesus Rodríguez,ESP,MF,Como,A,20,2005,27,16,1574,17.5,1,7,8,1,0,0,2,1,0.46,,,,,,,,,,,,,,42,10,23.8,2.4,0.57,0.02,0.1,58,53.0,78.0,3,11,30.0,2,1.81,36,11,25,1.43,1.17,0,21,28,3,53,4,16,0,-0.8,8,1.1422044545973729,-0.6379453189726595
Juan Rodríguez,URU,DF,Cagliari,A,20,2005,13,13,1078,12.0,0,0,0,0,0,0,3,0,0.0,,,,,,,,,,,,,,1,1,100.0,0.08,0.08,0.0,0.0,83,36.3,83.0,8,0,,15,0.69,9,18,-9,-0.75,-0.51,0,14,6,0,4,13,22,0,0.0,0,2.9142381348875936,-0.6379453189726595
Ricardo Rodríguez,SUI,DF,Real Betis,Liga,33,1992,18,14,1206,13.4,0,1,1,0,0,0,0,0,0.07,,,,,,,,,,,,,,2,0,0.0,0.15,0.0,0.0,,67,43.2,84.0,11,4,9.0,10,1.83,24,15,9,0.67,0.79,0,7,5,0,14,6,6,0,0.0,1,0.8948545861297539,-0.6379453189726595
Rodrygo,BRA,MF,Real Madrid,Liga,25,2001,19,6,684,7.6,1,3,4,1,0,0,3,0,0.53,,,,,,,,,,,,,,27,11,40.7,3.55,1.45,0.04,0.09,36,24.5,75.0,1,13,18.0,3,2.21,11,5,6,0.79,-0.49,0,5,23,0,42,3,8,0,-0.56,4,1.4454664914586073,-0.6379453189726595
Robin Roefs,NED,GK,Sunderland,League,23,2003,30,30,2700,30.0,0,0,0,0,0,0,3,0,0.0,38.0,1.27,129.0,94.0,72.1,10.0,10.0,10.0,9.0,30.0,2.0,1.0,0.0,0,0,,0.0,0.0,,,90,90.9,90.0,30,0,,0,1.33,33,38,-5,-0.17,-0.5,0,0,11,0,0,0,0,0,0.0,0,0.0,0.6574361453958429
Morgan Rogers,ENG,MF,Aston Villa,League,23,2002,33,33,2920,32.4,9,5,14,9,0,0,6,0,0.43,,,,,,,,,,,,,,76,31,40.8,2.34,0.96,0.12,0.29,88,98.3,88.0,28,0,,0,1.76,46,41,5,0.15,-1.65,0,40,43,3,46,13,18,0,-5.28,14,0.9564949089787104,-0.6379453189726595
Alessio Romagnoli,ITA,DF,Lazio,A,31,1995,28,27,2338,26.0,0,0,0,0,0,0,6,0,0.0,,,,,,,,,,,,,,7,3,42.9,0.27,0.12,0.0,0.0,84,78.7,86.0,24,1,14.0,0,1.36,21,23,-2,-0.08,-0.93,0,16,12,0,2,29,14,0,0.0,0,1.6532103037293349,-0.6379453189726595
Leo Román,ESP,GK,Mallorca,Liga,25,2000,26,26,2340,26.0,0,0,0,0,0,0,4,0,0.0,41.0,1.58,123.0,88.0,70.7,8.0,5.0,13.0,2.0,7.7,5.0,1.0,0.0,0,0,,0.0,0.0,,,90,83.9,90.0,26,0,,0,1.12,35,41,-6,-0.23,0.37,0,1,1,0,0,1,1,0,0.0,0,0.07689350249903883,0.40492658765094647
Miguel Román,ESP,MF,Celta Vigo,Liga,23,2002,19,14,1311,14.6,1,0,1,1,0,0,3,0,0.07,,,,,,,,,,,,,,9,2,22.2,0.62,0.14,0.11,0.5,69,47.0,88.0,10,5,17.0,7,1.63,18,13,5,0.34,0.4,0,20,11,0,21,12,17,0,-0.78,1,1.9849418206707736,-0.6379453189726595
Carlos Romero,ESP,DF,Espanyol,Liga,24,2001,29,29,2577,28.6,5,2,7,5,0,0,4,0,0.24,,,,,,,,,,,,,,29,8,27.6,1.01,0.28,0.17,0.63,89,92.4,89.0,26,0,,0,1.31,35,42,-7,-0.24,1.45,0,37,14,0,78,31,49,0,-3.6399999999999997,7,2.7962250961202373,-0.6379453189726595
Cristian Romero,ARG,DF,Tottenham Hotspur,League,27,1998,23,22,1868,20.8,4,1,5,4,0,0,11,2,0.24,,,,,,,,,,,,,,17,6,35.3,0.82,0.29,0.24,0.67,81,62.9,84.0,15,1,31.0,0,1.0,26,31,-5,-0.24,0.25,1,32,16,1,1,31,30,0,-2.56,5,2.931283037001441,-0.6379453189726595
Isaac Romero,ESP,FW,Sevilla,Liga,25,2000,23,13,1161,12.9,4,0,4,4,0,1,5,1,0.31,,,,,,,,,,,,,,34,13,38.2,2.64,1.01,0.12,0.31,50,41.6,72.0,1,10,23.0,4,1.0,15,18,-3,-0.23,0.26,0,21,20,4,7,5,8,0,-2.44,4,1.0069713400464755,-0.6379453189726595
Iván Romero,ESP,FW,Levante,Liga,25,2001,27,24,1953,21.7,5,1,6,5,0,1,4,0,0.28,,,,,,,,,,,,,,54,15,27.8,2.49,0.69,0.09,0.33,72,70.0,78.0,3,3,31.0,3,1.04,22,28,-6,-0.28,0.69,0,34,64,7,16,10,21,0,-3.6500000000000004,6,1.4279134039613082,-0.6379453189726595
Zaid Romero,ARG,DF,Getafe,Liga,26,1999,11,11,989,11.0,0,0,0,0,0,0,5,1,0.0,,,,,,,,,,,,,,6,0,0.0,0.55,0.0,0.0,,90,35.4,90.0,10,0,,0,1.82,12,6,6,0.55,1.1,1,7,6,0,3,25,15,0,0.0,0,3.6330608537693005,-0.6379453189726595
Rômulo,BRA,FW,RB Leipzig,,24,2002,26,24,1949,21.7,8,4,12,8,0,1,3,0,0.55,,,,,,,,,,,,,,56,24,42.9,2.59,1.11,0.14,0.33,75,72.2,78.0,3,2,37.0,0,2.0,42,23,19,0.88,0.52,0,18,20,6,0,10,17,1,-4.64,12,1.243666513127591,-0.6379453189726595
Salomón Rondón,VEN,FW,Oviedo,Liga,36,1989,16,13,1032,11.5,2,0,2,2,0,1,2,0,0.17,,,,,,,,,,,,,,24,5,20.8,2.09,0.44,0.08,0.4,65,37.0,75.0,4,3,18.0,1,0.69,6,17,-11,-0.96,-0.29,0,11,21,12,2,1,0,0,-1.6,2,0.08688097306689835,-0.6379453189726595
Valentin Rongier,FRA,MF,Rennes,1,31,1994,27,27,2385,26.5,1,5,6,1,0,0,5,0,0.23,,,,,,,,,,,,,,20,9,45.0,0.75,0.34,0.05,0.11,88,88.3,88.0,26,0,,1,1.81,49,35,14,0.53,1.39,0,41,23,0,18,34,40,0,-0.55,6,2.791399471897397,-0.6379453189726595
Marten de Roon,NED,MF,Atalanta,A,35,1991,29,27,2312,25.7,1,2,3,1,0,0,8,1,0.12,,,,,,,,,,,,,,14,4,28.6,0.54,0.16,0.07,0.25,80,77.8,83.0,17,2,35.0,1,1.72,37,21,16,0.62,0.62,1,29,11,0,12,18,40,0,-0.72,3,2.2559315441462466,-0.6379453189726595
Max Rosenfelder,GER,DF,Freiburg,,23,2003,12,5,492,5.5,0,0,0,0,0,0,0,0,0.0,,,,,,,,,,,,,,1,0,0.0,0.18,0.0,0.0,,41,18.2,81.0,3,7,12.0,2,1.25,6,8,-2,-0.37,-0.28,0,2,5,1,0,5,5,1,0.0,0,1.8148820326678767,-0.6379453189726595
Valentin Rosier,FRA,DF,Osasuna,Liga,29,1996,24,23,1930,21.4,1,1,2,1,0,0,6,1,0.09,,,,,,,,,,,,,,12,3,25.0,0.56,0.14,0.08,0.33,80,69.2,83.0,16,1,22.0,1,1.38,22,25,-3,-0.14,-0.35,1,28,13,3,37,34,24,0,-0.76,2,2.70901447921532,-0.6379453189726595
Tom Rothe,GER,MF,Union Berlin,,21,2004,17,6,700,7.8,1,0,1,1,0,0,1,1,0.13,,,,,,,,,,,,,,15,4,26.7,1.93,0.51,0.07,0.25,41,25.9,80.0,2,11,20.0,1,0.94,9,16,-7,-0.9,-0.41,0,9,4,2,25,18,10,0,-0.72,1,3.585147247119078,-0.6379453189726595
Anthony Rouault,FRA,DF,Rennes,1,24,2001,19,17,1544,17.2,1,0,1,1,0,0,4,0,0.06,,,,,,,,,,,,,,8,3,37.5,0.47,0.17,0.13,0.33,81,57.2,88.0,15,2,23.0,9,1.74,27,19,8,0.47,0.23,0,25,8,0,0,15,13,0,-0.61,1,1.6269610691458454,-0.6379453189726595
Jonathan Rowe,ENG,MF,Bologna,A,22,2003,23,14,1275,14.2,2,1,3,2,0,0,2,0,0.21,,,,,,,,,,,,,,38,13,34.2,2.68,0.92,0.05,0.15,55,42.9,73.0,1,9,29.0,8,1.26,16,15,1,0.07,-0.04,0,19,37,4,46,6,12,0,-1.35,3,1.2667135819845181,-0.6379453189726595
Amir Rrahmani,KVX,DF,Napoli,A,32,1994,16,16,1356,15.1,1,1,2,1,0,0,2,0,0.13,,,,,,,,,,,,,,8,1,12.5,0.53,0.07,0.13,1.0,85,45.7,85.0,12,0,,3,2.0,22,12,10,0.66,0.38,0,17,14,2,1,17,12,0,-0.87,2,1.9192587690271343,-0.6379453189726595
Rubén,ESP,DF,Espanyol,Liga,25,2001,16,4,532,5.9,0,1,1,0,0,0,2,0,0.17,,,,,,,,,,,,,,5,0,0.0,0.85,0.0,0.0,,33,19.1,82.0,2,12,17.0,15,1.25,8,8,0,0.0,0.44,0,6,9,0,24,9,6,0,0.0,1,2.5380710659898478,-0.6379453189726595
Antonio Rüdiger,GER,DF,Real Madrid,Liga,33,1993,13,12,1084,12.0,1,0,1,1,0,0,0,0,0.08,,,,,,,,,,,,,,11,1,9.1,0.91,0.08,0.09,1.0,83,38.9,85.0,9,1,67.0,3,2.15,27,12,15,1.25,0.14,0,9,1,1,2,3,4,0,-0.91,1,0.5828476269775188,-0.6379453189726595
Javi Rueda,ESP,MF,Celta Vigo,Liga,23,2002,21,11,1070,11.9,2,4,6,2,0,0,4,0,0.5,,,,,,,,,,,,,,11,3,27.3,0.93,0.25,0.18,0.67,51,38.4,75.0,4,10,24.0,7,1.43,13,11,2,0.17,0.06,0,22,14,3,17,15,10,0,-1.46,6,2.0990764063811924,-0.6379453189726595
Matteo Ruggeri,ITA,DF,Atlético Madrid,Liga,23,2002,21,16,1369,15.2,0,3,3,0,0,0,4,0,0.2,,,,,,,,,,,,,,4,2,50.0,0.26,0.13,0.0,0.0,65,49.1,78.0,9,5,24.0,10,1.67,27,18,9,0.59,-0.04,0,24,1,1,68,15,20,0,0.0,3,2.3011176857330704,-0.6379453189726595
Aitor Ruibal,ESP,DF,Real Betis,Liga,30,1996,25,18,1645,18.3,4,2,6,4,0,0,4,0,0.33,,,,,,,,,,,,,,31,12,38.7,1.7,0.66,0.13,0.33,66,59.0,80.0,9,7,29.0,2,1.64,26,18,8,0.44,0.52,0,28,25,0,30,17,26,0,-2.44,6,2.348443473511742,-0.6379453189726595
Fabián Ruiz Peña,ESP,MF,Paris Saint-Germain,1,30,1996,14,9,815,9.1,1,3,4,1,0,0,2,0,0.44,,,,,,,,,,,,,,13,4,30.8,1.44,0.44,0.08,0.25,58,32.3,79.0,5,5,21.0,0,2.36,21,9,12,1.33,0.01,0,1,1,1,12,10,6,0,-0.6799999999999999,4,1.756311745334797,-0.6379453189726595
Gerónimo Rulli,ARG,GK,Marseille,1,33,1992,26,26,2340,26.0,0,0,0,0,0,0,2,0,0.0,32.0,1.23,97.0,69.0,71.1,13.0,4.0,9.0,7.0,26.9,4.0,0.0,0.0,0,0,,0.0,0.0,,,90,86.7,90.0,26,0,,3,1.7,48,33,15,0.58,-0.17,0,1,13,0,0,0,0,0,0.0,0,0.0,0.5770055533262276
Georginio Rutter,FRA,MF,Brighton,League,24,2002,27,19,1635,18.2,3,2,5,3,0,0,2,0,0.28,,,,,,,,,,,,,,37,13,35.1,2.04,0.72,0.08,0.23,61,55.1,78.0,4,8,20.0,4,1.41,24,18,6,0.33,0.33,0,27,32,10,15,10,16,1,-1.96,5,1.4277869302580999,-0.6379453189726595
Mathew Ryan,AUS,GK,Levante,Liga,34,1992,29,29,2610,29.0,0,0,0,0,0,0,2,0,0.0,45.0,1.55,144.0,103.0,70.8,7.0,8.0,14.0,6.0,20.7,3.0,1.0,0.0,2,0,0.0,0.07,0.0,0.0,,90,93.5,90.0,29,0,,0,1.0,32,45,-13,-0.45,0.55,0,0,0,0,0,1,1,0,0.0,0,0.06894174422612892,0.5395519253389206
Julian Ryerson,NOR,MF,Dortmund,,28,1997,27,22,1916,21.3,0,12,12,0,0,0,8,0,0.56,,,,,,,,,,,,,,9,0,0.0,0.42,0.0,0.0,,71,71.0,83.0,13,5,17.0,2,2.22,40,19,21,0.99,-0.05,0,23,18,4,212,11,18,0,0.0,12,1.360863444392304,-0.6379453189726595
Frederik Rønnow,DEN,GK,Union Berlin,,33,1992,29,29,2610,29.0,0,0,0,0,0,0,2,0,0.0,52.0,1.79,121.0,73.0,62.0,7.0,8.0,14.0,5.0,17.2,6.0,0.0,0.0,0,0,,0.0,0.0,,,90,96.7,90.0,29,0,,0,1.0,33,52,-19,-0.66,-1.66,0,1,3,0,0,1,1,0,0.0,0,0.06894174422612892,0.38472740533283434
José Sá,POR,GK,Wolves,League,33,1993,20,20,1800,20.0,0,0,0,0,0,0,2,0,0.0,34.0,1.7,85.0,53.0,62.4,3.0,6.0,11.0,4.0,20.0,2.0,0.0,0.0,0,0,,0.0,0.0,,,90,60.6,90.0,20,0,,11,0.75,18,34,-16,-0.8,0.82,0,0,6,0,0,0,0,0,0.0,0,0.0,0.3569396155117797
Elias Saad,TUN,MF,Augsburg,,26,1999,10,7,497,5.5,0,0,0,0,0,0,1,0,0.0,,,,,,,,,,,,,,6,3,50.0,1.09,0.54,0.0,0.0,50,18.4,62.0,0,3,22.0,4,1.0,9,14,-5,-0.91,-0.46,0,8,12,4,9,1,8,0,0.0,0,1.633393829401089,-0.6379453189726595
Stefano Sabelli,ITA,MF,Genoa,A,33,1993,13,9,689,7.7,0,0,0,0,0,0,0,0,0.0,,,,,,,,,,,,,,5,0,0.0,0.65,0.0,0.0,,53,23.2,72.0,1,4,10.0,20,1.85,9,7,2,0.26,0.58,0,2,15,0,21,2,12,1,0.0,0,1.8158236057068742,-0.6379453189726595
Marcel Sabitzer,AUT,MF,Dortmund,,32,1994,23,18,1560,17.3,1,2,3,1,0,0,3,0,0.17,,,,,,,,,,,,,,18,4,22.2,1.04,0.23,0.06,0.25,68,57.8,82.0,9,5,16.0,2,2.04,32,20,12,0.69,-0.73,0,15,15,3,36,18,15,0,-0.76,3,1.9064124783362215,-0.6379453189726595
Noah Sadiki,COD,MF,Sunderland,League,21,2004,28,28,2472,27.5,0,1,1,0,0,0,8,0,0.04,,,,,,,,,,,,,,15,4,26.7,0.55,0.15,0.0,0.0,88,83.2,88.0,23,0,,0,1.5,33,34,-1,-0.04,0.51,0,25,30,1,17,30,24,0,0.0,1,1.9629225736095963,-0.6379453189726595
Umar Sadiq,NGA,FW,Valencia,Liga,29,1997,13,5,581,6.5,1,2,3,1,0,0,2,0,0.46,,,,,,,,,,,,,,14,4,28.6,2.17,0.62,0.07,0.25,45,20.8,77.0,2,8,25.0,0,1.46,11,10,1,0.15,0.68,0,14,15,7,4,1,2,0,-0.72,3,0.4608294930875576,-0.6379453189726595
Alexis Saelemaekers,BEL,MF,Milan,A,26,1999,31,29,2460,27.3,2,3,5,2,0,0,4,0,0.18,,,,,,,,,,,,,,39,9,23.1,1.43,0.33,0.05,0.22,79,82.8,83.0,13,2,32.0,0,1.94,36,23,13,0.48,-0.94,0,21,55,2,76,28,33,0,-1.55,5,2.2336140607835957,-0.6379453189726595
Matvei Safonov,RUS,GK,Paris Saint-Germain,1,27,1999,11,11,990,11.0,0,0,0,0,0,0,0,0,0.0,12.0,1.09,31.0,20.0,61.3,8.0,0.0,3.0,5.0,45.5,0.0,1.0,0.0,0,0,,0.0,0.0,,,90,39.3,90.0,11,0,,14,2.18,29,12,17,1.55,0.37,0,0,1,0,0,0,0,0,0.0,0,0.0,0.37506156716658184
Osame Sahraoui,MAR,MF,Lille,1,24,2001,17,4,476,5.3,1,2,3,1,0,0,0,0,0.57,,,,,,,,,,,,,,11,4,36.4,2.08,0.76,0.09,0.25,28,17.6,64.0,0,13,17.0,0,1.71,12,5,7,1.32,1.0,0,3,24,1,3,4,3,0,-0.64,3,1.3182674199623352,-0.6379453189726595
Wesley Saïd,FRA,MF,Lens,1,31,1995,25,22,1712,19.0,10,2,12,9,1,1,2,0,0.58,,,,,,,,,,,,,,51,22,43.1,2.68,1.16,0.18,0.41,68,65.6,74.0,1,3,29.0,0,2.24,34,17,17,0.89,-0.21,0,34,13,12,21,8,15,0,-6.04,11,1.209889531825355,-0.6379453189726595
Bukayo Saka,ENG,FW,Arsenal,League,24,2001,27,22,1998,22.2,6,3,9,5,1,1,1,0,0.36,,,,,,,,,,,,,,63,26,41.3,2.84,1.17,0.08,0.19,74,67.3,84.0,14,5,31.0,0,2.26,42,16,26,1.17,0.15,0,28,51,14,111,14,15,0,-3.92,8,1.3057181449797388,-0.6379453189726595
Mohamed Salah,EGY,MF,Liverpool,League,33,1992,24,21,1998,22.2,7,6,13,6,1,1,1,0,0.54,,,,,,,,,,,,,,63,17,27.0,2.84,0.77,0.1,0.35,83,67.3,89.0,16,3,46.0,2,1.71,36,33,3,0.14,-0.61,0,10,16,13,104,3,12,0,-5.3,12,0.6753714542998649,-0.6379453189726595
Kike Salas,ESP,DF,Sevilla,Liga,23,2002,19,17,1573,17.5,1,0,1,1,0,0,1,0,0.06,,,,,,,,,,,,,,11,6,54.5,0.63,0.34,0.09,0.17,83,56.4,89.0,16,2,26.0,8,0.89,19,29,-10,-0.57,-0.42,0,26,11,1,8,32,23,0,-0.45999999999999996,1,3.141062250142775,-0.6379453189726595
Manolis Saliakas,GRE,MF,St Pauli,,29,1996,16,11,1044,11.6,1,3,4,1,0,0,3,0,0.34,,,,,,,,,,,,,,15,3,20.0,1.29,0.26,0.07,0.33,65,38.7,82.0,4,5,27.0,8,1.19,12,20,-8,-0.69,0.23,0,4,6,4,39,12,19,0,-0.79,4,2.670111972437554,-0.6379453189726595
William Saliba,FRA,DF,Arsenal,League,25,2001,27,26,2254,25.0,1,0,1,1,0,0,1,0,0.04,,,,,,,,,,,,,,5,1,20.0,0.2,0.04,0.2,1.0,83,75.9,85.0,24,1,45.0,0,2.19,54,20,34,1.36,0.98,0,18,15,1,9,14,20,0,-0.8,1,1.3594562175129947,-0.6379453189726595
Mohammed Salisu,GHA,DF,Monaco,1,27,1999,12,12,1080,12.0,1,0,1,1,0,0,3,0,0.08,,,,,,,,,,,,,,8,2,25.0,0.67,0.17,0.13,0.5,90,40.0,90.0,12,0,,3,1.17,15,21,-6,-0.5,-1.22,0,17,3,4,0,19,11,1,-0.74,1,2.4979184013322233,-0.6379453189726595
Lazar Samardzic,SRB,MF,Atalanta,A,24,2002,23,10,940,10.4,2,1,3,2,0,0,1,0,0.29,,,,,,,,,,,,,,22,7,31.8,2.11,0.67,0.09,0.29,41,31.6,70.0,3,13,18.0,10,1.61,16,13,3,0.29,-0.29,0,16,9,1,64,9,7,0,-1.37,3,1.536983669548511,-0.6379453189726595
Mbwana Samatta,TAN,FW,Le Havre,1,33,1992,23,13,1185,13.2,1,1,2,1,0,0,4,0,0.15,,,,,,,,,,,,,,37,13,35.1,2.81,0.99,0.03,0.08,52,43.9,68.0,1,10,30.0,0,0.91,11,15,-4,-0.3,0.23,0,29,13,7,6,3,5,0,-0.61,2,0.6056018168054504,-0.6379453189726595
Mama Samba Baldé,GNB,FW,Brest,1,30,1995,14,8,661,7.3,2,2,4,2,0,0,0,0,0.54,,,,,,,,,,,,,,29,5,17.2,3.95,0.68,0.07,0.4,47,25.3,61.0,0,6,29.0,0,1.0,7,16,-9,-1.23,-1.36,0,11,10,0,3,3,6,0,-1.65,4,1.2311901504787963,-0.6379453189726595
Brice Samba,FRA,GK,Rennes,1,31,1994,29,29,2610,29.0,0,0,0,0,0,0,4,0,0.0,38.0,1.31,107.0,73.0,67.3,15.0,8.0,6.0,10.0,34.5,3.0,2.0,0.0,0,0,,0.0,0.0,,,90,96.7,90.0,29,0,,0,1.83,51,38,13,0.45,2.45,0,0,7,0,0,0,0,0,0.0,0,0.0,0.6244672381718823
Albert Sambi Lokonga,BEL,MF,Hamburger SV,,26,1999,22,17,1447,16.1,5,0,5,5,0,0,2,0,0.31,,,,,,,,,,,,,,15,9,60.0,0.93,0.56,0.33,0.56,66,53.6,81.0,8,5,14.0,1,1.14,23,26,-3,-0.19,0.68,0,18,24,0,12,12,11,0,-2.03,5,1.4276846679081314,-0.6379453189726595
Antonio Sanabria,PAR,FW,Cremonese,A,30,1996,23,9,866,9.6,1,1,2,1,0,0,2,0,0.21,,,,,,,,,,,,,,11,4,36.4,1.14,0.42,0.09,0.25,38,29.2,66.0,0,14,20.0,3,1.0,7,11,-4,-0.42,0.31,0,15,15,6,1,1,2,0,-0.64,2,0.3121748178980229,-0.6379453189726595
Oihan Sancet,ESP,MF,Athletic Club,Liga,25,2000,24,21,1625,18.1,3,0,3,1,2,2,4,1,0.06,,,,,,,,,,,,,,43,14,32.6,2.38,0.78,0.02,0.07,68,58.2,72.0,2,3,41.0,0,0.92,13,23,-10,-0.55,-0.4,0,26,23,0,21,2,8,0,-2.7199999999999998,1,0.552181115405853,-0.6379453189726595
Alexis Sánchez,CHI,FW,Sevilla,Liga,37,1988,22,10,1078,12.0,3,1,4,2,1,1,1,0,0.25,,,,,,,,,,,,,,21,7,33.3,1.75,0.58,0.1,0.29,49,38.6,76.0,3,12,27.0,2,1.05,16,29,-13,-1.09,-1.14,0,12,21,9,21,4,10,0,-2.3,3,1.1656952539550376,-0.6379453189726595
Antonio Sánchez,ESP,MF,Mallorca,Liga,29,1997,26,9,985,10.9,0,0,0,0,0,0,4,1,0.0,,,,,,,,,,,,,,6,3,50.0,0.55,0.27,0.0,0.0,38,35.3,75.0,1,17,18.0,4,1.15,13,21,-8,-0.73,-0.68,1,14,10,1,27,15,9,0,0.0,0,2.1998166819431715,-0.6379453189726595
Juanlu Sánchez,ESP,MF,Sevilla,Liga,22,2003,26,22,1823,20.3,0,3,3,0,0,0,5,1,0.15,,,,,,,,,,,,,,13,1,7.7,0.64,0.05,0.0,0.0,70,65.3,76.0,9,4,41.0,3,0.81,21,33,-12,-0.59,-0.59,1,21,35,4,53,9,35,0,0.0,3,2.1664204825209255,-0.6379453189726595
Manu Sánchez,ESP,DF,Levante,Liga,25,2000,27,26,2353,26.1,1,2,3,1,0,0,8,0,0.11,,,,,,,,,,,,,,11,3,27.3,0.42,0.11,0.09,0.33,87,84.3,88.0,21,1,62.0,3,0.93,30,41,-11,-0.42,0.4,0,30,17,2,65,31,48,0,-0.73,3,3.025660666411336,-0.6379453189726595
Robert Sánchez,ESP,GK,Chelsea,League,28,1997,31,31,2704,30.0,0,1,1,0,0,0,3,1,0.03,40.0,1.33,125.0,85.0,68.8,12.0,8.0,11.0,9.0,29.0,1.0,0.0,0.0,0,0,,0.0,0.0,,,87,91.0,87.0,30,0,,1,1.42,47,38,9,0.3,-0.38,0,2,11,0,0,1,0,0,0.0,1,0.033322225924691765,0.6118686226120815
Jadon Sancho,ENG,MF,Aston Villa,League,26,2000,20,8,774,8.6,0,2,2,0,0,0,0,0,0.23,,,,,,,,,,,,,,10,3,30.0,1.16,0.35,0.0,0.0,39,26.1,65.0,0,12,21.0,5,1.85,12,7,5,0.58,0.54,0,3,2,2,21,2,2,0,0.0,2,0.4645760743321719,-0.6379453189726595
Álex Sancris,ESP,MF,Getafe,Liga,29,1997,15,5,630,7.0,0,1,1,0,0,0,3,1,0.14,,,,,,,,,,,,,,11,4,36.4,1.57,0.57,0.0,0.0,42,22.6,73.0,0,10,27.0,11,0.67,7,8,-1,-0.14,0.02,1,13,11,8,49,2,5,0,0.0,1,0.9985734664764623,-0.6379453189726595
Philipp Sander,GER,DF,Gladbach,,28,1998,26,25,2090,23.2,2,0,2,2,0,0,2,0,0.09,,,,,,,,,,,,,,23,7,30.4,0.99,0.3,0.09,0.29,80,77.4,82.0,15,1,30.0,1,0.88,30,36,-6,-0.26,0.92,0,24,12,0,24,45,37,1,-1.37,2,3.5329599310641964,-0.6379453189726595
James Sands,USA,MF,St Pauli,,25,2000,24,23,1934,21.5,1,0,1,1,0,0,4,0,0.05,,,,,,,,,,,,,,16,4,25.0,0.74,0.19,0.06,0.25,81,71.6,84.0,15,1,11.0,0,1.0,17,34,-17,-0.79,0.15,0,26,38,0,9,41,23,0,-0.76,1,2.9753602975360294,-0.6379453189726595
Ibou Sané,SEN,FW,Metz,1,21,2005,16,5,541,6.0,1,1,2,1,0,0,2,0,0.33,,,,,,,,,,,,,,6,3,50.0,1.0,0.5,0.17,0.33,34,20.0,76.0,0,11,14.0,4,0.75,8,11,-3,-0.5,1.0,0,9,15,3,14,1,3,0,-0.49,2,0.6655574043261232,-0.6379453189726595
Sadibou Sané,SEN,DF,Metz,1,21,2004,19,18,1580,17.6,2,1,3,2,0,0,4,2,0.17,,,,,,,,,,,,,,5,2,40.0,0.28,0.11,0.4,1.0,83,58.5,87.0,16,1,17.0,3,0.21,12,38,-26,-1.48,-0.44,0,17,10,0,0,32,29,1,-1.2,3,3.4639409426462233,-0.6379453189726595
Arouna Sangante,SEN,DF,Le Havre,1,24,2002,26,26,2145,23.8,1,1,2,1,0,0,4,2,0.08,,,,,,,,,,,,,,9,5,55.6,0.38,0.21,0.11,0.2,83,79.4,83.0,16,0,,0,1.0,21,32,-11,-0.46,-0.14,0,39,37,0,6,34,24,0,-0.44999999999999996,2,2.4359512809743804,-0.6379453189726595
Ibrahim Sangaré,CIV,MF,Nottingham Forest,League,28,1997,25,23,1945,21.6,2,2,4,2,0,0,5,0,0.19,,,,,,,,,,,,,,16,5,31.3,0.74,0.23,0.13,0.4,78,65.5,84.0,16,2,8.0,3,1.32,26,24,2,0.09,1.06,0,39,17,0,8,18,29,0,-1.35,4,2.1749190189726977,-0.6379453189726595
Mamadou Sangare,MLI,MF,Lens,1,23,2002,26,24,2053,22.8,3,3,6,3,0,0,4,0,0.26,,,,,,,,,,,,,,43,11,25.6,1.89,0.48,0.07,0.27,79,78.7,83.0,17,2,33.0,0,2.27,43,23,20,0.88,-0.42,0,33,40,3,7,36,47,0,-2.23,6,3.6387549320473473,-0.6379453189726595
Nhoa Sangui,FRA,DF,Paris FC,1,20,2006,23,15,1467,16.3,0,0,0,0,0,0,0,0,0.0,,,,,,,,,,,,,,4,1,25.0,0.25,0.06,0.0,0.0,64,54.3,89.0,13,8,16.0,0,1.39,19,26,-7,-0.43,-0.5,0,4,15,2,35,16,13,0,0.0,0,1.7780502759043528,-0.6379453189726595
Kaishu Sano,JPN,MF,Mainz 05,,25,2000,30,30,2699,30.0,1,1,2,1,0,0,1,0,0.07,,,,,,,,,,,,,,17,4,23.5,0.57,0.13,0.06,0.25,90,100.0,90.0,29,0,,0,1.13,36,45,-9,-0.3,-0.3,0,11,27,4,14,64,29,0,-0.76,2,3.0989670109963345,-0.6379453189726595
Morgan Sanson,FRA,MF,Nice,1,31,1994,27,16,1496,16.6,0,2,2,0,0,0,4,0,0.12,,,,,,,,,,,,,,15,4,26.7,0.9,0.24,0.0,0.0,55,55.4,82.0,7,11,17.0,0,0.93,13,36,-23,-1.38,-1.46,0,31,17,2,36,23,19,0,0.0,2,2.5285972305839852,-0.6379453189726595
Baptiste Santamaria,FRA,MF,Valencia,Liga,31,1995,19,7,754,8.4,1,1,2,1,0,0,2,0,0.24,,,,,,,,,,,,,,6,2,33.3,0.72,0.24,0.17,0.5,40,27.0,84.0,6,12,14.0,12,1.21,11,17,-6,-0.72,-0.45,0,13,10,1,3,8,5,0,-0.6599999999999999,2,1.5457788347205708,-0.6379453189726595
Alisson Santos,BRA,MF,Napoli,A,23,2002,9,4,476,5.3,2,0,2,2,0,0,0,0,0.38,,,,,,,,,,,,,,19,11,57.9,3.59,2.08,0.11,0.18,53,16.0,80.0,0,5,32.0,1,1.89,9,6,3,0.57,0.13,0,1,4,1,29,2,7,0,-0.79,2,1.6949152542372883,-0.6379453189726595
Andrey Santos,BRA,MF,Chelsea,League,21,2004,24,11,1075,11.9,0,0,0,0,0,0,4,0,0.0,,,,,,,,,,,,,,9,1,11.1,0.75,0.08,0.0,0.0,45,36.2,70.0,3,13,23.0,8,1.5,17,16,1,0.08,-0.39,0,12,20,1,2,18,15,0,0.0,0,2.770780856423174,-0.6379453189726595
Kauã Santos,BRA,GK,Eintracht Frankfurt,,23,2003,13,13,1084,12.0,0,0,0,0,0,0,0,0,0.0,32.0,2.66,68.0,37.0,54.4,3.0,4.0,6.0,2.0,15.4,1.0,0.0,0.0,0,0,,0.0,0.0,,,83,40.1,83.0,12,0,,9,1.0,27,32,-5,-0.42,-0.58,0,0,3,0,0,0,1,0,0.0,0,0.08326394671107411,0.17985064177964016
Tiago Santos,POR,DF,Lille,1,23,2002,14,8,703,7.8,0,0,0,0,0,0,0,0,0.0,,,,,,,,,,,,,,8,0,0.0,1.02,0.0,0.0,,50,26.0,79.0,1,6,12.0,8,1.36,7,8,-1,-0.13,-0.85,0,13,21,0,31,5,8,0,0.0,0,1.6645326504481435,-0.6379453189726595
Amin Sarr,SWE,FW,Hellas Verona,A,25,2001,31,9,1023,11.4,0,1,1,0,0,0,2,1,0.09,,,,,,,,,,,,,,17,5,29.4,1.5,0.44,0.0,0.0,33,34.4,66.0,0,22,19.0,0,0.55,7,32,-25,-2.2,-1.83,1,24,20,7,10,4,8,0,0.0,1,1.0517090271691498,-0.6379453189726595
Bouna Sarr,SEN,MF,Metz,1,34,1992,8,6,535,5.9,0,0,0,0,0,0,1,0,0.0,,,,,,,,,,,,,,8,3,37.5,1.35,0.5,0.0,0.0,67,19.8,79.0,2,2,30.0,2,0.25,4,12,-8,-1.35,-0.06,0,7,13,2,20,5,5,0,0.0,0,1.6920473773265652,-0.6379453189726595
Ismaila Sarr,SEN,MF,Crystal Palace,League,28,1998,22,20,1784,19.8,7,1,8,5,2,2,2,0,0.3,,,,,,,,,,,,,,35,14,40.0,1.77,0.71,0.14,0.36,81,61.9,86.0,16,2,30.0,0,1.41,26,19,7,0.35,1.01,0,11,36,12,18,7,9,0,-5.04,6,0.8076728924785461,-0.6379453189726595
Malang Sarr,FRA,DF,Lens,1,27,1999,28,28,2520,28.0,0,1,1,0,0,0,2,0,0.04,,,,,,,,,,,,,,20,5,25.0,0.71,0.18,0.0,0.0,90,96.6,90.0,28,0,,0,2.21,57,27,30,1.07,3.07,0,16,16,0,8,63,39,0,0.0,1,3.641556586933238,-0.6379453189726595
Mamadou Sarr,SEN,DF,Strasbourg,1,20,2005,15,15,1305,14.5,0,0,0,0,0,0,3,0,0.0,,,,,,,,,,,,,,1,0,0.0,0.07,0.0,0.0,,87,50.0,87.0,14,0,,0,1.47,21,16,5,0.34,0.07,0,16,11,0,0,5,13,0,0.0,0,1.2405237767057202,-0.6379453189726595
Martin Satriano,URU,FW,Getafe,Liga,25,2001,12,12,1063,11.8,4,1,5,4,0,0,4,0,0.42,,,,,,,,,,,,,,22,11,50.0,1.86,0.93,0.18,0.36,89,38.1,89.0,8,0,,0,1.67,12,7,5,0.42,0.94,0,15,16,2,13,8,11,0,-2.02,5,1.6088060965283657,-0.6379453189726595
Martin Satriano,URU,FW,Lyon,1,25,2001,11,8,692,7.7,2,1,3,2,0,0,1,0,0.39,,,,,,,,,,,,,,16,7,43.8,2.08,0.91,0.13,0.29,63,25.6,84.0,4,3,7.0,2,1.5,11,9,2,0.26,-0.32,0,11,13,3,5,5,3,0,-1.0899999999999999,3,1.0376134889753568,-0.6379453189726595
Mario Sauer,SVK,MF,Toulouse,1,21,2004,23,6,630,7.0,1,0,1,1,0,0,3,0,0.14,,,,,,,,,,,,,,13,3,23.1,1.86,0.43,0.08,0.33,27,23.3,64.0,1,17,15.0,4,1.13,9,16,-7,-1.0,-1.26,0,11,3,0,7,9,6,0,-0.76,1,2.1398002853067046,-0.6379453189726595
Razvan Sava,ROU,GK,Udinese,A,23,2002,7,6,620,6.9,0,0,0,0,0,0,1,0,0.0,14.0,2.03,28.0,14.0,50.0,2.0,2.0,2.0,1.0,16.7,0.0,0.0,0.0,0,0,,0.0,0.0,,,89,20.9,90.0,6,1,80.0,22,1.14,7,14,-7,-1.02,-1.09,0,0,0,0,0,0,0,0,0.0,0,0.0,0.08578281881856904
Sávio,BRA,MF,Manchester City,League,22,2004,19,5,591,6.6,0,1,1,0,0,0,2,0,0.15,,,,,,,,,,,,,,14,9,64.3,2.13,1.37,0.0,0.0,31,20.5,74.0,1,14,16.0,2,2.37,9,5,4,0.61,-0.65,0,8,10,4,30,5,3,0,0.0,1,1.2102874432677762,-0.6379453189726595
Nicolò Savona,ITA,DF,Nottingham Forest,League,23,2003,14,11,1028,11.4,2,0,2,2,0,0,2,0,0.18,,,,,,,,,,,,,,5,3,60.0,0.44,0.26,0.4,0.67,73,34.6,85.0,9,3,31.0,4,0.93,13,18,-5,-0.44,-0.25,0,12,5,1,27,5,12,0,-0.7999999999999998,2,1.4899211218229622,-0.6379453189726595
Joe Scally,USA,MF,Gladbach,,23,2002,28,25,2248,25.0,2,3,5,2,0,0,7,0,0.2,,,,,,,,,,,,,,13,8,61.5,0.52,0.32,0.15,0.25,80,83.3,88.0,19,3,18.0,1,1.11,32,37,-5,-0.2,1.59,0,30,43,1,42,16,23,1,-0.8,5,1.5593762495002,-0.6379453189726595
Giorgio Scalvini,ITA,DF,Atalanta,A,22,2003,19,18,1425,15.8,3,0,3,3,0,0,2,0,0.19,,,,,,,,,,,,,,18,6,33.3,1.14,0.38,0.17,0.5,75,48.0,78.0,9,1,24.0,5,1.95,25,10,15,0.95,0.89,0,25,6,2,2,28,19,0,-1.98,3,2.9728020240354205,-0.6379453189726595
Gianluca Scamacca,ITA,FW,Atalanta,A,27,1999,21,14,1159,12.9,8,1,9,6,2,2,2,0,0.54,,,,,,,,,,,,,,53,19,35.8,4.12,1.48,0.11,0.32,55,39.0,66.0,4,7,33.0,5,1.33,17,11,6,0.47,-0.03,0,22,18,7,0,3,4,0,-5.91,7,0.5422153369481022,-0.6379453189726595
Oliver Scarles,ENG,DF,West Ham United,League,20,2005,12,9,656,7.3,0,0,0,0,0,0,1,0,0.0,,,,,,,,,,,,,,3,0,0.0,0.41,0.0,0.0,,55,22.1,69.0,4,3,11.0,13,0.92,8,16,-8,-1.1,-0.75,0,6,7,1,35,13,18,0,0.0,0,4.240766073871409,-0.6379453189726595
Kevin Schade,GER,MF,Brentford,League,24,2001,30,28,2386,26.5,7,3,10,7,0,1,6,1,0.38,,,,,,,,,,,,,,51,22,43.1,1.92,0.83,0.14,0.32,80,80.3,82.0,16,2,45.0,0,1.43,37,28,9,0.34,1.11,0,42,41,9,20,19,24,0,-3.92,10,1.6220294228592982,-0.6379453189726595
András Schäfer,HUN,MF,Union Berlin,,27,1999,24,13,1161,12.9,1,0,1,1,0,0,2,1,0.08,,,,,,,,,,,,,,23,8,34.8,1.78,0.62,0.04,0.13,48,43.0,73.0,5,11,19.0,1,0.96,14,18,-4,-0.31,0.51,0,31,20,0,16,19,20,0,-0.6799999999999999,1,3.020914020139427,-0.6379453189726595
Fabian Schär,SUI,DF,Newcastle United,League,34,1991,16,11,1091,12.1,0,0,0,0,0,0,1,0,0.0,,,,,,,,,,,,,,17,4,23.5,1.4,0.33,0.0,0.0,68,36.7,88.0,9,5,25.0,3,1.75,16,13,3,0.25,0.53,0,15,7,1,4,16,9,0,0.0,0,2.064409578860446,-0.6379453189726595
Derry Scherhant,GER,MF,Freiburg,,23,2002,27,10,1094,12.2,4,1,5,4,0,0,2,0,0.41,,,,,,,,,,,,,,32,12,37.5,2.63,0.99,0.13,0.33,41,40.5,74.0,1,17,21.0,3,1.44,20,20,0,0.0,0.22,0,14,30,3,69,7,7,0,-2.44,5,1.1466011466011468,-0.6379453189726595
Patrik Schick,CZE,FW,Leverkusen,,30,1996,24,19,1629,18.1,11,3,14,8,3,3,2,0,0.61,,,,,,,,,,,,,,56,24,42.9,3.09,1.33,0.14,0.33,68,60.3,78.0,8,5,29.0,0,1.63,36,23,13,0.72,0.21,0,18,15,5,0,2,2,0,-7.64,11,0.22087244616234122,-0.6379453189726595
Stefan Schimmer,GER,FW,Heidenheim,,31,1994,23,3,777,8.6,5,1,6,5,0,0,1,0,0.69,,,,,,,,,,,,,,31,11,35.5,3.59,1.27,0.16,0.45,34,28.8,67.0,0,20,29.0,4,0.61,14,17,-3,-0.35,1.06,0,13,5,4,10,4,3,0,-3.24,6,0.8130081300813009,-0.6379453189726595
Xaver Schlager,AUT,MF,RB Leipzig,,28,1997,23,18,1567,17.4,2,1,3,2,0,0,5,0,0.17,,,,,,,,,,,,,,19,6,31.6,1.09,0.34,0.11,0.33,68,58.0,81.0,13,5,21.0,0,1.87,34,23,11,0.63,-0.24,0,23,11,2,10,7,20,0,-1.3399999999999999,3,1.5508328546812178,-0.6379453189726595
Keven Schlotterbeck,GER,DF,Augsburg,,28,1997,23,22,2015,22.4,0,1,1,0,0,1,7,1,0.04,,,,,,,,,,,,,,12,3,25.0,0.54,0.13,0.0,0.0,88,74.6,90.0,21,1,45.0,4,1.22,29,36,-7,-0.31,0.87,1,25,20,1,6,32,25,0,0.0,1,2.5435073627844713,-0.6379453189726595
Nico Schlotterbeck,GER,DF,Dortmund,,26,1999,24,24,2160,24.0,4,1,5,4,0,0,7,0,0.21,,,,,,,,,,,,,,31,8,25.8,1.29,0.33,0.13,0.5,90,80.0,90.0,24,0,,0,2.08,46,26,20,0.83,-0.83,0,26,22,1,22,20,31,0,-2.96,5,2.12411495210329,-0.6379453189726595
Romano Schmid,AUT,MF,Werder Bremen,,26,2000,30,30,2644,29.4,3,8,11,0,3,4,4,0,0.27,,,,,,,,,,,,,,53,19,35.8,1.8,0.65,0.0,0.0,88,97.9,88.0,22,0,,0,1.03,32,51,-19,-0.65,-2.25,0,18,28,5,143,11,25,0,-3.0,8,1.2240734444066643,-0.6379453189726595
Isaac Schmidt,SUI,MF,Werder Bremen,,26,1999,17,5,562,6.2,1,0,1,1,0,0,2,0,0.16,,,,,,,,,,,,,,4,2,50.0,0.64,0.32,0.25,0.5,33,20.8,66.0,0,12,19.0,9,0.82,8,12,-4,-0.64,-0.05,0,7,3,0,8,8,7,0,-0.5,1,2.4154589371980677,-0.6379453189726595
Joël Schmied,SUI,DF,Köln,,27,1998,13,11,952,10.6,0,0,0,0,0,0,4,0,0.0,,,,,,,,,,,,,,4,0,0.0,0.38,0.0,0.0,,73,35.3,81.0,7,2,32.0,2,1.15,16,21,-5,-0.47,-0.37,0,13,5,0,5,10,9,0,0.0,0,1.7907634307257305,-0.6379453189726595
Jan Schöppner,GER,MF,Heidenheim,,26,1999,27,25,1892,21.0,1,2,3,1,0,0,5,0,0.14,,,,,,,,,,,,,,19,5,26.3,0.9,0.24,0.05,0.2,70,70.1,73.0,11,2,28.0,2,0.67,18,45,-27,-1.28,-0.62,0,19,14,2,13,29,11,0,-0.75,3,1.9038553069966682,-0.6379453189726595
Marvin Schwäbe,GER,GK,Köln,,30,1995,30,30,2700,30.0,0,0,0,0,0,0,1,0,0.0,51.0,1.7,131.0,86.0,64.1,7.0,10.0,13.0,3.0,10.0,4.0,2.0,0.0,0,0,,0.0,0.0,,,90,100.0,90.0,30,0,,0,1.03,44,51,-7,-0.23,,0,1,4,0,0,3,1,0,0.0,0,0.13328890369876706,0.3471026679994796
Alex Scott,ENG,MF,Bournemouth,League,22,2003,33,30,2490,27.7,3,1,4,3,0,0,4,0,0.14,,,,,,,,,,,,,,41,11,26.8,1.48,0.4,0.07,0.27,75,83.8,79.0,16,3,39.0,0,1.45,43,39,4,0.14,0.89,0,38,54,1,70,30,34,0,-2.23,4,2.3096355106459763,-0.6379453189726595
Simone Scuffet,ITA,GK,Pisa,A,29,1996,7,7,630,7.0,0,0,0,0,0,0,0,0,0.0,15.0,2.14,26.0,14.0,53.8,0.0,3.0,4.0,1.0,14.3,3.0,0.0,0.0,0,0,,0.0,0.0,,,90,21.2,90.0,7,0,,20,0.43,6,15,-9,-1.29,-0.25,0,0,4,0,0,0,0,0,0.0,0,0.0,0.1382545117210821
Sebastian Sebulonsen,NOR,DF,Köln,,26,2000,27,24,2138,23.8,0,0,0,0,0,0,5,0,0.0,,,,,,,,,,,,,,26,3,11.5,1.09,0.13,0.0,0.0,79,79.2,85.0,16,3,36.0,0,1.11,30,40,-10,-0.42,-0.9,0,10,8,4,57,15,23,0,0.0,0,1.5959680806383871,-0.6379453189726595
Jenson Seelt,NED,DF,Wolfsburg,,22,2003,9,8,681,7.6,0,0,0,0,0,0,0,0,0.0,,,,,,,,,,,,,,2,0,0.0,0.26,0.0,0.0,,76,25.2,84.0,7,1,6.0,2,1.22,15,17,-2,-0.26,0.76,0,5,6,0,0,5,9,1,0.0,0,1.8396846254927728,-0.6379453189726595
Alidu Seidu,GHA,DF,Rennes,1,25,2000,18,11,1034,11.5,0,1,1,0,0,0,1,0,0.09,,,,,,,,,,,,,,5,1,20.0,0.44,0.09,0.0,0.0,57,38.3,77.0,6,7,26.0,10,1.5,22,20,2,0.17,-0.31,0,11,25,3,9,16,21,0,0.0,1,3.214596003475239,-0.6379453189726595
Nicolas Seiwald,AUT,MF,RB Leipzig,,24,2001,30,29,2536,28.2,0,2,2,0,0,0,2,0,0.07,,,,,,,,,,,,,,19,7,36.8,0.67,0.25,0.0,0.0,85,93.9,87.0,19,1,24.0,0,1.97,56,31,25,0.89,2.53,0,17,6,0,5,59,40,0,0.0,2,3.509393831974477,-0.6379453189726595
Ayumu Seko,JPN,MF,Le Havre,1,25,2000,27,26,2355,26.2,0,0,0,0,0,0,4,0,0.0,,,,,,,,,,,,,,17,6,35.3,0.65,0.23,0.0,0.0,87,87.2,90.0,25,1,22.0,0,0.89,20,32,-12,-0.46,-0.2,0,25,18,1,5,30,24,1,0.0,0,2.0602823349866464,-0.6379453189726595
Matz Sels,BEL,GK,Nottingham Forest,League,34,1992,26,25,2218,24.6,0,0,0,0,0,0,2,0,0.0,33.0,1.34,102.0,73.0,71.6,8.0,8.0,9.0,6.0,24.0,4.0,0.0,0.0,0,0,,0.0,0.0,,,85,74.7,88.0,24,1,13.0,3,1.23,30,33,-3,-0.12,0.6,0,0,3,0,0,0,1,0,0.0,0,0.04063388866314506,0.5505985975289234
Antoine Semenyo,GHA,MF,Bournemouth,League,26,2000,20,20,1798,20.0,10,3,13,9,1,2,6,0,0.6,,,,,,,,,,,,,,49,27,55.1,2.45,1.35,0.18,0.33,90,60.5,90.0,18,0,,0,1.25,31,38,-7,-0.35,-0.89,0,37,14,12,28,6,20,0,-5.140000000000001,12,1.299350324837581,-0.6379453189726595
Antoine Semenyo,GHA,MF,Manchester City,League,26,2000,11,11,968,10.8,5,1,6,5,0,0,1,0,0.56,,,,,,,,,,,,,,25,11,44.0,2.32,1.02,0.2,0.45,88,33.6,88.0,7,0,,0,2.18,19,10,9,0.84,-0.43,0,13,7,6,14,3,9,0,-2.8,6,1.1100832562442182,-0.6379453189726595
Adrian Šemper,CRO,GK,Pisa,A,28,1998,20,20,1800,20.0,0,0,0,0,0,0,0,0,0.0,31.0,1.55,93.0,64.0,68.8,1.0,9.0,10.0,4.0,20.0,2.0,0.0,0.0,0,0,,0.0,0.0,,,90,60.6,90.0,20,0,,8,0.6,14,31,-17,-0.85,0.61,0,0,2,0,0,0,0,0,0.0,0,0.0,0.4453129930318018
Marvin Senaya,GHA,DF,Auxerre,1,25,2001,22,19,1693,18.8,1,0,1,1,0,0,5,0,0.05,,,,,,,,,,,,,,15,5,33.3,0.8,0.27,0.07,0.2,77,62.7,85.0,12,3,26.0,4,0.64,12,27,-15,-0.8,-0.89,0,23,32,1,39,33,29,0,-0.6499999999999999,1,3.2961190855927693,-0.6379453189726595
Marcos Senesi,ARG,DF,Bournemouth,League,28,1997,32,32,2838,31.5,0,4,4,0,0,0,8,0,0.13,,,,,,,,,,,,,,16,5,31.3,0.51,0.16,0.0,0.0,89,95.6,89.0,30,0,,0,1.5,48,49,-1,-0.03,-0.71,0,31,31,1,25,44,31,0,0.0,4,2.3801967629324023,-0.6379453189726595
Suat Serdar,GER,MF,Hellas Verona,A,29,1997,20,12,1108,12.3,2,0,2,2,0,0,3,0,0.16,,,,,,,,,,,,,,19,7,36.8,1.54,0.57,0.11,0.29,55,37.3,78.0,4,8,21.0,0,0.55,8,24,-16,-1.3,-0.48,0,19,12,1,7,10,20,0,-1.23,2,2.4370430544272947,-0.6379453189726595
Benjamin Šeško,SVN,FW,Manchester Utd,League,22,2003,28,15,1511,16.8,9,1,10,9,0,0,2,0,0.6,,,,,,,,,,,,,,57,31,54.4,3.4,1.85,0.16,0.29,54,50.9,81.0,8,13,23.0,1,1.71,33,29,4,0.24,-0.32,0,15,4,5,2,3,3,0,-4.04,10,0.3569303985722784,-0.6379453189726595
Ryan Sessegnon,ENG,DF,Fulham,League,25,2000,26,19,1743,19.4,2,1,3,2,0,0,0,0,0.15,,,,,,,,,,,,,,15,3,20.0,0.77,0.15,0.13,0.67,67,58.7,85.0,14,7,19.0,0,1.27,31,29,2,0.1,0.47,0,32,3,3,50,21,26,0,-1.6099999999999999,3,2.4214322514167956,-0.6379453189726595
Stephan El Shaarawy,ITA,MF,Roma,A,33,1992,17,5,575,6.4,0,2,2,0,0,0,2,0,0.31,,,,,,,,,,,,,,14,6,42.9,2.19,0.94,0.0,0.0,34,19.4,56.0,0,12,25.0,10,1.82,11,3,8,1.25,0.91,0,8,6,1,16,5,6,0,0.0,2,1.7160686427457097,-0.6379453189726595
Luke Shaw,ENG,DF,Manchester Utd,League,30,1995,33,33,2795,31.1,0,1,1,0,0,0,6,0,0.03,,,,,,,,,,,,,,6,2,33.3,0.19,0.06,0.0,0.0,85,94.1,85.0,20,0,,0,1.76,55,41,14,0.45,0.97,0,40,15,0,47,34,37,0,0.0,1,2.282224365155898,-0.6379453189726595
Kwasi Sibo,GHA,MF,Oviedo,Liga,27,1998,22,18,1462,16.2,0,0,0,0,0,0,3,0,0.0,,,,,,,,,,,,,,8,2,25.0,0.49,0.12,0.0,0.0,66,52.4,77.0,9,4,19.0,8,0.95,15,23,-8,-0.49,0.59,0,25,4,0,0,13,19,0,0.0,0,1.974090067859346,-0.6379453189726595
Djibril Sidibé,FRA,MF,Toulouse,1,33,1992,30,25,2119,23.5,3,4,7,2,1,2,1,0,0.25,,,,,,,,,,,,,,8,5,62.5,0.34,0.21,0.25,0.4,71,78.5,82.0,12,5,16.0,0,1.23,30,34,-4,-0.17,-0.63,0,29,14,5,55,18,32,0,-1.75,6,2.126754572522331,-0.6379453189726595
Armindo Sieb,GER,FW,Mainz 05,,23,2003,19,3,499,5.5,2,0,2,2,0,0,1,0,0.36,,,,,,,,,,,,,,16,6,37.5,2.89,1.08,0.13,0.33,26,18.5,72.0,0,16,18.0,6,0.79,10,9,1,0.18,0.59,0,14,2,2,11,0,4,0,-1.22,2,0.7259528130671506,-0.6379453189726595
Jamil Siebert,GER,DF,Lecce,A,24,2002,16,13,1251,13.9,1,0,1,1,0,0,3,0,0.07,,,,,,,,,,,,,,6,2,33.3,0.43,0.14,0.17,0.5,78,42.1,89.0,12,3,31.0,17,0.69,5,25,-20,-1.44,-1.23,0,18,6,0,4,11,12,0,-0.6599999999999999,1,1.6534867002156721,-0.6379453189726595
Francisco Sierralta,CHI,DF,Auxerre,1,28,1997,10,9,861,9.6,1,0,1,1,0,0,2,0,0.1,,,,,,,,,,,,,,7,2,28.6,0.73,0.21,0.14,0.5,86,31.9,87.0,7,1,77.0,10,0.7,6,15,-9,-0.94,-0.7,0,8,5,0,0,9,6,0,-0.72,1,1.5608740894901145,-0.6379453189726595
Tim Siersleben,GER,DF,Heidenheim,,26,2000,14,12,1079,12.0,0,0,0,0,0,0,2,0,0.0,,,,,,,,,,,,,,5,3,60.0,0.42,0.25,0.0,0.0,77,40.0,85.0,9,2,28.0,13,0.71,16,28,-12,-1.0,0.17,0,13,13,1,13,21,16,0,0.0,0,3.0807660283097418,-0.6379453189726595
André Silva,POR,FW,Elche,Liga,30,1995,24,16,1367,15.2,7,0,7,6,1,1,2,0,0.4,,,,,,,,,,,,,,40,19,47.5,2.63,1.25,0.15,0.32,57,49.0,78.0,7,8,15.0,2,0.83,14,28,-14,-0.92,-1.3,0,17,31,4,2,2,3,0,-4.15,6,0.3287310979618672,-0.6379453189726595
Bernardo Silva,POR,MF,Manchester City,League,31,1994,32,28,2415,26.8,2,4,6,2,0,0,9,0,0.22,,,,,,,,,,,,,,20,6,30.0,0.75,0.22,0.1,0.33,75,83.9,83.0,12,4,23.0,0,2.09,58,25,33,1.23,0.65,0,35,20,5,57,16,18,0,-1.4,6,1.268183513614323,-0.6379453189726595
Caio Henrique Oliveira Silva,BRA,DF,Monaco,1,28,1997,21,17,1529,17.0,0,1,1,0,0,0,2,0,0.06,,,,,,,,,,,,,,2,0,0.0,0.12,0.0,0.0,,73,56.6,85.0,14,4,22.0,2,1.48,23,24,-1,-0.06,-0.67,0,13,17,1,89,12,10,0,0.0,1,1.2933568489124043,-0.6379453189726595
Fábio Silva,POR,FW,Dortmund,,23,2002,24,7,774,8.6,1,6,7,1,0,0,3,0,0.81,,,,,,,,,,,,,,20,6,30.0,2.33,0.7,0.05,0.17,32,28.7,68.0,0,17,18.0,2,2.08,22,8,14,1.63,0.88,0,16,10,3,12,2,2,0,-0.7,7,0.4645760743321719,-0.6379453189726595
Giovanni Simeone,ARG,FW,Torino,A,30,1995,27,22,1806,20.1,9,0,9,9,0,0,1,0,0.45,,,,,,,,,,,,,,62,25,40.3,3.09,1.25,0.15,0.36,67,60.8,75.0,4,5,32.0,2,1.37,22,28,-6,-0.3,0.55,0,24,33,15,5,3,7,0,-5.25,9,0.49726504226752855,-0.6379453189726595
Giuliano Simeone,ARG,MF,Atlético Madrid,Liga,23,2002,27,22,1909,21.2,4,6,10,4,0,0,1,0,0.47,,,,,,,,,,,,,,34,13,38.2,1.6,0.61,0.12,0.31,71,68.4,78.0,7,5,37.0,2,1.96,38,20,18,0.85,0.75,0,20,40,6,42,19,21,0,-2.44,10,1.8859028760018859,-0.6379453189726595
Moses Simon,NGA,MF,Paris FC,1,30,1995,26,22,1777,19.7,3,3,6,3,0,0,1,0,0.3,,,,,,,,,,,,,,29,10,34.5,1.47,0.51,0.1,0.3,68,65.8,75.0,0,4,33.0,1,1.19,27,28,-1,-0.05,0.44,0,12,15,8,127,8,8,0,-2.0,6,0.8117706747843734,-0.6379453189726595
Unai Simón,ESP,GK,Athletic Club,Liga,28,1997,31,31,2790,31.0,0,0,0,0,0,0,1,0,0.0,45.0,1.45,128.0,87.0,67.2,11.0,5.0,15.0,5.0,16.1,3.0,1.0,0.0,0,0,,0.0,0.0,,,90,100.0,90.0,31,0,,0,1.23,33,45,-12,-0.39,,0,0,6,0,0,0,0,0,0.0,0,0.0,0.4565307745678523
Xavi Simons,NED,MF,Tottenham Hotspur,League,23,2003,27,18,1693,18.8,2,5,7,2,0,0,5,1,0.37,,,,,,,,,,,,,,40,10,25.0,2.13,0.53,0.05,0.2,63,57.0,79.0,10,9,30.0,0,0.74,26,33,-7,-0.37,-0.09,0,21,44,0,51,15,19,0,-1.5,7,1.8075491759702285,-0.6379453189726595
Jahmai Simpson-Pusey,ENG,DF,Köln,,20,2005,8,7,593,6.6,0,0,0,0,0,0,1,1,0.0,,,,,,,,,,,,,,5,3,60.0,0.76,0.46,0.0,0.0,74,22.0,82.0,5,1,22.0,0,1.13,9,10,-1,-0.15,0.1,0,3,2,0,1,9,4,0,0.0,0,1.9667170953101363,-0.6379453189726595
Danel Sinani,LUX,MF,St Pauli,,29,1997,27,21,1935,21.5,5,3,8,2,3,3,4,0,0.23,,,,,,,,,,,,,,46,18,39.1,2.14,0.84,0.04,0.11,72,71.7,85.0,15,6,26.0,1,0.85,18,39,-21,-0.98,-0.51,0,37,27,10,126,5,15,0,-4.28,5,0.9298000929800092,-0.6379453189726595
Lassine Sinayoko,MLI,FW,Auxerre,1,26,1999,28,28,2426,27.0,8,3,11,5,3,4,7,0,0.3,,,,,,,,,,,,,,80,32,40.0,2.97,1.19,0.06,0.16,87,89.9,87.0,18,0,,0,0.89,25,32,-7,-0.26,2.04,0,29,49,10,25,20,22,0,-6.08,8,1.554979637171418,-0.6379453189726595
Ibrahima Sissoko,MLI,MF,Nantes,1,28,1997,9,5,455,5.1,0,0,0,0,0,0,4,0,0.0,,,,,,,,,,,,,,3,0,0.0,0.59,0.0,0.0,,51,17.4,79.0,1,4,15.0,2,0.33,5,10,-5,-0.99,-0.32,0,19,5,1,5,5,4,0,0.0,0,1.7612524461839532,-0.6379453189726595
Antonio Sivera,ESP,GK,Alavés,Liga,29,1996,31,31,2790,31.0,0,0,0,0,0,0,2,0,0.0,46.0,1.48,123.0,82.0,66.7,8.0,9.0,14.0,3.0,9.7,5.0,0.0,0.0,0,0,,0.0,0.0,,,90,100.0,90.0,31,0,,0,1.06,35,46,-11,-0.35,,0,1,1,0,0,0,1,1,0.0,0,0.032247662044501774,0.3830043526169887
Tim Skarke,GER,MF,Union Berlin,,29,1996,19,4,576,6.4,1,0,1,1,0,0,0,0,0.16,,,,,,,,,,,,,,13,5,38.5,2.03,0.78,0.08,0.2,30,21.3,59.0,0,15,23.0,7,1.26,8,12,-4,-0.62,-0.03,0,8,9,4,12,1,4,0,-0.6,1,0.7800312012480499,-0.6379453189726595
Ellyes Skhiri,TUN,MF,Eintracht Frankfurt,,30,1995,21,12,1114,12.4,0,0,0,0,0,0,2,1,0.0,,,,,,,,,,,,,,7,0,0.0,0.57,0.0,0.0,,53,41.3,80.0,6,9,17.0,5,1.52,18,28,-10,-0.81,-1.26,1,9,9,0,2,18,3,0,0.0,0,1.69218372280419,-0.6379453189726595
Leo Skiri Østigård,NOR,DF,Genoa,A,26,1999,27,27,2352,26.1,5,1,6,5,0,0,7,0,0.23,,,,,,,,,,,,,,19,11,57.9,0.73,0.42,0.26,0.45,87,79.2,87.0,25,0,,2,1.19,31,36,-5,-0.19,-0.05,0,35,14,2,1,25,23,0,-2.1399999999999997,6,1.8383761011106854,-0.6379453189726595
Łukasz Skorupski,POL,GK,Bologna,A,34,1991,17,17,1412,15.7,0,0,0,0,0,0,1,1,0.0,15.0,0.96,43.0,30.0,69.8,9.0,3.0,5.0,7.0,41.2,2.0,0.0,0.0,0,0,,0.0,0.0,,,83,47.5,83.0,15,0,,3,1.76,22,12,10,0.64,1.04,0,1,8,0,0,0,0,0,0.0,0,0.0,0.5590547110174732
Adam Smith,ENG,DF,Bournemouth,League,34,1991,19,11,809,9.0,0,1,1,0,0,0,3,0,0.11,,,,,,,,,,,,,,0,0,,0.0,0.0,,,43,27.2,69.0,4,8,7.0,9,1.42,15,15,0,0.0,0.0,0,14,7,0,10,7,10,0,0.0,1,1.8867924528301887,-0.6379453189726595
Eric Smith,SWE,DF,St Pauli,,29,1997,24,24,2114,23.5,2,2,4,2,0,0,4,1,0.17,,,,,,,,,,,,,,11,5,45.5,0.47,0.21,0.18,0.4,88,78.3,88.0,23,0,,0,0.83,21,38,-17,-0.72,0.5,0,14,28,1,52,21,19,0,-1.1,4,1.7014036580178646,-0.6379453189726595
Emile Smith Rowe,ENG,MF,Fulham,League,25,2000,32,17,1577,17.5,3,0,3,3,0,0,1,0,0.17,,,,,,,,,,,,,,30,9,30.0,1.71,0.51,0.1,0.33,49,53.1,74.0,1,15,21.0,0,1.38,24,24,0,0.0,0.19,0,7,9,3,10,21,16,0,-2.1,3,2.1130782410051396,-0.6379453189726595
Ivan Smolčić,CRO,DF,Como,A,25,2000,23,16,1327,14.7,0,1,1,0,0,0,8,0,0.07,,,,,,,,,,,,,,10,4,40.0,0.68,0.27,0.0,0.0,58,44.7,75.0,5,7,19.0,9,1.87,19,9,10,0.68,-0.36,0,22,16,0,26,19,21,0,0.0,1,2.7192386131883075,-0.6379453189726595
Simon Sohm,SUI,MF,Bologna,A,25,2001,10,8,662,7.4,0,0,0,0,0,0,1,0,0.0,,,,,,,,,,,,,,3,1,33.3,0.41,0.14,0.0,0.0,66,22.3,77.0,2,2,22.0,2,1.8,7,7,0,0.0,-0.12,0,8,3,3,1,3,3,0,0.0,0,0.8097165991902834,-0.6379453189726595
Simon Sohm,SUI,MF,Fiorentina,A,25,2001,16,9,708,7.9,0,1,1,0,0,0,2,0,0.13,,,,,,,,,,,,,,5,0,0.0,0.64,0.0,0.0,,44,23.8,65.0,1,7,18.0,4,0.56,6,15,-9,-1.14,-1.22,0,15,11,0,5,6,7,0,0.0,1,1.6434892541087232,-0.6379453189726595
Dominic Solanke,ENG,FW,Tottenham Hotspur,League,28,1997,14,10,962,10.7,3,0,3,3,0,0,1,0,0.28,,,,,,,,,,,,,,20,11,55.0,1.87,1.03,0.15,0.27,69,32.4,87.0,7,4,23.0,0,0.71,11,21,-10,-0.94,-0.89,0,10,8,3,2,3,14,0,-1.35,3,1.5873015873015874,-0.6379453189726595
Carlos Soler,ESP,MF,Real Sociedad,Liga,29,1997,26,20,1784,19.8,4,3,7,4,0,0,2,1,0.35,,,,,,,,,,,,,,27,17,63.0,1.36,0.86,0.15,0.24,69,63.9,80.0,7,6,30.0,1,1.38,30,26,4,0.2,0.47,0,26,16,0,57,12,16,0,-1.4500000000000002,7,1.4134275618374557,-0.6379453189726595
Oumar Solet,FRA,DF,Udinese,A,26,2000,30,29,2509,27.9,3,1,4,2,1,1,1,0,0.11,,,,,,,,,,,,,,26,4,15.4,0.93,0.14,0.08,0.5,84,84.5,86.0,26,1,16.0,1,1.3,32,37,-5,-0.18,-0.18,0,26,25,2,13,40,46,1,-2.68,3,3.081332855607309,-0.6379453189726595
Manor Solomon,ISR,FW,Fiorentina,A,26,1999,11,5,515,5.7,2,0,2,2,0,0,1,0,0.35,,,,,,,,,,,,,,5,2,40.0,0.87,0.35,0.4,1.0,47,17.3,80.0,1,6,19.0,0,1.73,9,10,-1,-0.17,0.05,0,2,11,1,30,0,6,0,-1.2,2,1.0507880910683012,-0.6379453189726595
Yann Sommer,SUI,GK,Inter,A,37,1988,30,30,2700,30.0,0,0,0,0,0,0,0,0,0.0,28.0,0.93,87.0,61.0,71.3,22.0,3.0,5.0,14.0,46.7,3.0,0.0,0.0,0,0,,0.0,0.0,,,90,90.9,90.0,30,0,,3,2.3,71,28,43,1.43,-0.57,0,0,1,0,0,0,0,0,0.0,0,0.0,0.8129451027861201
David Soria,ESP,GK,Getafe,Liga,33,1993,31,31,2790,31.0,0,0,0,0,0,0,2,0,0.0,32.0,1.03,124.0,94.0,75.0,12.0,5.0,14.0,9.0,29.0,1.0,2.0,0.0,0,0,,0.0,0.0,,,90,100.0,90.0,31,0,,0,1.32,27,32,-5,-0.16,,0,0,1,0,0,0,0,0,0.0,0,0.0,0.697480332084603
Hugo Sotelo,ESP,MF,Celta Vigo,Liga,22,2003,17,14,1178,13.1,0,2,2,0,0,0,3,0,0.15,,,,,,,,,,,,,,2,1,50.0,0.15,0.08,0.0,0.0,69,42.2,78.0,7,3,29.0,10,1.29,24,20,4,0.31,0.31,0,24,13,0,40,12,14,0,0.0,2,1.9832189168573608,-0.6379453189726595
Riccardo Sottil,ITA,FW,Lecce,A,26,1999,21,13,1066,11.8,1,2,3,1,0,0,1,0,0.25,,,,,,,,,,,,,,20,3,15.0,1.69,0.25,0.05,0.33,51,35.9,66.0,0,8,25.0,4,0.86,6,14,-8,-0.68,0.08,0,10,27,4,100,2,2,0,-0.85,3,0.3386960203217612,-0.6379453189726595
Tomáš Souček,CZE,MF,West Ham United,League,31,1995,30,19,1778,19.8,4,0,4,4,0,0,2,1,0.2,,,,,,,,,,,,,,19,11,57.9,0.96,0.56,0.21,0.36,59,59.9,83.0,11,11,19.0,0,1.07,27,34,-7,-0.35,0.4,0,30,17,5,12,16,17,0,-1.69,4,1.6658253407370014,-0.6379453189726595
Matìas Soulé,ARG,MF,Roma,A,23,2003,28,24,1872,20.8,6,5,11,6,0,0,1,0,0.53,,,,,,,,,,,,,,46,15,32.6,2.21,0.72,0.13,0.4,67,63.0,73.0,1,4,30.0,0,1.82,29,16,13,0.62,0.3,0,5,35,3,67,9,12,0,-4.05,11,1.0091302258529553,-0.6379453189726595
Sambou Soumano,SEN,FW,Lorient,1,25,2001,29,8,922,10.2,4,2,6,4,0,1,2,0,0.59,,,,,,,,,,,,,,28,10,35.7,2.73,0.98,0.14,0.4,32,34.1,66.0,0,21,19.0,0,1.31,15,15,0,0.0,0.2,0,15,18,9,0,4,4,0,-2.5999999999999996,6,0.783545543584721,-0.6379453189726595
Issa Soumaré,SEN,FW,Le Havre,1,25,2000,30,29,2588,28.8,6,4,10,5,1,3,2,0,0.31,,,,,,,,,,,,,,70,24,34.3,2.43,0.83,0.07,0.21,86,95.9,88.0,28,1,45.0,0,1.0,24,37,-13,-0.45,-0.45,0,47,64,11,58,9,13,0,-4.32,9,0.7636237417563345,-0.6379453189726595
Vinicius Souza,BRA,MF,Wolfsburg,,26,1999,20,18,1440,16.0,0,0,0,0,0,0,4,0,0.0,,,,,,,,,,,,,,4,1,25.0,0.25,0.06,0.0,0.0,72,53.3,80.0,10,2,3.0,8,0.8,20,33,-13,-0.81,0.04,0,31,20,0,3,21,28,0,0.0,0,3.0605871330418486,-0.6379453189726595
Djibril Sow,SUI,MF,Sevilla,Liga,29,1997,27,23,1793,19.9,5,1,6,5,0,0,3,0,0.3,,,,,,,,,,,,,,17,8,47.1,0.85,0.4,0.29,0.63,66,64.3,75.0,8,4,19.0,2,1.0,21,38,-17,-0.85,-1.3,0,30,25,3,22,18,21,0,-2.68,6,1.9588146659969865,-0.6379453189726595
Djed Spence,ENG,DF,Tottenham Hotspur,League,25,2000,25,21,1823,20.3,0,0,0,0,0,0,4,0,0.0,,,,,,,,,,,,,,11,7,63.6,0.54,0.35,0.0,0.0,73,61.4,82.0,14,4,23.0,4,1.04,27,30,-3,-0.15,0.48,0,23,18,2,44,11,21,0,0.0,0,1.5755785327424912,-0.6379453189726595
Leonardo Spinazzola,ITA,MF,Napoli,A,33,1993,29,21,1805,20.1,3,3,6,3,0,0,2,0,0.3,,,,,,,,,,,,,,20,7,35.0,1.0,0.35,0.15,0.43,62,60.8,76.0,8,8,26.0,1,2.07,33,19,14,0.7,0.62,0,9,9,2,68,4,9,0,-1.95,6,0.6464445549477871,-0.6379453189726595
Anton Stach,GER,MF,Leeds United,League,27,1998,26,25,2136,23.7,4,3,7,4,0,0,3,0,0.29,,,,,,,,,,,,,,48,13,27.1,2.02,0.55,0.08,0.31,82,71.9,84.0,18,1,31.0,1,0.88,27,34,-7,-0.29,-0.29,0,32,20,0,133,18,32,0,-2.96,7,2.108814846056516,-0.6379453189726595
Jens Stage,DEN,MF,Werder Bremen,,29,1996,25,25,2128,23.6,9,2,11,9,0,0,5,0,0.47,,,,,,,,,,,,,,48,19,39.6,2.03,0.8,0.19,0.47,85,78.8,85.0,19,0,,0,1.08,24,38,-14,-0.59,0.04,0,30,27,1,13,17,27,0,-5.390000000000001,11,1.8636171113934772,-0.6379453189726595
Benjamin Stambouli,FRA,MF,Metz,1,35,1990,15,8,753,8.4,0,0,0,0,0,0,0,0,0.0,,,,,,,,,,,,,,5,1,20.0,0.6,0.12,0.0,0.0,50,27.9,87.0,5,7,9.0,5,0.6,7,20,-13,-1.55,-0.35,0,12,8,0,5,7,14,0,0.0,0,2.4970273483947683,-0.6379453189726595
Josip Stanišić,CRO,DF,Bayern Munich,,26,2000,22,17,1643,18.3,2,3,5,2,0,0,1,0,0.27,,,,,,,,,,,,,,7,4,57.1,0.38,0.22,0.29,0.5,75,60.9,88.0,14,5,29.0,1,2.64,71,21,50,2.74,0.18,0,7,11,4,31,17,19,0,-0.8400000000000001,5,1.9661387220098305,-0.6379453189726595
Carl Starfelt,SWE,DF,Celta Vigo,Liga,30,1995,19,17,1491,16.6,0,0,0,0,0,0,3,1,0.0,,,,,,,,,,,,,,4,1,25.0,0.24,0.06,0.0,0.0,78,53.4,86.0,14,2,17.0,1,1.37,22,17,5,0.3,0.37,1,19,8,0,0,16,16,1,0.0,0,1.9265502709211315,-0.6379453189726595
Niklas Stark,GER,DF,Werder Bremen,,31,1995,13,8,633,7.0,0,0,0,0,0,0,8,2,0.0,,,,,,,,,,,,,,3,1,33.3,0.43,0.14,0.0,0.0,49,23.4,69.0,2,5,16.0,2,1.46,8,13,-5,-0.71,-0.14,2,11,7,0,1,12,10,0,0.0,0,3.138373751783167,-0.6379453189726595
Angelo Stiller,GER,MF,Stuttgart,,25,2001,30,26,2383,26.5,2,5,7,2,0,1,1,0,0.26,,,,,,,,,,,,,,13,6,46.2,0.49,0.23,0.15,0.33,79,88.3,88.0,19,4,26.0,0,1.87,56,36,20,0.76,0.76,0,14,38,0,102,24,17,0,-1.1,7,1.5465861938890983,-0.6379453189726595
Kevin Stöger,AUT,MF,Gladbach,,32,1993,25,11,1056,11.7,1,1,2,1,0,1,2,0,0.17,,,,,,,,,,,,,,16,6,37.5,1.36,0.51,0.06,0.17,42,39.1,75.0,2,14,17.0,5,0.88,11,23,-12,-1.02,-0.91,0,20,19,0,49,11,18,0,-0.64,2,2.4765157984628523,-0.6379453189726595
Jørgen Strand Larsen,NOR,FW,Crystal Palace,League,26,2000,8,8,587,6.5,3,0,3,3,0,0,2,0,0.46,,,,,,,,,,,,,,14,5,35.7,2.15,0.77,0.21,0.6,73,20.4,73.0,3,0,,0,1.75,8,6,2,0.31,0.42,0,17,7,1,0,1,0,0,-1.95,3,0.15360983102918588,-0.6379453189726595
Jørgen Strand Larsen,NOR,FW,Wolves,League,26,2000,22,14,1404,15.6,1,1,2,0,1,2,2,0,0.06,,,,,,,,,,,,,,21,7,33.3,1.35,0.45,0.0,0.0,64,47.3,83.0,7,8,31.0,0,0.36,6,26,-20,-1.28,-0.31,0,30,11,9,3,3,2,0,-1.0,1,0.3203074951953876,-0.6379453189726595
Gabriel Strefezza,BRA,FW,Parma,A,29,1997,10,9,758,8.4,1,2,3,1,0,0,2,0,0.36,,,,,,,,,,,,,,17,4,23.5,2.02,0.47,0.06,0.25,76,25.5,80.0,3,1,37.0,0,1.6,7,10,-3,-0.36,0.17,0,16,21,0,36,4,11,0,-0.76,3,1.78359096313912,-0.6379453189726595
Pascal Struijk,NED,DF,Leeds United,League,26,1999,30,29,2611,29.0,0,1,1,0,0,0,4,0,0.03,,,,,,,,,,,,,,29,5,17.2,1.0,0.17,0.0,0.0,87,87.9,90.0,28,1,9.0,2,1.17,37,41,-4,-0.14,0.61,0,22,20,5,2,29,20,0,0.0,1,1.6890727335401585,-0.6379453189726595
Nikola Štulić,SRB,FW,Lecce,A,24,2001,31,19,1633,18.1,3,0,3,2,1,1,1,0,0.11,,,,,,,,,,,,,,31,8,25.8,1.71,0.44,0.06,0.25,53,55.0,70.0,2,12,25.0,1,0.87,14,22,-8,-0.44,0.64,0,34,26,8,1,2,7,0,-2.52,2,0.4969630038652677,-0.6379453189726595
Denis Suárez,ESP,MF,Alavés,Liga,32,1994,23,11,1067,11.9,1,2,3,1,0,0,6,0,0.25,,,,,,,,,,,,,,6,3,50.0,0.51,0.25,0.17,0.33,46,38.2,72.0,0,12,23.0,2,0.96,16,16,0,0.0,0.57,0,18,20,0,21,7,10,0,-0.49,3,1.4273719563392107,-0.6379453189726595
Gabriel Suazo,CHI,DF,Sevilla,Liga,28,1997,23,19,1583,17.6,0,2,2,0,0,0,6,0,0.11,,,,,,,,,,,,,,4,2,50.0,0.23,0.11,0.0,0.0,69,56.7,79.0,14,4,18.0,0,1.26,23,30,-7,-0.4,-0.03,0,24,11,2,86,19,53,0,0.0,2,4.088586030664395,-0.6379453189726595
Luka Sučić,CRO,MF,Real Sociedad,Liga,23,2002,16,8,727,8.1,3,1,4,3,0,0,1,0,0.5,,,,,,,,,,,,,,19,6,31.6,2.35,0.74,0.16,0.5,45,26.1,64.0,0,8,27.0,12,1.44,14,11,3,0.37,0.46,0,6,5,1,4,3,4,0,-2.04,4,0.8631319358816277,-0.6379453189726595
Petar Sucic,CRO,MF,Inter,A,22,2003,29,16,1354,15.0,1,2,3,1,0,0,5,0,0.2,,,,,,,,,,,,,,18,4,22.2,1.2,0.27,0.06,0.25,47,45.6,72.0,5,13,16.0,3,2.28,32,15,17,1.13,-0.65,0,23,22,0,23,7,16,0,-0.76,3,1.5323117921385743,-0.6379453189726595
Yukinari Sugawara,JPN,DF,Werder Bremen,,25,2000,28,26,2256,25.1,0,5,5,0,0,0,2,0,0.2,,,,,,,,,,,,,,28,10,35.7,1.12,0.4,0.0,0.0,81,83.6,85.0,19,2,21.0,1,1.11,30,39,-9,-0.36,1.47,0,20,10,2,69,13,20,0,0.0,5,1.3142174432497011,-0.6379453189726595
Pavel Šulc,CZE,FW,Lyon,1,25,2000,23,16,1398,15.5,11,3,14,11,0,0,2,0,0.9,,,,,,,,,,,,,,41,16,39.0,2.64,1.03,0.27,0.69,61,51.8,80.0,6,7,18.0,1,1.87,24,16,8,0.52,0.03,0,27,14,6,13,6,12,0,-6.68,14,1.1605415860735009,-0.6379453189726595
Niklas Süle,GER,DF,Dortmund,,30,1995,10,7,483,5.4,0,1,1,0,0,0,3,0,0.19,,,,,,,,,,,,,,2,1,50.0,0.37,0.19,0.0,0.0,48,17.9,61.0,1,3,18.0,8,2.0,12,7,5,0.93,-0.08,0,8,1,0,6,6,5,0,0.0,1,2.033271719038817,-0.6379453189726595
Ibrahim Sulemana,GHA,MF,Cagliari,A,22,2003,11,7,711,7.9,1,0,1,1,0,0,1,0,0.13,,,,,,,,,,,,,,8,2,25.0,1.01,0.25,0.13,0.5,65,23.9,87.0,5,4,25.0,1,0.73,5,14,-9,-1.14,-0.94,0,10,8,0,2,6,10,0,-0.74,1,2.02275600505689,-0.6379453189726595
Kamaldeen Sulemana,GHA,MF,Atalanta,A,24,2002,23,8,904,10.0,2,1,3,2,0,0,3,0,0.3,,,,,,,,,,,,,,21,9,42.9,2.09,0.9,0.1,0.22,39,30.4,69.0,1,15,23.0,6,1.61,17,10,7,0.7,0.3,0,11,14,4,19,2,5,0,-1.1,3,0.6993006993006993,-0.6379453189726595
Crysencio Summerville,NED,MF,West Ham United,League,24,2001,26,24,2023,22.5,5,1,6,5,0,0,4,0,0.27,,,,,,,,,,,,,,47,15,31.9,2.09,0.67,0.11,0.33,78,68.1,83.0,10,2,19.0,0,1.15,28,34,-6,-0.27,0.78,0,42,52,6,46,12,20,0,-3.35,6,1.4215904042647711,-0.6379453189726595
Yuito Suzuki,JPN,MF,Freiburg,,24,2001,24,17,1552,17.2,4,2,6,4,0,0,3,0,0.35,,,,,,,,,,,,,,37,14,37.8,2.15,0.81,0.11,0.29,65,57.5,78.0,6,7,31.0,4,1.29,30,30,0,0.0,0.31,0,19,9,2,18,10,12,0,-2.46,6,1.2783265543288784,-0.6379453189726595
Zion Suzuki,JPN,GK,Parma,A,23,2002,16,16,1440,16.0,0,0,0,0,0,0,1,0,0.0,22.0,1.37,69.0,49.0,69.6,2.0,7.0,7.0,4.0,25.0,1.0,1.0,0.0,0,0,,0.0,0.0,,,90,48.5,90.0,16,0,,2,0.81,11,22,-11,-0.69,-0.39,0,0,4,0,0,0,0,0,0.0,0,0.0,0.4563596652218045
Mattias Svanberg,SWE,MF,Wolfsburg,,27,1999,21,7,752,8.4,3,1,4,3,0,0,5,1,0.48,,,,,,,,,,,,,,17,7,41.2,2.03,0.84,0.18,0.43,36,27.9,67.0,0,14,20.0,1,0.86,11,22,-11,-1.32,-0.67,1,17,18,1,8,7,7,0,-1.74,4,1.6646848989298455,-0.6379453189726595
Daniel Svensson,SWE,MF,Dortmund,,24,2002,30,26,2317,25.7,2,2,4,2,0,0,0,0,0.16,,,,,,,,,,,,,,12,4,33.3,0.47,0.16,0.17,0.5,77,85.8,86.0,21,4,21.0,0,2.13,51,27,24,0.93,-0.48,0,27,20,2,126,20,25,0,-1.3199999999999998,4,1.750291715285881,-0.6379453189726595
Mile Svilar,SRB,GK,Roma,A,26,1999,33,33,2970,33.0,0,0,0,0,0,0,0,0,0.0,29.0,0.88,126.0,98.0,77.8,18.0,4.0,11.0,14.0,42.4,1.0,0.0,0.0,0,0,,0.0,0.0,,,90,100.0,90.0,33,0,,0,1.76,46,29,17,0.52,,0,0,7,0,0,1,1,0,0.0,0,0.06058770069675856,0.9026993143298925
Williot Swedberg,SWE,FW,Celta Vigo,Liga,22,2004,23,10,984,10.9,4,3,7,4,0,0,2,0,0.64,,,,,,,,,,,,,,20,11,55.0,1.83,1.01,0.2,0.36,43,35.3,60.0,0,13,29.0,2,1.39,15,14,1,0.09,-0.06,0,25,31,6,7,2,12,0,-1.7999999999999998,7,1.2832263978001832,-0.6379453189726595
Lamine Sy,MTN,DF,Auxerre,1,23,2002,20,14,1254,13.9,0,0,0,0,0,0,1,0,0.0,,,,,,,,,,,,,,9,1,11.1,0.65,0.07,0.0,0.0,63,46.4,84.0,10,6,13.0,10,0.8,13,17,-4,-0.29,0.34,0,17,13,2,36,16,24,0,0.0,0,2.8756290438533427,-0.6379453189726595
Wojciech Szczęsny,POL,GK,Barcelona,Liga,36,1990,6,6,540,6.0,0,0,0,0,0,0,0,0,0.0,11.0,1.83,25.0,16.0,60.0,4.0,0.0,2.0,0.0,0.0,1.0,1.0,0.0,0,0,,0.0,0.0,,,90,19.4,90.0,6,0,,22,2.0,13,11,2,0.33,-1.75,0,0,0,0,0,0,0,0,0.0,0,0.0,0.1905550952775476
Dominik Szoboszlai,HUN,MF,Liverpool,League,25,2000,31,31,2781,30.9,5,4,9,5,0,1,7,1,0.29,,,,,,,,,,,,,,61,19,31.1,1.97,0.61,0.08,0.26,90,93.6,90.0,29,0,,0,1.58,51,41,10,0.32,-0.15,0,32,26,2,171,26,29,0,-3.48,9,1.7793594306049823,-0.6379453189726595
Sebastian Szymański,POL,MF,Rennes,1,26,1999,12,7,573,6.4,1,3,4,1,0,0,1,0,0.63,,,,,,,,,,,,,,10,4,40.0,1.57,0.63,0.1,0.25,48,21.2,69.0,0,5,18.0,0,1.83,12,6,6,0.94,0.73,0,11,8,2,33,2,9,0,-0.6,4,1.7160686427457097,-0.6379453189726595
Alexander Sørloth,NOR,FW,Atlético Madrid,Liga,30,1995,30,18,1680,18.7,10,0,10,10,0,0,4,1,0.54,,,,,,,,,,,,,,54,28,51.9,2.89,1.5,0.19,0.36,56,60.2,75.0,7,12,28.0,0,1.8,31,22,9,0.48,-0.33,0,25,13,9,10,0,6,0,-4.68,10,0.32068412613575625,-0.6379453189726595
Musa Al-Taamari,JOR,MF,Rennes,1,28,1997,29,21,1881,20.9,5,5,10,5,0,0,4,0,0.48,,,,,,,,,,,,,,54,21,38.9,2.58,1.0,0.09,0.24,65,69.7,78.0,3,8,31.0,0,1.83,40,23,17,0.81,1.47,0,15,24,20,82,10,14,0,-3.1100000000000003,10,1.1477761836441893,-0.6379453189726595
Haris Tabakovic,BIH,FW,Gladbach,,31,1994,29,25,2132,23.7,11,3,14,11,0,2,3,0,0.59,,,,,,,,,,,,,,58,22,37.9,2.45,0.93,0.19,0.5,74,79.0,81.0,10,4,29.0,0,1.07,33,34,-1,-0.04,2.02,0,44,16,25,2,0,5,0,-6.82,14,0.21088148460565162,-0.6379453189726595
Nicolás Tagliafico,ARG,DF,Lyon,1,33,1992,19,14,1296,14.4,0,3,3,0,0,0,5,2,0.21,,,,,,,,,,,,,,15,1,6.7,1.04,0.07,0.0,0.0,68,48.0,85.0,8,5,21.0,3,1.47,21,14,7,0.49,-0.03,1,36,31,2,20,17,13,0,0.0,3,2.081887578070784,-0.6379453189726595
Jonathan Tah,GER,DF,Bayern Munich,,30,1996,24,21,1831,20.3,2,1,3,2,0,0,6,0,0.15,,,,,,,,,,,,,,8,5,62.5,0.39,0.25,0.25,0.4,76,67.8,85.0,17,3,17.0,5,2.63,70,19,51,2.51,-0.5,0,24,6,0,1,24,16,0,-0.75,3,1.969473165928114,-0.6379453189726595
Chemsdine Talbi,MAR,MF,Sunderland,League,20,2005,25,14,1362,15.1,4,1,5,4,0,0,0,0,0.33,,,,,,,,,,,,,,22,9,40.9,1.45,0.59,0.18,0.44,54,45.9,77.0,1,11,25.0,2,1.44,20,13,7,0.46,1.08,0,5,1,1,41,3,5,0,-2.38,5,0.5294506949040371,-0.6379453189726595
Montassar Talbi,TUN,DF,Lorient,1,27,1998,26,26,2340,26.0,0,1,1,0,0,0,3,0,0.04,,,,,,,,,,,,,,11,2,18.2,0.42,0.08,0.0,0.0,90,86.7,90.0,26,0,,0,1.42,37,40,-3,-0.12,0.13,0,7,13,0,5,24,17,0,0.0,1,1.576316801230296,-0.6379453189726595
Adrien Tameze,CMR,DF,Torino,A,32,1994,23,12,1119,12.4,0,0,0,0,0,0,3,0,0.0,,,,,,,,,,,,,,5,0,0.0,0.4,0.0,0.0,,49,37.7,77.0,5,11,18.0,10,1.13,13,26,-13,-1.05,-0.85,0,16,7,0,14,19,12,0,0.0,0,2.49798549556809,-0.6379453189726595
Ao Tanaka,JPN,MF,Leeds United,League,27,1998,23,9,931,10.3,2,0,2,2,0,0,1,0,0.19,,,,,,,,,,,,,,14,4,28.6,1.35,0.39,0.14,0.5,40,31.3,74.0,0,14,19.0,9,1.39,17,16,1,0.1,0.45,0,11,7,0,27,15,10,0,-1.44,2,2.424830261881668,-0.6379453189726595
Edmond Tapsoba,BFA,DF,Leverkusen,,27,1999,25,25,2215,24.6,5,3,8,5,0,0,6,0,0.33,,,,,,,,,,,,,,27,10,37.0,1.1,0.41,0.19,0.5,89,82.0,89.0,24,0,,0,1.8,52,32,20,0.81,1.0,0,25,1,1,10,19,13,0,-3.1,8,1.300284437220642,-0.6379453189726595
James Tarkowski,ENG,DF,Everton,League,33,1992,32,32,2880,32.0,1,1,2,1,0,0,5,0,0.06,,,,,,,,,,,,,,16,8,50.0,0.5,0.25,0.06,0.13,90,97.0,90.0,32,0,,0,1.47,40,37,3,0.09,2.09,0,24,31,2,7,26,25,0,-0.52,2,1.5932521087160263,-0.6379453189726595
César Tárrega,ESP,DF,Valencia,Liga,24,2002,25,22,1968,21.9,0,0,0,0,0,0,5,0,0.0,,,,,,,,,,,,,,8,1,12.5,0.37,0.05,0.0,0.0,79,70.5,87.0,21,3,16.0,4,1.16,23,32,-9,-0.41,-0.08,0,31,10,0,0,17,20,1,0.0,0,1.6887266088544044,-0.6379453189726595
Tylel Tati,FRA,DF,Nantes,1,18,2008,20,20,1721,19.1,0,0,0,0,0,0,5,1,0.0,,,,,,,,,,,,,,3,0,0.0,0.16,0.0,0.0,,86,65.9,86.0,17,0,,2,0.7,19,37,-18,-0.94,-0.64,0,25,15,0,1,14,13,0,0.0,0,1.4128728414442697,-0.6379453189726595
Nuno Tavares,POR,DF,Lazio,A,26,2000,20,15,1286,14.3,0,0,0,0,0,0,3,0,0.0,,,,,,,,,,,,,,15,1,6.7,1.05,0.07,0.0,0.0,64,43.3,80.0,9,5,16.0,9,1.35,17,13,4,0.28,0.28,0,14,19,4,92,16,18,0,0.0,0,2.375960866526904,-0.6379453189726595
Marcus Tavernier,ENG,MF,Bournemouth,League,27,1999,29,26,2300,25.6,6,4,10,4,2,2,5,0,0.31,,,,,,,,,,,,,,62,20,32.3,2.43,0.78,0.06,0.2,79,77.4,86.0,13,3,24.0,0,1.31,37,41,-4,-0.16,-0.69,0,29,32,4,92,14,18,0,-4.8,8,1.2495119094103864,-0.6379453189726595
Kenneth Taylor,NED,MF,Lazio,A,23,2002,14,14,1218,13.5,3,2,5,3,0,0,4,0,0.37,,,,,,,,,,,,,,16,6,37.5,1.18,0.44,0.19,0.5,87,41.0,87.0,8,0,,0,1.57,13,14,-1,-0.07,-0.33,0,13,12,0,9,9,11,0,-1.8599999999999999,5,1.4803849000740192,-0.6379453189726595
Loum Tchaouna,FRA,MF,Burnley,League,22,2003,24,9,866,9.6,1,0,1,1,0,0,1,0,0.1,,,,,,,,,,,,,,16,7,43.8,1.66,0.73,0.06,0.14,36,29.2,66.0,0,15,18.0,9,0.42,9,16,-7,-0.73,0.38,0,4,12,1,18,2,7,0,-0.5800000000000001,1,0.9365244536940688,-0.6379453189726595
Jackson Tchatchoua,CMR,MF,Wolves,League,24,2001,30,19,1840,20.4,0,1,1,0,0,0,3,0,0.05,,,,,,,,,,,,,,3,1,33.3,0.15,0.05,0.0,0.0,61,62.0,82.0,14,11,25.0,2,0.57,17,37,-20,-0.98,0.38,0,8,9,2,89,14,15,0,0.0,1,1.4208721215090643,-0.6379453189726595
Aurélien Tchouaméni,FRA,MF,Real Madrid,Liga,26,2000,28,26,2248,25.0,1,0,1,1,0,0,7,0,0.04,,,,,,,,,,,,,,36,6,16.7,1.44,0.24,0.03,0.17,80,80.6,85.0,19,2,16.0,0,2.32,51,24,27,1.08,-0.41,0,24,23,0,8,32,36,0,-0.8200000000000001,1,2.7189124350259894,-0.6379453189726595
Mathys Tel,FRA,MF,Tottenham Hotspur,League,20,2005,26,9,969,10.8,3,0,3,3,0,0,0,0,0.28,,,,,,,,,,,,,,27,7,25.9,2.51,0.65,0.11,0.43,37,32.6,75.0,2,17,17.0,7,0.81,20,20,0,0.0,0.49,0,12,18,3,66,1,10,0,-2.23,3,1.0175763182238668,-0.6379453189726595
Nathan Tella,NGA,MF,Leverkusen,,26,1999,15,8,721,8.0,0,2,2,0,0,0,2,0,0.25,,,,,,,,,,,,,,19,5,26.3,2.37,0.62,0.0,0.0,48,26.7,76.0,0,7,17.0,0,1.4,18,17,1,0.12,-0.69,0,13,17,5,26,3,4,0,0.0,2,0.8739076154806492,-0.6379453189726595
Nahuel Tenaglia,ARG,DF,Alavés,Liga,30,1996,29,29,2609,29.0,1,0,1,1,0,0,2,0,0.03,,,,,,,,,,,,,,16,4,25.0,0.55,0.14,0.06,0.25,90,93.5,90.0,28,0,,2,1.0,32,43,-11,-0.38,-0.38,0,24,31,3,17,37,32,0,-0.76,1,2.378490175801448,-0.6379453189726595
Filippo Terracciano,ITA,DF,Cremonese,A,23,2003,31,28,2569,28.5,2,0,2,2,0,0,6,0,0.07,,,,,,,,,,,,,,13,4,30.8,0.46,0.14,0.15,0.5,83,86.5,89.0,24,3,29.0,0,0.9,22,35,-13,-0.46,1.34,0,15,23,0,25,49,20,1,-1.4,2,2.420203437390389,-0.6379453189726595
Ramón Terrats,ESP,MF,Espanyol,Liga,25,2000,23,8,751,8.3,1,1,2,1,0,0,0,0,0.24,,,,,,,,,,,,,,9,3,33.3,1.08,0.36,0.11,0.33,33,26.9,64.0,0,15,16.0,4,1.09,8,17,-9,-1.08,-0.99,0,10,17,1,24,9,12,0,-0.6699999999999999,2,2.527075812274368,-0.6379453189726595
Martin Terrier,FRA,MF,Leverkusen,,29,1997,18,7,675,7.5,4,1,5,4,0,0,1,0,0.67,,,,,,,,,,,,,,17,6,35.3,2.27,0.8,0.24,0.67,38,25.0,63.0,0,11,22.0,3,1.61,15,12,3,0.4,-0.31,0,1,13,1,5,1,4,0,-2.56,5,0.6657789613848203,-0.6379453189726595
Tanner Tessmann,USA,MF,Lyon,1,24,2001,28,22,1896,21.1,1,0,1,1,0,0,2,0,0.05,,,,,,,,,,,,,,26,8,30.8,1.23,0.38,0.04,0.13,68,70.2,82.0,14,6,15.0,0,1.82,30,19,11,0.52,0.07,0,21,19,3,16,12,20,0,-0.6799999999999999,1,1.5158692562766458,-0.6379453189726595
Kenny Tete,NED,DF,Fulham,League,30,1995,22,21,1791,19.9,1,0,1,1,0,0,2,0,0.05,,,,,,,,,,,,,,16,3,18.8,0.8,0.15,0.06,0.33,81,60.3,85.0,15,1,8.0,2,1.55,24,24,0,0.0,0.23,0,27,31,1,34,26,38,0,-0.8200000000000001,1,3.2144650929181315,-0.6379453189726595
Jordan Teze,NED,MF,Monaco,1,26,1999,29,24,2164,24.0,0,2,2,0,0,0,8,0,0.08,,,,,,,,,,,,,,12,3,25.0,0.5,0.12,0.0,0.0,75,80.1,83.0,16,5,35.0,1,1.62,44,37,7,0.29,0.29,0,29,24,3,60,26,43,0,0.0,2,2.8738025822573925,-0.6379453189726595
Florian Thauvin,FRA,MF,Lens,1,33,1993,29,27,2228,24.8,9,5,14,7,2,3,5,0,0.48,,,,,,,,,,,,,,68,25,36.8,2.75,1.01,0.1,0.28,77,85.4,81.0,6,2,27.0,0,2.14,45,25,20,0.81,-1.08,0,17,33,6,183,11,17,0,-6.5,12,1.128577186618299,-0.6379453189726595
Arthur Theate,BEL,DF,Eintracht Frankfurt,,25,2000,23,23,2051,22.8,1,0,1,1,0,0,8,0,0.04,,,,,,,,,,,,,,15,7,46.7,0.66,0.31,0.07,0.14,89,76.0,89.0,20,0,,1,1.35,44,49,-5,-0.22,-0.64,0,14,13,1,13,31,20,0,-0.51,1,2.235861464270057,-0.6379453189726595
Igor Thiago,BRA,FW,Brentford,League,24,2001,33,32,2832,31.5,21,1,22,14,7,8,6,0,0.48,,,,,,,,,,,,,,76,39,51.3,2.42,1.24,0.18,0.36,86,95.4,88.0,25,1,31.0,0,1.45,45,41,4,0.13,0.13,0,62,23,20,14,11,19,0,-13.98,15,0.9520787051729609,-0.6379453189726595
Malick Thiaw,GER,DF,Newcastle United,League,24,2001,30,28,2515,27.9,4,0,4,4,0,0,4,0,0.14,,,,,,,,,,,,,,27,13,48.1,0.97,0.47,0.15,0.31,84,84.7,88.0,26,2,24.0,3,1.23,40,46,-6,-0.21,-0.81,0,22,10,2,8,26,28,0,-2.05,4,1.934790397706915,-0.6379453189726595
Jan Thielmann,GER,MF,Köln,,23,2002,23,20,1477,16.4,3,1,4,3,0,0,4,0,0.24,,,,,,,,,,,,,,26,10,38.5,1.58,0.61,0.12,0.3,64,54.7,72.0,4,3,15.0,0,1.13,21,28,-7,-0.43,-0.43,0,10,21,4,32,12,11,0,-1.8,4,1.4015843997562463,-0.6379453189726595
Adrien Thomasson,FRA,MF,Lens,1,32,1993,28,28,2383,26.5,3,8,11,3,0,0,9,0,0.42,,,,,,,,,,,,,,38,12,31.6,1.44,0.45,0.08,0.25,85,91.3,85.0,19,0,,0,2.11,52,27,25,0.94,-0.25,0,48,40,3,110,18,46,0,-2.04,11,2.4141833270463975,-0.6379453189726595
Morten Thorsby,NOR,MF,Genoa,A,29,1996,13,8,731,8.1,2,1,3,2,0,0,2,0,0.37,,,,,,,,,,,,,,10,4,40.0,1.23,0.49,0.2,0.5,56,24.6,79.0,3,5,20.0,10,1.31,14,13,1,0.12,0.4,0,15,5,5,5,3,1,0,-1.2,3,0.49321824907521583,-0.6379453189726595
Morten Thorsby,NOR,MF,Cremonese,A,29,1996,8,6,485,5.4,1,0,1,1,0,0,1,0,0.19,,,,,,,,,,,,,,11,4,36.4,2.04,0.74,0.09,0.25,61,16.3,78.0,4,2,10.0,0,0.5,2,11,-9,-1.67,-1.24,0,9,5,2,0,2,5,0,-0.64,1,1.2939001848428835,-0.6379453189726595
Kristian Thorstvedt,NOR,MF,Sassuolo,A,27,1999,27,22,2010,22.3,3,3,6,3,0,0,7,0,0.27,,,,,,,,,,,,,,35,12,34.3,1.57,0.54,0.09,0.25,74,67.7,85.0,19,5,26.0,0,1.63,34,30,4,0.18,0.84,0,28,46,1,12,25,15,0,-1.92,6,1.7929179740026893,-0.6379453189726595
Khéphren Thuram,FRA,MF,Juventus,A,25,2001,31,27,2236,24.8,3,2,5,3,0,0,2,0,0.2,,,,,,,,,,,,,,46,15,32.6,1.85,0.6,0.07,0.2,72,75.3,79.0,14,4,26.0,0,1.94,47,22,25,1.01,0.64,0,36,11,2,15,12,30,0,-1.95,5,1.6928657799274485,-0.6379453189726595
Marcus Thuram,FRA,FW,Inter,A,28,1997,26,21,1700,18.9,11,5,16,11,0,0,2,0,0.85,,,,,,,,,,,,,,65,26,40.0,3.44,1.38,0.17,0.42,65,57.2,76.0,5,5,22.0,1,2.42,42,17,25,1.32,-0.38,0,41,38,14,18,1,12,0,-6.58,16,0.6874669487043892,-0.6379453189726595
Cheikh Tidiane Sabaly,SEN,MF,Metz,1,27,1999,14,12,967,10.7,0,2,2,0,0,0,2,0,0.19,,,,,,,,,,,,,,8,4,50.0,0.74,0.37,0.0,0.0,69,35.8,79.0,6,2,13.0,0,0.79,8,24,-16,-1.49,-0.29,0,14,16,5,14,3,13,0,0.0,2,1.4939309056956116,-0.6379453189726595
Youri Tielemans,BEL,MF,Aston Villa,League,28,1997,20,17,1502,16.7,0,4,4,0,0,0,0,0,0.24,,,,,,,,,,,,,,18,4,22.2,1.08,0.24,0.0,0.0,75,50.6,85.0,12,3,22.0,0,2.0,25,21,4,0.24,0.12,0,22,30,1,33,12,30,0,0.0,4,2.5134649910233393,-0.6379453189726595
Phillip Tietz,GER,FW,Mainz 05,,28,1997,15,15,1274,14.2,3,1,4,3,0,1,2,0,0.28,,,,,,,,,,,,,,40,19,47.5,2.83,1.34,0.08,0.16,85,47.2,85.0,8,0,,0,1.73,22,17,5,0.35,1.24,0,25,14,12,4,6,3,0,-1.48,4,0.6333567909922591,-0.6379453189726595
Malik Tillman,USA,MF,Leverkusen,,23,2002,25,17,1551,17.2,6,1,7,6,0,0,1,0,0.41,,,,,,,,,,,,,,32,11,34.4,1.86,0.64,0.19,0.55,62,57.4,80.0,7,8,23.0,0,1.8,30,23,7,0.41,-0.53,0,16,27,1,16,17,28,0,-3.91,7,2.6147588611272514,-0.6379453189726595
Jurriën Timber,NED,DF,Arsenal,League,24,2001,30,28,2454,27.3,3,5,8,3,0,0,5,0,0.29,,,,,,,,,,,,,,25,7,28.0,0.92,0.26,0.12,0.43,82,82.6,85.0,23,2,34.0,0,2.23,51,20,31,1.14,0.09,0,38,29,0,46,24,35,0,-2.16,8,2.1603808128890516,-0.6379453189726595
Quinten Timber,NED,MF,Marseille,1,24,2001,11,11,885,9.8,0,0,0,0,0,0,2,0,0.0,,,,,,,,,,,,,,10,2,20.0,1.02,0.2,0.0,0.0,80,32.8,80.0,4,0,,0,1.55,12,15,-3,-0.31,-1.35,0,10,17,1,5,6,15,0,0.0,0,2.1406727828746175,-0.6379453189726595
Jean-Clair Todibo,FRA,DF,West Ham United,League,26,1999,20,20,1698,18.9,0,1,1,0,0,0,4,1,0.05,,,,,,,,,,,,,,2,0,0.0,0.11,0.0,0.0,,85,57.2,85.0,15,0,,6,1.0,25,33,-8,-0.42,0.21,0,8,3,1,1,16,24,0,0.0,1,2.1152829190904283,-0.6379453189726595
Corentin Tolisso,FRA,MF,Lyon,1,31,1994,26,23,1999,22.2,8,1,9,7,1,2,4,0,0.36,,,,,,,,,,,,,,45,23,51.1,2.03,1.04,0.16,0.3,77,74.0,83.0,14,3,30.0,0,1.62,35,23,12,0.54,0.16,0,39,48,3,41,15,18,0,-4.32,8,1.4858171994597027,-0.6379453189726595
Jeremy Toljan,GER,DF,Levante,Liga,31,1994,30,30,2602,28.9,1,3,4,1,0,0,7,0,0.14,,,,,,,,,,,,,,9,1,11.1,0.31,0.03,0.11,1.0,87,93.3,87.0,22,0,,0,0.97,34,45,-11,-0.38,1.53,0,26,18,2,60,26,34,0,-0.89,4,2.0754064337599445,-0.6379453189726595
Tiago Tomás,POR,MF,Stuttgart,,23,2002,23,9,931,10.3,4,3,7,4,0,0,3,0,0.68,,,,,,,,,,,,,,31,9,29.0,3.0,0.87,0.13,0.44,40,34.5,72.0,0,14,20.0,0,1.87,26,21,5,0.48,-0.28,0,12,26,3,10,4,7,0,-2.83,7,1.066925315227934,-0.6379453189726595
Fikayo Tomori,ENG,DF,Milan,A,28,1997,29,27,2306,25.6,0,2,2,0,0,0,5,0,0.08,,,,,,,,,,,,,,9,2,22.2,0.35,0.08,0.0,0.0,80,77.6,84.0,19,2,13.0,3,2.17,35,18,17,0.66,0.12,0,29,7,2,16,26,38,0,0.0,2,2.4990238188207727,-0.6379453189726595
Sandro Tonali,ITA,MF,Newcastle United,League,25,2000,31,27,2212,24.6,0,2,2,0,0,0,3,0,0.08,,,,,,,,,,,,,,30,7,23.3,1.22,0.28,0.0,0.0,71,74.5,80.0,13,4,12.0,0,1.26,26,34,-8,-0.33,-0.92,0,22,39,1,89,25,21,0,0.0,2,1.8691588785046727,-0.6379453189726595
Keke Topp,GER,FW,Werder Bremen,,22,2004,20,7,638,7.1,1,1,2,1,0,0,4,0,0.28,,,,,,,,,,,,,,25,3,12.0,3.53,0.42,0.04,0.33,32,23.6,65.0,1,13,14.0,7,0.9,9,10,-1,-0.14,0.6,0,16,7,2,5,1,5,0,-0.88,2,0.8438818565400844,-0.6379453189726595
Pablo Torre,ESP,MF,Mallorca,Liga,23,2003,28,13,1117,12.4,3,3,6,3,0,0,3,0,0.48,,,,,,,,,,,,,,15,8,53.3,1.21,0.64,0.2,0.38,40,40.0,67.0,1,15,16.0,3,1.07,16,21,-5,-0.4,-0.19,0,23,26,1,63,7,9,0,-1.4,6,1.2892828364222402,-0.6379453189726595
Ferrán Torres,ESP,FW,Barcelona,Liga,26,2000,28,20,1677,18.6,14,1,15,14,0,0,2,0,0.81,,,,,,,,,,,,,,62,33,53.2,3.33,1.77,0.23,0.42,60,60.1,73.0,5,8,26.0,1,2.5,44,17,27,1.45,-0.73,0,9,13,8,2,3,5,0,-6.409999999999999,15,0.429876410531972,-0.6379453189726595
Pau Torres,ESP,DF,Aston Villa,League,29,1997,18,16,1478,16.4,0,0,0,0,0,0,0,0,0.0,,,,,,,,,,,,,,7,0,0.0,0.43,0.0,0.0,,82,49.8,88.0,13,2,38.0,9,1.89,24,16,8,0.49,0.61,0,5,5,0,4,11,12,1,0.0,0,1.4015843997562463,-0.6379453189726595
Lucas Torró,ESP,MF,Osasuna,Liga,31,1994,28,26,1915,21.3,0,1,1,0,0,0,6,0,0.05,,,,,,,,,,,,,,19,5,26.3,0.89,0.23,0.0,0.0,68,68.6,74.0,12,2,1.0,1,1.18,23,29,-6,-0.28,-0.8,0,28,24,0,2,25,14,0,0.0,1,1.8301267010793052,-0.6379453189726595
Jordan Torunarigha,GER,DF,Hamburger SV,,28,1997,21,18,1702,18.9,0,0,0,0,0,0,2,0,0.0,,,,,,,,,,,,,,5,1,20.0,0.26,0.05,0.0,0.0,81,63.0,89.0,15,3,35.0,4,1.05,19,31,-12,-0.63,-0.36,0,18,10,0,3,26,17,0,0.0,0,2.2739291380222104,-0.6379453189726595
Abdoulaye Touré,GUI,MF,Le Havre,1,32,1994,11,8,740,8.2,2,0,2,2,0,1,2,0,0.24,,,,,,,,,,,,,,13,4,30.8,1.58,0.49,0.15,0.5,67,27.4,83.0,4,3,26.0,0,1.18,6,8,-2,-0.24,0.26,0,13,17,0,13,10,6,0,-1.4,2,1.9488428745432402,-0.6379453189726595
Alpha Touré,SEN,MF,Metz,1,20,2006,28,14,1477,16.4,0,1,1,0,0,0,5,0,0.06,,,,,,,,,,,,,,16,1,6.3,0.97,0.06,0.0,0.0,53,54.7,83.0,7,14,22.0,1,0.5,13,35,-22,-1.34,-0.09,0,27,23,0,12,10,21,0,0.0,1,1.8890920170627665,-0.6379453189726595
Bazoumana Touré,CIV,MF,Hoffenheim,,20,2006,26,25,2003,22.3,3,8,11,3,0,0,2,0,0.49,,,,,,,,,,,,,,37,9,24.3,1.66,0.4,0.08,0.33,77,74.2,79.0,9,1,27.0,3,1.69,43,38,5,0.22,-1.07,0,38,25,8,101,6,19,0,-2.2800000000000002,11,1.1205737337516808,-0.6379453189726595
Idrissa Touré,GER,MF,Pisa,A,27,1998,28,25,2115,23.5,1,0,1,1,0,0,4,1,0.04,,,,,,,,,,,,,,27,7,25.9,1.15,0.3,0.04,0.14,76,71.2,83.0,18,3,13.0,3,0.61,17,40,-23,-0.98,0.39,0,22,16,5,65,23,26,0,-0.72,1,2.084219481071884,-0.6379453189726595
Lucas Tousart,FRA,MF,Brest,1,28,1997,19,5,528,5.9,0,0,0,0,0,0,0,0,0.0,,,,,,,,,,,,,,6,2,33.3,1.02,0.34,0.0,0.0,28,20.2,60.0,0,14,16.0,3,1.42,4,11,-7,-1.19,-1.24,0,17,4,0,3,7,11,0,0.0,0,3.045685279187817,-0.6379453189726595
Mattéo Tramoni,FRA,MF,Pisa,A,26,2000,27,21,1600,17.8,2,2,4,1,1,1,3,0,0.17,,,,,,,,,,,,,,28,9,32.1,1.58,0.51,0.04,0.11,59,53.9,71.0,4,6,19.0,6,0.56,15,35,-20,-1.13,-0.07,0,16,15,2,68,15,21,0,-1.6400000000000001,3,2.021336327905671,-0.6379453189726595
Bertrand Traoré,BFA,MF,Sunderland,League,30,1995,12,9,632,7.0,1,0,1,1,0,0,1,0,0.14,,,,,,,,,,,,,,12,6,50.0,1.71,0.85,0.08,0.17,53,21.3,64.0,0,3,19.0,3,1.75,7,9,-2,-0.28,-0.21,0,11,12,1,13,2,4,0,-0.52,1,0.8559201141226819,-0.6379453189726595
Boubacar Traoré,MLI,MF,Metz,1,24,2001,19,16,1361,15.1,1,0,1,1,0,0,3,0,0.07,,,,,,,,,,,,,,18,3,16.7,1.19,0.2,0.06,0.33,72,50.4,82.0,6,3,17.0,0,0.47,13,32,-19,-1.26,0.09,0,29,5,0,2,15,26,0,-0.8200000000000001,1,2.71343481138319,-0.6379453189726595
Hamari Traoré,MLI,DF,Paris FC,1,34,1992,14,12,983,10.9,0,1,1,0,0,0,3,0,0.09,,,,,,,,,,,,,,4,0,0.0,0.37,0.0,0.0,,70,36.4,78.0,6,2,23.0,1,1.21,14,15,-1,-0.09,0.17,0,19,4,1,21,17,18,0,0.0,1,3.2080659945004584,-0.6379453189726595
Omar Traoré,GER,DF,Heidenheim,,28,1998,24,15,1381,15.3,0,2,2,0,0,0,2,0,0.13,,,,,,,,,,,,,,10,2,20.0,0.65,0.13,0.0,0.0,58,51.1,78.0,8,9,24.0,5,0.58,18,40,-22,-1.43,-0.68,0,20,18,2,33,15,10,0,0.0,2,1.6329196603527105,-0.6379453189726595
Kevin Trapp,GER,GK,Paris FC,1,35,1990,18,18,1620,18.0,0,0,0,0,0,0,2,0,0.0,25.0,1.39,69.0,48.0,71.0,6.0,8.0,4.0,6.0,33.3,5.0,1.0,1.0,0,0,,0.0,0.0,,,90,60.0,90.0,18,0,,11,1.44,22,25,-3,-0.17,0.08,0,0,5,0,0,1,0,0,0.0,0,0.05552470849528039,0.5423135933864214
Philipp Treu,GER,DF,Freiburg,,25,2000,25,21,1916,21.3,1,2,3,1,0,0,2,0,0.14,,,,,,,,,,,,,,16,4,25.0,0.75,0.19,0.06,0.25,77,71.0,86.0,15,4,27.0,3,1.32,26,33,-7,-0.33,-0.67,0,17,30,2,27,5,23,0,-0.76,3,1.3139371187236037,-0.6379453189726595
Christopher Trimmel,AUT,MF,Union Berlin,,39,1987,25,19,1625,18.1,0,2,2,0,0,0,7,0,0.11,,,,,,,,,,,,,,4,0,0.0,0.22,0.0,0.0,,65,60.2,76.0,6,6,30.0,4,1.16,23,27,-4,-0.22,0.95,0,24,7,0,155,7,21,0,0.0,2,1.5461071231363885,-0.6379453189726595
Kieran Trippier,ENG,DF,Newcastle United,League,35,1990,19,17,1501,16.7,0,1,1,0,0,0,3,0,0.06,,,,,,,,,,,,,,2,0,0.0,0.12,0.0,0.0,,79,50.5,84.0,11,2,35.0,5,0.95,19,26,-7,-0.42,-0.66,0,22,18,1,92,7,11,0,0.0,1,1.0771992818671454,-0.6379453189726595
Mariano Troilo,ARG,DF,Parma,A,22,2003,16,13,1175,13.1,1,0,1,1,0,0,7,2,0.08,,,,,,,,,,,,,,8,2,25.0,0.61,0.15,0.13,0.5,73,39.6,83.0,9,3,31.0,12,1.06,10,20,-10,-0.77,-0.47,1,22,18,0,1,10,13,0,-0.74,1,1.7543859649122808,-0.6379453189726595
Leandro Trossard,BEL,FW,Arsenal,League,31,1994,28,18,1731,19.2,5,5,10,5,0,0,1,0,0.52,,,,,,,,,,,,,,44,11,25.0,2.29,0.57,0.11,0.45,62,58.3,80.0,3,10,30.0,2,2.14,37,15,22,1.14,0.05,0,13,34,5,54,9,15,0,-3.79,10,1.2493492972410203,-0.6379453189726595
Adrien Truffert,FRA,DF,Bournemouth,League,24,2001,33,33,2929,32.5,1,3,4,1,0,0,4,0,0.12,,,,,,,,,,,,,,13,3,23.1,0.4,0.09,0.08,0.33,89,98.6,89.0,31,0,,0,1.45,50,47,3,0.09,6.68,0,36,25,0,129,40,45,0,-0.76,4,2.6145801291910185,-0.6379453189726595
Kostas Tsimikas,GRE,MF,Roma,A,29,1996,18,6,644,7.2,0,0,0,0,0,0,1,0,0.0,,,,,,,,,,,,,,7,0,0.0,0.98,0.0,0.0,,36,21.7,68.0,1,12,20.0,13,1.61,8,7,1,0.14,-0.48,0,9,8,1,43,8,5,0,0.0,0,1.8030513176144245,-0.6379453189726595
Heorhii Tsitaishvili,GEO,MF,Metz,1,25,2000,30,25,2179,24.2,3,2,5,3,0,0,2,0,0.21,,,,,,,,,,,,,,28,8,28.6,1.16,0.33,0.11,0.38,73,80.7,83.0,13,5,19.0,0,0.5,20,49,-29,-1.2,0.53,0,19,31,5,149,13,11,0,-2.12,5,0.9913258983890954,-0.6379453189726595
Viktor Tsyhankov,UKR,MF,Girona,Liga,28,1997,25,24,2011,22.3,5,4,9,5,0,0,2,0,0.4,,,,,,,,,,,,,,34,15,44.1,1.52,0.67,0.15,0.33,80,72.1,83.0,12,1,28.0,0,1.28,23,29,-6,-0.27,0.42,0,14,28,2,89,16,17,0,-2.75,9,1.4791573285522186,-0.6379453189726595
Axel Tuanzebe,COD,DF,Burnley,League,28,1997,11,11,931,10.3,1,0,1,1,0,0,1,0,0.1,,,,,,,,,,,,,,2,1,50.0,0.19,0.1,0.5,1.0,85,31.3,85.0,9,0,,0,0.73,13,22,-9,-0.87,0.19,0,10,2,1,1,9,6,1,-0.5,1,1.454898157129001,-0.6379453189726595
Kareem Tunde,ESP,MF,Levante,Liga,20,2005,15,13,934,10.4,0,1,1,0,0,0,3,0,0.1,,,,,,,,,,,,,,15,2,13.3,1.45,0.19,0.0,0.0,62,33.5,70.0,2,2,10.0,0,1.13,9,14,-5,-0.48,0.0,0,14,18,1,8,12,11,0,0.0,1,2.2094140249759846,-0.6379453189726595
Beñat Turrientes,ESP,MF,Real Sociedad,Liga,24,2002,21,12,1027,11.4,0,3,3,0,0,0,5,0,0.26,,,,,,,,,,,,,,18,6,33.3,1.58,0.53,0.0,0.0,49,36.8,67.0,2,9,24.0,9,1.57,18,14,4,0.35,0.5,0,21,15,0,8,6,22,0,0.0,3,2.4539877300613497,-0.6379453189726595
Destiny Udogie,ITA,DF,Tottenham Hotspur,League,23,2002,16,10,1008,11.2,0,1,1,0,0,0,3,0,0.09,,,,,,,,,,,,,,3,1,33.3,0.27,0.09,0.0,0.0,63,33.9,84.0,6,6,29.0,1,0.81,14,21,-7,-0.62,-0.44,0,14,18,3,22,4,14,0,0.0,1,1.6057091882247994,-0.6379453189726595
Matthieu Udol,FRA,MF,Lens,1,30,1996,29,29,2597,28.9,1,7,8,1,0,0,2,0,0.28,,,,,,,,,,,,,,42,15,35.7,1.46,0.52,0.02,0.07,90,99.5,90.0,26,0,,0,2.14,56,29,27,0.94,-5.99,0,28,25,2,99,45,16,0,-0.7,8,2.109996540989277,-0.6379453189726595
Manuel Ugarte,URU,MF,Manchester Utd,League,25,2001,22,8,887,9.9,0,0,0,0,0,0,1,0,0.0,,,,,,,,,,,,,,13,1,7.7,1.32,0.1,0.0,0.0,40,29.9,80.0,3,14,17.0,11,1.55,12,23,-11,-1.12,-2.15,0,24,15,0,1,20,30,0,0.0,0,5.045408678102926,-0.6379453189726595
Lesley Ugochukwu,FRA,MF,Burnley,League,22,2004,32,24,2114,23.5,3,1,4,3,0,0,3,1,0.17,,,,,,,,,,,,,,21,7,33.3,0.89,0.3,0.14,0.43,66,71.2,78.0,5,8,29.0,0,0.59,25,46,-21,-0.89,0.37,1,26,26,1,6,15,25,0,-2.02,4,1.7014036580178646,-0.6379453189726595
Filip Ugrinic,SUI,MF,Valencia,Liga,27,1999,20,13,1148,12.8,0,3,3,0,0,0,3,0,0.24,,,,,,,,,,,,,,16,2,12.5,1.25,0.16,0.0,0.0,57,41.1,76.0,2,7,24.0,4,1.05,12,19,-7,-0.55,-0.27,0,15,12,4,44,8,11,0,0.0,3,1.4832162373145978,-0.6379453189726595
Lukas Ullrich,GER,DF,Gladbach,,22,2004,21,13,1170,13.0,0,0,0,0,0,0,2,0,0.0,,,,,,,,,,,,,,10,2,20.0,0.77,0.15,0.0,0.0,56,43.3,78.0,4,8,20.0,9,0.71,14,28,-14,-1.08,-1.08,0,16,10,1,35,20,14,0,0.0,0,2.6133743274404306,-0.6379453189726595
Deniz Undav,GER,FW,Stuttgart,,29,1996,25,21,1904,21.2,18,6,24,18,0,1,5,0,1.13,,,,,,,,,,,,,,110,43,39.1,5.2,2.03,0.16,0.42,76,70.5,84.0,10,4,36.0,0,1.88,46,29,17,0.8,0.46,0,29,18,23,14,4,12,0,-11.120000000000001,24,0.7543611504007544,-0.6379453189726595
Dayot Upamecano,FRA,DF,Bayern Munich,,27,1998,22,20,1659,18.4,1,1,2,1,0,0,4,0,0.11,,,,,,,,,,,,,,8,2,25.0,0.43,0.11,0.13,0.5,75,61.4,81.0,12,2,23.0,6,2.73,71,18,53,2.88,0.54,0,15,5,0,6,20,24,0,-0.74,2,2.390005431830527,-0.6379453189726595
Jonas Urbig,GER,GK,Bayern Munich,,22,2003,10,8,810,9.0,0,0,0,0,0,0,0,0,0.0,9.0,1.0,27.0,19.0,70.4,7.0,0.0,1.0,5.0,62.5,1.0,0.0,1.0,0,0,,0.0,0.0,,,81,30.0,90.0,8,2,45.0,17,2.7,30,9,21,2.33,-0.48,0,0,1,0,0,0,0,0,0.0,0,0.0,0.5007174633278634
Can Uzun,TUR,MF,Eintracht Frankfurt,,20,2005,17,11,844,9.4,6,3,9,5,1,1,2,0,0.85,,,,,,,,,,,,,,27,10,37.0,2.88,1.07,0.19,0.5,50,31.3,64.0,1,6,23.0,2,1.35,25,19,6,0.64,1.03,0,12,18,0,13,2,7,0,-4.1,8,0.9564293304994687,-0.6379453189726595
Josha Vagnoman,GER,DF,Stuttgart,,25,2000,24,17,1511,16.8,1,3,4,1,0,0,3,0,0.24,,,,,,,,,,,,,,19,11,57.9,1.13,0.66,0.05,0.09,63,56.0,86.0,11,7,8.0,3,1.79,31,25,6,0.36,-0.7,0,17,15,0,33,3,19,0,-0.44999999999999996,4,1.3087447947650206,-0.6379453189726595
Lautaro Valenti,ARG,DF,Parma,A,27,1999,24,22,2012,22.4,0,0,0,0,0,0,6,0,0.0,,,,,,,,,,,,,,16,4,25.0,0.72,0.18,0.0,0.0,84,67.7,88.0,21,2,39.0,2,1.17,17,27,-10,-0.45,0.12,0,21,16,0,19,25,26,0,0.0,0,2.2757697456492636,-0.6379453189726595
Óscar Valentín,ESP,MF,Rayo Vallecano,Liga,31,1994,27,21,1733,19.3,1,0,1,1,0,0,3,1,0.05,,,,,,,,,,,,,,13,4,30.8,0.68,0.21,0.08,0.25,64,62.1,76.0,9,6,23.0,3,1.19,15,16,-1,-0.05,0.63,0,23,18,0,2,21,33,0,-0.6799999999999999,1,2.796478508544795,-0.6379453189726595
Nicolás Valentini,ARG,DF,Hellas Verona,A,25,2001,17,12,1140,12.7,0,0,0,0,0,0,4,0,0.0,,,,,,,,,,,,,,10,4,40.0,0.79,0.32,0.0,0.0,67,38.4,88.0,11,5,17.0,6,0.76,9,20,-11,-0.87,0.21,0,19,7,0,11,12,14,0,0.0,0,2.0456333595594023,-0.6379453189726595
Germán Valera,ESP,MF,Elche,Liga,24,2002,30,28,2389,26.5,4,4,8,4,0,0,3,0,0.3,,,,,,,,,,,,,,24,8,33.3,0.9,0.3,0.17,0.5,80,85.6,84.0,14,2,20.0,0,1.03,34,41,-7,-0.26,-0.04,0,30,61,4,81,16,34,0,-2.6399999999999997,8,1.886080724254998,-0.6379453189726595
Emanuele Valeri,ITA,MF,Parma,A,27,1998,29,25,2301,25.6,0,2,2,0,0,0,2,0,0.08,,,,,,,,,,,,,,18,4,22.2,0.7,0.16,0.0,0.0,79,77.5,87.0,22,4,32.0,0,1.28,19,29,-10,-0.39,0.42,0,21,23,1,204,18,30,0,0.0,2,1.8742678641155797,-0.6379453189726595
Martin Valjent,SVK,DF,Mallorca,Liga,30,1995,30,30,2700,30.0,0,0,0,0,0,0,5,0,0.0,,,,,,,,,,,,,,14,7,50.0,0.47,0.23,0.0,0.0,90,96.8,90.0,30,0,,0,1.03,36,48,-12,-0.4,-3.4,0,28,9,0,2,18,24,0,0.0,0,1.3995334888370543,-0.6379453189726595
Álex Valle,ESP,DF,Como,A,21,2004,25,20,1822,20.2,1,4,5,1,0,0,3,0,0.25,,,,,,,,,,,,,,11,2,18.2,0.54,0.1,0.09,0.5,73,61.3,87.0,17,5,17.0,8,1.76,32,17,15,0.74,-0.36,0,33,16,1,39,23,28,0,-0.8200000000000001,5,2.523503216229589,-0.6379453189726595
Álvaro Vallés,ESP,GK,Real Betis,Liga,28,1997,22,22,1980,22.0,0,0,0,0,0,0,1,0,0.0,27.0,1.23,88.0,64.0,71.6,7.0,11.0,4.0,7.0,31.8,2.0,1.0,1.0,0,0,,0.0,0.0,,,90,71.0,90.0,22,0,,9,1.45,32,27,5,0.23,0.01,0,0,3,0,0,0,0,0,0.0,0,0.0,0.5839097234449793
Federico Valverde,URU,MF,Real Madrid,Liga,27,1998,29,27,2380,26.4,5,7,12,5,0,0,3,1,0.45,,,,,,,,,,,,,,45,18,40.0,1.7,0.68,0.11,0.28,82,85.3,85.0,19,2,40.0,0,2.31,57,24,33,1.25,0.59,0,16,12,1,28,21,23,0,-3.02,12,1.6660355925785688,-0.6379453189726595
Ignace Van Der Brempt,BEL,DF,Como,A,24,2002,16,10,826,9.2,0,1,1,0,0,0,2,0,0.11,,,,,,,,,,,,,,2,0,0.0,0.22,0.0,0.0,,52,27.8,74.0,4,6,14.0,13,1.88,18,10,8,0.87,-0.01,0,19,14,0,10,8,8,0,0.0,1,1.737242128121607,-0.6379453189726595
Virgil van Dijk,NED,DF,Liverpool,League,34,1991,33,33,2970,33.0,4,0,4,4,0,0,4,0,0.12,,,,,,,,,,,,,,24,11,45.8,0.73,0.33,0.17,0.36,90,100.0,90.0,33,0,,0,1.67,54,43,11,0.33,,0,16,15,1,1,19,15,0,-2.13,4,1.0299909118448956,-0.6379453189726595
Vladyslav Vanat,UKR,FW,Girona,Liga,24,2002,27,27,1942,21.6,9,1,10,6,3,3,4,0,0.32,,,,,,,,,,,,,,27,18,66.7,1.25,0.83,0.22,0.33,72,69.6,72.0,7,0,,0,1.37,21,26,-5,-0.23,0.51,0,28,17,20,5,3,3,0,-5.04,7,0.27764923646459966,-0.6379453189726595
Jari Vandeputte,BEL,MF,Cremonese,A,30,1996,28,22,1744,19.4,1,4,5,1,0,0,2,0,0.26,,,,,,,,,,,,,,19,7,36.8,0.98,0.36,0.05,0.14,62,58.7,72.0,6,6,27.0,3,0.96,15,23,-8,-0.41,0.54,0,31,25,1,140,18,21,0,-0.6499999999999999,5,2.009273570324575,-0.6379453189726595
Vanderson,BRA,DF,Monaco,1,24,2001,14,7,616,6.8,0,2,2,0,0,0,4,0,0.29,,,,,,,,,,,,,,3,0,0.0,0.44,0.0,0.0,,44,22.8,66.0,2,7,22.0,1,1.43,9,11,-2,-0.29,-0.68,0,15,2,0,33,19,13,0,0.0,2,4.698972099853157,-0.6379453189726595
Maarten Vandevoordt,BEL,GK,RB Leipzig,,24,2002,9,8,782,8.7,0,0,0,0,0,0,0,0,0.0,9.0,1.04,33.0,25.0,72.7,6.0,1.0,1.0,2.0,25.0,0.0,1.0,0.0,0,0,,0.0,0.0,,,87,29.0,90.0,8,1,62.0,21,2.22,19,9,10,1.15,0.59,0,0,1,0,0,0,0,0,0.0,0,0.0,0.43254326812595345
Charles Vanhoutte,BEL,MF,Nice,1,27,1998,23,20,1725,19.2,0,2,2,0,0,0,7,0,0.1,,,,,,,,,,,,,,4,1,25.0,0.21,0.05,0.0,0.0,75,63.9,83.0,10,3,25.0,2,1.04,23,33,-10,-0.52,0.59,0,34,8,0,13,21,26,0,0.0,2,2.4466423737636647,-0.6379453189726595
Jamie Vardy,ENG,FW,Cremonese,A,39,1987,25,21,1827,20.3,5,2,7,5,0,0,4,0,0.34,,,,,,,,,,,,,,26,12,46.2,1.28,0.59,0.19,0.42,73,61.5,81.0,14,4,29.0,1,0.76,15,27,-12,-0.59,0.12,0,17,18,15,13,3,9,0,-2.7199999999999998,7,0.5908419497784342,-0.6379453189726595
Ruben Vargas,SUI,MF,Sevilla,Liga,27,1998,17,14,1142,12.7,3,5,8,2,1,1,1,0,0.55,,,,,,,,,,,,,,27,6,22.2,2.13,0.47,0.07,0.33,67,40.9,76.0,2,3,28.0,0,1.12,14,22,-8,-0.63,-0.41,0,10,12,6,56,6,11,0,-2.58,7,1.3375295043273014,-0.6379453189726595
Nikola Vasilj,BIH,GK,St Pauli,,30,1995,30,30,2700,30.0,0,0,0,0,0,0,0,0,0.0,51.0,1.7,152.0,106.0,68.4,6.0,8.0,16.0,5.0,16.7,3.0,2.0,0.0,0,0,,0.0,0.0,,,90,100.0,90.0,30,0,,0,0.87,26,51,-25,-0.83,,0,0,1,0,0,1,1,0,0.0,0,0.06664445184938353,0.47310078285285645
Johan Vásquez,MEX,DF,Genoa,A,27,1998,33,33,2945,32.7,0,0,0,0,0,0,2,0,0.0,,,,,,,,,,,,,,23,5,21.7,0.7,0.15,0.0,0.0,89,99.2,89.0,31,0,,0,1.18,38,45,-7,-0.21,-3.81,0,21,39,1,19,43,31,0,0.0,0,2.2623051054723327,-0.6379453189726595
Denis Vavro,SVK,DF,Wolfsburg,,30,1996,13,9,816,9.1,1,0,1,1,0,0,2,0,0.11,,,,,,,,,,,,,,10,4,40.0,1.1,0.44,0.1,0.25,63,30.2,89.0,7,4,5.0,8,0.85,12,24,-12,-1.32,-0.7,0,8,5,0,4,9,5,0,-0.6,1,1.5367727771679474,-0.6379453189726595
José Luis García Vayá,ESP,MF,Valencia,Liga,27,1998,24,20,1719,19.1,2,0,2,1,1,3,3,0,0.05,,,,,,,,,,,,,,22,3,13.6,1.15,0.16,0.05,0.33,72,61.6,82.0,8,4,21.0,7,1.08,15,28,-13,-0.68,-0.76,0,27,12,1,44,15,25,0,-1.85,1,2.0931449502878072,-0.6379453189726595
Franco Vázquez,ARG,FW,Cremonese,A,37,1989,15,4,524,5.8,1,1,2,1,0,0,1,0,0.34,,,,,,,,,,,,,,12,4,33.3,2.06,0.69,0.08,0.25,35,17.6,74.0,1,11,21.0,5,0.93,5,11,-6,-1.03,-0.48,0,9,16,0,19,4,12,0,-0.6799999999999999,2,2.753872633390706,-0.6379453189726595
Jesus Vazquez,ESP,DF,Valencia,Liga,23,2003,18,5,757,8.4,0,0,0,0,0,0,2,0,0.0,,,,,,,,,,,,,,8,2,25.0,0.95,0.24,0.0,0.0,42,27.1,88.0,4,13,24.0,13,1.22,15,12,3,0.36,1.02,0,15,6,2,21,2,8,0,0.0,0,1.1890606420927468,-0.6379453189726595
Lucas Vázquez,ESP,MF,Leverkusen,,34,1991,11,6,474,5.3,1,2,3,1,0,0,2,0,0.57,,,,,,,,,,,,,,4,1,25.0,0.76,0.19,0.25,1.0,43,17.6,63.0,1,5,20.0,3,2.0,11,2,9,1.71,1.3,0,6,8,1,19,2,4,0,-0.75,3,1.1299435028248588,-0.6379453189726595
Luis Vázquez,ARG,FW,Getafe,Liga,24,2001,11,11,830,9.2,3,0,3,3,0,0,1,0,0.33,,,,,,,,,,,,,,14,7,50.0,1.52,0.76,0.21,0.43,75,29.7,75.0,1,0,,0,1.82,10,4,6,0.65,1.16,0,19,20,13,2,4,3,0,-1.53,3,0.7600434310532032,-0.6379453189726595
Matías Vecino,URU,MF,Lazio,A,34,1991,13,5,603,6.7,0,1,1,0,0,0,1,0,0.15,,,,,,,,,,,,,,7,1,14.3,1.04,0.15,0.0,0.0,46,20.3,73.0,2,8,30.0,2,1.62,7,4,3,0.45,0.41,0,8,3,0,0,7,9,0,0.0,1,2.384500745156483,-0.6379453189726595
Danilo Veiga,POR,DF,Lecce,A,23,2002,31,28,2597,28.9,0,1,1,0,0,0,7,0,0.03,,,,,,,,,,,,,,6,2,33.3,0.21,0.07,0.0,0.0,84,87.4,88.0,26,3,41.0,1,0.9,20,38,-18,-0.62,0.82,0,40,41,1,79,25,47,0,0.0,1,2.4904877205119336,-0.6379453189726595
Renato Veiga,POR,DF,Villarreal,Liga,22,2003,27,22,2031,22.6,0,0,0,0,0,0,3,1,0.0,,,,,,,,,,,,,,8,3,37.5,0.35,0.13,0.0,0.0,75,72.8,88.0,21,5,21.0,2,1.89,39,30,9,0.4,-0.91,0,16,4,3,2,25,6,0,0.0,0,1.3710747456877486,-0.6379453189726595
Joël Veltman,NED,DF,Brighton,League,34,1992,20,8,853,9.5,1,0,1,1,0,0,4,0,0.11,,,,,,,,,,,,,,3,1,33.3,0.32,0.11,0.33,1.0,43,28.7,86.0,7,12,14.0,8,1.8,14,11,3,0.32,0.19,0,9,19,2,12,18,17,0,-0.6699999999999999,1,3.680336487907466,-0.6379453189726595
Micky van de Ven,NED,DF,Tottenham Hotspur,League,25,2001,30,30,2591,28.8,4,1,5,4,0,0,8,1,0.17,,,,,,,,,,,,,,15,6,40.0,0.52,0.21,0.27,0.67,86,87.2,86.0,27,0,,1,0.93,37,43,-6,-0.21,0.98,0,23,18,1,3,20,17,0,-2.38,5,1.2842762929538354,-0.6379453189726595
Unai Vencedor Paris,ESP,MF,Levante,Liga,25,2000,16,11,812,9.0,0,0,0,0,0,0,3,1,0.0,,,,,,,,,,,,,,0,0,,0.0,0.0,,,51,29.1,67.0,0,5,15.0,7,0.88,7,16,-9,-1.0,-0.72,0,25,8,0,23,4,13,0,0.0,0,1.8867924528301887,-0.6379453189726595
Nikolas Veratschnig,AUT,MF,Mainz 05,,23,2003,20,6,639,7.1,0,1,1,0,0,0,3,0,0.14,,,,,,,,,,,,,,4,1,25.0,0.56,0.14,0.0,0.0,32,23.7,67.0,2,14,17.0,5,1.15,9,11,-2,-0.28,0.02,0,12,9,1,20,10,11,0,0.0,1,2.9535864978902957,-0.6379453189726595
Bart Verbruggen,NED,GK,Brighton,League,23,2002,33,33,2970,33.0,0,0,0,0,0,0,3,0,0.0,39.0,1.18,127.0,92.0,73.2,12.0,11.0,10.0,8.0,24.2,5.0,1.0,0.0,0,0,,0.0,0.0,,,90,100.0,90.0,33,0,,0,1.42,45,39,6,0.18,,0,2,2,0,0,0,1,1,0.0,0,0.03029385034837928,0.6393141937410409
Calvin Verdonk,IDN,DF,Lille,1,28,1997,15,7,726,8.1,0,0,0,0,0,0,3,1,0.0,,,,,,,,,,,,,,2,0,0.0,0.25,0.0,0.0,,48,26.9,84.0,3,8,18.0,6,1.67,9,9,0,0.0,-0.68,0,14,3,0,26,15,9,0,0.0,0,2.9593094944512948,-0.6379453189726595
Antonio Vergara,ITA,MF,Napoli,A,23,2003,11,8,601,6.7,1,2,3,1,0,0,2,0,0.45,,,,,,,,,,,,,,10,3,30.0,1.5,0.45,0.1,0.33,55,20.2,73.0,1,3,7.0,15,2.09,10,9,1,0.15,-0.38,0,16,20,2,11,4,9,0,-0.7,3,1.9374068554396424,-0.6379453189726595
Arthur Vermeeren,BEL,MF,Marseille,1,21,2005,16,8,658,7.3,0,1,1,0,0,0,1,1,0.14,,,,,,,,,,,,,,2,0,0.0,0.27,0.0,0.0,,41,24.4,69.0,4,8,13.0,10,1.81,11,10,1,0.14,-0.61,0,12,1,0,3,6,8,0,0.0,1,1.915184678522572,-0.6379453189726595
Guglielmo Vicario,ITA,GK,Tottenham Hotspur,League,29,1996,31,31,2790,31.0,0,0,0,0,0,0,1,0,0.0,50.0,1.61,131.0,83.0,63.4,7.0,9.0,15.0,7.0,22.6,2.0,0.0,0.0,0,0,,0.0,0.0,,,90,93.9,90.0,31,0,,0,0.97,40,50,-10,-0.32,0.18,0,0,3,0,0,0,1,0,0.0,0,0.032247662044501774,0.47068133349745106
Carlos Vicente,ESP,MF,Alavés,Liga,26,1999,21,11,1258,14.0,5,0,5,2,3,3,1,0,0.14,,,,,,,,,,,,,,12,6,50.0,0.86,0.43,0.17,0.33,60,45.1,79.0,6,10,39.0,0,1.05,12,19,-7,-0.5,-0.27,0,12,42,10,128,7,18,0,-3.98,2,1.7844396859386153,-0.6379453189726595
Nacho Vidal,ESP,DF,Oviedo,Liga,31,1995,22,21,1759,19.5,0,0,0,0,0,0,4,0,0.0,,,,,,,,,,,,,,10,3,30.0,0.51,0.15,0.0,0.0,80,63.0,83.0,14,1,25.0,2,0.95,16,24,-8,-0.41,0.99,0,22,25,1,31,22,25,0,0.0,0,2.409021014864172,-0.6379453189726595
Fabio Vieira,POR,MF,Hamburger SV,,25,2000,25,21,1861,20.7,5,5,10,4,1,1,4,2,0.44,,,,,,,,,,,,,,47,16,34.0,2.27,0.77,0.09,0.25,74,68.9,84.0,8,4,24.0,0,1.04,22,31,-9,-0.44,0.21,1,14,34,1,48,13,6,0,-3.56,9,0.9174311926605504,-0.6379453189726595
Federico Viñas,URU,FW,Oviedo,Liga,27,1998,27,22,1928,21.4,9,1,10,7,2,2,5,3,0.37,,,,,,,,,,,,,,45,21,46.7,2.1,0.98,0.16,0.33,71,69.1,82.0,9,5,26.0,0,0.96,18,29,-11,-0.51,0.84,1,36,59,8,3,10,27,0,-5.640000000000001,8,1.7281644091546007,-0.6379453189726595
Jan Virgili,ESP,MF,Mallorca,Liga,19,2006,24,17,1495,16.6,1,4,5,1,0,0,0,1,0.3,,,,,,,,,,,,,,27,12,44.4,1.63,0.72,0.04,0.08,62,53.6,79.0,4,7,21.0,0,1.13,24,24,0,0.0,0.63,0,14,21,2,32,6,9,0,-0.52,5,0.9030704394942803,-0.6379453189726595
Martin Vitík,CZE,DF,Bologna,A,23,2003,18,14,1311,14.6,0,0,0,0,0,0,3,0,0.0,,,,,,,,,,,,,,8,2,25.0,0.55,0.14,0.0,0.0,73,44.1,81.0,11,4,43.0,12,1.67,17,18,-1,-0.07,-0.29,0,23,4,0,2,8,22,0,0.0,0,2.053388090349076,-0.6379453189726595
Vitinha,POR,MF,Paris Saint-Germain,1,26,2000,27,23,2007,22.3,1,7,8,1,0,0,2,0,0.36,,,,,,,,,,,,,,32,10,31.3,1.43,0.45,0.03,0.1,74,79.6,82.0,18,4,32.0,1,2.3,48,19,29,1.3,-0.1,0,13,19,0,21,24,19,0,-0.7,8,1.927386822052891,-0.6379453189726595
Vitinha,POR,FW,Genoa,A,26,2000,31,24,1871,20.8,5,1,6,5,0,0,4,0,0.29,,,,,,,,,,,,,,58,17,29.3,2.79,0.82,0.09,0.29,60,63.0,73.0,2,7,17.0,2,1.13,25,30,-5,-0.24,-0.16,0,29,59,12,58,11,26,0,-3.4699999999999998,6,1.7779913503123497,-0.6379453189726595
Daniel Vivian,ESP,DF,Athletic Club,Liga,26,1999,26,25,2278,25.3,1,0,1,1,0,0,8,1,0.04,,,,,,,,,,,,,,14,5,35.7,0.55,0.2,0.07,0.2,88,81.6,89.0,24,1,58.0,0,1.15,24,36,-12,-0.47,-0.47,0,37,15,1,10,33,34,0,-0.6499999999999999,1,2.6471750296325562,-0.6379453189726595
Odysseas Vlachodimos,GRE,GK,Sevilla,Liga,31,1994,27,27,2430,27.0,0,0,0,0,0,0,1,0,0.0,44.0,1.63,111.0,76.0,67.6,8.0,6.0,13.0,4.0,14.8,8.0,1.0,1.0,0,0,,0.0,0.0,,,90,87.1,90.0,27,0,,2,1.11,32,44,-12,-0.44,-0.44,0,0,0,0,0,1,0,0,0.0,0,0.03702332469455757,0.4287429847467976
Dušan Vlahović,SRB,FW,Juventus,A,26,2000,14,8,692,7.7,3,1,4,2,1,1,0,0,0.39,,,,,,,,,,,,,,30,11,36.7,3.9,1.43,0.07,0.18,49,23.3,71.0,1,6,20.0,1,1.71,12,9,3,0.39,-0.6,0,7,15,4,3,2,3,0,-2.23,3,0.648508430609598,-0.6379453189726595
Nikola Vlašić,CRO,MF,Torino,A,28,1997,32,31,2593,28.8,7,3,10,3,4,4,7,0,0.21,,,,,,,,,,,,,,43,16,37.2,1.49,0.56,0.07,0.19,81,87.3,83.0,18,1,33.0,0,1.22,30,48,-18,-0.62,-0.86,0,39,40,4,45,20,36,0,-5.88,6,1.9437695244706699,-0.6379453189726595
Mërgim Vojvoda,KVX,MF,Como,A,31,1995,27,18,1533,17.0,2,2,4,2,0,0,2,0,0.23,,,,,,,,,,,,,,18,7,38.9,1.06,0.41,0.11,0.29,57,51.6,70.0,4,9,30.0,6,1.85,33,14,19,1.12,0.49,0,15,12,5,65,14,4,0,-1.23,4,1.0582010582010581,-0.6379453189726595
Cristian Volpato,ITA,FW,Sassuolo,A,22,2003,19,9,879,9.8,2,4,6,2,0,0,3,0,0.61,,,,,,,,,,,,,,14,6,42.9,1.43,0.61,0.14,0.33,46,29.6,71.0,0,10,24.0,8,1.47,17,13,4,0.41,0.71,0,14,6,0,40,3,9,0,-1.16,6,1.2232415902140672,-0.6379453189726595
Alexis Vossah,FRA,MF,Toulouse,1,18,2008,20,9,873,9.7,1,1,2,1,0,0,3,1,0.21,,,,,,,,,,,,,,8,2,25.0,0.82,0.21,0.13,0.5,44,32.3,73.0,2,11,20.0,6,1.25,19,12,7,0.72,1.12,0,14,8,0,5,5,5,0,-0.74,2,1.0298661174047374,-0.6379453189726595
Aster Vranckx,BEL,MF,Sassuolo,A,23,2002,15,9,687,7.6,0,0,0,0,0,0,2,0,0.0,,,,,,,,,,,,,,3,1,33.3,0.39,0.13,0.0,0.0,46,23.1,63.0,0,6,21.0,13,0.93,4,9,-5,-0.66,-0.73,0,16,17,1,5,0,8,0,0.0,0,1.0512483574244416,-0.6379453189726595
Stefan de Vrij,NED,DF,Inter,A,34,1992,9,6,500,5.6,0,0,0,0,0,0,1,0,0.0,,,,,,,,,,,,,,5,2,40.0,0.9,0.36,0.0,0.0,56,16.8,81.0,4,3,5.0,24,2.78,16,4,12,2.16,0.81,0,4,4,0,0,4,9,0,0.0,0,2.3172905525846703,-0.6379453189726595
İsak Vural,TUR,MF,Pisa,A,19,2006,10,5,464,5.2,0,0,0,0,0,0,3,0,0.0,,,,,,,,,,,,,,3,0,0.0,0.58,0.0,0.0,,46,15.6,73.0,1,5,20.0,6,0.8,4,9,-5,-0.97,0.14,0,9,23,0,5,2,3,0,0.0,0,0.9596928982725528,-0.6379453189726595
Luka Vušković,CRO,DF,Hamburger SV,,19,2007,25,25,2250,25.0,5,0,5,4,1,1,5,0,0.16,,,,,,,,,,,,,,29,8,27.6,1.16,0.32,0.14,0.5,90,83.3,90.0,25,0,,1,1.16,31,38,-7,-0.28,1.32,0,25,30,1,2,31,16,0,-3.88,4,1.879248300679728,-0.6379453189726595
Elye Wahi,CIV,FW,Nice,1,23,2003,11,9,728,8.1,4,1,5,4,0,0,3,0,0.62,,,,,,,,,,,,,,18,11,61.1,2.23,1.36,0.22,0.36,66,27.0,73.0,1,2,37.0,0,1.0,10,14,-4,-0.49,0.33,0,15,3,17,9,2,3,0,-1.58,5,0.6165228113440198,-0.6379453189726595
Hauke Wahl,GER,DF,St Pauli,,32,1994,26,26,2295,25.5,2,1,3,2,0,0,1,0,0.12,,,,,,,,,,,,,,9,4,44.4,0.35,0.16,0.22,0.5,88,85.0,88.0,25,0,,0,0.88,22,40,-18,-0.71,0.85,0,9,12,3,11,24,30,0,-1.12,3,2.116816934535476,-0.6379453189726595
Luca Waldschmidt,GER,FW,Köln,,29,1996,21,6,564,6.3,4,3,7,2,2,2,1,0,0.8,,,,,,,,,,,,,,19,9,47.4,3.03,1.44,0.11,0.22,27,20.9,60.0,0,15,14.0,7,0.81,14,9,5,0.8,1.3,0,4,6,2,15,3,3,0,-3.01,5,0.9508716323296356,-0.6379453189726595
Kyle Walker,ENG,DF,Burnley,League,35,1990,31,30,2646,29.4,0,2,2,0,0,0,9,0,0.07,,,,,,,,,,,,,,3,0,0.0,0.1,0.0,0.0,,85,89.1,88.0,27,1,9.0,1,0.65,27,58,-31,-1.05,-0.5,0,28,20,1,33,36,25,0,0.0,2,2.074124447466848,-0.6379453189726595
Kyle Walker-Peters,ENG,DF,West Ham United,League,29,1997,20,12,1139,12.7,1,0,1,1,0,0,2,0,0.08,,,,,,,,,,,,,,5,3,60.0,0.4,0.24,0.2,0.33,57,38.4,86.0,10,8,14.0,13,1.0,15,22,-7,-0.55,-0.06,0,9,22,1,15,8,26,0,-0.3999999999999999,1,2.675059008654603,-0.6379453189726595
Sebastian Walukiewicz,POL,DF,Sassuolo,A,26,2000,31,30,2582,28.7,0,1,1,0,0,0,7,0,0.03,,,,,,,,,,,,,,7,0,0.0,0.24,0.0,0.0,,83,86.9,85.0,24,1,22.0,0,1.35,34,38,-4,-0.14,-0.37,0,33,12,1,45,22,33,0,0.0,1,1.9157088122605364,-0.6379453189726595
Aaron Wan-Bissaka,COD,DF,West Ham United,League,28,1997,22,21,1903,21.1,0,2,2,0,0,0,4,0,0.09,,,,,,,,,,,,,,0,0,,0.0,0.0,,,87,64.1,88.0,18,1,45.0,3,1.09,27,39,-12,-0.57,-0.15,0,21,12,1,40,39,21,0,0.0,2,2.842254855518711,-0.6379453189726595
James Ward-Prowse,ENG,MF,Burnley,League,31,1994,8,5,497,5.5,0,1,1,0,0,0,1,0,0.18,,,,,,,,,,,,,,1,1,100.0,0.18,0.18,0.0,0.0,62,16.7,84.0,3,3,25.0,1,0.63,6,12,-6,-1.09,-0.1,0,3,6,0,40,13,3,0,0.0,1,2.9038112522686026,-0.6379453189726595
Ollie Watkins,ENG,FW,Aston Villa,League,30,1995,32,29,2458,27.3,11,2,13,11,0,0,3,0,0.48,,,,,,,,,,,,,,67,29,43.3,2.45,1.06,0.16,0.38,77,82.8,81.0,10,3,33.0,0,1.81,39,32,7,0.26,0.43,0,31,29,19,6,5,13,0,-6.36,13,0.6590992310508971,-0.6379453189726595
Timothy Weah,USA,MF,Marseille,1,26,2000,27,24,2076,23.1,2,2,4,2,0,0,4,0,0.17,,,,,,,,,,,,,,25,10,40.0,1.08,0.43,0.08,0.2,77,76.9,82.0,14,3,37.0,1,1.67,43,32,11,0.48,-0.53,0,31,18,1,54,14,32,0,-1.2,4,1.9904803115534397,-0.6379453189726595
Nelson Weiper,GER,FW,Mainz 05,,21,2005,20,3,528,5.9,0,0,0,0,0,0,1,0,0.0,,,,,,,,,,,,,,12,6,50.0,2.05,1.02,0.0,0.0,26,19.6,83.0,2,17,16.0,4,0.95,4,9,-5,-0.85,-0.69,0,6,2,6,5,3,2,0,0.0,0,0.8460236886632826,-0.6379453189726595
Danny Welbeck,ENG,FW,Brighton,League,35,1990,32,22,1974,21.9,12,0,12,11,1,3,5,0,0.5,,,,,,,,,,,,,,49,24,49.0,2.23,1.09,0.22,0.46,62,66.5,81.0,7,10,19.0,0,1.44,29,23,6,0.27,0.27,0,23,8,4,3,8,11,0,-6.72,11,0.867183934276586,-0.6379453189726595
Wesley,BRA,MF,Roma,A,22,2003,26,24,2109,23.4,4,0,4,4,0,0,7,1,0.17,,,,,,,,,,,,,,22,10,45.5,0.94,0.43,0.18,0.4,81,71.0,85.0,14,2,37.0,0,1.85,36,15,21,0.9,1.31,1,31,50,1,84,18,39,0,-2.2,4,2.4348568987612134,-0.6379453189726595
Adam Wharton,ENG,MF,Crystal Palace,League,22,2004,28,26,2190,24.3,0,5,5,0,0,0,6,1,0.21,,,,,,,,,,,,,,26,4,15.4,1.07,0.16,0.0,0.0,78,76.0,82.0,12,2,29.0,0,1.32,28,33,-5,-0.21,-0.73,1,29,26,0,74,22,33,0,0.0,5,2.262443438914027,-0.6379453189726595
Ben White,ENG,DF,Arsenal,League,28,1997,9,6,503,5.6,0,1,1,0,0,0,0,0,0.18,,,,,,,,,,,,,,5,1,20.0,0.89,0.18,0.0,0.0,56,16.9,74.0,3,3,19.0,17,1.44,6,6,0,0.0,-1.35,0,5,5,2,14,6,9,0,0.0,1,2.6737967914438507,-0.6379453189726595
Silvan Widmer,SUI,MF,Mainz 05,,33,1993,24,19,1588,17.6,2,0,2,2,0,0,5,0,0.11,,,,,,,,,,,,,,19,4,21.1,1.08,0.23,0.11,0.5,66,58.8,79.0,6,5,19.0,4,1.29,22,23,-1,-0.06,0.59,0,15,11,3,31,16,25,0,-1.56,2,2.3282226007950024,-0.6379453189726595
Mats Wieffer,NED,DF,Brighton,League,26,1999,23,20,1751,19.5,2,3,5,2,0,0,8,0,0.26,,,,,,,,,,,,,,18,6,33.3,0.93,0.31,0.11,0.33,76,59.0,83.0,13,3,29.0,0,1.61,30,22,8,0.41,0.56,0,29,22,2,14,24,41,0,-1.3399999999999999,5,3.331624807790876,-0.6379453189726595
Iñaki Williams,GHA,MF,Athletic Club,Liga,31,1994,23,19,1661,18.5,2,4,6,1,1,1,1,0,0.27,,,,,,,,,,,,,,47,15,31.9,2.55,0.81,0.02,0.07,72,59.5,80.0,8,4,35.0,0,1.26,19,25,-6,-0.33,0.15,0,20,21,6,53,4,7,0,-1.7,5,0.5942733657482442,-0.6379453189726595
Neco Williams,WAL,DF,Nottingham Forest,League,25,2001,32,32,2798,31.1,2,3,5,2,0,0,5,1,0.16,,,,,,,,,,,,,,41,18,43.9,1.32,0.58,0.05,0.11,87,94.2,87.0,29,0,,0,1.13,35,41,-6,-0.19,1.38,0,25,49,4,122,36,54,0,-1.1,5,2.8929604628736736,-0.6379453189726595
Nico Williams,ESP,MF,Athletic Club,Liga,23,2002,21,16,1418,15.8,4,2,6,3,1,2,1,0,0.32,,,,,,,,,,,,,,40,13,32.5,2.54,0.83,0.08,0.23,68,50.8,76.0,2,5,40.0,0,1.29,18,23,-5,-0.32,0.14,0,20,25,6,60,6,7,0,-2.96,5,0.8222643896268185,-0.6379453189726595
Estêvão Willian,BRA,MF,Chelsea,League,18,2007,22,12,848,9.4,2,2,4,2,0,0,4,0,0.42,,,,,,,,,,,,,,28,8,28.6,2.97,0.85,0.07,0.25,39,28.6,54.0,0,10,20.0,3,1.36,19,11,8,0.85,0.72,0,12,9,6,16,4,6,0,-1.44,4,1.0626992561105206,-0.6379453189726595
Joe Willock,ENG,MF,Newcastle United,League,26,1999,20,7,703,7.8,0,1,1,0,0,0,3,0,0.13,,,,,,,,,,,,,,10,3,30.0,1.28,0.38,0.0,0.0,35,23.7,66.0,0,13,19.0,12,1.45,10,13,-3,-0.38,-0.38,0,15,8,1,12,4,15,0,0.0,1,2.4327784891165174,-0.6379453189726595
Callum Wilson,ENG,FW,West Ham United,League,34,1992,27,10,1074,11.9,5,1,6,5,0,0,0,0,0.5,,,,,,,,,,,,,,32,12,37.5,2.68,1.01,0.16,0.42,40,36.2,67.0,1,17,24.0,5,1.15,18,19,-1,-0.08,0.68,0,10,12,8,4,3,1,0,-3.08,6,0.33585222502099077,-0.6379453189726595
Harry Wilson,WAL,MF,Fulham,League,29,1997,31,29,2428,27.0,10,6,16,10,0,0,6,0,0.59,,,,,,,,,,,,,,70,24,34.3,2.59,0.89,0.14,0.42,78,81.8,82.0,7,2,30.0,0,1.45,38,34,4,0.15,1.31,0,12,32,10,108,15,16,0,-6.64,16,1.1477230655312847,-0.6379453189726595
Patrick Wimmer,AUT,MF,Wolfsburg,,24,2001,22,18,1402,15.6,4,3,7,4,0,0,4,0,0.45,,,,,,,,,,,,,,21,8,38.1,1.35,0.51,0.19,0.5,64,51.9,73.0,3,4,24.0,0,1.05,26,31,-5,-0.32,1.07,0,24,29,1,23,20,15,0,-2.48,7,2.2421524663677133,-0.6379453189726595
Jonas Wind,DEN,FW,Wolfsburg,,27,1999,11,5,481,5.3,1,0,1,1,0,0,1,0,0.19,,,,,,,,,,,,,,9,6,66.7,1.68,1.12,0.11,0.17,44,17.8,75.0,1,6,17.0,2,0.45,5,13,-8,-1.5,-0.81,0,2,14,2,0,0,0,0,-0.33999999999999997,1,0.0,-0.6379453189726595
Florian Wirtz,GER,MF,Liverpool,League,22,2003,29,25,2155,23.9,4,3,7,4,0,0,1,0,0.29,,,,,,,,,,,,,,44,16,36.4,1.84,0.67,0.09,0.25,74,72.6,81.0,7,4,30.0,0,1.69,32,26,6,0.25,-0.3,0,20,18,2,30,11,24,0,-2.56,7,1.463822668339607,-0.6379453189726595
Axel Witsel,BEL,MF,Girona,Liga,37,1989,25,23,1998,22.2,1,2,3,1,0,0,2,1,0.14,,,,,,,,,,,,,,19,5,26.3,0.86,0.23,0.05,0.2,80,71.6,84.0,17,2,28.0,1,1.2,26,31,-5,-0.23,0.57,1,31,27,0,1,25,20,0,-0.75,3,2.0261143628995946,-0.6379453189726595
Marius Wolf,GER,MF,Augsburg,,30,1995,25,10,855,9.5,1,0,1,1,0,0,3,0,0.11,,,,,,,,,,,,,,12,4,33.3,1.26,0.42,0.08,0.25,34,31.7,65.0,1,15,14.0,4,1.08,14,16,-2,-0.21,0.47,0,7,2,10,38,11,7,0,-0.6799999999999999,1,1.8927444794952681,-0.6379453189726595
Nick Woltemade,GER,FW,Newcastle United,League,24,2002,29,21,1676,18.6,7,3,10,6,1,1,0,0,0.48,,,,,,,,,,,,,,31,12,38.7,1.66,0.64,0.19,0.5,58,56.4,74.0,3,8,16.0,0,1.28,28,27,1,0.05,0.33,0,20,18,8,3,4,12,1,-4.72,9,0.859752821063944,-0.6379453189726595
Jeong Woo-yeong,KOR,MF,Union Berlin,,26,1999,26,13,1139,12.7,3,1,4,3,0,0,0,0,0.32,,,,,,,,,,,,,,21,7,33.3,1.66,0.55,0.14,0.43,44,42.2,69.0,2,13,19.0,2,1.08,13,22,-9,-0.71,-0.19,0,12,20,4,31,8,7,0,-2.02,4,1.1801730920535012,-0.6379453189726595
Chris Wood,NZL,FW,Nottingham Forest,League,34,1991,10,8,641,7.1,2,0,2,2,0,0,0,0,0.28,,,,,,,,,,,,,,18,6,33.3,2.53,0.84,0.11,0.33,64,21.6,75.0,0,2,22.0,0,0.9,7,9,-2,-0.28,-0.01,0,5,5,3,1,0,1,0,-1.3399999999999999,2,0.1406469760900141,-0.6379453189726595
Joe Worrall,ENG,DF,Burnley,League,29,1997,11,5,500,5.6,0,0,0,0,0,0,0,0,0.0,,,,,,,,,,,,,,1,0,0.0,0.18,0.0,0.0,,45,16.8,83.0,4,6,14.0,10,0.82,10,11,-1,-0.18,0.99,0,4,1,0,0,6,2,0,0.0,0,1.4260249554367204,-0.6379453189726595
Granit Xhaka,SUI,MF,Sunderland,League,33,1992,29,27,2454,27.3,1,5,6,1,0,0,5,0,0.22,,,,,,,,,,,,,,17,5,29.4,0.62,0.18,0.06,0.2,85,82.6,89.0,25,2,29.0,0,1.48,32,31,1,0.04,0.91,0,20,34,0,81,25,27,0,-0.7,6,1.904064445258147,-0.6379453189726595
Lamine Yamal,ESP,MF,Barcelona,Liga,18,2007,27,25,2218,24.6,15,11,26,13,2,3,1,0,0.97,,,,,,,,,,,,,,113,36,31.9,4.59,1.46,0.12,0.36,82,79.5,86.0,16,2,29.0,0,2.59,61,23,38,1.54,-0.98,0,27,51,14,76,8,20,0,-10.68,24,1.1377488825680617,-0.6379453189726595
Yehor Yarmoliuk,UKR,MF,Brentford,League,22,2004,33,26,2313,25.7,1,2,3,1,0,0,7,0,0.12,,,,,,,,,,,,,,15,4,26.7,0.58,0.16,0.07,0.25,70,77.9,82.0,13,7,26.0,0,1.45,36,36,0,0.0,-0.55,0,35,10,1,26,25,38,0,-0.72,3,2.4504084014002334,-0.6379453189726595
Terry Yegbe,GHA,DF,Metz,1,25,2001,20,18,1603,17.8,0,1,1,0,0,0,3,0,0.06,,,,,,,,,,,,,,4,1,25.0,0.22,0.06,0.0,0.0,80,59.4,86.0,14,2,30.0,8,0.6,19,41,-22,-1.24,0.16,0,16,7,0,5,15,7,0,0.0,1,1.2352610892756877,-0.6379453189726595
Kenan Yıldız,TUR,MF,Juventus,A,20,2005,32,30,2553,28.4,10,6,16,9,1,2,2,0,0.53,,,,,,,,,,,,,,89,38,42.7,3.14,1.34,0.1,0.24,80,86.0,83.0,11,2,32.0,0,1.88,47,23,24,0.85,-0.02,0,20,51,6,107,7,7,0,-6.199999999999999,15,0.49278423090461104,-0.6379453189726595
Darlin Yongwa,CMR,DF,Lorient,1,25,2000,22,14,1301,14.5,0,1,1,0,0,0,3,1,0.07,,,,,,,,,,,,,,10,2,20.0,0.69,0.14,0.0,0.0,59,48.2,84.0,12,8,16.0,2,1.05,18,20,-2,-0.14,-0.01,0,14,22,1,37,11,24,0,0.0,1,2.412129565816678,-0.6379453189726595
Leny Yoro,FRA,DF,Manchester Utd,League,20,2005,29,18,1705,18.9,0,0,0,0,0,0,1,0,0.0,,,,,,,,,,,,,,9,3,33.3,0.48,0.16,0.0,0.0,59,57.4,82.0,9,11,22.0,3,1.59,28,32,-4,-0.21,-1.42,0,16,5,2,3,30,19,0,0.0,0,2.5912215758857746,-0.6379453189726595
Ali Yousuf,LBY,DF,Nantes,1,24,2001,9,8,752,8.4,0,0,0,0,0,0,3,0,0.0,,,,,,,,,,,,,,4,1,25.0,0.48,0.12,0.0,0.0,84,28.8,88.0,7,1,45.0,2,0.67,5,9,-4,-0.48,0.34,0,8,9,0,1,15,6,0,0.0,0,2.4970273483947683,-0.6379453189726595
Illia Zabarnyi,UKR,DF,Paris Saint-Germain,1,23,2002,23,21,1937,21.5,1,0,1,1,0,0,4,0,0.05,,,,,,,,,,,,,,4,3,75.0,0.19,0.14,0.25,0.33,84,76.9,89.0,20,2,34.0,4,2.22,47,23,24,1.12,-0.89,0,16,4,0,0,15,16,0,-0.25,1,1.4411901441190142,-0.6379453189726595
Mattia Zaccagni,ITA,FW,Lazio,A,30,1995,25,25,2045,22.7,3,0,3,3,0,1,6,1,0.13,,,,,,,,,,,,,,34,14,41.2,1.5,0.62,0.09,0.21,82,68.9,82.0,15,0,,1,1.36,19,20,-1,-0.04,-0.53,0,28,81,5,47,20,21,0,-1.74,3,1.805372082782915,-0.6379453189726595
Stephan Zagadou,FRA,DF,Le Havre,1,17,2008,8,6,495,5.5,1,0,1,1,0,0,0,1,0.18,,,,,,,,,,,,,,1,1,100.0,0.18,0.18,1.0,1.0,62,18.3,77.0,1,2,16.0,7,1.38,4,5,-1,-0.18,0.31,0,7,1,0,0,1,5,0,0.0,1,1.088929219600726,-0.6379453189726595
Warren Zaïre-Emery,FRA,DF,Paris Saint-Germain,1,20,2006,28,25,2256,25.1,2,4,6,2,0,0,2,0,0.24,,,,,,,,,,,,,,18,6,33.3,0.72,0.24,0.11,0.33,81,89.5,85.0,18,3,40.0,0,2.25,54,22,32,1.28,-0.43,0,34,16,0,14,11,28,0,-1.3399999999999999,6,1.5531660692951013,-0.6379453189726595
Denis Zakaria,SUI,DF,Monaco,1,29,1996,20,19,1671,18.6,2,1,3,2,0,0,4,1,0.16,,,,,,,,,,,,,,14,2,14.3,0.75,0.11,0.14,1.0,84,61.9,87.0,15,1,12.0,0,1.8,32,23,9,0.48,0.66,0,17,3,0,8,33,17,0,-1.72,3,2.686727565824825,-0.6379453189726595
Nicola Zalewski,POL,MF,Atalanta,A,24,2002,29,21,1620,18.0,2,4,6,2,0,0,3,0,0.33,,,,,,,,,,,,,,34,6,17.6,1.89,0.33,0.06,0.33,56,54.5,67.0,3,8,27.0,2,1.72,26,11,15,0.83,0.77,0,18,49,3,109,10,16,0,-1.6400000000000001,6,1.4436424208772902,-0.6379453189726595
Andre-Frank Zambo Anguissa,CMR,MF,Napoli,A,30,1995,17,14,1227,13.6,4,1,5,4,0,0,1,0,0.37,,,,,,,,,,,,,,23,9,39.1,1.69,0.66,0.17,0.44,72,41.3,81.0,11,3,31.0,0,2.06,18,14,4,0.29,-0.27,0,18,17,0,15,13,14,0,-2.4699999999999998,5,1.9838354151359296,-0.6379453189726595
Nicolò Zaniolo,ITA,FW,Udinese,A,26,1999,29,25,2000,22.2,5,6,11,5,0,0,8,0,0.5,,,,,,,,,,,,,,62,19,30.6,2.79,0.86,0.08,0.26,69,67.3,76.0,8,4,23.0,0,1.24,23,24,-1,-0.05,0.33,0,58,52,4,105,4,18,0,-3.48,11,0.9905447996398018,-0.6379453189726595
Alessandro Zanoli,ITA,MF,Udinese,A,25,2000,19,16,1280,14.2,1,2,3,1,0,0,1,0,0.21,,,,,,,,,,,,,,3,1,33.3,0.21,0.07,0.33,1.0,67,43.1,75.0,1,3,26.0,1,1.16,16,18,-2,-0.14,0.02,0,16,5,1,40,7,18,0,-0.6699999999999999,3,1.7593244194229416,-0.6379453189726595
Duván Zapata,COL,FW,Torino,A,35,1991,24,9,934,10.4,3,1,4,3,0,1,0,0,0.39,,,,,,,,,,,,,,28,15,53.6,2.7,1.45,0.11,0.2,39,31.4,68.0,1,15,22.0,5,1.17,16,18,-2,-0.19,0.47,0,12,22,7,7,1,2,0,-1.35,4,0.2881844380403458,-0.6379453189726595
Gabriele Zappa,ITA,DF,Cagliari,A,26,1999,27,16,1386,15.4,0,3,3,0,0,0,2,0,0.19,,,,,,,,,,,,,,9,0,0.0,0.58,0.0,0.0,,51,46.7,76.0,8,11,16.0,3,0.93,15,24,-9,-0.58,-0.3,0,12,5,0,32,16,17,0,0.0,3,2.1414665801427644,-0.6379453189726595
Davide Zappacosta,ITA,MF,Atalanta,A,33,1992,30,26,2244,24.9,2,3,5,2,0,0,3,0,0.2,,,,,,,,,,,,,,33,7,21.2,1.32,0.28,0.06,0.29,75,75.6,81.0,15,4,35.0,3,1.63,35,20,15,0.6,0.48,0,16,8,6,96,17,13,0,-1.58,5,1.204335608189482,-0.6379453189726595
Bryan Zaragoza,ESP,FW,Celta Vigo,Liga,24,2001,19,13,1131,12.6,1,1,2,0,1,1,1,0,0.08,,,,,,,,,,,,,,26,12,46.2,2.07,0.95,0.0,0.0,60,40.5,76.0,4,6,24.0,2,1.47,16,12,4,0.32,0.32,0,7,17,6,67,2,5,0,-1.0,1,0.5551149881046789,-0.6379453189726595
Aaron Zehnter,GER,DF,Wolfsburg,,21,2004,19,16,1387,15.4,2,0,2,2,0,0,0,0,0.13,,,,,,,,,,,,,,10,4,40.0,0.65,0.26,0.2,0.5,73,51.4,86.0,10,3,3.0,5,1.11,23,29,-6,-0.39,0.91,0,2,0,0,30,16,10,0,-1.2,2,1.6872160934458145,-0.6379453189726595
Jordan Zemura,ZIM,MF,Udinese,A,26,1999,15,12,1017,11.3,0,1,1,0,0,0,3,0,0.09,,,,,,,,,,,,,,5,1,20.0,0.44,0.09,0.0,0.0,68,34.2,81.0,8,3,15.0,7,1.27,14,15,-1,-0.09,0.1,0,22,11,2,33,6,17,0,0.0,1,2.033598585322723,-0.6379453189726595
Robin Zentner,GER,GK,Mainz 05,,31,1994,9,9,786,8.7,0,0,0,0,0,0,2,1,0.0,11.0,1.26,36.0,25.0,69.4,1.0,3.0,5.0,0.0,0.0,0.0,0.0,0.0,0,0,,0.0,0.0,,,87,29.1,87.0,8,0,,0,0.67,8,11,-3,-0.34,-0.06,0,2,1,0,0,0,0,0,0.0,0,0.0,0.32035349351008013
Alessio Zerbin,ITA,MF,Cremonese,A,27,1999,28,15,1464,16.3,0,2,2,0,0,0,1,0,0.12,,,,,,,,,,,,,,19,7,36.8,1.17,0.43,0.0,0.0,52,49.3,75.0,3,13,26.0,1,0.89,9,21,-12,-0.74,-0.2,0,29,17,7,50,3,19,0,0.0,2,1.3488657265481299,-0.6379453189726595
Cedric Zesiger,SUI,DF,Augsburg,,27,1998,23,16,1456,16.2,0,0,0,0,0,0,7,0,0.0,,,,,,,,,,,,,,9,1,11.1,0.56,0.06,0.0,0.0,63,53.9,84.0,13,7,16.0,4,1.32,19,33,-14,-0.87,-0.72,0,16,11,0,32,13,22,1,0.0,0,2.1591610117211597,-0.6379453189726595
Michael Zetterer,GER,GK,Eintracht Frankfurt,,30,1995,18,17,1616,18.0,0,0,0,0,0,0,1,0,0.0,25.0,1.39,71.0,48.0,67.6,8.0,5.0,4.0,6.0,35.3,2.0,0.0,0.0,0,0,,0.0,0.0,,,90,59.9,90.0,17,1,86.0,12,1.78,28,25,3,0.17,0.58,0,0,6,0,0,0,1,0,0.0,0,0.05552470849528039,0.4953652365789095
Piotr Zieliński,POL,MF,Inter,A,31,1994,30,19,1771,19.7,6,2,8,5,1,1,2,0,0.36,,,,,,,,,,,,,,26,10,38.5,1.32,0.51,0.19,0.5,59,59.6,80.0,9,11,23.0,3,2.3,49,20,29,1.47,-0.03,0,16,17,0,22,7,15,0,-4.1,7,1.1161846778285134,-0.6379453189726595
Jan Ziółkowski,POL,DF,Roma,A,20,2005,14,5,474,5.3,0,0,0,0,0,0,2,0,0.0,,,,,,,,,,,,,,0,0,,0.0,0.0,,,34,16.0,72.0,3,9,13.0,17,1.71,9,5,4,0.76,0.29,0,11,8,0,0,7,14,0,0.0,0,3.954802259887006,-0.6379453189726595
Joshua Zirkzee,NED,FW,Manchester Utd,League,24,2001,19,4,527,5.9,2,1,3,2,0,0,1,0,0.51,,,,,,,,,,,,,,21,7,33.3,3.59,1.2,0.1,0.29,28,17.7,76.0,2,15,15.0,12,1.58,9,8,1,0.17,-0.27,0,7,5,1,5,1,5,0,-1.2999999999999998,3,1.015228426395939,-0.6379453189726595
Budu Zivzivadze,GEO,FW,Heidenheim,,32,1994,16,10,801,8.9,3,0,3,3,0,0,1,1,0.34,,,,,,,,,,,,,,19,9,47.4,2.13,1.01,0.16,0.33,50,29.7,63.0,2,6,28.0,0,0.44,11,25,-14,-1.57,-0.67,0,9,8,3,3,1,6,0,-1.56,3,0.7856341189674523,-0.6379453189726595
Nadir Zortea,ITA,DF,Bologna,A,26,1999,28,16,1716,19.1,0,2,2,0,0,0,2,0,0.1,,,,,,,,,,,,,,11,1,9.1,0.58,0.05,0.0,0.0,61,57.8,87.0,11,12,27.0,5,1.32,19,26,-7,-0.37,-1.08,0,25,16,0,63,19,16,0,0.0,2,1.8315018315018312,-0.6379453189726595
Yanis Zouaoui,ALG,DF,Le Havre,1,27,1998,27,25,2107,23.4,0,1,1,0,0,0,6,0,0.04,,,,,,,,,,,,,,13,3,23.1,0.56,0.13,0.0,0.0,78,78.0,82.0,14,2,25.0,0,0.96,19,32,-13,-0.56,-0.56,0,18,25,1,162,23,23,1,0.0,1,1.9649722340879965,-0.6379453189726595
Igor Zubeldia,ESP,DF,Real Sociedad,Liga,29,1997,22,21,1898,21.1,0,1,1,0,0,0,8,0,0.05,,,,,,,,,,,,,,6,1,16.7,0.28,0.05,0.0,0.0,86,68.0,88.0,20,1,45.0,3,1.36,30,32,-2,-0.09,-0.4,0,34,5,0,0,22,18,0,0.0,1,1.8948365703458074,-0.6379453189726595
Martín Zubimendi,ESP,MF,Arsenal,League,27,1999,33,32,2754,30.6,5,1,6,5,0,0,4,0,0.2,,,,,,,,,,,,,,26,9,34.6,0.85,0.29,0.19,0.56,83,92.7,84.0,21,1,61.0,0,2.12,54,24,30,0.98,-1.94,0,29,13,1,12,37,35,0,-3.29,6,2.3521724926494607,-0.6379453189726595
Martin Ødegaard,NOR,MF,Arsenal,League,27,1998,21,14,1166,13.0,1,5,6,1,0,0,0,0,0.46,,,,,,,,,,,,,,20,7,35.0,1.54,0.54,0.05,0.14,56,39.3,70.0,6,7,27.0,0,2.05,26,13,13,1.0,-0.19,0,9,7,2,21,7,7,0,-0.6499999999999999,6,1.0760953112990008,-0.6379453189726595
