Player,Nation,Pos,Squad,Comp,Age,Born,MP,Starts,Min,90s,Gls,Ast,G+A,G-PK,PK,PKatt,CrdY,CrdR,G+A-PK,GA,GA90,SoTA,Saves,Save%,W,D,L,CS,CS%,PKA,PKsv,PKm,Sh,SoT,SoT%,Sh/90,SoT/90,G/Sh,G/SoT,Mn/MP,Min%,Mn/Start,Compl,Subs,Mn/Sub,unSub,PPM,onG,onGA,+/-,+/-90,On-Off,2CrdY,Fls,Fld,Off,Crs,Int,TklW,OG,Sh_90,SoT_Rate,Def_Actions_90,Fls_90,Crs_90,Cards_90,PlusMinus_90,CS_Rate,PKsv_Rate,SoTA_90,onGA_90,onG_90,Ast_90,Off_90,Fld_90,TklW_90,Int_90,MinPct
Virgil van Dijk,NED,DF,Liverpool,Premier League,34,1991,33,33,2970,33.0,4,0,4,4,0,0,4,0,0.12,,1.37,,,,,,,,,,,,24,11,45.8,0.73,0.33,0.17,0.36,90,100.0,90.0,33,0,,0,1.67,54,43,11,0.33,,0,16,15,1,1,19,15,0,0.7272727272727273,0.4583333333333333,1.0303030303030303,0.48484848484848486,0.030303030303030304,0.12121212121212122,0.33,0.0,0.0,0.0,1.303030303030303,1.6363636363636365,0.0,0.030303030303030304,0.45454545454545453,0.45454545454545453,0.5757575757575758,100.0
Bart Verbruggen,NED,GK,Brighton,Premier League,23,2002,33,33,2970,33.0,0,0,0,0,0,0,3,0,0.0,39.0,1.18,127.0,92.0,73.2,12.0,11.0,10.0,8.0,24.2,5.0,1.0,0.0,0,0,,0.0,0.0,,,90,100.0,90.0,33,0,,0,1.42,45,39,6,0.18,,0,2,2,0,0,0,1,1,0.0,0.0,0.030303030303030304,0.06060606060606061,0.0,0.09090909090909091,0.18,0.24242424242424243,0.2,3.8484848484848486,1.1818181818181819,1.3636363636363635,0.0,0.0,0.06060606060606061,0.030303030303030304,0.0,100.0
David de Gea,ESP,GK,Fiorentina,Serie A,35,1990,33,33,2970,33.0,0,0,0,0,0,0,1,0,0.0,45.0,1.36,142.0,103.0,71.8,8.0,12.0,13.0,7.0,21.2,5.0,1.0,0.0,0,0,,0.0,0.0,,,90,100.0,90.0,33,0,,0,1.09,38,45,-7,-0.21,,0,0,5,0,0,0,0,0,0.0,0.0,0.0,0.0,0.0,0.030303030303030304,-0.21,0.21212121212121213,0.2,4.303030303030303,1.3636363636363635,1.1515151515151516,0.0,0.0,0.15151515151515152,0.0,0.0,100.0
Elia Caprile,ITA,GK,Cagliari,Serie A,24,2001,33,33,2970,33.0,0,0,0,0,0,0,2,0,0.0,47.0,1.42,150.0,104.0,70.0,8.0,9.0,16.0,7.0,21.2,2.0,0.0,0.0,0,0,,0.0,0.0,,,90,100.0,90.0,33,0,,0,1.0,33,47,-14,-0.42,,0,0,8,0,0,0,0,0,0.0,0.0,0.0,0.0,0.0,0.06060606060606061,-0.42,0.21212121212121213,0.0,4.545454545454546,1.4242424242424243,1.0,0.0,0.0,0.24242424242424243,0.0,0.0,100.0
Marco Carnesecchi,ITA,GK,Atalanta,Serie A,25,2000,33,33,2970,33.0,0,0,0,0,0,0,0,0,0.0,29.0,0.88,124.0,97.0,77.4,14.0,12.0,7.0,12.0,36.4,1.0,2.0,0.0,0,0,,0.0,0.0,,,90,100.0,90.0,33,0,,0,1.64,45,29,16,0.48,,0,1,5,0,1,0,0,0,0.0,0.0,0.0,0.030303030303030304,0.030303030303030304,0.0,0.48,0.36363636363636365,2.0,3.757575757575758,0.8787878787878788,1.3636363636363635,0.0,0.0,0.15151515151515152,0.0,0.0,100.0
Bernd Leno,GER,GK,Fulham,Premier League,34,1992,33,33,2970,33.0,0,0,0,0,0,0,3,0,0.0,46.0,1.39,127.0,84.0,66.1,13.0,6.0,14.0,7.0,21.2,3.0,0.0,1.0,0,0,,0.0,0.0,,,90,100.0,90.0,33,0,,0,1.36,43,46,-3,-0.09,,0,0,5,0,0,1,1,1,0.0,0.0,0.06060606060606061,0.0,0.0,0.09090909090909091,-0.09,0.21212121212121213,0.0,3.8484848484848486,1.393939393939394,1.303030303030303,0.0,0.0,0.15151515151515152,0.030303030303030304,0.030303030303030304,100.0
Jordan Pickford,ENG,GK,Everton,Premier League,32,1994,33,33,2970,33.0,0,0,0,0,0,0,4,0,0.0,39.0,1.18,125.0,90.0,71.2,13.0,8.0,12.0,11.0,33.3,3.0,1.0,0.0,0,0,,0.0,0.0,,,90,100.0,90.0,33,0,,0,1.42,40,39,1,0.03,,0,1,6,0,0,0,1,0,0.0,0.0,0.030303030303030304,0.030303030303030304,0.0,0.12121212121212122,0.03,0.3333333333333333,0.3333333333333333,3.787878787878788,1.1818181818181819,1.2121212121212122,0.0,0.0,0.18181818181818182,0.030303030303030304,0.0,100.0
Jean Butez,FRA,GK,Como,Serie A,30,1995,33,33,2970,33.0,0,1,1,0,0,0,3,0,0.03,28.0,0.85,103.0,79.0,76.7,16.0,10.0,7.0,15.0,45.5,4.0,1.0,0.0,0,0,,0.0,0.0,,,90,100.0,90.0,33,0,,0,1.76,57,28,29,0.88,,0,0,8,0,0,0,1,0,0.0,0.0,0.030303030303030304,0.0,0.0,0.09090909090909091,0.88,0.45454545454545453,0.25,3.121212121212121,0.8484848484848485,1.7272727272727273,0.030303030303030304,0.0,0.24242424242424243,0.030303030303030304,0.0,100.0
Mile Svilar,SRB,GK,Roma,Serie A,26,1999,33,33,2970,33.0,0,0,0,0,0,0,0,0,0.0,29.0,0.88,126.0,98.0,77.8,18.0,4.0,11.0,14.0,42.4,1.0,0.0,0.0,0,0,,0.0,0.0,,,90,100.0,90.0,33,0,,0,1.76,46,29,17,0.52,,0,0,7,0,0,1,1,0,0.0,0.0,0.06060606060606061,0.0,0.0,0.0,0.52,0.42424242424242425,0.0,3.8181818181818183,0.8787878787878788,1.393939393939394,0.0,0.0,0.21212121212121213,0.030303030303030304,0.030303030303030304,100.0
Đorđe Petrović,SRB,GK,Bournemouth,Premier League,26,1999,33,33,2970,33.0,0,0,0,0,0,0,3,0,0.0,50.0,1.52,142.0,98.0,69.0,11.0,15.0,7.0,9.0,27.3,6.0,0.0,0.0,0,0,,0.0,0.0,,,90,100.0,90.0,33,0,,0,1.45,50,50,0,0.0,,0,0,2,0,0,0,0,1,0.0,0.0,0.0,0.0,0.0,0.09090909090909091,0.0,0.2727272727272727,0.0,4.303030303030303,1.5151515151515151,1.5151515151515151,0.0,0.0,0.06060606060606061,0.0,0.0,100.0
Nikola Milenković,SRB,DF,Nottingham Forest,Premier League,28,1997,33,33,2970,33.0,0,0,0,0,0,0,6,0,0.0,,1.37,,,,,,,,,,,,15,1,6.7,0.45,0.03,0.0,0.0,90,100.0,90.0,33,0,,0,1.09,36,45,-9,-0.27,,0,15,18,1,2,28,16,1,0.45454545454545453,0.06666666666666667,1.3333333333333333,0.45454545454545453,0.06060606060606061,0.18181818181818182,-0.27,0.0,0.0,0.0,1.3636363636363635,1.0909090909090908,0.0,0.030303030303030304,0.5454545454545454,0.48484848484848486,0.8484848484848485,100.0
David Raya,ESP,GK,Arsenal,Premier League,30,1995,33,33,2970,33.0,0,0,0,0,0,0,1,0,0.0,26.0,0.79,79.0,52.0,67.1,21.0,7.0,5.0,15.0,45.5,0.0,0.0,0.0,0,0,,0.0,0.0,,,90,100.0,90.0,33,0,,0,2.12,63,26,37,1.12,,0,0,11,0,1,1,1,0,0.0,0.0,0.06060606060606061,0.0,0.030303030303030304,0.030303030303030304,1.12,0.45454545454545453,0.0,2.393939393939394,0.7878787878787878,1.9090909090909092,0.0,0.0,0.3333333333333333,0.030303030303030304,0.030303030303030304,100.0
Wladimiro Falcone,ITA,GK,Lecce,Serie A,31,1995,33,33,2970,33.0,0,0,0,0,0,0,2,0,0.0,46.0,1.39,129.0,89.0,67.4,7.0,7.0,19.0,8.0,24.2,4.0,2.0,0.0,0,0,,0.0,0.0,,,90,100.0,90.0,33,0,,0,0.85,22,46,-24,-0.73,,0,0,7,0,0,0,2,0,0.0,0.0,0.06060606060606061,0.0,0.0,0.06060606060606061,-0.73,0.24242424242424243,0.5,3.909090909090909,1.393939393939394,0.6666666666666666,0.0,0.0,0.21212121212121213,0.06060606060606061,0.0,100.0
Martin Dúbravka,SVK,GK,Burnley,Premier League,37,1989,33,33,2970,33.0,0,0,0,0,0,0,1,0,0.0,67.0,2.03,175.0,114.0,65.1,4.0,8.0,21.0,4.0,12.1,6.0,0.0,1.0,0,0,,0.0,0.0,,,90,100.0,90.0,33,0,,0,0.61,34,67,-33,-1.0,,0,0,7,0,0,0,1,0,0.0,0.0,0.030303030303030304,0.0,0.0,0.030303030303030304,-1.0,0.12121212121212122,0.0,5.303030303030303,2.0303030303030303,1.0303030303030303,0.0,0.0,0.21212121212121213,0.030303030303030304,0.0,100.0
James Garner,ENG,MF,Everton,Premier League,25,2001,33,33,2963,32.9,2,6,8,2,0,0,9,0,0.24,,1.37,,,,,,,,,,,,42,12,28.6,1.28,0.36,0.05,0.17,90,99.8,90.0,32,0,,0,1.42,40,39,1,0.03,0.03,0,31,32,0,171,51,61,0,1.2765957446808511,0.2857142857142857,3.404255319148936,0.9422492401215806,5.197568389057751,0.27355623100303955,0.03,0.0,0.0,0.0,1.1854103343465046,1.21580547112462,0.182370820668693,0.0,0.9726443768996961,1.8541033434650456,1.5501519756838906,99.8
Jarrod Bowen,ENG,MF,West Ham United,Premier League,29,1996,33,33,2957,32.9,8,8,16,7,1,1,4,0,0.46,,1.37,,,,,,,,,,,,71,24,33.8,2.16,0.73,0.1,0.29,90,99.6,90.0,29,0,,0,1.0,40,55,-15,-0.46,13.39,0,18,45,17,124,24,24,0,2.1580547112462005,0.3380281690140845,1.458966565349544,0.5471124620060791,3.7689969604863225,0.12158054711246201,-0.46,0.0,0.0,0.0,1.6717325227963526,1.21580547112462,0.24316109422492402,0.5167173252279635,1.3677811550151977,0.729483282674772,0.729483282674772,99.6
Elliot Anderson,ENG,MF,Nottingham Forest,Premier League,23,2002,33,33,2952,32.8,2,2,4,1,1,1,6,0,0.09,,1.37,,,,,,,,,,,,38,8,21.1,1.16,0.24,0.03,0.13,89,99.4,89.0,30,0,,0,1.09,36,44,-8,-0.24,4.76,0,50,72,2,163,36,56,0,1.1585365853658538,0.21052631578947367,2.804878048780488,1.524390243902439,4.969512195121951,0.1829268292682927,-0.24,0.0,0.0,0.0,1.3414634146341464,1.0975609756097562,0.06097560975609757,0.06097560975609757,2.1951219512195124,1.707317073170732,1.0975609756097562,99.4
Johan Vásquez,MEX,DF,Genoa,Serie A,27,1998,33,33,2945,32.7,0,0,0,0,0,0,2,0,0.0,,1.37,,,,,,,,,,,,23,5,21.7,0.7,0.15,0.0,0.0,89,99.2,89.0,31,0,,0,1.18,38,45,-7,-0.21,-3.81,0,21,39,1,19,43,31,0,0.7033639143730887,0.21739130434782608,2.262996941896024,0.6422018348623852,0.581039755351682,0.061162079510703356,-0.21,0.0,0.0,0.0,1.3761467889908257,1.162079510703364,0.0,0.030581039755351678,1.1926605504587156,0.948012232415902,1.3149847094801221,99.2
Adrien Truffert,FRA,DF,Bournemouth,Premier League,24,2001,33,33,2929,32.5,1,3,4,1,0,0,4,0,0.12,,1.37,,,,,,,,,,,,13,3,23.1,0.4,0.09,0.08,0.33,89,98.6,89.0,31,0,,0,1.45,50,47,3,0.09,6.68,0,36,25,0,129,40,45,0,0.4,0.23076923076923078,2.6153846153846154,1.1076923076923078,3.9692307692307693,0.12307692307692308,0.09,0.0,0.0,0.0,1.4461538461538461,1.5384615384615385,0.09230769230769231,0.0,0.7692307692307693,1.3846153846153846,1.2307692307692308,98.6
Morgan Rogers,ENG,MF,Aston Villa,Premier League,23,2002,33,33,2920,32.4,9,5,14,9,0,0,6,0,0.43,,1.37,,,,,,,,,,,,76,31,40.8,2.34,0.96,0.12,0.29,88,98.3,88.0,28,0,,0,1.76,46,41,5,0.15,-1.65,0,40,43,3,46,13,18,0,2.345679012345679,0.40789473684210525,0.9567901234567902,1.234567901234568,1.4197530864197532,0.1851851851851852,0.15,0.0,0.0,0.0,1.2654320987654322,1.4197530864197532,0.154320987654321,0.0925925925925926,1.3271604938271606,0.5555555555555556,0.4012345679012346,98.3
Jesper Karlström,SWE,MF,Udinese,Serie A,30,1995,33,33,2908,32.3,1,0,1,1,0,0,5,0,0.03,,1.37,,,,,,,,,,,,18,2,11.1,0.56,0.06,0.06,0.5,88,97.9,88.0,27,0,,0,1.3,37,43,-6,-0.19,-1.64,0,39,26,1,11,35,32,0,0.5572755417956656,0.1111111111111111,2.0743034055727554,1.2074303405572757,0.3405572755417957,0.15479876160990713,-0.19,0.0,0.0,0.0,1.3312693498452013,1.1455108359133128,0.0,0.030959752321981428,0.8049535603715171,0.9907120743034057,1.08359133126935,97.9
Caoimhín Kelleher,IRL,GK,Brentford,Premier League,27,1998,32,32,2880,32.0,0,0,0,0,0,0,1,0,0.0,41.0,1.28,115.0,81.0,67.8,12.0,9.0,11.0,9.0,28.1,4.0,3.0,0.0,0,0,,0.0,0.0,,,90,97.0,90.0,32,0,,0,1.41,44,41,3,0.09,-0.91,0,2,6,0,0,1,0,0,0.0,0.0,0.03125,0.0625,0.0,0.03125,0.09,0.28125,0.75,3.59375,1.28125,1.375,0.0,0.0,0.1875,0.0,0.03125,97.0
James Tarkowski,ENG,DF,Everton,Premier League,33,1992,32,32,2880,32.0,1,1,2,1,0,0,5,0,0.06,,1.37,,,,,,,,,,,,16,8,50.0,0.5,0.25,0.06,0.13,90,97.0,90.0,32,0,,0,1.47,40,37,3,0.09,2.09,0,24,31,2,7,26,25,0,0.5,0.5,1.59375,0.75,0.21875,0.15625,0.09,0.0,0.0,0.0,1.15625,1.25,0.03125,0.0625,0.96875,0.78125,0.8125,97.0
Jay Idzes,IDN,DF,Sassuolo,Serie A,25,2000,32,32,2879,32.0,0,0,0,0,0,0,2,0,0.0,,1.37,,,,,,,,,,,,5,0,0.0,0.16,0.0,0.0,,90,96.9,90.0,31,0,,1,1.41,41,42,-1,-0.03,1.95,0,32,13,1,1,37,15,0,0.15625,0.0,1.625,1.0,0.03125,0.0625,-0.03,0.0,0.0,0.0,1.3125,1.28125,0.0,0.03125,0.40625,0.46875,1.15625,96.9
Victor Nelsson,DEN,DF,Hellas Verona,Serie A,27,1998,33,32,2865,31.8,0,0,0,0,0,0,4,0,0.0,,1.37,,,,,,,,,,,,6,0,0.0,0.19,0.0,0.0,,87,96.5,89.0,30,1,13.0,0,0.55,20,54,-34,-1.07,-1.93,0,37,18,0,1,65,33,1,0.18867924528301885,0.0,3.081761006289308,1.1635220125786163,0.031446540880503145,0.12578616352201258,-1.07,0.0,0.0,0.0,1.6981132075471699,0.6289308176100629,0.0,0.0,0.5660377358490566,1.0377358490566038,2.044025157232704,96.5
Tiago Gabriel,POR,DF,Lecce,Serie A,21,2004,33,32,2859,31.8,2,0,2,2,0,0,5,0,0.06,,1.37,,,,,,,,,,,,19,4,21.1,0.6,0.13,0.11,0.5,87,96.3,89.0,30,1,12.0,0,0.85,22,42,-20,-0.63,2.61,0,25,38,0,2,44,37,1,0.5974842767295597,0.21052631578947367,2.547169811320755,0.7861635220125786,0.06289308176100629,0.15723270440251572,-0.63,0.0,0.0,0.0,1.320754716981132,0.6918238993710691,0.0,0.0,1.1949685534591195,1.1635220125786163,1.3836477987421383,96.3
Tyrick Mitchell,ENG,MF,Crystal Palace,Premier League,26,1999,32,32,2846,31.6,1,2,3,1,0,0,5,0,0.09,,1.37,,,,,,,,,,,,14,5,35.7,0.44,0.16,0.07,0.2,89,98.8,89.0,28,0,,0,1.34,33,36,-3,-0.09,-5.39,0,24,23,5,95,29,57,0,0.4430379746835443,0.35714285714285715,2.721518987341772,0.7594936708860759,3.0063291139240507,0.1582278481012658,-0.09,0.0,0.0,0.0,1.1392405063291138,1.0443037974683544,0.06329113924050632,0.1582278481012658,0.7278481012658228,1.8037974683544302,0.9177215189873418,98.8
Mike Maignan,FRA,GK,Milan,Serie A,30,1995,32,32,2845,31.6,0,0,0,0,0,0,3,0,0.0,27.0,0.85,107.0,87.0,79.4,18.0,9.0,5.0,13.0,40.6,5.0,2.0,1.0,0,0,,0.0,0.0,,,89,95.8,89.0,31,0,,0,1.97,44,27,17,0.54,-2.34,0,0,6,0,0,1,0,0,0.0,0.0,0.03164556962025316,0.0,0.0,0.09493670886075949,0.54,0.40625,0.4,3.3860759493670884,0.8544303797468354,1.3924050632911391,0.0,0.0,0.18987341772151897,0.0,0.03164556962025316,95.8
Marcos Senesi,ARG,DF,Bournemouth,Premier League,28,1997,32,32,2838,31.5,0,4,4,0,0,0,8,0,0.13,,1.37,,,,,,,,,,,,16,5,31.3,0.51,0.16,0.0,0.0,89,95.6,89.0,30,0,,0,1.5,48,49,-1,-0.03,-0.71,0,31,31,1,25,44,31,0,0.5079365079365079,0.3125,2.380952380952381,0.9841269841269841,0.7936507936507936,0.25396825396825395,-0.03,0.0,0.0,0.0,1.5555555555555556,1.5238095238095237,0.12698412698412698,0.031746031746031744,0.9841269841269841,0.9841269841269841,1.3968253968253967,95.6
Igor Thiago,BRA,FW,Brentford,Premier League,24,2001,33,32,2832,31.5,21,1,22,14,7,8,6,0,0.48,,1.37,,,,,,,,,,,,76,39,51.3,2.42,1.24,0.18,0.36,86,95.4,88.0,25,1,31.0,0,1.45,45,41,4,0.13,0.13,0,62,23,20,14,11,19,0,2.4126984126984126,0.5131578947368421,0.9523809523809523,1.9682539682539681,0.4444444444444444,0.19047619047619047,0.13,0.0,0.0,0.0,1.3015873015873016,1.4285714285714286,0.031746031746031744,0.6349206349206349,0.7301587301587301,0.6031746031746031,0.3492063492063492,95.4
Pierre Kalulu,FRA,DF,Juventus,Serie A,25,2000,32,32,2831,31.5,2,4,6,2,0,0,3,1,0.19,,1.37,,,,,,,,,,,,12,4,33.3,0.38,0.13,0.17,0.5,88,95.3,88.0,31,0,,0,1.97,56,25,31,0.99,2.93,1,31,11,0,78,23,31,0,0.38095238095238093,0.3333333333333333,1.7142857142857142,0.9841269841269841,2.4761904761904763,0.19047619047619047,0.99,0.0,0.0,0.0,0.7936507936507936,1.7777777777777777,0.12698412698412698,0.0,0.3492063492063492,0.9841269841269841,0.7301587301587301,95.3
Michael Kayode,ITA,DF,Brentford,Premier League,21,2004,32,32,2808,31.2,1,1,2,1,0,0,6,0,0.06,,1.37,,,,,,,,,,,,8,2,25.0,0.26,0.06,0.13,0.5,88,94.5,88.0,26,0,,0,1.5,47,41,6,0.19,1.3,0,22,44,1,53,35,44,1,0.25641025641025644,0.25,2.532051282051282,0.7051282051282052,1.6987179487179487,0.19230769230769232,0.19,0.0,0.0,0.0,1.314102564102564,1.5064102564102564,0.032051282051282055,0.032051282051282055,1.4102564102564104,1.4102564102564104,1.1217948717948718,94.5
Morgan Gibbs-White,ENG,MF,Nottingham Forest,Premier League,26,2000,33,32,2808,31.2,12,2,14,11,1,1,1,0,0.42,,1.37,,,,,,,,,,,,73,27,37.0,2.34,0.87,0.15,0.41,85,94.5,86.0,17,1,45.0,0,1.09,33,41,-8,-0.26,0.3,0,23,39,5,37,10,14,0,2.33974358974359,0.3698630136986301,0.7692307692307693,0.7371794871794872,1.185897435897436,0.032051282051282055,-0.26,0.0,0.0,0.0,1.314102564102564,1.0576923076923077,0.06410256410256411,0.16025641025641027,1.25,0.44871794871794873,0.32051282051282054,94.5
Neco Williams,WAL,DF,Nottingham Forest,Premier League,25,2001,32,32,2798,31.1,2,3,5,2,0,0,5,1,0.16,,1.37,,,,,,,,,,,,41,18,43.9,1.32,0.58,0.05,0.11,87,94.2,87.0,29,0,,0,1.13,35,41,-6,-0.19,1.38,0,25,49,4,122,36,54,0,1.3183279742765273,0.43902439024390244,2.8938906752411575,0.8038585209003215,3.922829581993569,0.2572347266881029,-0.19,0.0,0.0,0.0,1.3183279742765273,1.12540192926045,0.09646302250803858,0.12861736334405144,1.5755627009646302,1.7363344051446945,1.157556270096463,94.2
Luke Shaw,ENG,DF,Manchester Utd,Premier League,30,1995,33,33,2795,31.1,0,1,1,0,0,0,6,0,0.03,,1.37,,,,,,,,,,,,6,2,33.3,0.19,0.06,0.0,0.0,85,94.1,85.0,20,0,,0,1.76,55,41,14,0.45,0.97,0,40,15,0,47,34,37,0,0.19292604501607716,0.3333333333333333,2.282958199356913,1.2861736334405145,1.5112540192926045,0.19292604501607716,0.45,0.0,0.0,0.0,1.3183279742765273,1.7684887459807073,0.03215434083601286,0.0,0.4823151125401929,1.1897106109324758,1.0932475884244373,94.1
Aarón Escandell,ESP,GK,Oviedo,La Liga,30,1995,31,31,2790,31.0,0,0,0,0,0,0,2,0,0.0,48.0,1.55,172.0,130.0,74.4,6.0,9.0,16.0,9.0,29.0,4.0,2.0,0.0,0,0,,0.0,0.0,,,90,100.0,90.0,31,0,,0,0.87,24,48,-24,-0.77,,0,1,8,0,0,0,0,0,0.0,0.0,0.0,0.03225806451612903,0.0,0.06451612903225806,-0.77,0.2903225806451613,0.5,5.548387096774194,1.5483870967741935,0.7741935483870968,0.0,0.0,0.25806451612903225,0.0,0.0,100.0
Marko Dmitrović,SRB,GK,Espanyol,La Liga,34,1992,31,31,2790,31.0,0,0,0,0,0,0,0,0,0.0,48.0,1.55,150.0,107.0,71.3,10.0,8.0,13.0,8.0,25.8,5.0,0.0,0.0,0,0,,0.0,0.0,,,90,100.0,90.0,31,0,,0,1.23,37,48,-11,-0.35,,0,0,4,0,0,0,2,0,0.0,0.0,0.06451612903225806,0.0,0.0,0.0,-0.35,0.25806451612903225,0.0,4.838709677419355,1.5483870967741935,1.1935483870967742,0.0,0.0,0.12903225806451613,0.06451612903225806,0.0,100.0
Dean Henderson,ENG,GK,Crystal Palace,Premier League,29,1997,31,31,2790,31.0,0,0,0,0,0,0,3,0,0.0,36.0,1.16,121.0,89.0,73.6,11.0,9.0,11.0,11.0,35.5,4.0,1.0,0.0,0,0,,0.0,0.0,,,90,96.9,90.0,31,0,,0,1.35,35,36,-1,-0.03,-0.03,0,1,5,0,0,1,0,0,0.0,0.0,0.03225806451612903,0.03225806451612903,0.0,0.0967741935483871,-0.03,0.3548387096774194,0.25,3.903225806451613,1.1612903225806452,1.1290322580645162,0.0,0.0,0.16129032258064516,0.0,0.03225806451612903,96.9
Antonio Sivera,ESP,GK,Alavés,La Liga,29,1996,31,31,2790,31.0,0,0,0,0,0,0,2,0,0.0,46.0,1.48,123.0,82.0,66.7,8.0,9.0,14.0,3.0,9.7,5.0,0.0,0.0,0,0,,0.0,0.0,,,90,100.0,90.0,31,0,,0,1.06,35,46,-11,-0.35,,0,1,1,0,0,0,1,1,0.0,0.0,0.03225806451612903,0.03225806451612903,0.0,0.06451612903225806,-0.35,0.0967741935483871,0.0,3.967741935483871,1.4838709677419355,1.1290322580645162,0.0,0.0,0.03225806451612903,0.03225806451612903,0.0,100.0
David Soria,ESP,GK,Getafe,La Liga,33,1993,31,31,2790,31.0,0,0,0,0,0,0,2,0,0.0,32.0,1.03,124.0,94.0,75.0,12.0,5.0,14.0,9.0,29.0,1.0,2.0,0.0,0,0,,0.0,0.0,,,90,100.0,90.0,31,0,,0,1.32,27,32,-5,-0.16,,0,0,1,0,0,0,0,0,0.0,0.0,0.0,0.0,0.0,0.06451612903225806,-0.16,0.2903225806451613,2.0,4.0,1.032258064516129,0.8709677419354839,0.0,0.0,0.03225806451612903,0.0,0.0,100.0
Álex Remiro,ESP,GK,Real Sociedad,La Liga,31,1995,31,31,2790,31.0,0,0,0,0,0,0,0,0,0.0,48.0,1.55,122.0,79.0,64.8,11.0,9.0,11.0,3.0,9.7,5.0,0.0,0.0,0,0,,0.0,0.0,,,90,100.0,90.0,31,0,,0,1.35,49,48,1,0.03,,0,0,4,1,0,1,1,1,0.0,0.0,0.06451612903225806,0.0,0.0,0.0,0.03,0.0967741935483871,0.0,3.935483870967742,1.5483870967741935,1.5806451612903225,0.0,0.03225806451612903,0.12903225806451613,0.03225806451612903,0.03225806451612903,100.0
Sergio Herrera,ESP,GK,Osasuna,La Liga,32,1993,31,31,2790,31.0,0,0,0,0,0,0,3,0,0.0,38.0,1.23,133.0,103.0,77.4,10.0,9.0,12.0,7.0,22.6,8.0,0.0,0.0,0,0,,0.0,0.0,,,90,100.0,90.0,31,0,,0,1.26,37,38,-1,-0.03,,0,2,4,0,0,0,0,0,0.0,0.0,0.0,0.06451612903225806,0.0,0.0967741935483871,-0.03,0.22580645161290322,0.0,4.290322580645161,1.2258064516129032,1.1935483870967742,0.0,0.0,0.12903225806451613,0.0,0.0,100.0
Guglielmo Vicario,ITA,GK,Tottenham Hotspur,Premier League,29,1996,31,31,2790,31.0,0,0,0,0,0,0,1,0,0.0,50.0,1.61,131.0,83.0,63.4,7.0,9.0,15.0,7.0,22.6,2.0,0.0,0.0,0,0,,0.0,0.0,,,90,93.9,90.0,31,0,,0,0.97,40,50,-10,-0.32,0.18,0,0,3,0,0,0,1,0,0.0,0.0,0.03225806451612903,0.0,0.0,0.03225806451612903,-0.32,0.22580645161290322,0.0,4.225806451612903,1.6129032258064515,1.2903225806451613,0.0,0.0,0.0967741935483871,0.03225806451612903,0.0,93.9
Unai Simón,ESP,GK,Athletic Club,La Liga,28,1997,31,31,2790,31.0,0,0,0,0,0,0,1,0,0.0,45.0,1.45,128.0,87.0,67.2,11.0,5.0,15.0,5.0,16.1,3.0,1.0,0.0,0,0,,0.0,0.0,,,90,100.0,90.0,31,0,,0,1.23,33,45,-12,-0.39,,0,0,6,0,0,0,0,0,0.0,0.0,0.0,0.0,0.0,0.03225806451612903,-0.39,0.16129032258064516,0.3333333333333333,4.129032258064516,1.4516129032258065,1.064516129032258,0.0,0.0,0.1935483870967742,0.0,0.0,100.0
Ionuț Radu,ROU,GK,Celta Vigo,La Liga,28,1997,31,31,2790,31.0,0,0,0,0,0,0,0,0,0.0,40.0,1.29,122.0,87.0,69.7,11.0,11.0,9.0,8.0,25.8,3.0,2.0,3.0,0,0,,0.0,0.0,,,90,100.0,90.0,31,0,,0,1.42,44,40,4,0.13,,0,0,7,0,0,0,0,0,0.0,0.0,0.0,0.0,0.0,0.0,0.13,0.25806451612903225,0.6666666666666666,3.935483870967742,1.2903225806451613,1.4193548387096775,0.0,0.0,0.22580645161290322,0.0,0.0,100.0
Arijanet Muric,KVX,GK,Sassuolo,Serie A,27,1998,31,31,2790,31.0,0,0,0,0,0,0,4,0,0.0,41.0,1.32,151.0,116.0,76.2,12.0,6.0,13.0,6.0,19.4,5.0,1.0,0.0,0,0,,0.0,0.0,,,90,93.9,90.0,31,0,,2,1.35,39,41,-2,-0.06,0.44,0,1,3,0,0,0,0,0,0.0,0.0,0.0,0.03225806451612903,0.0,0.12903225806451613,-0.06,0.1935483870967742,0.2,4.870967741935484,1.3225806451612903,1.2580645161290323,0.0,0.0,0.0967741935483871,0.0,0.0,93.9
Dominik Szoboszlai,HUN,MF,Liverpool,Premier League,25,2000,31,31,2781,30.9,5,4,9,5,0,1,7,1,0.29,,1.37,,,,,,,,,,,,61,19,31.1,1.97,0.61,0.08,0.26,90,93.6,90.0,29,0,,0,1.58,51,41,10,0.32,-0.15,0,32,26,2,171,26,29,0,1.9741100323624596,0.3114754098360656,1.7799352750809063,1.0355987055016183,5.533980582524272,0.3236245954692557,0.32,0.0,0.0,0.0,1.3268608414239482,1.650485436893204,0.12944983818770228,0.06472491909385114,0.8414239482200647,0.9385113268608415,0.8414239482200647,93.6
Florian Lejeune,FRA,DF,Rayo Vallecano,La Liga,34,1991,31,31,2780,30.9,0,1,1,0,0,0,5,0,0.03,,1.37,,,,,,,,,,,,43,13,30.2,1.39,0.42,0.0,0.0,90,99.6,90.0,30,0,,0,1.13,29,38,-9,-0.29,-0.29,0,45,12,1,7,38,38,0,1.3915857605177995,0.3023255813953488,2.459546925566343,1.4563106796116505,0.22653721682847897,0.16181229773462785,-0.29,0.0,0.0,0.0,1.2297734627831716,0.9385113268608415,0.03236245954692557,0.03236245954692557,0.3883495145631068,1.2297734627831716,1.2297734627831716,99.6
Marco Palestra,ITA,MF,Cagliari,Serie A,21,2005,32,31,2777,30.9,1,4,5,1,0,0,3,0,0.16,,1.37,,,,,,,,,,,,23,5,21.7,0.75,0.16,0.04,0.2,87,93.5,88.0,25,1,36.0,0,1.0,29,44,-15,-0.49,-0.95,0,36,104,6,99,18,29,0,0.7443365695792881,0.21739130434782608,1.5210355987055018,1.1650485436893205,3.2038834951456314,0.0970873786407767,-0.49,0.0,0.0,0.0,1.4239482200647249,0.9385113268608415,0.12944983818770228,0.1941747572815534,3.365695792880259,0.9385113268608415,0.5825242718446603,93.5
Ezri Konsa,ENG,DF,Aston Villa,Premier League,28,1997,31,31,2765,30.7,0,0,0,0,0,0,0,1,0.0,,1.37,,,,,,,,,,,,11,2,18.2,0.36,0.07,0.0,0.0,89,93.1,89.0,30,0,,1,1.84,46,39,7,0.23,0.67,0,11,34,0,5,22,7,0,0.3583061889250814,0.18181818181818182,0.9446254071661238,0.3583061889250814,0.16286644951140067,0.09771986970684039,0.23,0.0,0.0,0.0,1.2703583061889252,1.498371335504886,0.0,0.0,1.1074918566775245,0.22801302931596093,0.7166123778501629,93.1
Declan Rice,ENG,MF,Arsenal,Premier League,27,1999,32,31,2761,30.7,4,5,9,4,0,0,2,0,0.29,,1.37,,,,,,,,,,,,40,13,32.5,1.3,0.42,0.1,0.31,86,93.0,88.0,26,1,23.0,0,2.09,56,25,31,1.01,-1.57,0,22,8,1,159,28,31,0,1.3029315960912053,0.325,1.9218241042345277,0.7166123778501629,5.179153094462541,0.06514657980456026,1.01,0.0,0.0,0.0,0.8143322475570033,1.8241042345276874,0.16286644951140067,0.03257328990228013,0.26058631921824105,1.009771986970684,0.9120521172638437,93.0
Ylber Ramadani,ALB,MF,Lecce,Serie A,30,1996,32,32,2761,30.7,1,0,1,1,0,0,7,0,0.03,,1.37,,,,,,,,,,,,30,5,16.7,0.98,0.16,0.03,0.2,86,93.0,86.0,22,0,,0,0.88,22,41,-19,-0.62,1.53,0,37,54,0,15,40,43,0,0.9771986970684039,0.16666666666666666,2.7035830618892507,1.205211726384365,0.48859934853420195,0.22801302931596093,-0.62,0.0,0.0,0.0,1.3355048859934853,0.7166123778501629,0.0,0.0,1.7589576547231272,1.4006514657980456,1.3029315960912053,93.0
Jan Paul van Hecke,NED,DF,Brighton,Premier League,25,2000,31,31,2760,30.7,3,3,6,3,0,0,8,0,0.2,,1.37,,,,,,,,,,,,20,9,45.0,0.65,0.29,0.15,0.33,89,92.9,89.0,30,0,,0,1.48,45,37,8,0.26,1.12,0,25,37,4,21,36,26,1,0.6514657980456027,0.45,2.019543973941368,0.8143322475570033,0.6840390879478827,0.26058631921824105,0.26,0.0,0.0,0.0,1.205211726384365,1.4657980456026058,0.09771986970684039,0.13029315960912052,1.205211726384365,0.8469055374592834,1.1726384364820848,92.9
Martín Zubimendi,ESP,MF,Arsenal,Premier League,27,1999,33,32,2754,30.6,5,1,6,5,0,0,4,0,0.2,,1.37,,,,,,,,,,,,26,9,34.6,0.85,0.29,0.19,0.56,83,92.7,84.0,21,1,61.0,0,2.12,54,24,30,0.98,-1.94,0,29,13,1,12,37,35,0,0.8496732026143791,0.34615384615384615,2.3529411764705883,0.9477124183006536,0.39215686274509803,0.13071895424836602,0.98,0.0,0.0,0.0,0.7843137254901961,1.7647058823529411,0.032679738562091505,0.032679738562091505,0.42483660130718953,1.1437908496732025,1.2091503267973855,92.7
Simone Canestrelli,ITA,DF,Pisa,Serie A,25,2000,32,31,2751,30.6,1,0,1,1,0,0,3,0,0.03,,1.37,,,,,,,,,,,,13,2,15.4,0.43,0.07,0.08,0.5,86,92.6,88.0,29,1,21.0,1,0.56,23,54,-31,-1.01,1.04,0,36,19,1,12,26,23,0,0.42483660130718953,0.15384615384615385,1.6013071895424835,1.1764705882352942,0.39215686274509803,0.09803921568627451,-1.01,0.0,0.0,0.0,1.7647058823529411,0.7516339869281046,0.0,0.032679738562091505,0.6209150326797386,0.7516339869281046,0.8496732026143791,92.6
Jake O'Brien,IRL,DF,Everton,Premier League,24,2001,32,30,2728,30.3,0,1,1,0,0,0,2,1,0.03,,1.37,,,,,,,,,,,,10,4,40.0,0.33,0.13,0.0,0.0,85,91.9,88.0,27,2,42.0,0,1.47,38,37,1,0.03,0.03,0,15,14,4,44,12,29,0,0.33003300330033003,0.4,1.353135313531353,0.49504950495049505,1.4521452145214522,0.16501650165016502,0.03,0.0,0.0,0.0,1.221122112211221,1.2541254125412542,0.033003300330033,0.132013201320132,0.46204620462046203,0.957095709570957,0.396039603960396,91.9
Antonio Caracciolo,ITA,DF,Pisa,Serie A,35,1990,31,30,2713,30.1,2,0,2,2,0,0,8,0,0.07,,1.37,,,,,,,,,,,,23,5,21.7,0.76,0.17,0.09,0.4,88,91.3,89.0,27,1,29.0,1,0.55,20,51,-31,-1.03,0.72,0,35,10,0,3,46,40,1,0.7641196013289037,0.21739130434782608,2.857142857142857,1.1627906976744184,0.09966777408637874,0.26578073089700993,-1.03,0.0,0.0,0.0,1.6943521594684385,0.6644518272425249,0.0,0.0,0.33222591362126247,1.3289036544850499,1.5282392026578073,91.3
Robert Sánchez,ESP,GK,Chelsea,Premier League,28,1997,31,31,2704,30.0,0,1,1,0,0,0,3,1,0.03,40.0,1.33,125.0,85.0,68.8,12.0,8.0,11.0,9.0,29.0,1.0,0.0,0.0,0,0,,0.0,0.0,,,87,91.0,87.0,30,0,,1,1.42,47,38,9,0.3,-0.38,0,2,11,0,0,1,0,0,0.0,0.0,0.03333333333333333,0.06666666666666667,0.0,0.2,0.3,0.2903225806451613,0.0,4.166666666666667,1.2666666666666666,1.5666666666666667,0.03333333333333333,0.0,0.36666666666666664,0.0,0.03333333333333333,91.0
Luka Modrić,CRO,MF,Milan,Serie A,40,1985,32,31,2703,30.0,2,3,5,2,0,0,4,0,0.17,,1.37,,,,,,,,,,,,18,8,44.4,0.6,0.27,0.11,0.25,84,91.0,87.0,25,1,4.0,1,2.03,45,26,19,0.63,-0.04,0,22,31,0,109,34,25,0,0.6,0.4444444444444444,1.9666666666666666,0.7333333333333333,3.6333333333333333,0.13333333333333333,0.63,0.0,0.0,0.0,0.8666666666666667,1.5,0.1,0.0,1.0333333333333334,0.8333333333333334,1.1333333333333333,91.0
Gregor Kobel,SUI,GK,Dortmund,Bundesliga,28,1997,30,30,2700,30.0,0,0,0,0,0,0,2,0,0.0,31.0,1.03,102.0,76.0,74.5,19.0,7.0,4.0,13.0,43.3,5.0,0.0,0.0,0,0,,0.0,0.0,,,90,100.0,90.0,30,0,,0,2.13,61,31,30,1.0,,0,0,5,0,0,0,0,0,0.0,0.0,0.0,0.0,0.0,0.06666666666666667,1.0,0.43333333333333335,0.0,3.4,1.0333333333333334,2.033333333333333,0.0,0.0,0.16666666666666666,0.0,0.0,100.0
Jordan Lefort,MTN,DF,Angers,Ligue 1,32,1993,30,30,2700,30.0,0,2,2,0,0,0,2,0,0.07,,1.37,,,,,,,,,,,,10,2,20.0,0.33,0.07,0.0,0.0,90,100.0,90.0,30,0,,0,1.13,26,40,-14,-0.47,,0,19,18,2,19,41,28,0,0.3333333333333333,0.2,2.3,0.6333333333333333,0.6333333333333333,0.06666666666666667,-0.47,0.0,0.0,0.0,1.3333333333333333,0.8666666666666667,0.06666666666666667,0.06666666666666667,0.6,0.9333333333333333,1.3666666666666667,100.0
Finn Dahmen,GER,GK,Augsburg,Bundesliga,28,1998,30,30,2700,30.0,0,0,0,0,0,0,1,0,0.0,54.0,1.8,135.0,88.0,64.4,10.0,6.0,14.0,5.0,16.7,6.0,1.0,0.0,1,0,0.0,0.03,0.0,0.0,,90,100.0,90.0,30,0,,0,1.2,38,54,-16,-0.53,,0,0,8,0,0,0,0,0,0.03333333333333333,0.0,0.0,0.0,0.0,0.03333333333333333,-0.53,0.16666666666666666,0.16666666666666666,4.5,1.8,1.2666666666666666,0.0,0.0,0.26666666666666666,0.0,0.0,100.0
Martin Valjent,SVK,DF,Mallorca,La Liga,30,1995,30,30,2700,30.0,0,0,0,0,0,0,5,0,0.0,,1.37,,,,,,,,,,,,14,7,50.0,0.47,0.23,0.0,0.0,90,96.8,90.0,30,0,,0,1.03,36,48,-12,-0.4,-3.4,0,28,9,0,2,18,24,0,0.4666666666666667,0.5,1.4,0.9333333333333333,0.06666666666666667,0.16666666666666666,-0.4,0.0,0.0,0.0,1.6,1.2,0.0,0.0,0.3,0.8,0.6,96.8
Nikola Vasilj,BIH,GK,St Pauli,Bundesliga,30,1995,30,30,2700,30.0,0,0,0,0,0,0,0,0,0.0,51.0,1.7,152.0,106.0,68.4,6.0,8.0,16.0,5.0,16.7,3.0,2.0,0.0,0,0,,0.0,0.0,,,90,100.0,90.0,30,0,,0,0.87,26,51,-25,-0.83,,0,0,1,0,0,1,1,0,0.0,0.0,0.06666666666666667,0.0,0.0,0.0,-0.83,0.16666666666666666,0.6666666666666666,5.066666666666666,1.7,0.8666666666666667,0.0,0.0,0.03333333333333333,0.03333333333333333,0.03333333333333333,100.0
Daniel Heuer Fernandes,POR,GK,Hamburger SV,Bundesliga,33,1992,30,30,2700,30.0,0,0,0,0,0,0,3,0,0.0,48.0,1.6,136.0,96.0,69.1,7.0,10.0,13.0,6.0,20.0,6.0,2.0,2.0,1,0,0.0,0.03,0.0,0.0,,90,100.0,90.0,30,0,,0,1.03,33,48,-15,-0.5,,0,0,4,0,0,0,0,0,0.03333333333333333,0.0,0.0,0.0,0.0,0.1,-0.5,0.2,0.3333333333333333,4.533333333333333,1.6,1.1,0.0,0.0,0.13333333333333333,0.0,0.0,100.0
Kamil Grabara,POL,GK,Wolfsburg,Bundesliga,27,1999,30,30,2700,30.0,0,0,0,0,0,0,1,0,0.0,66.0,2.2,163.0,107.0,63.8,6.0,6.0,18.0,1.0,3.3,7.0,3.0,1.0,1,0,0.0,0.03,0.0,0.0,,90,100.0,90.0,30,0,,0,0.8,41,66,-25,-0.83,,0,0,1,0,0,1,1,0,0.03333333333333333,0.0,0.06666666666666667,0.0,0.0,0.03333333333333333,-0.83,0.03333333333333333,0.42857142857142855,5.433333333333334,2.2,1.3666666666666667,0.0,0.0,0.03333333333333333,0.03333333333333333,0.03333333333333333,100.0
Maximilian Eggestein,GER,MF,Freiburg,Bundesliga,29,1996,30,30,2700,30.0,3,1,4,3,0,0,4,0,0.13,,1.37,,,,,,,,,,,,42,13,31.0,1.4,0.43,0.07,0.23,90,100.0,90.0,30,0,,0,1.43,44,48,-4,-0.13,,0,17,17,1,14,28,33,0,1.4,0.30952380952380953,2.033333333333333,0.5666666666666667,0.4666666666666667,0.13333333333333333,-0.13,0.0,0.0,0.0,1.6,1.4666666666666666,0.03333333333333333,0.03333333333333333,0.5666666666666667,1.1,0.9333333333333333,100.0
Danilho Doekhi,NED,DF,Union Berlin,Bundesliga,27,1998,30,30,2700,30.0,4,0,4,4,0,0,4,0,0.13,,1.37,,,,,,,,,,,,39,9,23.1,1.3,0.3,0.1,0.44,90,100.0,90.0,30,0,,0,1.07,34,52,-18,-0.6,,0,26,13,1,6,38,28,0,1.3,0.23076923076923078,2.2,0.8666666666666667,0.2,0.13333333333333333,-0.6,0.0,0.0,0.0,1.7333333333333334,1.1333333333333333,0.0,0.03333333333333333,0.43333333333333335,0.9333333333333333,1.2666666666666666,100.0
Robin Roefs,NED,GK,Sunderland,Premier League,23,2003,30,30,2700,30.0,0,0,0,0,0,0,3,0,0.0,38.0,1.27,129.0,94.0,72.1,10.0,10.0,10.0,9.0,30.0,2.0,1.0,0.0,0,0,,0.0,0.0,,,90,90.9,90.0,30,0,,0,1.33,33,38,-5,-0.17,-0.5,0,0,11,0,0,0,0,0,0.0,0.0,0.0,0.0,0.0,0.1,-0.17,0.3,0.5,4.3,1.2666666666666666,1.1,0.0,0.0,0.36666666666666664,0.0,0.0,90.9
Oliver Baumann,GER,GK,Hoffenheim,Bundesliga,35,1990,30,30,2700,30.0,0,0,0,0,0,0,2,0,0.0,44.0,1.47,129.0,89.0,69.0,16.0,6.0,8.0,6.0,20.0,4.0,0.0,2.0,0,0,,0.0,0.0,,,90,100.0,90.0,30,0,,0,1.8,59,44,15,0.5,,0,0,5,0,0,0,0,0,0.0,0.0,0.0,0.0,0.0,0.06666666666666667,0.5,0.2,0.0,4.3,1.4666666666666666,1.9666666666666666,0.0,0.0,0.16666666666666666,0.0,0.0,100.0
Marvin Schwäbe,GER,GK,Köln,Bundesliga,30,1995,30,30,2700,30.0,0,0,0,0,0,0,1,0,0.0,51.0,1.7,131.0,86.0,64.1,7.0,10.0,13.0,3.0,10.0,4.0,2.0,0.0,0,0,,0.0,0.0,,,90,100.0,90.0,30,0,,0,1.03,44,51,-7,-0.23,,0,1,4,0,0,3,1,0,0.0,0.0,0.13333333333333333,0.03333333333333333,0.0,0.03333333333333333,-0.23,0.1,0.5,4.366666666666666,1.7,1.4666666666666666,0.0,0.0,0.13333333333333333,0.03333333333333333,0.1,100.0
Leandro Cabrera,URU,DF,Espanyol,La Liga,34,1991,30,30,2700,30.0,3,0,3,3,0,0,2,0,0.1,,1.37,,,,,,,,,,,,34,9,26.5,1.13,0.3,0.09,0.33,90,96.8,90.0,30,0,,0,1.23,37,48,-11,-0.37,-0.37,0,29,7,1,17,20,22,0,1.1333333333333333,0.2647058823529412,1.4,0.9666666666666667,0.5666666666666667,0.06666666666666667,-0.37,0.0,0.0,0.0,1.6,1.2333333333333334,0.0,0.03333333333333333,0.23333333333333334,0.7333333333333333,0.6666666666666666,96.8
Moritz Nicolas,GER,GK,Gladbach,Bundesliga,28,1997,30,30,2700,30.0,0,0,0,0,0,0,1,0,0.0,50.0,1.67,166.0,121.0,72.9,7.0,10.0,13.0,10.0,33.3,5.0,0.0,0.0,0,0,,0.0,0.0,,,90,100.0,90.0,30,0,,0,1.03,36,50,-14,-0.47,,0,0,2,0,0,0,1,0,0.0,0.0,0.03333333333333333,0.0,0.0,0.03333333333333333,-0.47,0.3333333333333333,0.0,5.533333333333333,1.6666666666666667,1.2,0.0,0.0,0.06666666666666667,0.03333333333333333,0.0,100.0
Yann Sommer,SUI,GK,Inter,Serie A,37,1988,30,30,2700,30.0,0,0,0,0,0,0,0,0,0.0,28.0,0.93,87.0,61.0,71.3,22.0,3.0,5.0,14.0,46.7,3.0,0.0,0.0,0,0,,0.0,0.0,,,90,90.9,90.0,30,0,,3,2.3,71,28,43,1.43,-0.57,0,0,1,0,0,0,0,0,0.0,0.0,0.0,0.0,0.0,0.0,1.43,0.4666666666666667,0.0,2.9,0.9333333333333333,2.3666666666666667,0.0,0.0,0.03333333333333333,0.0,0.0,90.9
Noah Atubolu,GER,GK,Freiburg,Bundesliga,23,2002,30,30,2700,30.0,0,0,0,0,0,0,1,0,0.0,48.0,1.6,136.0,89.0,64.7,12.0,7.0,11.0,6.0,20.0,0.0,1.0,0.0,0,0,,0.0,0.0,,,90,100.0,90.0,30,0,,0,1.43,44,48,-4,-0.13,,0,0,5,0,0,1,0,0,0.0,0.0,0.03333333333333333,0.0,0.0,0.03333333333333333,-0.13,0.2,1.0,4.533333333333333,1.6,1.4666666666666666,0.0,0.0,0.16666666666666666,0.0,0.03333333333333333,100.0
Patrick Mainka,GER,DF,Heidenheim,Bundesliga,31,1994,30,30,2700,30.0,2,2,4,2,0,0,1,0,0.13,,1.37,,,,,,,,,,,,33,7,21.2,1.1,0.23,0.06,0.29,90,100.0,90.0,30,0,,0,0.63,33,66,-33,-1.1,,0,7,19,2,0,30,27,0,1.1,0.21212121212121213,1.9,0.23333333333333334,0.0,0.03333333333333333,-1.1,0.0,0.0,0.0,2.2,1.1,0.06666666666666667,0.06666666666666667,0.6333333333333333,0.9,1.0,100.0
Lorenzo Montipò,ITA,GK,Hellas Verona,Serie A,30,1996,30,30,2700,30.0,0,1,1,0,0,0,0,0,0.03,49.0,1.63,113.0,67.0,58.4,3.0,8.0,19.0,4.0,13.3,2.0,2.0,0.0,0,0,,0.0,0.0,,,90,90.9,90.0,30,0,,3,0.57,22,49,-27,-0.9,1.1,0,0,6,0,0,0,0,0,0.0,0.0,0.0,0.0,0.0,0.0,-0.9,0.13333333333333333,1.0,3.7666666666666666,1.6333333333333333,0.7333333333333333,0.03333333333333333,0.0,0.2,0.0,0.0,90.9
Augusto Batalla,ARG,GK,Rayo Vallecano,La Liga,29,1996,30,30,2700,30.0,0,0,0,0,0,0,4,0,0.0,35.0,1.17,112.0,82.0,73.2,8.0,11.0,11.0,9.0,30.0,5.0,0.0,0.0,0,0,,0.0,0.0,,,90,96.8,90.0,30,0,,1,1.17,29,35,-6,-0.2,2.8,0,0,4,0,0,0,1,0,0.0,0.0,0.03333333333333333,0.0,0.0,0.13333333333333333,-0.2,0.3,0.0,3.7333333333333334,1.1666666666666667,0.9666666666666667,0.0,0.0,0.13333333333333333,0.03333333333333333,0.0,96.8
Alexander Nübel,GER,GK,Stuttgart,Bundesliga,29,1996,30,30,2700,30.0,0,1,1,0,0,0,0,0,0.03,42.0,1.4,125.0,90.0,72.0,17.0,5.0,8.0,11.0,36.7,7.0,1.0,0.0,0,0,,0.0,0.0,,,90,100.0,90.0,30,0,,0,1.87,62,42,20,0.67,,0,0,7,0,0,1,0,0,0.0,0.0,0.03333333333333333,0.0,0.0,0.0,0.67,0.36666666666666664,0.14285714285714285,4.166666666666667,1.4,2.066666666666667,0.03333333333333333,0.0,0.23333333333333334,0.0,0.03333333333333333,100.0
Kaishu Sano,JPN,MF,Mainz 05,Bundesliga,25,2000,30,30,2699,30.0,1,1,2,1,0,0,1,0,0.07,,1.37,,,,,,,,,,,,17,4,23.5,0.57,0.13,0.06,0.25,90,100.0,90.0,29,0,,0,1.13,36,45,-9,-0.3,-0.3,0,11,27,4,14,64,29,0,0.5666666666666667,0.23529411764705882,3.1,0.36666666666666664,0.4666666666666667,0.03333333333333333,-0.3,0.0,0.0,0.0,1.5,1.2,0.03333333333333333,0.13333333333333333,0.9,0.9666666666666667,2.1333333333333333,100.0
Nico Elvedi,SUI,DF,Gladbach,Bundesliga,29,1996,30,30,2696,30.0,0,0,0,0,0,0,4,0,0.0,,1.37,,,,,,,,,,,,8,0,0.0,0.27,0.0,0.0,,90,99.9,90.0,29,0,,0,1.03,36,50,-14,-0.47,-0.47,0,16,14,0,1,34,30,0,0.26666666666666666,0.0,2.1333333333333333,0.5333333333333333,0.03333333333333333,0.13333333333333333,-0.47,0.0,0.0,0.0,1.6666666666666667,1.2,0.0,0.0,0.4666666666666667,1.0,1.1333333333333333,99.9
Dodô,BRA,DF,Fiorentina,Serie A,27,1998,31,31,2684,29.8,1,2,3,1,0,0,7,0,0.1,,1.37,,,,,,,,,,,,21,3,14.3,0.7,0.1,0.05,0.33,87,90.4,87.0,25,0,,0,1.06,36,41,-5,-0.17,0.46,0,17,47,2,128,27,16,0,0.7046979865771812,0.14285714285714285,1.4429530201342282,0.5704697986577181,4.295302013422819,0.2348993288590604,-0.17,0.0,0.0,0.0,1.3758389261744965,1.2080536912751678,0.06711409395973154,0.06711409395973154,1.5771812080536913,0.5369127516778524,0.9060402684563759,90.4
Ferdi Kadioglu,TUR,DF,Brighton,Premier League,26,1999,32,29,2683,29.8,0,0,0,0,0,0,6,0,0.0,,1.37,,,,,,,,,,,,23,9,39.1,0.77,0.3,0.0,0.0,84,90.3,89.0,25,3,38.0,1,1.38,39,34,5,0.17,-0.15,0,16,34,6,98,20,38,0,0.7718120805369127,0.391304347826087,1.9463087248322146,0.5369127516778524,3.2885906040268456,0.20134228187919462,0.17,0.0,0.0,0.0,1.1409395973154361,1.308724832214765,0.0,0.20134228187919462,1.1409395973154361,1.2751677852348993,0.6711409395973155,90.3
Sander Berge,NOR,MF,Fulham,Premier League,28,1998,32,31,2680,29.8,0,1,1,0,0,0,5,0,0.03,,1.37,,,,,,,,,,,,10,3,30.0,0.34,0.1,0.0,0.0,84,90.2,86.0,23,1,17.0,1,1.38,39,44,-5,-0.17,-0.79,0,31,13,0,12,23,40,1,0.33557046979865773,0.3,2.1140939597315436,1.0402684563758389,0.40268456375838924,0.16778523489932887,-0.17,0.0,0.0,0.0,1.4765100671140938,1.308724832214765,0.03355704697986577,0.0,0.436241610738255,1.342281879194631,0.7718120805369127,90.2
Jakub Kamiński,POL,MF,Köln,Bundesliga,23,2002,30,30,2677,29.7,7,3,10,7,0,0,4,0,0.34,,1.37,,,,,,,,,,,,55,22,40.0,1.85,0.74,0.13,0.32,89,99.1,89.0,26,0,,0,1.03,44,50,-6,-0.2,3.71,0,13,28,5,105,22,25,0,1.8518518518518519,0.4,1.5824915824915826,0.4377104377104377,3.5353535353535355,0.13468013468013468,-0.2,0.0,0.0,0.0,1.6835016835016836,1.4814814814814816,0.10101010101010101,0.16835016835016836,0.9427609427609428,0.8417508417508418,0.7407407407407408,99.1
Bryan Cristante,ITA,MF,Roma,Serie A,31,1995,32,31,2676,29.7,2,1,3,2,0,0,6,0,0.1,,1.37,,,,,,,,,,,,40,8,20.0,1.35,0.27,0.05,0.25,84,90.1,85.0,23,1,45.0,0,1.72,44,25,19,0.64,1.25,0,57,8,0,15,26,37,0,1.3468013468013469,0.2,2.121212121212121,1.9191919191919193,0.5050505050505051,0.20202020202020202,0.64,0.0,0.0,0.0,0.8417508417508418,1.4814814814814816,0.03367003367003367,0.0,0.26936026936026936,1.245791245791246,0.8754208754208754,90.1
Saúl Coco,EQG,DF,Torino,Serie A,27,1999,30,30,2676,29.7,1,1,2,1,0,0,3,0,0.07,,1.37,,,,,,,,,,,,14,4,28.6,0.47,0.13,0.07,0.25,89,90.1,89.0,29,0,,1,1.23,34,47,-13,-0.44,0.79,0,39,33,0,5,37,29,0,0.4713804713804714,0.2857142857142857,2.2222222222222223,1.3131313131313131,0.16835016835016836,0.10101010101010101,-0.44,0.0,0.0,0.0,1.5824915824915826,1.144781144781145,0.03367003367003367,0.0,1.1111111111111112,0.9764309764309764,1.245791245791246,90.1
Ethan Ampadu,WAL,MF,Leeds United,Premier League,25,2000,30,30,2669,29.7,1,1,2,1,0,0,8,0,0.07,,1.37,,,,,,,,,,,,24,6,25.0,0.81,0.2,0.04,0.17,89,89.9,89.0,26,0,,0,1.23,38,42,-4,-0.13,0.76,0,39,29,0,24,43,40,0,0.8080808080808081,0.25,2.7946127946127945,1.3131313131313131,0.8080808080808081,0.26936026936026936,-0.13,0.0,0.0,0.0,1.4141414141414141,1.2794612794612794,0.03367003367003367,0.0,0.9764309764309764,1.3468013468013469,1.4478114478114479,89.9
Marin Pongračić,CRO,DF,Fiorentina,Serie A,28,1997,31,30,2669,29.7,0,0,0,0,0,0,10,0,0.0,,1.37,,,,,,,,,,,,8,1,12.5,0.27,0.03,0.0,0.0,86,89.9,88.0,27,1,20.0,1,1.16,36,37,-1,-0.03,1.76,0,64,20,0,4,34,14,0,0.26936026936026936,0.125,1.6161616161616161,2.154882154882155,0.13468013468013468,0.3367003367003367,-0.03,0.0,0.0,0.0,1.245791245791246,1.2121212121212122,0.0,0.0,0.6734006734006734,0.4713804713804714,1.144781144781145,89.9
Guillaume Restes,FRA,GK,Toulouse,Ligue 1,21,2005,30,30,2669,29.7,0,0,0,0,0,0,3,0,0.0,41.0,1.38,112.0,76.0,67.9,10.0,7.0,13.0,9.0,30.0,5.0,0.0,0.0,0,0,,0.0,0.0,,,89,98.9,89.0,29,0,,0,1.23,40,41,-1,-0.03,-0.03,0,0,8,0,0,1,0,0,0.0,0.0,0.03367003367003367,0.0,0.0,0.10101010101010101,-0.03,0.3,0.0,3.771043771043771,1.3804713804713804,1.3468013468013469,0.0,0.0,0.26936026936026936,0.0,0.03367003367003367,98.9
Enzo Fernández,ARG,MF,Chelsea,Premier League,25,2001,31,30,2665,29.6,8,3,11,6,2,2,8,0,0.3,,1.37,,,,,,,,,,,,63,28,44.4,2.13,0.95,0.1,0.21,86,89.7,88.0,23,1,37.0,0,1.45,48,36,12,0.41,0.7,0,30,39,1,69,19,23,0,2.128378378378378,0.4444444444444444,1.4189189189189189,1.0135135135135134,2.331081081081081,0.27027027027027023,0.41,0.0,0.0,0.0,1.2162162162162162,1.6216216216216215,0.10135135135135134,0.03378378378378378,1.3175675675675675,0.777027027027027,0.6418918918918919,89.7
Maxence Lacroix,FRA,DF,Crystal Palace,Premier League,26,2000,30,30,2665,29.6,1,2,3,1,0,0,3,1,0.1,,1.37,,,,,,,,,,,,21,4,19.0,0.71,0.14,0.05,0.25,89,92.5,89.0,29,0,,0,1.23,31,33,-2,-0.07,-0.49,0,30,17,0,5,40,33,0,0.7094594594594594,0.19047619047619047,2.4662162162162162,1.0135135135135134,0.16891891891891891,0.2027027027027027,-0.07,0.0,0.0,0.0,1.114864864864865,1.0472972972972971,0.06756756756756756,0.0,0.5743243243243243,1.114864864864865,1.3513513513513513,92.5
Ibrahima Konaté,FRA,DF,Liverpool,Premier League,26,1999,31,31,2660,29.6,1,0,1,1,0,0,6,0,0.03,,1.37,,,,,,,,,,,,10,3,30.0,0.34,0.1,0.1,0.33,86,89.6,86.0,24,0,,1,1.74,46,35,11,0.37,0.37,0,31,35,0,3,26,30,0,0.33783783783783783,0.3,1.8918918918918919,1.0472972972972971,0.10135135135135134,0.2027027027027027,0.37,0.0,0.0,0.0,1.1824324324324325,1.554054054054054,0.0,0.0,1.1824324324324325,1.0135135135135134,0.8783783783783783,89.6
Ryan Gravenberch,NED,MF,Liverpool,Premier League,23,2002,31,30,2653,29.5,4,3,7,4,0,0,5,0,0.24,,1.37,,,,,,,,,,,,32,9,28.1,1.09,0.31,0.13,0.44,86,89.3,87.0,26,1,45.0,0,1.68,44,35,9,0.31,-0.26,0,33,37,0,6,39,31,0,1.0847457627118644,0.28125,2.3728813559322033,1.11864406779661,0.2033898305084746,0.1694915254237288,0.31,0.0,0.0,0.0,1.1864406779661016,1.4915254237288136,0.1016949152542373,0.0,1.2542372881355932,1.0508474576271187,1.3220338983050848,89.3
Luis Milla,ESP,MF,Getafe,La Liga,31,1994,30,30,2653,29.5,0,9,9,0,0,0,4,1,0.31,,1.37,,,,,,,,,,,,19,2,10.5,0.64,0.07,0.0,0.0,88,95.1,88.0,25,0,,0,1.37,27,29,-2,-0.07,1.9,0,26,42,2,177,35,24,0,0.6440677966101694,0.10526315789473684,2.0,0.8813559322033898,6.0,0.23728813559322035,-0.07,0.0,0.0,0.0,0.9830508474576272,0.9152542372881356,0.3050847457627119,0.06779661016949153,1.423728813559322,0.8135593220338984,1.1864406779661016,95.1
Nicolás Paz,ARG,MF,Como,Serie A,21,2004,32,30,2653,29.5,12,6,18,12,0,2,5,0,0.61,,1.37,,,,,,,,,,,,116,48,41.4,3.94,1.63,0.1,0.25,83,89.3,87.0,20,2,25.0,0,1.72,47,27,20,0.68,-1.88,0,50,39,0,59,25,51,0,3.9322033898305087,0.41379310344827586,2.5762711864406778,1.694915254237288,2.0,0.1694915254237288,0.68,0.0,0.0,0.0,0.9152542372881356,1.5932203389830508,0.2033898305084746,0.0,1.3220338983050848,1.728813559322034,0.847457627118644,89.3
Vladimír Coufal,CZE,DF,Hoffenheim,Bundesliga,33,1992,30,30,2652,29.5,1,7,8,1,0,0,4,0,0.27,,1.37,,,,,,,,,,,,24,5,20.8,0.81,0.17,0.04,0.2,88,98.2,88.0,24,0,,0,1.8,58,42,16,0.54,2.42,0,31,35,0,173,34,31,0,0.8135593220338984,0.20833333333333334,2.2033898305084745,1.0508474576271187,5.864406779661017,0.13559322033898305,0.54,0.0,0.0,0.0,1.423728813559322,1.9661016949152543,0.23728813559322035,0.0,1.1864406779661016,1.0508474576271187,1.152542372881356,98.2
Joachim Andersen,DEN,DF,Fulham,Premier League,29,1996,30,30,2651,29.5,0,1,1,0,0,0,7,0,0.03,,1.37,,,,,,,,,,,,15,4,26.7,0.51,0.14,0.0,0.0,88,89.3,88.0,29,0,,1,1.4,40,41,-1,-0.03,0.53,0,28,12,0,15,28,20,0,0.5084745762711864,0.26666666666666666,1.6271186440677967,0.9491525423728814,0.5084745762711864,0.23728813559322035,-0.03,0.0,0.0,0.0,1.3898305084745763,1.3559322033898304,0.03389830508474576,0.0,0.4067796610169492,0.6779661016949152,0.9491525423728814,89.3
Aleix Febas,ESP,MF,Elche,La Liga,30,1996,30,30,2651,29.5,2,2,4,2,0,0,7,0,0.14,,1.37,,,,,,,,,,,,20,8,40.0,0.68,0.27,0.1,0.25,88,95.0,88.0,26,0,,0,1.07,37,42,-5,-0.17,1.77,0,26,94,1,18,23,39,0,0.6779661016949152,0.4,2.1016949152542375,0.8813559322033898,0.6101694915254238,0.23728813559322035,-0.17,0.0,0.0,0.0,1.423728813559322,1.2542372881355932,0.06779661016949153,0.03389830508474576,3.1864406779661016,1.3220338983050848,0.7796610169491526,95.0
Kyle Walker,ENG,DF,Burnley,Premier League,35,1990,31,30,2646,29.4,0,2,2,0,0,0,9,0,0.07,,1.37,,,,,,,,,,,,3,0,0.0,0.1,0.0,0.0,,85,89.1,88.0,27,1,9.0,1,0.65,27,58,-31,-1.05,-0.5,0,28,20,1,33,36,25,0,0.10204081632653061,0.0,2.0748299319727894,0.9523809523809524,1.1224489795918369,0.30612244897959184,-1.05,0.0,0.0,0.0,1.9727891156462587,0.9183673469387755,0.06802721088435375,0.034013605442176874,0.6802721088435374,0.8503401360544218,1.2244897959183674,89.1
Romano Schmid,AUT,MF,Werder Bremen,Bundesliga,26,2000,30,30,2644,29.4,3,8,11,0,3,4,4,0,0.27,,1.37,,,,,,,,,,,,53,19,35.8,1.8,0.65,0.0,0.0,88,97.9,88.0,22,0,,0,1.03,32,51,-19,-0.65,-2.25,0,18,28,5,143,11,25,0,1.8027210884353742,0.3584905660377358,1.2244897959183674,0.6122448979591837,4.863945578231292,0.1360544217687075,-0.65,0.0,0.0,0.0,1.7346938775510206,1.08843537414966,0.272108843537415,0.17006802721088435,0.9523809523809524,0.8503401360544218,0.3741496598639456,97.9
Manuel Akanji,SUI,DF,Inter,Serie A,30,1995,31,29,2641,29.3,2,0,2,2,0,0,4,0,0.07,,1.37,,,,,,,,,,,,22,6,27.3,0.75,0.2,0.09,0.33,85,88.9,90.0,28,2,21.0,0,2.42,69,24,45,1.53,0.44,0,25,16,2,3,35,23,0,0.7508532423208191,0.2727272727272727,1.9795221843003412,0.8532423208191126,0.10238907849829351,0.13651877133105803,1.53,0.0,0.0,0.0,0.8191126279863481,2.354948805460751,0.0,0.06825938566552901,0.5460750853242321,0.7849829351535836,1.1945392491467577,88.9
Gianluca Mancini,ITA,DF,Roma,Serie A,30,1996,31,31,2636,29.3,1,2,3,1,0,0,9,0,0.1,,1.37,,,,,,,,,,,,16,5,31.3,0.55,0.17,0.06,0.2,85,88.8,85.0,24,0,,0,1.68,39,24,15,0.51,-0.03,0,65,38,5,28,42,25,0,0.5460750853242321,0.3125,2.2866894197952217,2.218430034129693,0.9556313993174061,0.30716723549488056,0.51,0.0,0.0,0.0,0.8191126279863481,1.3310580204778157,0.06825938566552901,0.1706484641638225,1.2969283276450512,0.8532423208191126,1.4334470989761092,88.8
Jonny Castro,ESP,DF,Alavés,La Liga,32,1994,30,30,2634,29.3,0,0,0,0,0,0,5,0,0.0,,1.37,,,,,,,,,,,,7,2,28.6,0.24,0.07,0.0,0.0,88,94.4,88.0,26,0,,0,1.07,33,44,-11,-0.38,-0.38,0,31,27,1,22,37,37,0,0.23890784982935154,0.2857142857142857,2.525597269624573,1.0580204778156996,0.7508532423208191,0.1706484641638225,-0.38,0.0,0.0,0.0,1.5017064846416381,1.1262798634812285,0.0,0.034129692832764506,0.9215017064846416,1.2627986348122866,1.2627986348122866,94.4
Morten Frendrup,DEN,MF,Genoa,Serie A,25,2001,31,30,2631,29.2,1,0,1,1,0,0,5,0,0.03,,1.37,,,,,,,,,,,,8,3,37.5,0.27,0.1,0.13,0.33,85,88.6,87.0,21,1,28.0,0,1.06,35,40,-5,-0.17,0.09,0,36,35,0,4,34,60,0,0.273972602739726,0.375,3.219178082191781,1.2328767123287672,0.136986301369863,0.17123287671232876,-0.17,0.0,0.0,0.0,1.36986301369863,1.1986301369863015,0.0,0.0,1.1986301369863015,2.0547945205479454,1.1643835616438356,88.6
Mauro Arambarri,URU,MF,Getafe,La Liga,30,1995,30,30,2629,29.2,6,2,8,4,2,2,5,0,0.21,,1.37,,,,,,,,,,,,50,17,34.0,1.71,0.58,0.08,0.24,88,94.2,88.0,25,0,,0,1.37,27,31,-4,-0.14,0.42,0,46,53,2,11,19,39,0,1.7123287671232876,0.34,1.9863013698630136,1.5753424657534247,0.3767123287671233,0.17123287671232876,-0.14,0.0,0.0,0.0,1.0616438356164384,0.9246575342465754,0.0684931506849315,0.0684931506849315,1.815068493150685,1.3356164383561644,0.6506849315068494,94.2
Michel Ndary Adopo,FRA,MF,Cagliari,Serie A,25,2000,33,28,2624,29.2,1,1,2,1,0,0,3,0,0.07,,1.37,,,,,,,,,,,,26,11,42.3,0.89,0.38,0.04,0.09,80,88.4,85.0,20,5,49.0,0,1.0,28,41,-13,-0.45,-0.19,0,31,23,4,18,26,28,0,0.8904109589041096,0.4230769230769231,1.8493150684931507,1.0616438356164384,0.6164383561643836,0.10273972602739727,-0.45,0.0,0.0,0.0,1.404109589041096,0.9589041095890412,0.03424657534246575,0.136986301369863,0.7876712328767124,0.9589041095890412,0.8904109589041096,88.4
Matty Cash,POL,DF,Aston Villa,Premier League,28,1997,30,30,2620,29.1,3,2,5,3,0,0,8,0,0.17,,1.37,,,,,,,,,,,,29,10,34.5,1.0,0.34,0.1,0.3,87,88.2,87.0,23,0,,0,1.83,42,31,11,0.38,1.66,0,40,27,4,113,22,24,0,0.9965635738831614,0.3448275862068966,1.5807560137457044,1.3745704467353952,3.8831615120274914,0.274914089347079,0.38,0.0,0.0,0.0,1.0652920962199313,1.443298969072165,0.06872852233676975,0.1374570446735395,0.9278350515463917,0.8247422680412371,0.7560137457044673,88.2
Enrico Del Prato,ITA,DF,Parma,Serie A,26,1999,31,30,2618,29.1,2,0,2,2,0,0,5,0,0.07,,1.37,,,,,,,,,,,,16,8,50.0,0.55,0.28,0.13,0.25,84,88.1,87.0,27,1,21.0,1,1.16,22,36,-14,-0.48,0.03,0,16,10,4,14,23,17,0,0.549828178694158,0.5,1.3745704467353952,0.549828178694158,0.4810996563573883,0.1718213058419244,-0.48,0.0,0.0,0.0,1.2371134020618557,0.7560137457044673,0.0,0.1374570446735395,0.3436426116838488,0.5841924398625429,0.7903780068728522,88.1
Trai Hume,NIR,DF,Sunderland,Premier League,24,2002,33,29,2618,29.1,1,1,2,1,0,0,9,0,0.07,,1.37,,,,,,,,,,,,29,6,20.7,1.0,0.21,0.03,0.17,79,88.1,87.0,23,4,22.0,0,1.39,30,34,-4,-0.14,-0.14,0,25,33,3,82,21,42,0,0.9965635738831614,0.20689655172413793,2.1649484536082473,0.8591065292096219,2.81786941580756,0.30927835051546393,-0.14,0.0,0.0,0.0,1.1683848797250858,1.0309278350515463,0.034364261168384876,0.10309278350515463,1.134020618556701,1.443298969072165,0.7216494845360825,88.1
Bruno Fernandes,POR,MF,Manchester Utd,Premier League,31,1994,30,30,2614,29.0,8,18,26,4,4,6,4,0,0.76,,1.37,,,,,,,,,,,,75,21,28.0,2.58,0.72,0.05,0.19,87,88.0,87.0,25,0,,0,1.77,55,41,14,0.48,0.73,0,21,34,4,153,16,31,0,2.586206896551724,0.28,1.6206896551724137,0.7241379310344828,5.275862068965517,0.13793103448275862,0.48,0.0,0.0,0.0,1.4137931034482758,1.896551724137931,0.6206896551724138,0.13793103448275862,1.1724137931034482,1.0689655172413792,0.5517241379310345,88.0
Pascal Struijk,NED,DF,Leeds United,Premier League,26,1999,30,29,2611,29.0,0,1,1,0,0,0,4,0,0.03,,1.37,,,,,,,,,,,,29,5,17.2,1.0,0.17,0.0,0.0,87,87.9,90.0,28,1,9.0,2,1.17,37,41,-4,-0.14,0.61,0,22,20,5,2,29,20,0,1.0,0.1724137931034483,1.6896551724137931,0.7586206896551724,0.06896551724137931,0.13793103448275862,-0.14,0.0,0.0,0.0,1.4137931034482758,1.2758620689655173,0.034482758620689655,0.1724137931034483,0.6896551724137931,0.6896551724137931,1.0,87.9
Frederik Rønnow,DEN,GK,Union Berlin,Bundesliga,33,1992,29,29,2610,29.0,0,0,0,0,0,0,2,0,0.0,52.0,1.79,121.0,73.0,62.0,7.0,8.0,14.0,5.0,17.2,6.0,0.0,0.0,0,0,,0.0,0.0,,,90,96.7,90.0,29,0,,0,1.0,33,52,-19,-0.66,-1.66,0,1,3,0,0,1,1,0,0.0,0.0,0.06896551724137931,0.034482758620689655,0.0,0.06896551724137931,-0.66,0.1724137931034483,0.0,4.172413793103448,1.793103448275862,1.1379310344827587,0.0,0.0,0.10344827586206896,0.034482758620689655,0.034482758620689655,96.7
Robin Risser,FRA,GK,Lens,Ligue 1,21,2004,29,29,2610,29.0,0,1,1,0,0,0,2,0,0.03,29.0,1.0,95.0,71.0,72.6,20.0,2.0,7.0,10.0,34.5,3.0,2.0,1.0,0,0,,0.0,0.0,,,90,100.0,90.0,29,0,,0,2.14,57,29,28,0.97,,0,0,5,0,0,0,0,0,0.0,0.0,0.0,0.0,0.0,0.06896551724137931,0.97,0.3448275862068966,0.6666666666666666,3.2758620689655173,1.0,1.9655172413793103,0.034482758620689655,0.0,0.1724137931034483,0.0,0.0,100.0
Brice Samba,FRA,GK,Rennes,Ligue 1,31,1994,29,29,2610,29.0,0,0,0,0,0,0,4,0,0.0,38.0,1.31,107.0,73.0,67.3,15.0,8.0,6.0,10.0,34.5,3.0,2.0,0.0,0,0,,0.0,0.0,,,90,96.7,90.0,29,0,,0,1.83,51,38,13,0.45,2.45,0,0,7,0,0,0,0,0,0.0,0.0,0.0,0.0,0.0,0.13793103448275862,0.45,0.3448275862068966,0.6666666666666666,3.689655172413793,1.3103448275862069,1.7586206896551724,0.0,0.0,0.2413793103448276,0.0,0.0,96.7
Gianluigi Donnarumma,ITA,GK,Manchester City,Premier League,27,1999,29,29,2610,29.0,0,0,0,0,0,0,6,0,0.0,25.0,0.86,91.0,65.0,72.5,19.0,7.0,3.0,12.0,41.4,0.0,1.0,0.0,0,0,,0.0,0.0,,,90,90.6,90.0,29,0,,0,2.21,60,25,35,1.21,0.87,0,0,3,0,0,1,0,0,0.0,0.0,0.034482758620689655,0.0,0.0,0.20689655172413793,1.21,0.41379310344827586,1.0,3.1379310344827585,0.8620689655172413,2.0689655172413794,0.0,0.0,0.10344827586206896,0.0,0.034482758620689655,90.6
Emil Audero,IDN,GK,Cremonese,Serie A,29,1997,29,29,2610,29.0,0,0,0,0,0,0,0,0,0.0,40.0,1.38,149.0,113.0,75.2,6.0,7.0,16.0,9.0,31.0,3.0,1.0,0.0,0,0,,0.0,0.0,,,90,87.9,90.0,29,0,,2,0.86,22,40,-18,-0.62,0.13,0,0,5,0,0,0,0,0,0.0,0.0,0.0,0.0,0.0,0.0,-0.62,0.3103448275862069,0.3333333333333333,5.137931034482759,1.3793103448275863,0.7586206896551724,0.0,0.0,0.1724137931034483,0.0,0.0,87.9
Diant Ramaj,GER,GK,Heidenheim,Bundesliga,24,2001,29,29,2610,29.0,0,0,0,0,0,0,1,0,0.0,64.0,2.21,154.0,95.0,61.7,4.0,7.0,18.0,0.0,0.0,5.0,0.0,1.0,0,0,,0.0,0.0,,,90,96.7,90.0,29,0,,0,0.66,33,64,-31,-1.07,0.93,0,2,2,0,0,0,0,0,0.0,0.0,0.0,0.06896551724137931,0.0,0.034482758620689655,-1.07,0.0,0.0,5.310344827586207,2.206896551724138,1.1379310344827587,0.0,0.0,0.06896551724137931,0.0,0.0,96.7
Leopold Querfeld,AUT,DF,Union Berlin,Bundesliga,22,2003,29,29,2610,29.0,3,0,3,1,2,3,7,0,0.03,,1.37,,,,,,,,,,,,29,10,34.5,1.0,0.34,0.03,0.1,90,96.7,90.0,29,0,,0,1.0,33,52,-19,-0.66,-1.66,0,46,26,0,3,34,25,0,1.0,0.3448275862068966,2.0344827586206895,1.5862068965517242,0.10344827586206896,0.2413793103448276,-0.66,0.0,0.0,0.0,1.793103448275862,1.1379310344827587,0.0,0.0,0.896551724137931,0.8620689655172413,1.1724137931034482,96.7
Mateo Pellegrino,ARG,FW,Parma,Serie A,25,2001,32,30,2610,29.0,8,1,9,7,1,1,5,0,0.28,,1.37,,,,,,,,,,,,66,20,30.3,2.28,0.69,0.11,0.35,82,87.9,84.0,18,2,39.0,0,1.19,21,34,-13,-0.45,0.3,0,74,59,10,10,3,9,0,2.2758620689655173,0.30303030303030304,0.41379310344827586,2.5517241379310347,0.3448275862068966,0.1724137931034483,-0.45,0.0,0.0,0.0,1.1724137931034482,0.7241379310344828,0.034482758620689655,0.3448275862068966,2.0344827586206895,0.3103448275862069,0.10344827586206896,87.9
Mathew Ryan,AUS,GK,Levante,La Liga,34,1992,29,29,2610,29.0,0,0,0,0,0,0,2,0,0.0,45.0,1.55,144.0,103.0,70.8,7.0,8.0,14.0,6.0,20.7,3.0,1.0,0.0,2,0,0.0,0.07,0.0,0.0,,90,93.5,90.0,29,0,,0,1.0,32,45,-13,-0.45,0.55,0,0,0,0,0,1,1,0,0.06896551724137931,0.0,0.06896551724137931,0.0,0.0,0.06896551724137931,-0.45,0.20689655172413793,0.3333333333333333,4.9655172413793105,1.5517241379310345,1.103448275862069,0.0,0.0,0.0,0.034482758620689655,0.034482758620689655,93.5
Nahuel Tenaglia,ARG,DF,Alavés,La Liga,30,1996,29,29,2609,29.0,1,0,1,1,0,0,2,0,0.03,,1.37,,,,,,,,,,,,16,4,25.0,0.55,0.14,0.06,0.25,90,93.5,90.0,28,0,,2,1.0,32,43,-11,-0.38,-0.38,0,24,31,3,17,37,32,0,0.5517241379310345,0.25,2.3793103448275863,0.8275862068965517,0.5862068965517241,0.06896551724137931,-0.38,0.0,0.0,0.0,1.4827586206896552,1.103448275862069,0.0,0.10344827586206896,1.0689655172413792,1.103448275862069,1.2758620689655173,93.5
Antonino Gallo,ITA,DF,Lecce,Serie A,26,2000,32,29,2606,29.0,0,4,4,0,0,0,2,0,0.14,,1.37,,,,,,,,,,,,5,1,20.0,0.17,0.03,0.0,0.0,81,87.7,87.0,24,3,29.0,0,0.88,19,39,-20,-0.69,0.3,0,6,10,0,113,14,35,0,0.1724137931034483,0.2,1.6896551724137931,0.20689655172413793,3.896551724137931,0.06896551724137931,-0.69,0.0,0.0,0.0,1.3448275862068966,0.6551724137931034,0.13793103448275862,0.0,0.3448275862068966,1.206896551724138,0.4827586206896552,87.7
Matthias Ginter,GER,DF,Freiburg,Bundesliga,32,1994,29,29,2602,28.9,2,3,5,2,0,0,2,0,0.17,,1.37,,,,,,,,,,,,17,6,35.3,0.59,0.21,0.12,0.33,90,96.4,90.0,28,0,,0,1.48,44,46,-2,-0.07,1.77,0,15,19,2,10,22,14,0,0.5882352941176471,0.35294117647058826,1.245674740484429,0.5190311418685122,0.34602076124567477,0.06920415224913495,-0.07,0.0,0.0,0.0,1.591695501730104,1.5224913494809689,0.10380622837370243,0.06920415224913495,0.6574394463667821,0.4844290657439447,0.7612456747404844,96.4
Jeremy Toljan,GER,DF,Levante,La Liga,31,1994,30,30,2602,28.9,1,3,4,1,0,0,7,0,0.14,,1.37,,,,,,,,,,,,9,1,11.1,0.31,0.03,0.11,1.0,87,93.3,87.0,22,0,,0,0.97,34,45,-11,-0.38,1.53,0,26,18,2,60,26,34,0,0.31141868512110726,0.1111111111111111,2.0761245674740487,0.8996539792387543,2.0761245674740487,0.24221453287197234,-0.38,0.0,0.0,0.0,1.5570934256055364,1.1764705882352942,0.10380622837370243,0.06920415224913495,0.6228373702422145,1.1764705882352942,0.8996539792387543,93.3
Mandela Keita,BEL,MF,Parma,Serie A,23,2002,32,31,2597,28.9,0,1,1,0,0,0,1,0,0.03,,1.37,,,,,,,,,,,,13,2,15.4,0.45,0.07,0.0,0.0,81,87.4,84.0,17,1,6.0,0,1.22,17,32,-15,-0.52,-0.28,0,26,52,0,2,40,42,1,0.44982698961937717,0.15384615384615385,2.837370242214533,0.8996539792387543,0.06920415224913495,0.03460207612456748,-0.52,0.0,0.0,0.0,1.1072664359861593,0.5882352941176471,0.03460207612456748,0.0,1.7993079584775087,1.453287197231834,1.384083044982699,87.4
Danilo Veiga,POR,DF,Lecce,Serie A,23,2002,31,28,2597,28.9,0,1,1,0,0,0,7,0,0.03,,1.37,,,,,,,,,,,,6,2,33.3,0.21,0.07,0.0,0.0,84,87.4,88.0,26,3,41.0,1,0.9,20,38,-18,-0.62,0.82,0,40,41,1,79,25,47,0,0.20761245674740486,0.3333333333333333,2.491349480968858,1.384083044982699,2.7335640138408306,0.24221453287197234,-0.62,0.0,0.0,0.0,1.3148788927335642,0.6920415224913495,0.03460207612456748,0.03460207612456748,1.4186851211072664,1.6262975778546713,0.8650519031141869,87.4
Matthieu Udol,FRA,MF,Lens,Ligue 1,30,1996,29,29,2597,28.9,1,7,8,1,0,0,2,0,0.28,,1.37,,,,,,,,,,,,42,15,35.7,1.46,0.52,0.02,0.07,90,99.5,90.0,26,0,,0,2.14,56,29,27,0.94,-5.99,0,28,25,2,99,45,16,0,1.453287197231834,0.35714285714285715,2.110726643598616,0.9688581314878894,3.42560553633218,0.06920415224913495,0.94,0.0,0.0,0.0,1.0034602076124568,1.9377162629757787,0.24221453287197234,0.06920415224913495,0.8650519031141869,0.5536332179930796,1.5570934256055364,99.5
Erling Haaland,NOR,FW,Manchester City,Premier League,25,2000,31,30,2593,28.8,23,7,30,20,3,4,2,0,0.94,,1.37,,,,,,,,,,,,111,51,45.9,3.85,1.77,0.18,0.39,84,90.0,86.0,22,1,18.0,0,2.06,61,28,33,1.15,0.2,0,20,24,3,3,4,7,0,3.8541666666666665,0.4594594594594595,0.3819444444444444,0.6944444444444444,0.10416666666666666,0.06944444444444445,1.15,0.0,0.0,0.0,0.9722222222222222,2.1180555555555554,0.24305555555555555,0.10416666666666666,0.8333333333333333,0.24305555555555555,0.1388888888888889,90.0
Nikola Vlašić,CRO,MF,Torino,Serie A,28,1997,32,31,2593,28.8,7,3,10,3,4,4,7,0,0.21,,1.37,,,,,,,,,,,,43,16,37.2,1.49,0.56,0.07,0.19,81,87.3,83.0,18,1,33.0,0,1.22,30,48,-18,-0.62,-0.86,0,39,40,4,45,20,36,0,1.4930555555555556,0.37209302325581395,1.9444444444444444,1.3541666666666667,1.5625,0.24305555555555555,-0.62,0.0,0.0,0.0,1.6666666666666665,1.0416666666666667,0.10416666666666666,0.1388888888888889,1.3888888888888888,1.25,0.6944444444444444,87.3
Micky van de Ven,NED,DF,Tottenham Hotspur,Premier League,25,2001,30,30,2591,28.8,4,1,5,4,0,0,8,1,0.17,,1.37,,,,,,,,,,,,15,6,40.0,0.52,0.21,0.27,0.67,86,87.2,86.0,27,0,,1,0.93,37,43,-6,-0.21,0.98,0,23,18,1,3,20,17,0,0.5208333333333334,0.4,1.284722222222222,0.798611111111111,0.10416666666666666,0.3819444444444444,-0.21,0.0,0.0,0.0,1.4930555555555556,1.284722222222222,0.034722222222222224,0.034722222222222224,0.625,0.5902777777777778,0.6944444444444444,87.2
Willi Orban,HUN,DF,RB Leipzig,Bundesliga,33,1992,29,29,2589,28.8,1,0,1,1,0,0,4,0,0.03,,1.37,,,,,,,,,,,,19,8,42.1,0.66,0.28,0.05,0.13,89,95.9,89.0,28,0,,0,1.93,56,36,20,0.7,-0.93,0,18,21,2,6,39,25,0,0.6597222222222222,0.42105263157894735,2.2222222222222223,0.625,0.20833333333333331,0.1388888888888889,0.7,0.0,0.0,0.0,1.25,1.9444444444444444,0.0,0.06944444444444445,0.7291666666666666,0.8680555555555556,1.3541666666666667,95.9
Issa Soumaré,SEN,FW,Le Havre,Ligue 1,25,2000,30,29,2588,28.8,6,4,10,5,1,3,2,0,0.31,,1.37,,,,,,,,,,,,70,24,34.3,2.43,0.83,0.07,0.21,86,95.9,88.0,28,1,45.0,0,1.0,24,37,-13,-0.45,-0.45,0,47,64,11,58,9,13,0,2.4305555555555554,0.34285714285714286,0.7638888888888888,1.6319444444444444,2.013888888888889,0.06944444444444445,-0.45,0.0,0.0,0.0,1.284722222222222,0.8333333333333333,0.1388888888888889,0.3819444444444444,2.2222222222222223,0.4513888888888889,0.3125,95.9
Sebastian Walukiewicz,POL,DF,Sassuolo,Serie A,26,2000,31,30,2582,28.7,0,1,1,0,0,0,7,0,0.03,,1.37,,,,,,,,,,,,7,0,0.0,0.24,0.0,0.0,,83,86.9,85.0,24,1,22.0,0,1.35,34,38,-4,-0.14,-0.37,0,33,12,1,45,22,33,0,0.24390243902439024,0.0,1.916376306620209,1.1498257839721255,1.5679442508710801,0.24390243902439024,-0.14,0.0,0.0,0.0,1.32404181184669,1.1846689895470384,0.03484320557491289,0.03484320557491289,0.4181184668989547,1.1498257839721255,0.7665505226480837,86.9
Jayden Bogle,ENG,MF,Leeds United,Premier League,25,2000,31,29,2582,28.7,1,1,2,1,0,0,6,0,0.07,,1.37,,,,,,,,,,,,17,4,23.5,0.59,0.14,0.06,0.25,83,86.9,87.0,18,2,27.0,0,1.23,35,42,-7,-0.24,-0.24,0,36,28,9,59,28,37,0,0.5923344947735192,0.23529411764705882,2.264808362369338,1.2543554006968642,2.0557491289198606,0.20905923344947736,-0.24,0.0,0.0,0.0,1.4634146341463414,1.2195121951219512,0.03484320557491289,0.31358885017421606,0.975609756097561,1.289198606271777,0.975609756097561,86.9
Maxime Estève,FRA,DF,Burnley,Premier League,23,2002,30,30,2581,28.7,0,0,0,0,0,0,1,0,0.0,,1.37,,,,,,,,,,,,10,1,10.0,0.35,0.03,0.0,0.0,86,86.9,86.0,25,0,,0,0.6,31,63,-32,-1.12,-0.88,0,11,12,0,6,32,23,2,0.34843205574912894,0.1,1.916376306620209,0.3832752613240418,0.20905923344947736,0.03484320557491289,-1.12,0.0,0.0,0.0,2.1951219512195124,1.0801393728222997,0.0,0.0,0.4181184668989547,0.8013937282229965,1.1149825783972125,86.9
Carlos Romero,ESP,DF,Espanyol,La Liga,24,2001,29,29,2577,28.6,5,2,7,5,0,0,4,0,0.24,,1.37,,,,,,,,,,,,29,8,27.6,1.01,0.28,0.17,0.63,89,92.4,89.0,26,0,,0,1.31,35,42,-7,-0.24,1.45,0,37,14,0,78,31,49,0,1.013986013986014,0.27586206896551724,2.797202797202797,1.2937062937062938,2.727272727272727,0.13986013986013984,-0.24,0.0,0.0,0.0,1.4685314685314685,1.2237762237762237,0.06993006993006992,0.0,0.4895104895104895,1.7132867132867131,1.083916083916084,92.4
Filippo Terracciano,ITA,DF,Cremonese,Serie A,23,2003,31,28,2569,28.5,2,0,2,2,0,0,6,0,0.07,,1.37,,,,,,,,,,,,13,4,30.8,0.46,0.14,0.15,0.5,83,86.5,89.0,24,3,29.0,0,0.9,22,35,-13,-0.46,1.34,0,15,23,0,25,49,20,1,0.45614035087719296,0.3076923076923077,2.4210526315789473,0.5263157894736842,0.8771929824561403,0.21052631578947367,-0.46,0.0,0.0,0.0,1.2280701754385965,0.7719298245614035,0.0,0.0,0.8070175438596491,0.7017543859649122,1.719298245614035,86.5
Lloyd Kelly,ENG,DF,Juventus,Serie A,27,1998,30,28,2567,28.5,1,1,2,1,0,0,4,0,0.07,,1.37,,,,,,,,,,,,13,2,15.4,0.46,0.07,0.08,0.5,86,86.4,90.0,27,2,30.0,0,1.87,51,26,25,0.88,0.21,0,38,16,3,8,13,30,0,0.45614035087719296,0.15384615384615385,1.5087719298245614,1.3333333333333333,0.2807017543859649,0.14035087719298245,0.88,0.0,0.0,0.0,0.9122807017543859,1.7894736842105263,0.03508771929824561,0.10526315789473684,0.5614035087719298,1.0526315789473684,0.45614035087719296,86.4
Mateus Fernandes,POR,MF,West Ham United,Premier League,21,2004,31,30,2566,28.5,3,3,6,3,0,0,7,0,0.21,,1.37,,,,,,,,,,,,22,5,22.7,0.77,0.18,0.14,0.6,83,86.4,85.0,18,1,26.0,0,1.06,34,42,-8,-0.28,1.72,0,45,44,0,48,30,58,0,0.7719298245614035,0.22727272727272727,3.087719298245614,1.5789473684210527,1.6842105263157894,0.24561403508771928,-0.28,0.0,0.0,0.0,1.4736842105263157,1.1929824561403508,0.10526315789473684,0.0,1.543859649122807,2.0350877192982457,1.0526315789473684,86.4
Lewis Dunk,ENG,DF,Brighton,Premier League,34,1991,29,28,2565,28.5,0,0,0,0,0,0,10,0,0.0,,1.37,,,,,,,,,,,,19,2,10.5,0.67,0.07,0.0,0.0,88,86.4,90.0,28,1,45.0,0,1.45,41,35,6,0.21,0.21,0,13,8,1,5,29,21,0,0.6666666666666666,0.10526315789473684,1.7543859649122806,0.45614035087719296,0.17543859649122806,0.3508771929824561,0.21,0.0,0.0,0.0,1.2280701754385965,1.4385964912280702,0.0,0.03508771929824561,0.2807017543859649,0.7368421052631579,1.0175438596491229,86.4
Rani Khedira,TUN,MF,Union Berlin,Bundesliga,32,1994,29,29,2563,28.5,5,1,6,5,0,0,7,0,0.21,,1.37,,,,,,,,,,,,22,10,45.5,0.77,0.35,0.23,0.5,88,94.9,88.0,25,0,,0,1.1,31,47,-16,-0.56,0.75,0,46,18,2,22,34,34,0,0.7719298245614035,0.45454545454545453,2.3859649122807016,1.6140350877192982,0.7719298245614035,0.24561403508771928,-0.56,0.0,0.0,0.0,1.6491228070175439,1.087719298245614,0.03508771929824561,0.07017543859649122,0.631578947368421,1.1929824561403508,1.1929824561403508,94.9
Michel Aebischer,SUI,MF,Pisa,Serie A,29,1997,31,29,2562,28.5,1,1,2,1,0,0,7,0,0.07,,1.37,,,,,,,,,,,,16,3,18.8,0.56,0.11,0.06,0.33,83,86.3,85.0,22,2,45.0,0,0.58,21,41,-20,-0.7,2.83,0,33,37,0,36,27,35,0,0.5614035087719298,0.1875,2.175438596491228,1.1578947368421053,1.263157894736842,0.24561403508771928,-0.7,0.0,0.0,0.0,1.4385964912280702,0.7368421052631579,0.03508771929824561,0.0,1.2982456140350878,1.2280701754385965,0.9473684210526315,86.3
Trevoh Chalobah,ENG,DF,Chelsea,Premier League,26,1999,30,29,2560,28.4,3,0,3,3,0,0,3,1,0.11,,1.37,,,,,,,,,,,,14,5,35.7,0.49,0.18,0.21,0.6,85,86.2,88.0,27,1,10.0,0,1.5,51,31,20,0.7,2.68,0,20,18,2,5,35,22,0,0.49295774647887325,0.35714285714285715,2.007042253521127,0.7042253521126761,0.17605633802816903,0.21126760563380284,0.7,0.0,0.0,0.0,1.091549295774648,1.795774647887324,0.0,0.07042253521126761,0.6338028169014085,0.7746478873239437,1.2323943661971832,86.2
Iglesias,ESP,DF,Getafe,La Liga,27,1998,30,29,2560,28.4,1,2,3,1,0,0,3,0,0.11,,1.37,,,,,,,,,,,,22,5,22.7,0.77,0.18,0.05,0.2,85,91.8,87.0,25,1,24.0,1,1.37,23,28,-5,-0.18,-0.18,0,53,55,1,78,22,61,1,0.7746478873239437,0.22727272727272727,2.922535211267606,1.8661971830985917,2.746478873239437,0.10563380281690142,-0.18,0.0,0.0,0.0,0.9859154929577465,0.8098591549295775,0.07042253521126761,0.035211267605633804,1.9366197183098592,2.147887323943662,0.7746478873239437,91.8
Kenan Yıldız,TUR,MF,Juventus,Serie A,20,2005,32,30,2553,28.4,10,6,16,9,1,2,2,0,0.53,,1.37,,,,,,,,,,,,89,38,42.7,3.14,1.34,0.1,0.24,80,86.0,83.0,11,2,32.0,0,1.88,47,23,24,0.85,-0.02,0,20,51,6,107,7,7,0,3.1338028169014085,0.42696629213483145,0.49295774647887325,0.7042253521126761,3.767605633802817,0.07042253521126761,0.85,0.0,0.0,0.0,0.8098591549295775,1.6549295774647887,0.21126760563380284,0.21126760563380284,1.795774647887324,0.24647887323943662,0.24647887323943662,86.0
Joe Rodon,WAL,DF,Leeds United,Premier League,28,1997,30,29,2546,28.3,2,0,2,2,0,0,1,0,0.07,,1.37,,,,,,,,,,,,15,4,26.7,0.53,0.14,0.13,0.5,85,85.7,88.0,26,1,1.0,0,1.13,35,45,-10,-0.35,-0.99,0,12,17,1,5,28,16,0,0.5300353356890459,0.26666666666666666,1.5547703180212014,0.42402826855123676,0.17667844522968199,0.0353356890459364,-0.35,0.0,0.0,0.0,1.5901060070671378,1.2367491166077738,0.0,0.0353356890459364,0.6007067137809187,0.5653710247349824,0.989399293286219,85.7
Manuel Locatelli,ITA,MF,Juventus,Serie A,28,1998,31,31,2544,28.3,1,2,3,1,0,1,7,0,0.11,,1.37,,,,,,,,,,,,38,11,28.9,1.34,0.39,0.03,0.09,82,85.7,82.0,19,0,,1,1.97,45,23,22,0.78,-0.49,0,44,37,0,13,34,58,0,1.342756183745583,0.2894736842105263,3.2508833922261484,1.5547703180212014,0.45936395759717313,0.24734982332155475,0.78,0.0,0.0,0.0,0.8127208480565371,1.5901060070671378,0.0706713780918728,0.0,1.3074204946996466,2.049469964664311,1.2014134275618373,85.7
Gabriel Gudmundsson,SWE,DF,Leeds United,Premier League,26,1999,31,30,2541,28.2,0,0,0,0,0,0,6,1,0.0,,1.37,,,,,,,,,,,,18,3,16.7,0.64,0.11,0.0,0.0,82,85.6,84.0,20,1,22.0,0,1.19,38,43,-5,-0.18,0.24,1,31,54,3,84,27,45,1,0.6382978723404256,0.16666666666666666,2.5531914893617023,1.099290780141844,2.978723404255319,0.3191489361702128,-0.18,0.0,0.0,0.0,1.524822695035461,1.3475177304964538,0.0,0.10638297872340426,1.9148936170212767,1.5957446808510638,0.9574468085106383,85.6
Nicolas Seiwald,AUT,MF,RB Leipzig,Bundesliga,24,2001,30,29,2536,28.2,0,2,2,0,0,0,2,0,0.07,,1.37,,,,,,,,,,,,19,7,36.8,0.67,0.25,0.0,0.0,85,93.9,87.0,19,1,24.0,0,1.97,56,31,25,0.89,2.53,0,17,6,0,5,59,40,0,0.6737588652482269,0.3684210526315789,3.5106382978723407,0.6028368794326241,0.1773049645390071,0.07092198581560284,0.89,0.0,0.0,0.0,1.099290780141844,1.9858156028368794,0.07092198581560284,0.0,0.2127659574468085,1.4184397163120568,2.0921985815602837,93.9
Catena,ESP,DF,Osasuna,La Liga,31,1994,29,29,2531,28.1,2,2,4,2,0,0,10,1,0.14,,1.37,,,,,,,,,,,,14,2,14.3,0.5,0.07,0.14,1.0,87,90.7,87.0,26,0,,0,1.21,30,34,-4,-0.14,-1.18,0,44,12,3,1,30,24,0,0.49822064056939497,0.14285714285714285,1.9217081850533806,1.5658362989323842,0.03558718861209964,0.4626334519572953,-0.14,0.0,0.0,0.0,1.2099644128113878,1.0676156583629892,0.07117437722419928,0.10676156583629892,0.4270462633451957,0.8540925266903914,1.0676156583629892,90.7
Nathan Collins,IRL,DF,Brentford,Premier League,24,2001,30,27,2525,28.1,1,2,3,1,0,0,5,0,0.11,,1.37,,,,,,,,,,,,19,6,31.6,0.68,0.21,0.05,0.17,84,85.0,90.0,27,3,32.0,3,1.37,39,36,3,0.11,-0.1,0,17,16,2,1,31,9,1,0.6761565836298932,0.3157894736842105,1.4234875444839856,0.6049822064056939,0.03558718861209964,0.1779359430604982,0.11,0.0,0.0,0.0,1.281138790035587,1.387900355871886,0.07117437722419928,0.07117437722419928,0.5693950177935942,0.32028469750889677,1.103202846975089,85.0
Mio Backhaus,GER,GK,Werder Bremen,Bundesliga,22,2004,28,28,2520,28.0,0,0,0,0,0,0,0,0,0.0,49.0,1.75,127.0,83.0,65.4,7.0,7.0,14.0,5.0,17.9,5.0,0.0,0.0,0,0,,0.0,0.0,,,90,93.3,90.0,28,0,,0,1.0,34,49,-15,-0.54,0.96,0,0,11,0,0,0,0,1,0.0,0.0,0.0,0.0,0.0,0.0,-0.54,0.17857142857142858,0.0,4.535714285714286,1.75,1.2142857142857142,0.0,0.0,0.39285714285714285,0.0,0.0,93.3
Malang Sarr,FRA,DF,Lens,Ligue 1,27,1999,28,28,2520,28.0,0,1,1,0,0,0,2,0,0.04,,1.37,,,,,,,,,,,,20,5,25.0,0.71,0.18,0.0,0.0,90,96.6,90.0,28,0,,0,2.21,57,27,30,1.07,3.07,0,16,16,0,8,63,39,0,0.7142857142857143,0.25,3.642857142857143,0.5714285714285714,0.2857142857142857,0.07142857142857142,1.07,0.0,0.0,0.0,0.9642857142857143,2.0357142857142856,0.03571428571428571,0.0,0.5714285714285714,1.3928571428571428,2.25,96.6
Mike Penders,BEL,GK,Strasbourg,Ligue 1,20,2005,28,28,2520,28.0,0,0,0,0,0,0,3,0,0.0,37.0,1.32,118.0,85.0,71.2,11.0,7.0,10.0,8.0,28.6,3.0,1.0,0.0,0,0,,0.0,0.0,,,90,96.6,90.0,28,0,,0,1.43,45,37,8,0.29,-0.71,0,1,2,0,0,0,0,0,0.0,0.0,0.0,0.03571428571428571,0.0,0.10714285714285714,0.29,0.2857142857142857,0.3333333333333333,4.214285714285714,1.3214285714285714,1.6071428571428572,0.0,0.0,0.07142857142857142,0.0,0.0,96.6
Thibaut Courtois,BEL,GK,Real Madrid,La Liga,33,1992,28,28,2520,28.0,0,0,0,0,0,0,1,0,0.0,24.0,0.86,78.0,58.0,74.4,21.0,3.0,4.0,11.0,39.3,4.0,0.0,0.0,0,0,,0.0,0.0,,,90,90.3,90.0,28,0,,0,2.36,60,24,36,1.29,1.29,0,1,2,0,0,0,1,0,0.0,0.0,0.03571428571428571,0.03571428571428571,0.0,0.03571428571428571,1.29,0.39285714285714285,0.0,2.7857142857142856,0.8571428571428571,2.142857142857143,0.0,0.0,0.07142857142857142,0.03571428571428571,0.0,90.3
Luiz Lúcio Reis Júnior,BRA,GK,Villarreal,La Liga,25,2001,28,28,2520,28.0,0,0,0,0,0,0,3,0,0.0,30.0,1.07,96.0,72.0,74.0,18.0,3.0,7.0,8.0,28.6,5.0,1.0,0.0,0,0,,0.0,0.0,,,90,90.3,90.0,28,0,,3,2.04,51,30,21,0.75,1.08,0,2,4,0,0,1,0,0,0.0,0.0,0.03571428571428571,0.07142857142857142,0.0,0.10714285714285714,0.75,0.2857142857142857,0.2,3.4285714285714284,1.0714285714285714,1.8214285714285714,0.0,0.0,0.14285714285714285,0.0,0.03571428571428571,90.3
Nicolai Remberg,GER,MF,Hamburger SV,Bundesliga,25,2000,28,28,2520,28.0,0,1,1,0,0,0,10,0,0.04,,1.37,,,,,,,,,,,,15,7,46.7,0.54,0.25,0.0,0.0,90,93.3,90.0,28,0,,0,1.07,31,43,-12,-0.43,1.07,0,39,45,0,4,39,23,0,0.5357142857142857,0.4666666666666667,2.2142857142857144,1.3928571428571428,0.14285714285714285,0.35714285714285715,-0.43,0.0,0.0,0.0,1.5357142857142858,1.1071428571428572,0.03571428571428571,0.0,1.6071428571428572,0.8214285714285714,1.3928571428571428,93.3
Waldemar Anton,GER,DF,Dortmund,Bundesliga,29,1996,28,28,2520,28.0,2,0,2,2,0,0,3,0,0.07,,1.37,,,,,,,,,,,,15,6,40.0,0.54,0.21,0.13,0.33,90,93.3,90.0,28,0,,0,2.14,58,30,28,1.0,0.0,0,21,15,0,10,22,34,0,0.5357142857142857,0.4,2.0,0.75,0.35714285714285715,0.10714285714285714,1.0,0.0,0.0,0.0,1.0714285714285714,2.0714285714285716,0.0,0.0,0.5357142857142857,1.2142857142857142,0.7857142857142857,93.3
Anthony Lopes,POR,GK,Nantes,Ligue 1,35,1990,28,28,2518,28.0,0,0,0,0,0,0,4,0,0.0,44.0,1.57,128.0,87.0,68.0,4.0,7.0,17.0,6.0,21.4,3.0,0.0,0.0,1,0,0.0,0.04,0.0,0.0,,90,96.5,90.0,27,0,,0,0.68,24,45,-21,-0.75,-0.75,0,0,14,0,0,1,1,0,0.03571428571428571,0.0,0.07142857142857142,0.0,0.0,0.14285714285714285,-0.75,0.21428571428571427,0.0,4.571428571428571,1.6071428571428572,0.8571428571428571,0.0,0.0,0.5,0.03571428571428571,0.03571428571428571,96.5
Malick Thiaw,GER,DF,Newcastle United,Premier League,24,2001,30,28,2515,27.9,4,0,4,4,0,0,4,0,0.14,,1.37,,,,,,,,,,,,27,13,48.1,0.97,0.47,0.15,0.31,84,84.7,88.0,26,2,24.0,3,1.23,40,46,-6,-0.21,-0.81,0,22,10,2,8,26,28,0,0.967741935483871,0.48148148148148145,1.935483870967742,0.7885304659498208,0.28673835125448033,0.14336917562724016,-0.21,0.0,0.0,0.0,1.6487455197132617,1.4336917562724014,0.0,0.07168458781362008,0.35842293906810035,1.0035842293906811,0.931899641577061,84.7
Haris Belkebla,ALG,MF,Angers,Ligue 1,32,1994,29,29,2515,27.9,0,0,0,0,0,0,7,0,0.0,,1.37,,,,,,,,,,,,5,0,0.0,0.18,0.0,0.0,,87,93.1,87.0,24,0,,0,1.07,25,39,-14,-0.5,-0.5,0,20,50,0,3,26,38,0,0.17921146953405018,0.0,2.2939068100358426,0.7168458781362007,0.10752688172043011,0.2508960573476703,-0.5,0.0,0.0,0.0,1.3978494623655915,0.8960573476702509,0.0,0.0,1.7921146953405018,1.3620071684587813,0.931899641577061,93.1
Chris Richards,USA,DF,Crystal Palace,Premier League,26,2000,28,28,2512,27.9,1,0,1,1,0,0,3,0,0.04,,1.37,,,,,,,,,,,,10,1,10.0,0.36,0.04,0.1,1.0,90,87.2,90.0,27,0,,1,1.46,34,32,2,0.07,0.81,0,14,3,0,12,41,32,0,0.35842293906810035,0.1,2.6164874551971327,0.5017921146953406,0.43010752688172044,0.10752688172043011,0.07,0.0,0.0,0.0,1.1469534050179213,1.2186379928315412,0.0,0.0,0.10752688172043011,1.1469534050179213,1.4695340501792116,87.2
Oumar Solet,FRA,DF,Udinese,Serie A,26,2000,30,29,2509,27.9,3,1,4,2,1,1,1,0,0.11,,1.37,,,,,,,,,,,,26,4,15.4,0.93,0.14,0.08,0.5,84,84.5,86.0,26,1,16.0,1,1.3,32,37,-5,-0.18,-0.18,0,26,25,2,13,40,46,1,0.931899641577061,0.15384615384615385,3.0824372759856633,0.931899641577061,0.4659498207885305,0.03584229390681004,-0.18,0.0,0.0,0.0,1.3261648745519714,1.1469534050179213,0.03584229390681004,0.07168458781362008,0.8960573476702509,1.6487455197132617,1.4336917562724014,84.5
Vitaliy Mykolenko,UKR,DF,Everton,Premier League,26,1999,28,28,2508,27.9,0,1,1,0,0,0,5,0,0.04,,1.37,,,,,,,,,,,,9,2,22.2,0.32,0.07,0.0,0.0,90,84.4,90.0,25,0,,1,1.5,37,36,1,0.04,0.04,0,26,25,0,80,26,22,1,0.3225806451612903,0.2222222222222222,1.7204301075268817,0.931899641577061,2.867383512544803,0.17921146953405018,0.04,0.0,0.0,0.0,1.2903225806451613,1.3261648745519714,0.03584229390681004,0.0,0.8960573476702509,0.7885304659498208,0.931899641577061,84.4
Vitor Reis,BRA,DF,Girona,La Liga,20,2006,29,28,2508,27.9,1,1,2,1,0,0,7,1,0.07,,1.37,,,,,,,,,,,,14,2,14.3,0.5,0.07,0.07,0.5,86,89.9,88.0,27,1,33.0,0,1.17,28,38,-10,-0.36,0.28,0,25,16,1,0,24,26,1,0.5017921146953406,0.14285714285714285,1.7921146953405018,0.8960573476702509,0.0,0.35842293906810035,-0.36,0.0,0.0,0.0,1.3620071684587813,1.0035842293906811,0.03584229390681004,0.03584229390681004,0.5734767025089607,0.931899641577061,0.8602150537634409,89.9
Omar Alderete,PAR,DF,Sunderland,Premier League,29,1996,29,28,2506,27.8,1,1,2,1,0,0,6,0,0.07,,1.37,,,,,,,,,,,,19,8,42.1,0.68,0.29,0.05,0.13,86,84.4,88.0,24,1,38.0,1,1.41,29,34,-5,-0.18,-0.37,0,29,9,5,11,28,16,0,0.6834532374100719,0.42105263157894735,1.5827338129496402,1.0431654676258992,0.39568345323741005,0.2158273381294964,-0.18,0.0,0.0,0.0,1.223021582733813,1.0431654676258992,0.03597122302158273,0.17985611510791366,0.3237410071942446,0.5755395683453237,1.0071942446043165,84.4
Vedat Muriqi,KVX,FW,Mallorca,La Liga,31,1994,30,29,2498,27.8,21,1,22,16,5,7,3,1,0.61,,1.37,,,,,,,,,,,,90,42,46.7,3.24,1.51,0.18,0.38,83,89.5,86.0,19,1,17.0,0,1.1,36,42,-6,-0.22,0.71,0,31,54,12,3,3,3,0,3.237410071942446,0.4666666666666667,0.2158273381294964,1.1151079136690647,0.1079136690647482,0.2158273381294964,-0.22,0.0,0.0,0.0,1.5107913669064748,1.2949640287769784,0.03597122302158273,0.4316546762589928,1.9424460431654675,0.1079136690647482,0.1079136690647482,89.5
Antonio Blanco,ESP,MF,Alavés,La Liga,25,2000,29,29,2496,27.7,1,2,3,1,0,0,7,0,0.11,,1.37,,,,,,,,,,,,32,11,34.4,1.15,0.4,0.03,0.09,86,89.5,86.0,22,0,,1,1.0,28,42,-14,-0.5,-1.42,0,56,34,2,26,45,45,0,1.1552346570397112,0.34375,3.2490974729241877,2.0216606498194944,0.9386281588447654,0.2527075812274368,-0.5,0.0,0.0,0.0,1.516245487364621,1.0108303249097472,0.07220216606498195,0.07220216606498195,1.2274368231046933,1.6245487364620939,1.6245487364620939,89.5
Alex Scott,ENG,MF,Bournemouth,Premier League,22,2003,33,30,2490,27.7,3,1,4,3,0,0,4,0,0.14,,1.37,,,,,,,,,,,,41,11,26.8,1.48,0.4,0.07,0.27,75,83.8,79.0,16,3,39.0,0,1.45,43,39,4,0.14,0.89,0,38,54,1,70,30,34,0,1.48014440433213,0.2682926829268293,2.3104693140794224,1.371841155234657,2.527075812274368,0.1444043321299639,0.14,0.0,0.0,0.0,1.407942238267148,1.552346570397112,0.036101083032490974,0.036101083032490974,1.9494584837545126,1.2274368231046933,1.0830324909747293,83.8
David Raum,GER,DF,RB Leipzig,Bundesliga,27,1998,29,28,2485,27.6,3,6,9,2,1,1,6,0,0.29,,1.37,,,,,,,,,,,,24,8,33.3,0.87,0.29,0.08,0.25,86,92.0,88.0,25,1,12.0,0,2.0,55,34,21,0.76,0.34,0,29,17,6,244,33,35,0,0.8695652173913043,0.3333333333333333,2.463768115942029,1.0507246376811594,8.840579710144928,0.21739130434782608,0.76,0.0,0.0,0.0,1.2318840579710144,1.9927536231884058,0.21739130434782608,0.21739130434782608,0.6159420289855072,1.2681159420289854,1.1956521739130435,92.0
Sepp van den Berg,NED,DF,Brentford,Premier League,24,2001,28,27,2484,27.6,0,1,1,0,0,0,1,0,0.04,,1.37,,,,,,,,,,,,20,6,30.0,0.72,0.22,0.0,0.0,89,83.6,90.0,27,1,54.0,4,1.36,37,38,-1,-0.04,-0.96,0,13,10,0,0,24,6,0,0.7246376811594203,0.3,1.0869565217391304,0.47101449275362317,0.0,0.036231884057971016,-0.04,0.0,0.0,0.0,1.3768115942028984,1.3405797101449275,0.036231884057971016,0.0,0.36231884057971014,0.21739130434782608,0.8695652173913043,83.6
Enzo Le Fée,FRA,MF,Sunderland,Premier League,26,2000,31,28,2481,27.6,4,5,9,1,3,4,5,0,0.22,,1.37,,,,,,,,,,,,26,8,30.8,0.94,0.29,0.04,0.13,80,83.5,87.0,21,3,16.0,0,1.45,31,35,-4,-0.15,-0.15,0,26,30,4,76,26,47,0,0.9420289855072463,0.3076923076923077,2.644927536231884,0.9420289855072463,2.753623188405797,0.18115942028985507,-0.15,0.0,0.0,0.0,1.2681159420289854,1.1231884057971013,0.18115942028985507,0.14492753623188406,1.0869565217391304,1.7028985507246377,0.9420289855072463,83.5
Emiliano Martínez,ARG,GK,Aston Villa,Premier League,33,1992,28,28,2475,27.5,0,0,0,0,0,0,2,0,0.0,32.0,1.16,111.0,80.0,71.2,15.0,5.0,8.0,8.0,28.6,0.0,1.0,0.0,0,0,,0.0,0.0,,,88,83.3,88.0,27,0,,0,1.79,39,32,7,0.25,0.44,0,0,16,0,0,0,0,0,0.0,0.0,0.0,0.0,0.0,0.07272727272727272,0.25,0.2857142857142857,1.0,4.036363636363636,1.1636363636363636,1.4181818181818182,0.0,0.0,0.5818181818181818,0.0,0.0,83.3
Tarik Muharemovic,BIH,DF,Sassuolo,Serie A,23,2003,28,28,2475,27.5,2,2,4,2,0,0,6,0,0.15,,1.37,,,,,,,,,,,,19,6,31.6,0.69,0.22,0.11,0.33,88,83.3,88.0,27,0,,2,1.25,32,41,-9,-0.33,-1.42,0,22,20,0,2,39,23,2,0.6909090909090909,0.3157894736842105,2.2545454545454544,0.8,0.07272727272727272,0.21818181818181817,-0.33,0.0,0.0,0.0,1.490909090909091,1.1636363636363636,0.07272727272727272,0.0,0.7272727272727273,0.8363636363636363,1.4181818181818182,83.3
Berke Özer,TUR,GK,Lille,Ligue 1,25,2000,28,28,2474,27.5,0,1,1,0,0,0,5,0,0.04,31.0,1.13,92.0,62.0,67.4,16.0,6.0,6.0,11.0,39.3,1.0,1.0,0.0,0,0,,0.0,0.0,,,88,91.6,88.0,27,0,,0,1.93,47,31,16,0.58,0.98,0,0,12,0,0,0,2,0,0.0,0.0,0.07272727272727272,0.0,0.0,0.18181818181818182,0.58,0.39285714285714285,1.0,3.3454545454545452,1.1272727272727272,1.709090909090909,0.03636363636363636,0.0,0.43636363636363634,0.07272727272727272,0.0,91.6
Leon Avdullahu,KVX,MF,Hoffenheim,Bundesliga,22,2004,29,28,2474,27.5,0,1,1,0,0,0,4,0,0.04,,1.37,,,,,,,,,,,,13,2,15.4,0.47,0.07,0.0,0.0,85,91.6,87.0,23,1,30.0,0,1.86,57,36,21,0.76,3.15,0,24,10,1,14,26,28,0,0.4727272727272727,0.15384615384615385,1.9636363636363636,0.8727272727272727,0.509090909090909,0.14545454545454545,0.76,0.0,0.0,0.0,1.309090909090909,2.0727272727272728,0.03636363636363636,0.03636363636363636,0.36363636363636365,1.018181818181818,0.9454545454545454,91.6
Kévin Danois,FRA,MF,Auxerre,Ligue 1,21,2004,29,28,2474,27.5,3,1,4,3,0,0,3,0,0.15,,1.37,,,,,,,,,,,,22,7,31.8,0.8,0.25,0.14,0.43,85,91.6,88.0,19,1,22.0,1,0.86,24,34,-10,-0.36,1.23,0,28,23,3,114,34,35,0,0.8,0.3181818181818182,2.5090909090909093,1.018181818181818,4.1454545454545455,0.10909090909090909,-0.36,0.0,0.0,0.0,1.2363636363636363,0.8727272727272727,0.03636363636363636,0.10909090909090909,0.8363636363636363,1.2727272727272727,1.2363636363636363,91.6
Clinton Mata,ANG,DF,Lyon,Ligue 1,33,1992,28,28,2473,27.5,0,0,0,0,0,0,5,0,0.0,,1.37,,,,,,,,,,,,3,0,0.0,0.11,0.0,0.0,,88,91.6,88.0,25,0,,0,1.79,41,30,11,0.4,-1.19,0,32,31,0,7,19,19,1,0.10909090909090909,0.0,1.3818181818181818,1.1636363636363636,0.2545454545454545,0.18181818181818182,0.4,0.0,0.0,0.0,1.0909090909090908,1.490909090909091,0.0,0.0,1.1272727272727272,0.6909090909090909,0.6909090909090909,91.6
Robin Koch,GER,DF,Eintracht Frankfurt,Bundesliga,29,1996,28,28,2473,27.5,3,1,4,3,0,0,3,1,0.15,,1.37,,,,,,,,,,,,13,5,38.5,0.47,0.18,0.23,0.6,88,91.6,88.0,26,0,,0,1.5,51,52,-1,-0.04,0.36,1,25,9,0,2,39,20,0,0.4727272727272727,0.38461538461538464,2.1454545454545455,0.9090909090909091,0.07272727272727272,0.21818181818181817,-0.04,0.0,0.0,0.0,1.8909090909090909,1.8545454545454545,0.03636363636363636,0.0,0.32727272727272727,0.7272727272727273,1.4181818181818182,91.6
Noah Sadiki,COD,MF,Sunderland,Premier League,21,2004,28,28,2472,27.5,0,1,1,0,0,0,8,0,0.04,,1.37,,,,,,,,,,,,15,4,26.7,0.55,0.15,0.0,0.0,88,83.2,88.0,23,0,,0,1.5,33,34,-1,-0.04,0.51,0,25,30,1,17,30,24,0,0.5454545454545454,0.26666666666666666,1.9636363636363636,0.9090909090909091,0.6181818181818182,0.2909090909090909,-0.04,0.0,0.0,0.0,1.2363636363636363,1.2,0.03636363636363636,0.03636363636363636,1.0909090909090908,0.8727272727272727,1.0909090909090908,83.2
Paulo Gazzaniga,ARG,GK,Girona,La Liga,34,1992,28,28,2472,27.5,0,0,0,0,0,0,4,1,0.0,37.0,1.35,137.0,104.0,75.9,9.0,10.0,9.0,6.0,21.4,4.0,0.0,1.0,0,0,,0.0,0.0,,,88,88.6,88.0,27,0,,2,1.32,31,37,-6,-0.22,1.48,0,1,5,0,0,0,1,0,0.0,0.0,0.03636363636363636,0.03636363636363636,0.0,0.2545454545454545,-0.22,0.21428571428571427,0.0,4.9818181818181815,1.3454545454545455,1.1272727272727272,0.0,0.0,0.18181818181818182,0.03636363636363636,0.0,88.6
João Gomes,BRA,MF,Wolves,Premier League,25,2001,31,28,2471,27.5,1,1,2,1,0,0,9,0,0.07,,1.37,,,,,,,,,,,,17,6,35.3,0.62,0.22,0.06,0.17,80,83.2,86.0,20,3,24.0,1,0.52,19,50,-31,-1.13,-0.05,0,60,41,1,28,32,60,0,0.6181818181818182,0.35294117647058826,3.3454545454545452,2.1818181818181817,1.018181818181818,0.32727272727272727,-1.13,0.0,0.0,0.0,1.8181818181818181,0.6909090909090909,0.03636363636363636,0.03636363636363636,1.490909090909091,2.1818181818181817,1.1636363636363636,83.2
Robin Fellhauer,GER,MF,Augsburg,Bundesliga,28,1998,30,28,2470,27.4,2,2,4,2,0,0,2,0,0.15,,1.37,,,,,,,,,,,,25,6,24.0,0.91,0.22,0.08,0.33,82,91.5,85.0,17,2,46.0,0,1.2,31,49,-18,-0.66,-1.44,0,22,32,4,78,20,41,0,0.9124087591240876,0.24,2.226277372262774,0.8029197080291971,2.8467153284671536,0.07299270072992702,-0.66,0.0,0.0,0.0,1.7883211678832118,1.1313868613138687,0.07299270072992702,0.14598540145985403,1.1678832116788322,1.4963503649635037,0.7299270072992701,91.5
Alexis Saelemaekers,BEL,MF,Milan,Serie A,26,1999,31,29,2460,27.3,2,3,5,2,0,0,4,0,0.18,,1.37,,,,,,,,,,,,39,9,23.1,1.43,0.33,0.05,0.22,79,82.8,83.0,13,2,32.0,0,1.94,36,23,13,0.48,-0.94,0,21,55,2,76,28,33,0,1.4285714285714286,0.23076923076923078,2.2344322344322345,0.7692307692307692,2.7838827838827838,0.14652014652014653,0.48,0.0,0.0,0.0,0.8424908424908425,1.3186813186813187,0.10989010989010989,0.07326007326007326,2.0146520146520146,1.2087912087912087,1.0256410256410255,82.8
Ollie Watkins,ENG,FW,Aston Villa,Premier League,30,1995,32,29,2458,27.3,11,2,13,11,0,0,3,0,0.48,,1.37,,,,,,,,,,,,67,29,43.3,2.45,1.06,0.16,0.38,77,82.8,81.0,10,3,33.0,0,1.81,39,32,7,0.26,0.43,0,31,29,19,6,5,13,0,2.454212454212454,0.43283582089552236,0.6593406593406593,1.1355311355311355,0.21978021978021978,0.10989010989010989,0.26,0.0,0.0,0.0,1.1721611721611722,1.4285714285714286,0.07326007326007326,0.6959706959706959,1.0622710622710623,0.47619047619047616,0.18315018315018314,82.8
Danny da Costa,GER,DF,Mainz 05,Bundesliga,32,1993,30,27,2455,27.3,2,3,5,2,0,0,3,0,0.18,,1.37,,,,,,,,,,,,12,5,41.7,0.44,0.18,0.17,0.4,82,90.9,88.0,23,3,23.0,0,1.13,29,44,-15,-0.55,-2.75,0,21,20,1,47,27,23,1,0.43956043956043955,0.4166666666666667,1.8315018315018314,0.7692307692307692,1.7216117216117215,0.10989010989010989,-0.55,0.0,0.0,0.0,1.6117216117216118,1.0622710622710623,0.10989010989010989,0.03663003663003663,0.7326007326007326,0.8424908424908425,0.9890109890109889,90.9
Jurriën Timber,NED,DF,Arsenal,Premier League,24,2001,30,28,2454,27.3,3,5,8,3,0,0,5,0,0.29,,1.37,,,,,,,,,,,,25,7,28.0,0.92,0.26,0.12,0.43,82,82.6,85.0,23,2,34.0,0,2.23,51,20,31,1.14,0.09,0,38,29,0,46,24,35,0,0.9157509157509157,0.28,2.161172161172161,1.3919413919413919,1.684981684981685,0.18315018315018314,1.14,0.0,0.0,0.0,0.7326007326007326,1.8681318681318682,0.18315018315018314,0.0,1.0622710622710623,1.282051282051282,0.8791208791208791,82.6
Granit Xhaka,SUI,MF,Sunderland,Premier League,33,1992,29,27,2454,27.3,1,5,6,1,0,0,5,0,0.22,,1.37,,,,,,,,,,,,17,5,29.4,0.62,0.18,0.06,0.2,85,82.6,89.0,25,2,29.0,0,1.48,32,31,1,0.04,0.91,0,20,34,0,81,25,27,0,0.6227106227106227,0.29411764705882354,1.9047619047619047,0.7326007326007326,2.967032967032967,0.18315018315018314,0.04,0.0,0.0,0.0,1.1355311355311355,1.1721611721611722,0.18315018315018314,0.0,1.2454212454212454,0.9890109890109889,0.9157509157509157,82.6
Federico Dimarco,ITA,MF,Inter,Serie A,28,1997,31,27,2449,27.2,6,14,20,6,0,0,3,0,0.73,,1.37,,,,,,,,,,,,61,19,31.1,2.24,0.7,0.1,0.32,79,82.5,85.0,19,4,39.0,2,2.32,68,21,47,1.73,1.38,0,40,21,5,271,28,31,0,2.2426470588235294,0.3114754098360656,2.1691176470588234,1.4705882352941178,9.963235294117647,0.11029411764705882,1.73,0.0,0.0,0.0,0.7720588235294118,2.5,0.5147058823529412,0.18382352941176472,0.7720588235294118,1.1397058823529411,1.0294117647058825,82.5
Ousmane Camara,MLI,DF,Angers,Ligue 1,23,2003,29,28,2448,27.2,1,0,1,1,0,0,3,0,0.04,,1.37,,,,,,,,,,,,9,4,44.4,0.33,0.15,0.11,0.25,84,90.7,87.0,26,1,18.0,0,1.17,25,33,-8,-0.29,1.85,0,20,7,1,3,34,29,0,0.33088235294117646,0.4444444444444444,2.3161764705882355,0.7352941176470589,0.11029411764705882,0.11029411764705882,-0.29,0.0,0.0,0.0,1.2132352941176472,0.9191176470588236,0.0,0.03676470588235294,0.2573529411764706,1.0661764705882353,1.25,90.7
Moustapha Mbow,SEN,DF,Paris FC,Ligue 1,26,2000,28,27,2447,27.2,0,1,1,0,0,0,3,0,0.04,,1.37,,,,,,,,,,,,7,2,28.6,0.26,0.07,0.0,0.0,87,90.6,90.0,27,1,17.0,2,1.25,36,40,-4,-0.15,0.56,0,19,16,1,2,33,32,0,0.2573529411764706,0.2857142857142857,2.389705882352941,0.698529411764706,0.07352941176470588,0.11029411764705882,-0.15,0.0,0.0,0.0,1.4705882352941178,1.3235294117647058,0.03676470588235294,0.03676470588235294,0.5882352941176471,1.1764705882352942,1.2132352941176472,90.6
Matheus Nunes,POR,DF,Manchester City,Premier League,27,1998,29,27,2445,27.2,1,5,6,1,0,0,4,0,0.22,,1.37,,,,,,,,,,,,7,2,28.6,0.26,0.07,0.14,0.5,84,84.9,88.0,24,2,35.0,2,2.21,58,24,34,1.25,0.84,0,14,27,4,57,26,37,0,0.2573529411764706,0.2857142857142857,2.3161764705882355,0.5147058823529412,2.0955882352941178,0.14705882352941177,1.25,0.0,0.0,0.0,0.8823529411764706,2.1323529411764706,0.18382352941176472,0.14705882352941177,0.9926470588235294,1.3602941176470589,0.9558823529411765,84.9
Adam Marušić,MNE,DF,Lazio,Serie A,33,1992,29,28,2444,27.2,1,2,3,1,0,0,1,1,0.11,,1.37,,,,,,,,,,,,14,7,50.0,0.52,0.26,0.07,0.14,84,82.3,86.0,23,1,30.0,0,1.45,25,23,2,0.07,-0.27,0,20,15,1,32,29,16,0,0.5147058823529412,0.5,1.6544117647058825,0.7352941176470589,1.1764705882352942,0.14705882352941177,0.07,0.0,0.0,0.0,0.8455882352941176,0.9191176470588236,0.07352941176470588,0.03676470588235294,0.5514705882352942,0.5882352941176471,1.0661764705882353,82.3
Jon Moncayola,ESP,MF,Osasuna,La Liga,27,1998,29,28,2442,27.1,0,4,4,0,0,0,8,0,0.15,,1.37,,,,,,,,,,,,18,3,16.7,0.66,0.11,0.0,0.0,84,87.5,86.0,18,1,25.0,0,1.14,28,34,-6,-0.22,-1.51,0,33,10,0,109,22,20,0,0.6642066420664207,0.16666666666666666,1.5498154981549814,1.2177121771217712,4.022140221402214,0.2952029520295203,-0.22,0.0,0.0,0.0,1.2546125461254611,1.033210332103321,0.14760147601476015,0.0,0.36900369003690037,0.7380073800738007,0.8118081180811808,87.5
Yann Gboho,FRA,MF,Toulouse,Ligue 1,25,2001,29,28,2431,27.0,8,2,10,8,0,0,1,1,0.37,,1.37,,,,,,,,,,,,52,15,28.8,1.93,0.56,0.15,0.53,84,90.0,85.0,21,1,45.0,0,1.24,38,35,3,0.11,1.45,0,16,66,5,32,13,13,0,1.9259259259259258,0.28846153846153844,0.9629629629629629,0.5925925925925926,1.1851851851851851,0.14814814814814814,0.11,0.0,0.0,0.0,1.2962962962962963,1.4074074074074074,0.07407407407407407,0.18518518518518517,2.4444444444444446,0.48148148148148145,0.48148148148148145,90.0
Kenny Lala,MAD,DF,Brest,Ligue 1,34,1991,28,27,2431,27.0,0,2,2,0,0,0,3,0,0.07,,1.37,,,,,,,,,,,,8,1,12.5,0.3,0.04,0.0,0.0,87,93.1,89.0,25,1,24.0,0,1.21,34,42,-8,-0.3,-1.3,0,13,21,0,92,22,24,0,0.2962962962962963,0.125,1.7037037037037037,0.48148148148148145,3.4074074074074074,0.1111111111111111,-0.3,0.0,0.0,0.0,1.5555555555555556,1.2592592592592593,0.07407407407407407,0.0,0.7777777777777778,0.8888888888888888,0.8148148148148148,93.1
Federico Baschirotto,ITA,DF,Cremonese,Serie A,29,1996,27,27,2430,27.0,2,0,2,2,0,0,2,0,0.07,,1.37,,,,,,,,,,,,12,5,41.7,0.44,0.19,0.17,0.4,90,81.8,90.0,27,0,,1,0.93,21,34,-13,-0.48,0.85,0,43,9,1,7,22,13,0,0.4444444444444444,0.4166666666666667,1.2962962962962963,1.5925925925925926,0.25925925925925924,0.07407407407407407,-0.48,0.0,0.0,0.0,1.2592592592592593,0.7777777777777778,0.0,0.037037037037037035,0.3333333333333333,0.48148148148148145,0.8148148148148148,81.8
Senne Lammens,BEL,GK,Manchester Utd,Premier League,23,2002,27,27,2430,27.0,0,0,0,0,0,0,0,0,0.0,34.0,1.26,93.0,63.0,67.7,14.0,9.0,4.0,6.0,22.2,4.0,0.0,0.0,0,0,,0.0,0.0,,,90,81.8,90.0,27,0,,3,1.89,51,34,17,0.63,1.3,0,0,3,0,0,0,1,0,0.0,0.0,0.037037037037037035,0.0,0.0,0.0,0.63,0.2222222222222222,0.0,3.4444444444444446,1.2592592592592593,1.8888888888888888,0.0,0.0,0.1111111111111111,0.037037037037037035,0.0,81.8
Yvon Mvogo,SUI,GK,Lorient,Ligue 1,31,1994,27,27,2430,27.0,0,0,0,0,0,0,0,0,0.0,36.0,1.33,96.0,64.0,66.7,9.0,11.0,7.0,5.0,18.5,4.0,0.0,1.0,0,0,,0.0,0.0,,,90,90.0,90.0,27,0,,0,1.41,35,36,-1,-0.04,0.96,0,0,4,0,0,1,1,0,0.0,0.0,0.07407407407407407,0.0,0.0,0.0,-0.04,0.18518518518518517,0.0,3.5555555555555554,1.3333333333333333,1.2962962962962963,0.0,0.0,0.14814814814814814,0.037037037037037035,0.037037037037037035,90.0
Ivan Provedel,ITA,GK,Lazio,Serie A,32,1994,27,27,2430,27.0,0,0,0,0,0,0,1,0,0.0,27.0,1.0,112.0,87.0,78.6,8.0,10.0,9.0,12.0,44.4,3.0,1.0,0.0,0,0,,0.0,0.0,,,90,81.8,90.0,27,0,,0,1.26,26,27,-1,-0.04,-0.87,0,0,2,0,0,0,0,0,0.0,0.0,0.0,0.0,0.0,0.037037037037037035,-0.04,0.4444444444444444,0.3333333333333333,4.148148148148148,1.0,0.9629629629629629,0.0,0.0,0.07407407407407407,0.0,0.0,81.8
Odysseas Vlachodimos,GRE,GK,Sevilla,La Liga,31,1994,27,27,2430,27.0,0,0,0,0,0,0,1,0,0.0,44.0,1.63,111.0,76.0,67.6,8.0,6.0,13.0,4.0,14.8,8.0,1.0,1.0,0,0,,0.0,0.0,,,90,87.1,90.0,27,0,,2,1.11,32,44,-12,-0.44,-0.44,0,0,0,0,0,1,0,0,0.0,0.0,0.037037037037037035,0.0,0.0,0.037037037037037035,-0.44,0.14814814814814814,0.125,4.111111111111111,1.6296296296296295,1.1851851851851851,0.0,0.0,0.0,0.0,0.037037037037037035,87.1
Harry Wilson,WAL,MF,Fulham,Premier League,29,1997,31,29,2428,27.0,10,6,16,10,0,0,6,0,0.59,,1.37,,,,,,,,,,,,70,24,34.3,2.59,0.89,0.14,0.42,78,81.8,82.0,7,2,30.0,0,1.45,38,34,4,0.15,1.31,0,12,32,10,108,15,16,0,2.5925925925925926,0.34285714285714286,1.1481481481481481,0.4444444444444444,4.0,0.2222222222222222,0.15,0.0,0.0,0.0,1.2592592592592593,1.4074074074074074,0.2222222222222222,0.37037037037037035,1.1851851851851851,0.5925925925925926,0.5555555555555556,81.8
Lassine Sinayoko,MLI,FW,Auxerre,Ligue 1,26,1999,28,28,2426,27.0,8,3,11,5,3,4,7,0,0.3,,1.37,,,,,,,,,,,,80,32,40.0,2.97,1.19,0.06,0.16,87,89.9,87.0,18,0,,0,0.89,25,32,-7,-0.26,2.04,0,29,49,10,25,20,22,0,2.962962962962963,0.4,1.5555555555555556,1.0740740740740742,0.9259259259259259,0.25925925925925924,-0.26,0.0,0.0,0.0,1.1851851851851851,0.9259259259259259,0.1111111111111111,0.37037037037037035,1.8148148148148149,0.8148148148148148,0.7407407407407407,89.9
Mikel Jauregizar,ESP,MF,Athletic Club,La Liga,22,2003,30,29,2425,26.9,2,0,2,2,0,0,3,0,0.07,,1.37,,,,,,,,,,,,32,9,28.1,1.19,0.33,0.06,0.22,81,86.9,83.0,18,1,29.0,0,1.17,26,37,-11,-0.41,-0.16,0,37,31,0,57,45,40,0,1.1895910780669146,0.28125,3.159851301115242,1.3754646840148699,2.1189591078066914,0.11152416356877325,-0.41,0.0,0.0,0.0,1.3754646840148699,0.966542750929368,0.0,0.0,1.1524163568773236,1.4869888475836432,1.6728624535315986,86.9
Christoph Baumgartner,AUT,MF,RB Leipzig,Bundesliga,26,1999,29,28,2420,26.9,12,7,19,12,0,1,6,0,0.71,,1.37,,,,,,,,,,,,68,29,42.6,2.53,1.08,0.18,0.41,83,89.6,86.0,14,1,22.0,0,2.03,56,27,29,1.08,3.33,0,53,30,4,5,20,35,0,2.5278810408921935,0.4264705882352941,2.0446096654275094,1.9702602230483273,0.1858736059479554,0.2230483271375465,1.08,0.0,0.0,0.0,1.0037174721189592,2.0817843866171004,0.26022304832713755,0.14869888475836432,1.1152416356877324,1.3011152416356877,0.7434944237918216,89.6
Strahinja Pavlović,SRB,DF,Milan,Serie A,24,2001,29,28,2419,26.9,4,1,5,4,0,0,3,0,0.19,,1.37,,,,,,,,,,,,22,5,22.7,0.82,0.19,0.18,0.8,83,81.4,85.0,24,1,29.0,3,1.93,39,25,14,0.52,-0.62,0,22,24,3,15,20,19,0,0.8178438661710038,0.22727272727272727,1.449814126394052,0.8178438661710038,0.5576208178438662,0.11152416356877325,0.52,0.0,0.0,0.0,0.929368029739777,1.449814126394052,0.03717472118959108,0.11152416356877325,0.892193308550186,0.7063197026022305,0.7434944237918216,81.4
Pablo Fornals,ESP,MF,Real Betis,La Liga,30,1996,31,28,2416,26.8,7,4,11,7,0,0,2,0,0.41,,1.37,,,,,,,,,,,,38,16,42.1,1.42,0.6,0.18,0.44,78,86.6,82.0,15,3,40.0,0,1.48,42,33,9,0.34,0.82,0,26,22,11,125,28,25,0,1.417910447761194,0.42105263157894735,1.9776119402985075,0.9701492537313433,4.664179104477612,0.07462686567164178,0.34,0.0,0.0,0.0,1.2313432835820894,1.5671641791044775,0.14925373134328357,0.4104477611940298,0.8208955223880596,0.9328358208955224,1.044776119402985,86.6
Bernardo Silva,POR,MF,Manchester City,Premier League,31,1994,32,28,2415,26.8,2,4,6,2,0,0,9,0,0.22,,1.37,,,,,,,,,,,,20,6,30.0,0.75,0.22,0.1,0.33,75,83.9,83.0,12,4,23.0,0,2.09,58,25,33,1.23,0.65,0,35,20,5,57,16,18,0,0.7462686567164178,0.3,1.2686567164179103,1.3059701492537312,2.126865671641791,0.33582089552238803,1.23,0.0,0.0,0.0,0.9328358208955224,2.1641791044776117,0.14925373134328357,0.18656716417910446,0.7462686567164178,0.6716417910447761,0.5970149253731343,83.9
Andrea Cambiaso,ITA,MF,Juventus,Serie A,26,2000,31,30,2413,26.8,3,3,6,3,0,0,2,1,0.22,,1.37,,,,,,,,,,,,21,11,52.4,0.78,0.41,0.14,0.27,78,81.2,79.0,8,1,45.0,0,1.84,41,23,18,0.67,-0.94,0,26,19,2,105,19,34,2,0.7835820895522387,0.5238095238095238,1.9776119402985075,0.9701492537313433,3.917910447761194,0.18656716417910446,0.67,0.0,0.0,0.0,0.8582089552238805,1.5298507462686566,0.11194029850746269,0.07462686567164178,0.708955223880597,1.2686567164179103,0.708955223880597,81.2
Joris Chotard,FRA,MF,Brest,Ligue 1,24,2001,28,27,2412,26.8,2,0,2,2,0,0,2,0,0.07,,1.37,,,,,,,,,,,,23,7,30.4,0.86,0.26,0.09,0.29,86,92.4,89.0,23,1,19.0,0,1.29,35,38,-3,-0.11,1.25,0,28,12,0,42,40,30,0,0.8582089552238805,0.30434782608695654,2.6119402985074625,1.044776119402985,1.5671641791044775,0.07462686567164178,-0.11,0.0,0.0,0.0,1.417910447761194,1.3059701492537312,0.0,0.0,0.44776119402985076,1.1194029850746268,1.4925373134328357,92.4
Ismaël Koné,CAN,MF,Sassuolo,Serie A,23,2002,30,29,2411,26.8,6,0,6,6,0,0,5,1,0.22,,1.37,,,,,,,,,,,,20,10,50.0,0.75,0.37,0.3,0.6,80,81.2,82.0,10,1,32.0,1,1.47,34,35,-1,-0.04,0.28,1,19,48,0,4,10,15,0,0.7462686567164178,0.5,0.9328358208955224,0.708955223880597,0.14925373134328357,0.29850746268656714,-0.04,0.0,0.0,0.0,1.3059701492537312,1.2686567164179103,0.0,0.0,1.791044776119403,0.5597014925373134,0.3731343283582089,81.2
Miro Muheim,SUI,MF,Hamburger SV,Bundesliga,28,1998,28,27,2407,26.7,0,4,4,0,0,0,7,1,0.15,,1.37,,,,,,,,,,,,24,7,29.2,0.9,0.26,0.0,0.0,86,89.1,88.0,23,1,32.0,0,1.11,33,41,-8,-0.3,1.85,0,38,50,1,147,27,35,0,0.898876404494382,0.2916666666666667,2.3220973782771535,1.4232209737827717,5.5056179775280905,0.37453183520599254,-0.3,0.0,0.0,0.0,1.5355805243445693,1.2359550561797754,0.149812734082397,0.03745318352059925,1.8726591760299627,1.3108614232209739,1.0112359550561798,89.1
Andrei Ratiu,ROU,DF,Rayo Vallecano,La Liga,27,1998,28,27,2403,26.7,0,3,3,0,0,0,8,0,0.11,,1.37,,,,,,,,,,,,26,8,30.8,0.97,0.3,0.0,0.0,86,86.1,88.0,26,1,26.0,0,1.25,27,27,0,0.0,2.09,0,19,20,4,86,36,33,0,0.9737827715355806,0.3076923076923077,2.5842696629213484,0.7116104868913858,3.2209737827715355,0.299625468164794,0.0,0.0,0.0,0.0,1.0112359550561798,1.0112359550561798,0.11235955056179775,0.149812734082397,0.7490636704119851,1.2359550561797754,1.348314606741573,86.1
Domingos Duarte,POR,DF,Getafe,La Liga,31,1995,28,28,2402,26.7,1,1,2,1,0,0,9,0,0.07,,1.37,,,,,,,,,,,,12,4,33.3,0.45,0.15,0.08,0.25,86,86.1,86.0,22,0,,1,1.32,22,29,-7,-0.26,-0.73,0,28,21,3,0,27,11,1,0.449438202247191,0.3333333333333333,1.4232209737827717,1.0486891385767791,0.0,0.33707865168539325,-0.26,0.0,0.0,0.0,1.0861423220973783,0.8239700374531835,0.03745318352059925,0.11235955056179775,0.7865168539325843,0.41198501872659177,1.0112359550561798,86.1
Moussa Niakhate,SEN,DF,Lyon,Ligue 1,30,1996,28,26,2399,26.7,0,2,2,0,0,0,3,0,0.08,,1.37,,,,,,,,,,,,4,0,0.0,0.15,0.0,0.0,,86,88.9,90.0,26,2,30.0,0,1.71,35,24,11,0.41,-0.78,0,33,28,0,3,29,19,0,0.149812734082397,0.0,1.797752808988764,1.2359550561797754,0.11235955056179775,0.11235955056179775,0.41,0.0,0.0,0.0,0.898876404494382,1.3108614232209739,0.0749063670411985,0.0,1.0486891385767791,0.7116104868913858,1.0861423220973783,88.9
Senne Lynen,BEL,MF,Werder Bremen,Bundesliga,27,1999,27,27,2392,26.6,0,0,0,0,0,0,4,0,0.0,,1.37,,,,,,,,,,,,21,4,19.0,0.79,0.15,0.0,0.0,89,88.6,89.0,22,0,,0,1.0,31,47,-16,-0.6,-0.02,0,36,12,0,12,57,23,0,0.7894736842105263,0.19047619047619047,3.007518796992481,1.3533834586466165,0.45112781954887216,0.15037593984962405,-0.6,0.0,0.0,0.0,1.7669172932330826,1.1654135338345863,0.0,0.0,0.45112781954887216,0.8646616541353384,2.142857142857143,88.6
João Pedro,BRA,FW,Chelsea,Premier League,24,2001,32,28,2391,26.6,14,5,19,14,0,0,4,0,0.72,,1.37,,,,,,,,,,,,66,27,40.9,2.48,1.02,0.21,0.52,75,80.5,81.0,11,4,31.0,0,1.5,45,30,15,0.56,1.19,0,32,48,15,14,5,15,0,2.481203007518797,0.4090909090909091,0.7518796992481203,1.2030075187969924,0.5263157894736842,0.15037593984962405,0.56,0.0,0.0,0.0,1.1278195488721805,1.6917293233082706,0.18796992481203006,0.5639097744360902,1.8045112781954886,0.5639097744360902,0.18796992481203006,80.5
Weston McKennie,USA,MF,Juventus,Serie A,27,1998,31,27,2390,26.6,5,5,10,5,0,0,5,0,0.38,,1.37,,,,,,,,,,,,41,15,36.6,1.54,0.56,0.12,0.33,77,80.5,87.0,19,4,13.0,1,1.9,49,26,23,0.87,0.09,0,38,11,7,30,21,18,0,1.5413533834586466,0.36585365853658536,1.4661654135338344,1.4285714285714286,1.1278195488721805,0.18796992481203006,0.87,0.0,0.0,0.0,0.9774436090225563,1.8421052631578947,0.18796992481203006,0.2631578947368421,0.41353383458646614,0.6766917293233082,0.7894736842105263,80.5
Germán Valera,ESP,MF,Elche,La Liga,24,2002,30,28,2389,26.5,4,4,8,4,0,0,3,0,0.3,,1.37,,,,,,,,,,,,24,8,33.3,0.9,0.3,0.17,0.5,80,85.6,84.0,14,2,20.0,0,1.03,34,41,-7,-0.26,-0.04,0,30,61,4,81,16,34,0,0.9056603773584906,0.3333333333333333,1.8867924528301887,1.1320754716981132,3.056603773584906,0.11320754716981132,-0.26,0.0,0.0,0.0,1.5471698113207548,1.2830188679245282,0.1509433962264151,0.1509433962264151,2.30188679245283,1.2830188679245282,0.6037735849056604,85.6
Pedro Neto,POR,MF,Chelsea,Premier League,26,2000,31,27,2389,26.5,5,4,9,5,0,0,4,1,0.34,,1.37,,,,,,,,,,,,44,12,27.3,1.66,0.45,0.11,0.42,77,80.4,82.0,15,4,46.0,0,1.45,42,27,15,0.57,1.18,1,16,22,6,172,6,10,0,1.6603773584905661,0.2727272727272727,0.6037735849056604,0.6037735849056604,6.490566037735849,0.2641509433962264,0.57,0.0,0.0,0.0,1.0188679245283019,1.5849056603773586,0.1509433962264151,0.22641509433962265,0.8301886792452831,0.37735849056603776,0.22641509433962265,80.4
Jon Aramburu,VEN,DF,Real Sociedad,La Liga,23,2002,29,27,2388,26.5,1,0,1,1,0,0,9,0,0.04,,1.37,,,,,,,,,,,,18,5,27.8,0.68,0.19,0.06,0.2,82,85.6,86.0,21,2,30.0,0,1.41,40,41,-1,-0.04,-0.49,0,59,39,2,44,41,56,0,0.6792452830188679,0.2777777777777778,3.660377358490566,2.2264150943396226,1.6603773584905661,0.33962264150943394,-0.04,0.0,0.0,0.0,1.5471698113207548,1.509433962264151,0.0,0.07547169811320754,1.471698113207547,2.1132075471698113,1.5471698113207548,85.6
Víctor Muñoz,ESP,MF,Osasuna,La Liga,22,2003,31,28,2387,26.5,5,2,7,5,0,0,3,0,0.26,,1.37,,,,,,,,,,,,74,28,37.8,2.79,1.06,0.07,0.18,77,85.6,82.0,13,3,34.0,0,1.26,30,28,2,0.08,0.75,0,30,48,5,88,10,13,0,2.792452830188679,0.3783783783783784,0.8679245283018868,1.1320754716981132,3.3207547169811322,0.11320754716981132,0.08,0.0,0.0,0.0,1.0566037735849056,1.1320754716981132,0.07547169811320754,0.18867924528301888,1.8113207547169812,0.49056603773584906,0.37735849056603776,85.6
Kevin Schade,GER,MF,Brentford,Premier League,24,2001,30,28,2386,26.5,7,3,10,7,0,1,6,1,0.38,,1.37,,,,,,,,,,,,51,22,43.1,1.92,0.83,0.14,0.32,80,80.3,82.0,16,2,45.0,0,1.43,37,28,9,0.34,1.11,0,42,41,9,20,19,24,0,1.9245283018867925,0.43137254901960786,1.6226415094339623,1.5849056603773586,0.7547169811320755,0.33962264150943394,0.34,0.0,0.0,0.0,1.0566037735849056,1.3962264150943395,0.11320754716981132,0.33962264150943394,1.5471698113207548,0.9056603773584906,0.7169811320754716,80.3
Valentin Rongier,FRA,MF,Rennes,Ligue 1,31,1994,27,27,2385,26.5,1,5,6,1,0,0,5,0,0.23,,1.37,,,,,,,,,,,,20,9,45.0,0.75,0.34,0.05,0.11,88,88.3,88.0,26,0,,1,1.81,49,35,14,0.53,1.39,0,41,23,0,18,34,40,0,0.7547169811320755,0.45,2.792452830188679,1.5471698113207548,0.6792452830188679,0.18867924528301888,0.53,0.0,0.0,0.0,1.320754716981132,1.849056603773585,0.18867924528301888,0.0,0.8679245283018868,1.509433962264151,1.2830188679245282,88.3
Adrien Thomasson,FRA,MF,Lens,Ligue 1,32,1993,28,28,2383,26.5,3,8,11,3,0,0,9,0,0.42,,1.37,,,,,,,,,,,,38,12,31.6,1.44,0.45,0.08,0.25,85,91.3,85.0,19,0,,0,2.11,52,27,25,0.94,-0.25,0,48,40,3,110,18,46,0,1.4339622641509433,0.3157894736842105,2.4150943396226414,1.8113207547169812,4.150943396226415,0.33962264150943394,0.94,0.0,0.0,0.0,1.0188679245283019,1.9622641509433962,0.3018867924528302,0.11320754716981132,1.509433962264151,1.7358490566037736,0.6792452830188679,91.3
Angelo Stiller,GER,MF,Stuttgart,Bundesliga,25,2001,30,26,2383,26.5,2,5,7,2,0,1,1,0,0.26,,1.37,,,,,,,,,,,,13,6,46.2,0.49,0.23,0.15,0.33,79,88.3,88.0,19,4,26.0,0,1.87,56,36,20,0.76,0.76,0,14,38,0,102,24,17,0,0.49056603773584906,0.46153846153846156,1.5471698113207548,0.5283018867924528,3.849056603773585,0.03773584905660377,0.76,0.0,0.0,0.0,1.3584905660377358,2.1132075471698113,0.18867924528301888,0.0,1.4339622641509433,0.6415094339622641,0.9056603773584906,88.3
Jacobo Ramón,ESP,DF,Como,Serie A,21,2005,28,26,2382,26.5,2,0,2,2,0,0,9,1,0.08,,1.37,,,,,,,,,,,,32,7,21.9,1.21,0.26,0.06,0.29,85,80.2,88.0,24,2,45.0,1,1.75,46,23,23,0.87,-0.05,0,28,7,0,11,32,29,0,1.2075471698113207,0.21875,2.30188679245283,1.0566037735849056,0.41509433962264153,0.4528301886792453,0.87,0.0,0.0,0.0,0.8679245283018868,1.7358490566037736,0.0,0.0,0.2641509433962264,1.0943396226415094,1.2075471698113207,80.2
Federico Valverde,URU,MF,Real Madrid,La Liga,27,1998,29,27,2380,26.4,5,7,12,5,0,0,3,1,0.45,,1.37,,,,,,,,,,,,45,18,40.0,1.7,0.68,0.11,0.28,82,85.3,85.0,19,2,40.0,0,2.31,57,24,33,1.25,0.59,0,16,12,1,28,21,23,0,1.7045454545454546,0.4,1.6666666666666667,0.6060606060606061,1.0606060606060606,0.2272727272727273,1.25,0.0,0.0,0.0,0.9090909090909092,2.159090909090909,0.26515151515151514,0.03787878787878788,0.4545454545454546,0.8712121212121212,0.7954545454545455,85.3
Daley Blind,NED,DF,Girona,La Liga,36,1990,28,27,2375,26.4,0,0,0,0,0,0,1,0,0.0,,1.37,,,,,,,,,,,,3,1,33.3,0.11,0.04,0.0,0.0,85,85.1,87.0,24,1,27.0,0,1.25,27,39,-12,-0.45,-0.45,0,15,13,0,11,35,31,0,0.11363636363636365,0.3333333333333333,2.5,0.5681818181818182,0.4166666666666667,0.03787878787878788,-0.45,0.0,0.0,0.0,1.4772727272727273,1.0227272727272727,0.0,0.0,0.49242424242424243,1.1742424242424243,1.325757575757576,85.1
Obite N'Dicka,CIV,DF,Roma,Serie A,26,1999,27,27,2374,26.4,3,0,3,3,0,0,5,0,0.11,,1.37,,,,,,,,,,,,21,5,23.8,0.8,0.19,0.14,0.6,88,79.9,88.0,25,0,,0,1.81,36,23,13,0.49,-0.11,0,27,35,0,2,34,14,0,0.7954545454545455,0.23809523809523808,1.8181818181818183,1.0227272727272727,0.07575757575757576,0.1893939393939394,0.49,0.0,0.0,0.0,0.8712121212121212,1.3636363636363638,0.0,0.0,1.325757575757576,0.5303030303030303,1.2878787878787878,79.9
Evanilson,BRA,FW,Bournemouth,Premier League,26,1999,31,27,2371,26.3,6,1,7,6,0,0,1,0,0.27,,1.37,,,,,,,,,,,,63,23,36.5,2.39,0.87,0.1,0.26,76,79.8,83.0,8,4,36.0,0,1.42,36,37,-1,-0.04,-0.19,0,22,29,25,2,3,4,0,2.3954372623574143,0.36507936507936506,0.2661596958174905,0.8365019011406843,0.07604562737642585,0.03802281368821293,-0.04,0.0,0.0,0.0,1.4068441064638784,1.3688212927756653,0.03802281368821293,0.9505703422053232,1.1026615969581748,0.1520912547528517,0.11406844106463879,79.8
Ludovic Ajorque,FRA,FW,Brest,Ligue 1,32,1994,27,27,2370,26.3,7,8,15,7,0,0,9,1,0.57,,1.37,,,,,,,,,,,,45,15,33.3,1.71,0.57,0.16,0.47,88,90.8,88.0,23,0,,0,1.37,36,38,-2,-0.08,1.42,0,54,49,12,9,9,14,0,1.7110266159695817,0.3333333333333333,0.8745247148288973,2.053231939163498,0.34220532319391633,0.45627376425855515,-0.08,0.0,0.0,0.0,1.4448669201520912,1.3688212927756653,0.3041825095057034,0.45627376425855515,1.8631178707224334,0.532319391634981,0.34220532319391633,90.8
Aleix García,ESP,MF,Leverkusen,Bundesliga,28,1997,29,27,2365,26.3,2,6,8,2,0,0,6,0,0.3,,1.37,,,,,,,,,,,,27,4,14.8,1.03,0.15,0.07,0.5,82,87.6,84.0,19,2,43.0,0,1.69,52,34,18,0.68,0.42,0,8,19,2,109,20,17,0,1.026615969581749,0.14814814814814814,1.4068441064638784,0.3041825095057034,4.144486692015209,0.22813688212927757,0.68,0.0,0.0,0.0,1.2927756653992395,1.9771863117870723,0.22813688212927757,0.07604562737642585,0.7224334600760456,0.6463878326996197,0.7604562737642585,87.6
Pierre Højbjerg,DEN,MF,Marseille,Ligue 1,30,1995,28,26,2361,26.2,2,4,6,2,0,0,3,0,0.23,,1.37,,,,,,,,,,,,38,12,31.6,1.45,0.46,0.05,0.17,84,87.4,89.0,22,2,24.0,0,1.75,49,36,13,0.5,-0.83,0,31,38,0,9,23,19,0,1.450381679389313,0.3157894736842105,1.6030534351145038,1.183206106870229,0.3435114503816794,0.11450381679389313,0.5,0.0,0.0,0.0,1.3740458015267176,1.870229007633588,0.15267175572519084,0.0,1.450381679389313,0.7251908396946565,0.8778625954198473,87.4
Ante Budimir,CRO,FW,Osasuna,La Liga,34,1991,30,28,2358,26.2,16,0,16,10,6,7,1,0,0.38,,1.37,,,,,,,,,,,,80,32,40.0,3.05,1.22,0.13,0.31,79,84.5,83.0,13,2,22.0,0,1.3,28,29,-1,-0.04,-0.04,0,41,32,20,3,5,13,0,3.053435114503817,0.4,0.6870229007633588,1.5648854961832062,0.11450381679389313,0.03816793893129771,-0.04,0.0,0.0,0.0,1.1068702290076335,1.0687022900763359,0.0,0.7633587786259542,1.2213740458015268,0.4961832061068702,0.19083969465648856,84.5
Rocco Reitz,GER,MF,Gladbach,Bundesliga,23,2002,28,28,2358,26.2,0,2,2,0,0,0,7,1,0.08,,1.37,,,,,,,,,,,,43,13,30.2,1.64,0.5,0.0,0.0,84,87.3,84.0,17,0,,0,1.0,25,43,-18,-0.69,-1.74,0,33,50,5,81,47,34,0,1.6412213740458015,0.3023255813953488,3.0916030534351147,1.2595419847328244,3.0916030534351147,0.3816793893129771,-0.69,0.0,0.0,0.0,1.6412213740458015,0.9541984732824428,0.07633587786259542,0.19083969465648856,1.9083969465648856,1.297709923664122,1.7938931297709924,87.3
Nemanja Matić,SRB,MF,Sassuolo,Serie A,37,1988,29,27,2357,26.2,1,1,2,1,0,0,6,1,0.08,,1.37,,,,,,,,,,,,10,4,40.0,0.38,0.15,0.1,0.25,81,79.4,84.0,19,2,39.0,0,1.31,32,34,-2,-0.08,0.07,0,22,38,0,10,19,27,0,0.3816793893129771,0.4,1.7557251908396947,0.8396946564885497,0.3816793893129771,0.3435114503816794,-0.08,0.0,0.0,0.0,1.297709923664122,1.2213740458015268,0.03816793893129771,0.0,1.450381679389313,1.0305343511450382,0.7251908396946565,79.4
Ayumu Seko,JPN,MF,Le Havre,Ligue 1,25,2000,27,26,2355,26.2,0,0,0,0,0,0,4,0,0.0,,1.37,,,,,,,,,,,,17,6,35.3,0.65,0.23,0.0,0.0,87,87.2,90.0,25,1,22.0,0,0.89,20,32,-12,-0.46,-0.2,0,25,18,1,5,30,24,1,0.648854961832061,0.35294117647058826,2.0610687022900764,0.9541984732824428,0.19083969465648856,0.15267175572519084,-0.46,0.0,0.0,0.0,1.2213740458015268,0.7633587786259542,0.0,0.03816793893129771,0.6870229007633588,0.916030534351145,1.1450381679389314,87.2
Manu Sánchez,ESP,DF,Levante,La Liga,25,2000,27,26,2353,26.1,1,2,3,1,0,0,8,0,0.11,,1.37,,,,,,,,,,,,11,3,27.3,0.42,0.11,0.09,0.33,87,84.3,88.0,21,1,62.0,3,0.93,30,41,-11,-0.42,0.4,0,30,17,2,65,31,48,0,0.421455938697318,0.2727272727272727,3.0268199233716473,1.1494252873563218,2.490421455938697,0.3065134099616858,-0.42,0.0,0.0,0.0,1.5708812260536398,1.1494252873563218,0.07662835249042145,0.07662835249042145,0.6513409961685823,1.839080459770115,1.1877394636015326,84.3
David Affengruber,AUT,DF,Elche,La Liga,25,2001,29,26,2352,26.1,0,0,0,0,0,0,6,1,0.0,,1.37,,,,,,,,,,,,8,2,25.0,0.31,0.08,0.0,0.0,81,84.3,87.0,21,3,31.0,0,1.03,36,40,-4,-0.15,0.67,0,27,31,2,7,40,38,0,0.3065134099616858,0.25,2.9885057471264367,1.0344827586206895,0.2681992337164751,0.3448275862068965,-0.15,0.0,0.0,0.0,1.532567049808429,1.379310344827586,0.0,0.07662835249042145,1.1877394636015326,1.4559386973180075,1.532567049808429,84.3
Leo Skiri Østigård,NOR,DF,Genoa,Serie A,26,1999,27,27,2352,26.1,5,1,6,5,0,0,7,0,0.23,,1.37,,,,,,,,,,,,19,11,57.9,0.73,0.42,0.26,0.45,87,79.2,87.0,25,0,,2,1.19,31,36,-5,-0.19,-0.05,0,35,14,2,1,25,23,0,0.7279693486590038,0.5789473684210527,1.839080459770115,1.3409961685823755,0.038314176245210725,0.2681992337164751,-0.19,0.0,0.0,0.0,1.379310344827586,1.1877394636015326,0.038314176245210725,0.07662835249042145,0.5363984674329502,0.8812260536398467,0.9578544061302682,79.2
Moisés Caicedo,ECU,MF,Chelsea,Premier League,24,2001,28,27,2351,26.1,3,1,4,3,0,0,9,1,0.15,,1.37,,,,,,,,,,,,25,7,28.0,0.96,0.27,0.12,0.43,84,79.2,85.0,22,1,45.0,1,1.43,46,36,10,0.38,0.24,0,43,42,0,8,53,44,0,0.9578544061302682,0.28,3.7164750957854404,1.6475095785440612,0.3065134099616858,0.45977011494252873,0.38,0.0,0.0,0.0,1.379310344827586,1.7624521072796935,0.038314176245210725,0.0,1.6091954022988504,1.685823754789272,2.0306513409961684,79.2
Joel Fujita,JPN,MF,St Pauli,Bundesliga,24,2002,28,27,2350,26.1,1,3,4,1,0,0,5,0,0.15,,1.37,,,,,,,,,,,,28,6,21.4,1.07,0.23,0.04,0.17,84,87.0,86.0,20,1,22.0,0,0.79,22,45,-23,-0.88,-0.37,0,32,14,3,26,30,29,0,1.0727969348659003,0.21428571428571427,2.260536398467433,1.2260536398467432,0.9961685823754789,0.19157088122605362,-0.88,0.0,0.0,0.0,1.7241379310344827,0.842911877394636,0.11494252873563218,0.11494252873563218,0.5363984674329502,1.1111111111111112,1.1494252873563218,87.0
Pedro Porro,ESP,DF,Tottenham Hotspur,Premier League,26,1999,29,27,2346,26.1,1,2,3,1,0,0,7,0,0.12,,1.37,,,,,,,,,,,,25,7,28.0,0.96,0.27,0.04,0.14,81,79.0,85.0,21,2,21.0,0,1.03,34,36,-2,-0.08,1.22,0,27,23,1,197,24,35,0,0.9578544061302682,0.28,2.260536398467433,1.0344827586206895,7.547892720306513,0.2681992337164751,-0.08,0.0,0.0,0.0,1.379310344827586,1.3026819923371646,0.07662835249042145,0.038314176245210725,0.8812260536398467,1.3409961685823755,0.9195402298850575,79.0
Gabriel Magalhães,BRA,DF,Arsenal,Premier League,28,1997,27,26,2346,26.1,3,4,7,3,0,0,4,0,0.27,,1.37,,,,,,,,,,,,21,5,23.8,0.81,0.19,0.14,0.6,87,79.0,89.0,25,1,20.0,0,2.11,49,19,30,1.15,0.14,0,17,28,0,6,18,18,0,0.8045977011494252,0.23809523809523808,1.379310344827586,0.6513409961685823,0.22988505747126436,0.1532567049808429,1.15,0.0,0.0,0.0,0.7279693486590038,1.8773946360153255,0.1532567049808429,0.0,1.0727969348659003,0.689655172413793,0.689655172413793,79.0
Natan,BRA,DF,Real Betis,La Liga,25,2001,27,27,2344,26.0,0,0,0,0,0,0,7,0,0.0,,1.37,,,,,,,,,,,,8,1,12.5,0.31,0.04,0.0,0.0,87,84.0,87.0,24,0,,3,1.52,39,34,5,0.19,-0.21,0,21,10,0,1,32,15,0,0.3076923076923077,0.125,1.8076923076923077,0.8076923076923077,0.038461538461538464,0.2692307692307692,0.19,0.0,0.0,0.0,1.3076923076923077,1.5,0.0,0.0,0.38461538461538464,0.5769230769230769,1.2307692307692308,84.0
Diogo Dalot,POR,MF,Manchester Utd,Premier League,27,1999,31,26,2344,26.0,1,3,4,1,0,0,5,0,0.15,,1.37,,,,,,,,,,,,22,6,27.3,0.84,0.23,0.05,0.17,76,78.9,85.0,19,5,27.0,0,1.77,50,35,15,0.58,0.86,0,22,14,4,53,24,28,0,0.8461538461538461,0.2727272727272727,2.0,0.8461538461538461,2.0384615384615383,0.19230769230769232,0.58,0.0,0.0,0.0,1.3461538461538463,1.9230769230769231,0.11538461538461539,0.15384615384615385,0.5384615384615384,1.0769230769230769,0.9230769230769231,78.9
Rassoul Ndiaye,SEN,MF,Le Havre,Ligue 1,24,2001,30,27,2341,26.0,4,4,8,4,0,0,2,0,0.31,,1.37,,,,,,,,,,,,32,9,28.1,1.23,0.35,0.13,0.44,78,86.7,84.0,13,3,26.0,0,1.0,21,29,-8,-0.31,0.95,0,20,36,5,91,15,27,0,1.2307692307692308,0.28125,1.6153846153846154,0.7692307692307693,3.5,0.07692307692307693,-0.31,0.0,0.0,0.0,1.1153846153846154,0.8076923076923077,0.15384615384615385,0.19230769230769232,1.3846153846153846,1.0384615384615385,0.5769230769230769,86.7
Scott McTominay,SCO,MF,Napoli,Serie A,29,1996,28,26,2341,26.0,8,3,11,8,0,0,1,0,0.42,,1.37,,,,,,,,,,,,78,28,35.9,3.0,1.08,0.1,0.29,84,78.8,87.0,22,2,38.0,0,2.11,39,24,15,0.58,0.58,0,19,55,5,9,20,12,0,3.0,0.358974358974359,1.2307692307692308,0.7307692307692307,0.34615384615384615,0.038461538461538464,0.58,0.0,0.0,0.0,0.9230769230769231,1.5,0.11538461538461539,0.19230769230769232,2.1153846153846154,0.46153846153846156,0.7692307692307693,78.8
Jan Oblak,SVN,GK,Atlético Madrid,La Liga,33,1993,26,26,2340,26.0,0,0,0,0,0,0,0,0,0.0,25.0,0.96,82.0,58.0,70.7,15.0,6.0,5.0,10.0,38.5,1.0,0.0,1.0,0,0,,0.0,0.0,,,90,83.9,90.0,26,0,,0,1.96,45,25,20,0.77,0.97,0,0,4,0,0,0,0,0,0.0,0.0,0.0,0.0,0.0,0.0,0.77,0.38461538461538464,0.0,3.1538461538461537,0.9615384615384616,1.7307692307692308,0.0,0.0,0.15384615384615385,0.0,0.0,83.9
Leo Román,ESP,GK,Mallorca,La Liga,25,2000,26,26,2340,26.0,0,0,0,0,0,0,4,0,0.0,41.0,1.58,123.0,88.0,70.7,8.0,5.0,13.0,2.0,7.7,5.0,1.0,0.0,0,0,,0.0,0.0,,,90,83.9,90.0,26,0,,0,1.12,35,41,-6,-0.23,0.37,0,1,1,0,0,1,1,0,0.0,0.0,0.07692307692307693,0.038461538461538464,0.0,0.15384615384615385,-0.23,0.07692307692307693,0.2,4.730769230769231,1.5769230769230769,1.3461538461538463,0.0,0.0,0.038461538461538464,0.038461538461538464,0.038461538461538464,83.9
Hervé Koffi,BFA,GK,Angers,Ligue 1,29,1996,26,26,2340,26.0,0,0,0,0,0,0,1,0,0.0,29.0,1.12,126.0,100.0,78.6,9.0,7.0,10.0,10.0,38.5,2.0,2.0,1.0,0,0,,0.0,0.0,,,90,86.7,90.0,26,0,,0,1.31,23,29,-6,-0.23,1.77,0,1,10,0,0,0,1,0,0.0,0.0,0.038461538461538464,0.038461538461538464,0.0,0.038461538461538464,-0.23,0.38461538461538464,1.0,4.846153846153846,1.1153846153846154,0.8846153846153846,0.0,0.0,0.38461538461538464,0.038461538461538464,0.0,86.7
Gerónimo Rulli,ARG,GK,Marseille,Ligue 1,33,1992,26,26,2340,26.0,0,0,0,0,0,0,2,0,0.0,32.0,1.23,97.0,69.0,71.1,13.0,4.0,9.0,7.0,26.9,4.0,0.0,0.0,0,0,,0.0,0.0,,,90,86.7,90.0,26,0,,3,1.7,48,33,15,0.58,-0.17,0,1,13,0,0,0,0,0,0.0,0.0,0.0,0.038461538461538464,0.0,0.07692307692307693,0.58,0.2692307692307692,0.0,3.730769230769231,1.2692307692307692,1.8461538461538463,0.0,0.0,0.5,0.0,0.0,86.7
Montassar Talbi,TUN,DF,Lorient,Ligue 1,27,1998,26,26,2340,26.0,0,1,1,0,0,0,3,0,0.04,,1.37,,,,,,,,,,,,11,2,18.2,0.42,0.08,0.0,0.0,90,86.7,90.0,26,0,,0,1.42,37,40,-3,-0.12,0.13,0,7,13,0,5,24,17,0,0.4230769230769231,0.18181818181818182,1.5769230769230769,0.2692307692307692,0.19230769230769232,0.11538461538461539,-0.12,0.0,0.0,0.0,1.5384615384615385,1.4230769230769231,0.038461538461538464,0.0,0.5,0.6538461538461539,0.9230769230769231,86.7
Alessio Romagnoli,ITA,DF,Lazio,Serie A,31,1995,28,27,2338,26.0,0,0,0,0,0,0,6,0,0.0,,1.37,,,,,,,,,,,,7,3,42.9,0.27,0.12,0.0,0.0,84,78.7,86.0,24,1,14.0,0,1.36,21,23,-2,-0.08,-0.93,0,16,12,0,2,29,14,0,0.2692307692307692,0.42857142857142855,1.6538461538461537,0.6153846153846154,0.07692307692307693,0.23076923076923078,-0.08,0.0,0.0,0.0,0.8846153846153846,0.8076923076923077,0.0,0.0,0.46153846153846156,0.5384615384615384,1.1153846153846154,78.7
Hugo Magnetti,FRA,MF,Brest,Ligue 1,27,1998,28,27,2338,26.0,1,1,2,1,0,0,4,1,0.08,,1.37,,,,,,,,,,,,18,3,16.7,0.69,0.12,0.06,0.33,84,89.6,86.0,18,1,20.0,0,1.32,35,37,-2,-0.08,1.25,0,29,30,0,20,39,41,0,0.6923076923076923,0.16666666666666666,3.076923076923077,1.1153846153846154,0.7692307692307693,0.2692307692307692,-0.08,0.0,0.0,0.0,1.4230769230769231,1.3461538461538463,0.038461538461538464,0.0,1.1538461538461537,1.5769230769230769,1.5,89.6
Eric García,ESP,DF,Barcelona,La Liga,25,2001,29,27,2337,26.0,1,1,2,1,0,0,4,0,0.08,,1.37,,,,,,,,,,,,24,7,29.2,0.92,0.27,0.04,0.14,81,83.8,84.0,19,2,29.0,2,2.52,71,22,49,1.89,0.89,0,31,22,1,10,42,40,0,0.9230769230769231,0.2916666666666667,3.1538461538461537,1.1923076923076923,0.38461538461538464,0.15384615384615385,1.89,0.0,0.0,0.0,0.8461538461538461,2.730769230769231,0.038461538461538464,0.038461538461538464,0.8461538461538461,1.5384615384615385,1.6153846153846154,83.8
Máximo Perrone,ARG,MF,Como,Serie A,23,2003,31,28,2337,26.0,3,4,7,3,0,0,8,0,0.27,,1.37,,,,,,,,,,,,16,8,50.0,0.62,0.31,0.19,0.38,75,78.7,80.0,17,3,32.0,1,1.77,46,20,26,1.0,0.57,0,36,22,0,8,18,34,0,0.6153846153846154,0.5,2.0,1.3846153846153846,0.3076923076923077,0.3076923076923077,1.0,0.0,0.0,0.0,0.7692307692307693,1.7692307692307692,0.15384615384615385,0.0,0.8461538461538461,1.3076923076923077,0.6923076923076923,78.7
Nordi Mukiele,FRA,DF,Sunderland,Premier League,28,1997,27,27,2334,25.9,2,3,5,2,0,0,5,0,0.19,,1.37,,,,,,,,,,,,20,3,15.0,0.77,0.12,0.1,0.67,86,78.6,86.0,24,0,,1,1.33,28,32,-4,-0.15,-0.15,0,26,20,2,68,31,41,1,0.7722007722007722,0.15,2.77992277992278,1.0038610038610039,2.6254826254826256,0.19305019305019305,-0.15,0.0,0.0,0.0,1.2355212355212355,1.0810810810810811,0.11583011583011583,0.07722007722007722,0.7722007722007722,1.5830115830115832,1.196911196911197,78.6
Zeki Çelik,TUR,MF,Roma,Serie A,29,1997,29,27,2334,25.9,1,2,3,1,0,0,2,1,0.12,,1.37,,,,,,,,,,,,20,4,20.0,0.77,0.15,0.05,0.25,80,78.6,86.0,18,2,11.0,1,1.59,39,26,13,0.5,-0.06,0,34,13,2,72,17,32,0,0.7722007722007722,0.2,1.8918918918918919,1.3127413127413128,2.77992277992278,0.19305019305019305,0.5,0.0,0.0,0.0,1.0038610038610039,1.505791505791506,0.07722007722007722,0.07722007722007722,0.5019305019305019,1.2355212355212355,0.6563706563706564,78.6
Rasmus Højlund,DEN,FW,Napoli,Serie A,23,2003,28,27,2330,25.9,10,3,13,9,1,1,1,0,0.46,,1.37,,,,,,,,,,,,51,22,43.1,1.97,0.85,0.18,0.41,83,78.5,85.0,15,1,30.0,0,1.93,40,28,12,0.46,0.04,0,33,46,11,3,0,1,0,1.9691119691119692,0.43137254901960786,0.03861003861003861,1.2741312741312742,0.11583011583011583,0.03861003861003861,0.46,0.0,0.0,0.0,1.0810810810810811,1.5444015444015444,0.11583011583011583,0.42471042471042475,1.776061776061776,0.03861003861003861,0.0,78.5
Iliman Ndiaye,SEN,MF,Everton,Premier League,26,2000,27,27,2328,25.9,6,3,9,4,2,2,2,0,0.27,,1.37,,,,,,,,,,,,33,18,54.5,1.28,0.7,0.12,0.22,86,78.4,86.0,16,0,,0,1.44,33,33,0,0.0,-0.14,0,27,34,10,47,14,38,0,1.2741312741312742,0.5454545454545454,2.0077220077220077,1.0424710424710426,1.8146718146718148,0.07722007722007722,0.0,0.0,0.0,0.0,1.2741312741312742,1.2741312741312742,0.11583011583011583,0.3861003861003861,1.3127413127413128,1.4671814671814674,0.5405405405405406,78.4
Adam Obert,SVK,DF,Cagliari,Serie A,23,2002,30,28,2324,25.8,0,3,3,0,0,0,10,1,0.12,,1.37,,,,,,,,,,,,10,3,30.0,0.39,0.12,0.0,0.0,77,78.2,82.0,15,2,21.0,1,1.07,21,35,-14,-0.54,-0.54,1,37,10,0,50,40,26,0,0.38759689922480617,0.3,2.558139534883721,1.4341085271317828,1.937984496124031,0.5038759689922481,-0.54,0.0,0.0,0.0,1.3565891472868217,0.813953488372093,0.11627906976744186,0.0,0.38759689922480617,1.0077519379844961,1.5503875968992247,78.2
Marco Friedl,AUT,DF,Werder Bremen,Bundesliga,28,1998,27,27,2321,25.8,1,0,1,1,0,0,8,1,0.04,,1.37,,,,,,,,,,,,8,2,25.0,0.31,0.08,0.13,0.5,86,86.0,86.0,24,0,,0,1.0,28,43,-15,-0.58,0.13,0,15,16,1,15,32,21,0,0.31007751937984496,0.25,2.054263565891473,0.5813953488372093,0.5813953488372093,0.4263565891472868,-0.58,0.0,0.0,0.0,1.6666666666666665,1.0852713178294573,0.0,0.03875968992248062,0.6201550387596899,0.813953488372093,1.2403100775193798,86.0
Adrian Bernabe,ESP,MF,Parma,Serie A,24,2001,30,29,2319,25.8,3,1,4,3,0,0,0,0,0.16,,1.37,,,,,,,,,,,,50,12,24.0,1.94,0.47,0.06,0.25,77,78.1,79.0,6,1,32.0,0,1.27,20,32,-12,-0.47,0.09,0,13,55,1,81,16,23,0,1.937984496124031,0.24,1.5116279069767442,0.5038759689922481,3.13953488372093,0.0,-0.47,0.0,0.0,0.0,1.2403100775193798,0.7751937984496123,0.03875968992248062,0.03875968992248062,2.131782945736434,0.8914728682170543,0.6201550387596899,78.1
Cody Gakpo,NED,MF,Liverpool,Premier League,26,1999,31,27,2318,25.8,6,5,11,6,0,0,2,0,0.43,,1.37,,,,,,,,,,,,78,19,24.4,3.03,0.74,0.08,0.32,75,78.0,82.0,13,4,28.0,0,1.58,40,30,10,0.39,0.25,0,37,40,22,84,9,14,0,3.0232558139534884,0.24358974358974358,0.8914728682170543,1.4341085271317828,3.255813953488372,0.07751937984496124,0.39,0.0,0.0,0.0,1.1627906976744187,1.5503875968992247,0.19379844961240308,0.8527131782945736,1.5503875968992247,0.5426356589147286,0.3488372093023256,78.0
Daniel Svensson,SWE,MF,Dortmund,Bundesliga,24,2002,30,26,2317,25.7,2,2,4,2,0,0,0,0,0.16,,1.37,,,,,,,,,,,,12,4,33.3,0.47,0.16,0.17,0.5,77,85.8,86.0,21,4,21.0,0,2.13,51,27,24,0.93,-0.48,0,27,20,2,126,20,25,0,0.4669260700389105,0.3333333333333333,1.7509727626459144,1.0505836575875487,4.902723735408561,0.0,0.93,0.0,0.0,0.0,1.0505836575875487,1.9844357976653697,0.07782101167315175,0.07782101167315175,0.7782101167315175,0.9727626459143969,0.7782101167315175,85.8
Mikael Ellertsson,ISL,MF,Genoa,Serie A,24,2002,31,26,2317,25.7,1,1,2,1,0,0,1,1,0.08,,1.37,,,,,,,,,,,,24,6,25.0,0.93,0.23,0.04,0.17,75,78.0,86.0,19,5,17.0,1,1.06,27,38,-11,-0.43,-1.12,0,24,35,1,30,14,25,0,0.933852140077821,0.25,1.517509727626459,0.933852140077821,1.1673151750972763,0.1556420233463035,-0.43,0.0,0.0,0.0,1.4785992217898833,1.0505836575875487,0.038910505836575876,0.038910505836575876,1.3618677042801557,0.9727626459143969,0.5447470817120623,78.0
Johan Mojica,COL,DF,Mallorca,La Liga,33,1992,30,25,2314,25.7,0,3,3,0,0,0,5,0,0.12,,1.37,,,,,,,,,,,,15,2,13.3,0.58,0.08,0.0,0.0,77,82.9,89.0,21,5,17.0,0,1.13,33,39,-6,-0.23,0.33,0,24,25,2,105,19,28,0,0.5836575875486382,0.13333333333333333,1.828793774319066,0.933852140077821,4.085603112840467,0.19455252918287938,-0.23,0.0,0.0,0.0,1.517509727626459,1.284046692607004,0.11673151750972763,0.07782101167315175,0.9727626459143969,1.0894941634241246,0.7392996108949417,82.9
Yehor Yarmoliuk,UKR,MF,Brentford,Premier League,22,2004,33,26,2313,25.7,1,2,3,1,0,0,7,0,0.12,,1.37,,,,,,,,,,,,15,4,26.7,0.58,0.16,0.07,0.25,70,77.9,82.0,13,7,26.0,0,1.45,36,36,0,0.0,-0.55,0,35,10,1,26,25,38,0,0.5836575875486382,0.26666666666666666,2.4513618677042803,1.3618677042801557,1.0116731517509727,0.27237354085603116,0.0,0.0,0.0,0.0,1.4007782101167316,1.4007782101167316,0.07782101167315175,0.038910505836575876,0.38910505836575876,1.4785992217898833,0.9727626459143969,77.9
Marten de Roon,NED,MF,Atalanta,Serie A,35,1991,29,27,2312,25.7,1,2,3,1,0,0,8,1,0.12,,1.37,,,,,,,,,,,,14,4,28.6,0.54,0.16,0.07,0.25,80,77.8,83.0,17,2,35.0,1,1.72,37,21,16,0.62,0.62,1,29,11,0,12,18,40,0,0.5447470817120623,0.2857142857142857,2.2568093385214008,1.1284046692607004,0.4669260700389105,0.42801556420233466,0.62,0.0,0.0,0.0,0.8171206225680934,1.4396887159533074,0.07782101167315175,0.0,0.42801556420233466,1.556420233463035,0.7003891050583658,77.8
André,BRA,MF,Wolves,Premier League,24,2001,30,25,2312,25.7,1,0,1,1,0,0,9,0,0.04,,1.37,,,,,,,,,,,,12,1,8.3,0.47,0.04,0.08,1.0,77,77.8,86.0,19,5,34.0,0,0.5,16,46,-30,-1.17,-0.21,0,36,38,0,39,21,36,0,0.4669260700389105,0.08333333333333333,2.217898832684825,1.4007782101167316,1.517509727626459,0.3501945525291829,-1.17,0.0,0.0,0.0,1.7898832684824904,0.622568093385214,0.0,0.0,1.4785992217898833,1.4007782101167316,0.8171206225680934,77.8
Casemiro,BRA,MF,Manchester Utd,Premier League,34,1992,31,30,2311,25.7,8,2,10,8,0,0,10,1,0.39,,1.37,,,,,,,,,,,,45,16,35.6,1.75,0.62,0.18,0.5,75,77.8,77.0,11,1,11.0,0,1.87,47,26,21,0.82,1.91,1,44,31,4,19,24,39,0,1.7509727626459144,0.35555555555555557,2.4513618677042803,1.7120622568093387,0.7392996108949417,0.5058365758754864,0.82,0.0,0.0,0.0,1.0116731517509727,1.828793774319066,0.07782101167315175,0.1556420233463035,1.206225680933852,1.517509727626459,0.933852140077821,77.8
Fikayo Tomori,ENG,DF,Milan,Serie A,28,1997,29,27,2306,25.6,0,2,2,0,0,0,5,0,0.08,,1.37,,,,,,,,,,,,9,2,22.2,0.35,0.08,0.0,0.0,80,77.6,84.0,19,2,13.0,3,2.17,35,18,17,0.66,0.12,0,29,7,2,16,26,38,0,0.3515625,0.2222222222222222,2.5,1.1328125,0.625,0.1953125,0.66,0.0,0.0,0.0,0.703125,1.3671875,0.078125,0.078125,0.2734375,1.484375,1.015625,77.6
Emanuele Valeri,ITA,MF,Parma,Serie A,27,1998,29,25,2301,25.6,0,2,2,0,0,0,2,0,0.08,,1.37,,,,,,,,,,,,18,4,22.2,0.7,0.16,0.0,0.0,79,77.5,87.0,22,4,32.0,0,1.28,19,29,-10,-0.39,0.42,0,21,23,1,204,18,30,0,0.703125,0.2222222222222222,1.875,0.8203125,7.96875,0.078125,-0.39,0.0,0.0,0.0,1.1328125,0.7421875,0.078125,0.0390625,0.8984375,1.171875,0.703125,77.5
Manu Koné,FRA,MF,Roma,Serie A,24,2001,26,26,2300,25.6,2,2,4,2,0,0,2,0,0.16,,1.37,,,,,,,,,,,,21,5,23.8,0.82,0.2,0.1,0.4,88,77.4,88.0,24,0,,0,1.81,34,19,15,0.59,0.32,0,44,48,2,1,19,26,0,0.8203125,0.23809523809523808,1.7578125,1.71875,0.0390625,0.078125,0.59,0.0,0.0,0.0,0.7421875,1.328125,0.078125,0.078125,1.875,1.015625,0.7421875,77.4
Marcus Tavernier,ENG,MF,Bournemouth,Premier League,27,1999,29,26,2300,25.6,6,4,10,4,2,2,5,0,0.31,,1.37,,,,,,,,,,,,62,20,32.3,2.43,0.78,0.06,0.2,79,77.4,86.0,13,3,24.0,0,1.31,37,41,-4,-0.16,-0.69,0,29,32,4,92,14,18,0,2.421875,0.3225806451612903,1.25,1.1328125,3.59375,0.1953125,-0.16,0.0,0.0,0.0,1.6015625,1.4453125,0.15625,0.15625,1.25,0.703125,0.546875,77.4
Mahdi Camara,FRA,MF,Rennes,Ligue 1,27,1998,28,27,2297,25.5,3,1,4,3,0,0,4,1,0.16,,1.37,,,,,,,,,,,,24,10,41.7,0.94,0.39,0.13,0.3,82,85.1,84.0,20,1,27.0,0,1.75,47,32,15,0.59,1.48,0,32,27,3,27,26,28,0,0.9411764705882353,0.4166666666666667,2.1176470588235294,1.2549019607843137,1.0588235294117647,0.27450980392156865,0.59,0.0,0.0,0.0,1.2549019607843137,1.8431372549019607,0.0392156862745098,0.11764705882352941,1.0588235294117647,1.0980392156862746,1.0196078431372548,85.1
Nathaniel Brown,GER,MF,Eintracht Frankfurt,Bundesliga,22,2003,29,25,2296,25.5,4,4,8,4,0,0,3,0,0.31,,1.37,,,,,,,,,,,,17,9,52.9,0.67,0.35,0.24,0.44,79,85.0,85.0,19,4,41.0,0,1.45,46,47,-1,-0.04,0.18,0,23,27,1,38,22,50,0,0.6666666666666666,0.5294117647058824,2.823529411764706,0.9019607843137255,1.4901960784313726,0.11764705882352941,-0.04,0.0,0.0,0.0,1.8431372549019607,1.803921568627451,0.1568627450980392,0.0392156862745098,1.0588235294117647,1.9607843137254901,0.8627450980392157,85.0
Vinicius Júnior,BRA,FW,Real Madrid,La Liga,25,2000,30,26,2296,25.5,11,5,16,7,4,5,7,0,0.47,,1.37,,,,,,,,,,,,86,38,44.2,3.37,1.49,0.08,0.18,77,82.3,83.0,14,4,33.0,0,2.23,56,26,30,1.18,0.08,0,27,67,12,55,2,15,0,3.372549019607843,0.4418604651162791,0.6666666666666666,1.0588235294117647,2.156862745098039,0.27450980392156865,1.18,0.0,0.0,0.0,1.0196078431372548,2.196078431372549,0.19607843137254902,0.47058823529411764,2.627450980392157,0.5882352941176471,0.0784313725490196,82.3
Hauke Wahl,GER,DF,St Pauli,Bundesliga,32,1994,26,26,2295,25.5,2,1,3,2,0,0,1,0,0.12,,1.37,,,,,,,,,,,,9,4,44.4,0.35,0.16,0.22,0.5,88,85.0,88.0,25,0,,0,0.88,22,40,-18,-0.71,0.85,0,9,12,3,11,24,30,0,0.35294117647058826,0.4444444444444444,2.1176470588235294,0.35294117647058826,0.43137254901960786,0.0392156862745098,-0.71,0.0,0.0,0.0,1.5686274509803921,0.8627450980392157,0.0392156862745098,0.11764705882352941,0.47058823529411764,1.1764705882352942,0.9411764705882353,85.0
Tyler Morton,ENG,MF,Lyon,Ligue 1,23,2002,26,26,2295,25.5,2,2,4,2,0,0,6,1,0.16,,1.37,,,,,,,,,,,,24,6,25.0,0.94,0.24,0.08,0.33,88,85.0,88.0,22,0,,0,1.81,41,25,16,0.63,0.85,0,27,18,0,82,22,28,0,0.9411764705882353,0.25,1.9607843137254901,1.0588235294117647,3.215686274509804,0.35294117647058826,0.63,0.0,0.0,0.0,0.9803921568627451,1.607843137254902,0.0784313725490196,0.0,0.7058823529411765,1.0980392156862746,0.8627450980392157,85.0
Mory Diaw,SEN,GK,Le Havre,Ligue 1,32,1993,26,26,2295,25.5,0,1,1,0,0,0,1,0,0.04,35.0,1.37,97.0,67.0,68.0,5.0,10.0,11.0,6.0,23.1,4.0,1.0,0.0,0,0,,0.0,0.0,,,88,85.0,88.0,25,0,,1,0.96,21,35,-14,-0.55,-0.77,0,0,6,0,0,2,0,0,0.0,0.0,0.0784313725490196,0.0,0.0,0.0392156862745098,-0.55,0.23076923076923078,0.25,3.803921568627451,1.3725490196078431,0.8235294117647058,0.0392156862745098,0.0,0.23529411764705882,0.0,0.0784313725490196,85.0
Michele Di Gregorio,ITA,GK,Juventus,Serie A,28,1997,26,25,2295,25.5,0,0,0,0,0,0,1,0,0.0,22.0,0.86,74.0,52.0,71.6,14.0,7.0,4.0,12.0,48.0,1.0,0.0,2.0,0,0,,0.0,0.0,,,88,77.3,90.0,25,1,45.0,7,2.0,44,22,22,0.86,0.06,0,0,5,0,0,0,0,0,0.0,0.0,0.0,0.0,0.0,0.0392156862745098,0.86,0.46153846153846156,0.0,2.9019607843137254,0.8627450980392157,1.7254901960784315,0.0,0.0,0.19607843137254902,0.0,0.0,77.3
Eric Martel,GER,MF,Köln,Bundesliga,23,2002,28,27,2295,25.5,2,2,4,2,0,0,11,1,0.16,,1.37,,,,,,,,,,,,19,3,15.8,0.75,0.12,0.11,0.67,82,85.0,84.0,20,1,14.0,0,1.07,37,41,-4,-0.16,0.51,1,38,49,0,11,32,29,0,0.7450980392156863,0.15789473684210525,2.392156862745098,1.4901960784313726,0.43137254901960786,0.5490196078431373,-0.16,0.0,0.0,0.0,1.607843137254902,1.4509803921568627,0.0784313725490196,0.0,1.9215686274509804,1.1372549019607843,1.2549019607843137,85.0
Lucas Da Cunha,FRA,MF,Como,Serie A,24,2001,31,26,2294,25.5,4,3,7,1,3,3,4,0,0.16,,1.37,,,,,,,,,,,,33,12,36.4,1.29,0.47,0.03,0.08,74,77.2,81.0,14,5,36.0,2,1.74,44,23,21,0.82,-0.24,0,30,16,0,76,16,27,0,1.2941176470588236,0.36363636363636365,1.6862745098039216,1.1764705882352942,2.980392156862745,0.1568627450980392,0.82,0.0,0.0,0.0,0.9019607843137255,1.7254901960784315,0.11764705882352941,0.0,0.6274509803921569,1.0588235294117647,0.6274509803921569,77.2
Bryan Mbeumo,CMR,MF,Manchester Utd,Premier League,26,1999,28,27,2294,25.5,9,3,12,9,0,0,4,0,0.47,,1.37,,,,,,,,,,,,61,30,49.2,2.39,1.18,0.15,0.3,82,77.2,84.0,13,1,21.0,0,1.86,47,32,15,0.59,0.85,0,22,27,7,91,6,10,0,2.392156862745098,0.4918032786885246,0.6274509803921569,0.8627450980392157,3.5686274509803924,0.1568627450980392,0.59,0.0,0.0,0.0,1.2549019607843137,1.8431372549019607,0.11764705882352941,0.27450980392156865,1.0588235294117647,0.39215686274509803,0.23529411764705882,77.2
Dominic Calvert-Lewin,ENG,FW,Leeds United,Premier League,29,1997,30,25,2294,25.5,11,1,12,8,3,4,1,0,0.35,,1.37,,,,,,,,,,,,66,30,45.5,2.59,1.18,0.12,0.27,76,77.2,87.0,14,5,25.0,0,1.17,35,29,6,0.24,1.97,0,39,35,22,7,2,4,0,2.588235294117647,0.45454545454545453,0.23529411764705882,1.5294117647058822,0.27450980392156865,0.0392156862745098,0.24,0.0,0.0,0.0,1.1372549019607843,1.3725490196078431,0.0392156862745098,0.8627450980392157,1.3725490196078431,0.1568627450980392,0.0784313725490196,77.2
Rasmus Nicolaisen,DEN,DF,Toulouse,Ligue 1,29,1997,29,27,2294,25.5,1,0,1,1,0,0,3,0,0.04,,1.37,,,,,,,,,,,,15,5,33.3,0.59,0.2,0.07,0.2,79,85.0,84.0,21,2,15.0,0,1.28,37,37,0,0.0,0.22,0,26,18,1,2,36,10,0,0.5882352941176471,0.3333333333333333,1.803921568627451,1.0196078431372548,0.0784313725490196,0.11764705882352941,0.0,0.0,0.0,0.0,1.4509803921568627,1.4509803921568627,0.0,0.0392156862745098,0.7058823529411765,0.39215686274509803,1.411764705882353,85.0
Yuri Berchiche,ESP,DF,Athletic Club,La Liga,36,1990,27,26,2293,25.5,0,4,4,0,0,0,4,0,0.16,,1.37,,,,,,,,,,,,19,4,21.1,0.75,0.16,0.0,0.0,85,82.2,86.0,24,1,45.0,2,1.37,29,34,-5,-0.2,1.07,0,23,29,3,56,29,23,0,0.7450980392156863,0.21052631578947367,2.0392156862745097,0.9019607843137255,2.196078431372549,0.1568627450980392,-0.2,0.0,0.0,0.0,1.3333333333333333,1.1372549019607843,0.1568627450980392,0.11764705882352941,1.1372549019607843,0.9019607843137255,1.1372549019607843,82.2
Sebastiano Esposito,ITA,FW,Cagliari,Serie A,23,2002,31,29,2288,25.4,6,5,11,5,1,1,6,0,0.39,,1.37,,,,,,,,,,,,46,13,28.3,1.81,0.51,0.11,0.38,74,77.0,77.0,6,2,34.0,1,1.03,23,31,-8,-0.31,0.48,0,40,44,4,115,14,29,0,1.8110236220472442,0.2826086956521739,1.6929133858267718,1.5748031496062993,4.52755905511811,0.2362204724409449,-0.31,0.0,0.0,0.0,1.220472440944882,0.9055118110236221,0.1968503937007874,0.15748031496062992,1.7322834645669292,1.141732283464567,0.5511811023622047,77.0
Nico O’Reilly,ENG,DF,Manchester City,Premier League,21,2005,30,25,2286,25.4,5,3,8,5,0,0,4,0,0.31,,1.37,,,,,,,,,,,,32,11,34.4,1.26,0.43,0.16,0.45,76,79.4,86.0,18,5,27.0,1,2.2,55,21,34,1.34,1.04,0,36,14,1,33,19,35,0,1.2598425196850394,0.34375,2.125984251968504,1.4173228346456694,1.299212598425197,0.15748031496062992,1.34,0.0,0.0,0.0,0.8267716535433072,2.1653543307086616,0.11811023622047245,0.03937007874015748,0.5511811023622047,1.3779527559055118,0.7480314960629921,79.4
Jaidon Anthony,ENG,MF,Burnley,Premier League,26,1999,32,27,2286,25.4,7,1,8,7,0,0,4,0,0.31,,1.37,,,,,,,,,,,,47,19,40.4,1.85,0.75,0.15,0.37,71,77.0,81.0,11,5,17.0,1,0.63,26,51,-25,-0.98,0.07,0,20,40,8,65,15,18,0,1.8503937007874016,0.40425531914893614,1.299212598425197,0.7874015748031497,2.5590551181102366,0.15748031496062992,-0.98,0.0,0.0,0.0,2.0078740157480315,1.0236220472440944,0.03937007874015748,0.31496062992125984,1.5748031496062993,0.7086614173228347,0.5905511811023623,77.0
Pau Cubarsí,ESP,DF,Barcelona,La Liga,19,2007,26,26,2282,25.4,1,0,1,1,0,0,3,0,0.04,,1.37,,,,,,,,,,,,10,2,20.0,0.39,0.08,0.1,0.5,88,81.8,88.0,21,0,,5,2.54,69,27,42,1.66,-0.47,0,22,7,0,0,26,21,0,0.3937007874015748,0.2,1.8503937007874016,0.8661417322834646,0.0,0.11811023622047245,1.66,0.0,0.0,0.0,1.062992125984252,2.716535433070866,0.0,0.0,0.2755905511811024,0.8267716535433072,1.0236220472440944,81.8
Mario Gila,ESP,DF,Lazio,Serie A,25,2000,28,28,2282,25.4,0,0,0,0,0,0,3,1,0.0,,1.37,,,,,,,,,,,,11,3,27.3,0.43,0.12,0.0,0.0,82,76.8,82.0,18,0,,0,1.5,29,23,6,0.24,0.5,0,17,21,0,1,24,33,0,0.4330708661417323,0.2727272727272727,2.2440944881889764,0.6692913385826772,0.03937007874015748,0.2362204724409449,0.24,0.0,0.0,0.0,0.9055118110236221,1.141732283464567,0.0,0.0,0.8267716535433072,1.299212598425197,0.9448818897637796,76.8
Donovan Léon,GUF,GK,Auxerre,Ligue 1,33,1992,27,27,2280,25.3,0,0,0,0,0,0,0,2,0.0,34.0,1.34,121.0,90.0,73.6,5.0,9.0,13.0,8.0,29.6,2.0,1.0,0.0,0,0,,0.0,0.0,,,84,84.4,84.0,24,0,,0,0.89,20,34,-14,-0.55,-0.55,0,3,7,0,0,0,2,0,0.0,0.0,0.07905138339920949,0.11857707509881422,0.0,0.23715415019762845,-0.55,0.2962962962962963,0.5,4.782608695652174,1.3438735177865613,0.7905138339920948,0.0,0.0,0.2766798418972332,0.07905138339920949,0.0,84.4
Andrea Pinamonti,ITA,FW,Sassuolo,Serie A,26,1999,31,29,2279,25.3,8,3,11,8,0,1,2,1,0.43,,1.37,,,,,,,,,,,,63,26,41.3,2.49,1.03,0.13,0.31,74,76.7,77.0,5,2,18.0,0,1.45,33,35,-2,-0.08,0.05,0,11,28,11,9,1,4,0,2.4901185770750986,0.4126984126984127,0.1976284584980237,0.43478260869565216,0.3557312252964427,0.1976284584980237,-0.08,0.0,0.0,0.0,1.383399209486166,1.3043478260869565,0.11857707509881422,0.43478260869565216,1.1067193675889329,0.15810276679841898,0.039525691699604744,76.7
Daniel Vivian,ESP,DF,Athletic Club,La Liga,26,1999,26,25,2278,25.3,1,0,1,1,0,0,8,1,0.04,,1.37,,,,,,,,,,,,14,5,35.7,0.55,0.2,0.07,0.2,88,81.6,89.0,24,1,58.0,0,1.15,24,36,-12,-0.47,-0.47,0,37,15,1,10,33,34,0,0.5533596837944664,0.35714285714285715,2.6482213438735176,1.4624505928853755,0.3952569169960474,0.43478260869565216,-0.47,0.0,0.0,0.0,1.4229249011857708,0.9486166007905138,0.0,0.039525691699604744,0.5928853754940712,1.3438735177865613,1.3043478260869565,81.6
Jean-Philippe Gbamin,CIV,DF,Metz,Ligue 1,30,1995,27,27,2277,25.3,1,1,2,1,0,0,2,1,0.08,,1.37,,,,,,,,,,,,14,7,50.0,0.55,0.28,0.07,0.14,84,84.3,84.0,24,0,,0,0.48,25,58,-33,-1.3,-0.03,0,21,8,0,4,24,26,0,0.5533596837944664,0.5,1.976284584980237,0.8300395256916996,0.15810276679841898,0.1976284584980237,-1.3,0.0,0.0,0.0,2.292490118577075,0.9881422924901185,0.039525691699604744,0.0,0.31620553359683795,1.0276679841897234,0.9486166007905138,84.3
Brendan Chardonnet,FRA,DF,Brest,Ligue 1,31,1994,26,26,2276,25.3,1,3,4,1,0,0,4,0,0.16,,1.37,,,,,,,,,,,,11,6,54.5,0.43,0.24,0.09,0.17,88,87.2,88.0,24,0,,1,1.42,35,35,0,0.0,1.62,0,26,20,0,7,31,17,0,0.43478260869565216,0.5454545454545454,1.8972332015810276,1.0276679841897234,0.2766798418972332,0.15810276679841898,0.0,0.0,0.0,0.0,1.383399209486166,1.383399209486166,0.11857707509881422,0.0,0.7905138339920948,0.6719367588932806,1.225296442687747,87.2
El Hadji Malick Diouf,SEN,DF,West Ham United,Premier League,21,2004,27,25,2274,25.3,0,5,5,0,0,0,5,0,0.2,,1.37,,,,,,,,,,,,16,2,12.5,0.63,0.08,0.0,0.0,84,76.6,88.0,20,2,33.0,0,1.07,32,40,-8,-0.32,0.85,0,25,21,2,84,28,14,0,0.6324110671936759,0.125,1.6600790513833992,0.9881422924901185,3.3201581027667983,0.1976284584980237,-0.32,0.0,0.0,0.0,1.5810276679841897,1.2648221343873518,0.1976284584980237,0.07905138339920949,0.8300395256916996,0.5533596837944664,1.1067193675889329,76.6
Omar El Hilali,MAR,DF,Espanyol,La Liga,22,2003,29,26,2274,25.3,0,2,2,0,0,0,7,0,0.08,,1.37,,,,,,,,,,,,1,0,0.0,0.04,0.0,0.0,,78,81.5,86.0,20,3,14.0,1,1.31,29,40,-11,-0.44,-0.44,0,34,21,1,44,31,44,0,0.039525691699604744,0.0,2.9644268774703555,1.3438735177865613,1.7391304347826086,0.2766798418972332,-0.44,0.0,0.0,0.0,1.5810276679841897,1.1462450592885376,0.07905138339920949,0.039525691699604744,0.8300395256916996,1.7391304347826086,1.225296442687747,81.5
Jonathan Clauss,FRA,MF,Nice,Ligue 1,33,1992,27,25,2273,25.3,1,6,7,1,0,0,0,0,0.28,,1.37,,,,,,,,,,,,23,6,26.1,0.91,0.24,0.04,0.17,84,84.2,88.0,23,2,38.0,0,0.85,26,51,-25,-0.99,-1.62,0,21,16,1,202,43,35,0,0.9090909090909091,0.2608695652173913,3.08300395256917,0.8300395256916996,7.984189723320158,0.0,-0.99,0.0,0.0,0.0,2.015810276679842,1.0276679841897234,0.23715415019762845,0.039525691699604744,0.6324110671936759,1.383399209486166,1.699604743083004,84.2
Mikel Oyarzabal,ESP,FW,Real Sociedad,La Liga,29,1997,27,26,2267,25.2,12,3,15,7,5,5,2,0,0.4,,1.37,,,,,,,,,,,,71,31,43.7,2.82,1.23,0.1,0.23,84,81.3,86.0,17,1,35.0,1,1.52,40,36,4,0.16,0.68,0,18,37,13,15,3,13,0,2.8174603174603177,0.43661971830985913,0.6349206349206349,0.7142857142857143,0.5952380952380952,0.07936507936507936,0.16,0.0,0.0,0.0,1.4285714285714286,1.5873015873015874,0.11904761904761905,0.5158730158730159,1.4682539682539684,0.5158730158730159,0.11904761904761905,81.3
Berat Djimsiti,ALB,DF,Atalanta,Serie A,33,1993,30,26,2265,25.2,0,0,0,0,0,0,4,0,0.0,,1.37,,,,,,,,,,,,13,2,15.4,0.52,0.08,0.0,0.0,76,76.3,84.0,21,4,23.0,1,1.57,29,21,8,0.32,-0.7,0,15,7,0,2,28,27,0,0.5158730158730159,0.15384615384615385,2.182539682539683,0.5952380952380952,0.07936507936507936,0.15873015873015872,0.32,0.0,0.0,0.0,0.8333333333333334,1.150793650793651,0.0,0.0,0.2777777777777778,1.0714285714285714,1.1111111111111112,76.3
Jonathan Fischer,DEN,GK,Metz,Ligue 1,24,2001,26,25,2264,25.2,0,0,0,0,0,0,0,0,0.0,56.0,2.23,137.0,88.0,63.5,3.0,4.0,18.0,4.0,16.0,6.0,1.0,0.0,0,0,,0.0,0.0,,,87,83.9,90.0,25,1,14.0,4,0.5,25,56,-31,-1.23,0.42,0,0,4,0,0,0,0,0,0.0,0.0,0.0,0.0,0.0,0.0,-1.23,0.15384615384615385,0.16666666666666666,5.436507936507937,2.2222222222222223,0.9920634920634921,0.0,0.0,0.15873015873015872,0.0,0.0,83.9
Alex Iwobi,NGA,MF,Fulham,Premier League,29,1996,27,27,2263,25.1,4,3,7,4,0,0,3,0,0.28,,1.37,,,,,,,,,,,,31,12,38.7,1.23,0.48,0.13,0.33,84,76.2,84.0,11,0,,0,1.26,33,39,-6,-0.24,-0.62,0,7,10,1,80,14,17,0,1.2350597609561753,0.3870967741935484,1.2350597609561753,0.2788844621513944,3.187250996015936,0.1195219123505976,-0.24,0.0,0.0,0.0,1.5537848605577689,1.3147410358565736,0.1195219123505976,0.0398406374501992,0.398406374501992,0.6772908366533864,0.5577689243027888,76.2
Kevin Diks,IDN,DF,Gladbach,Bundesliga,29,1996,27,26,2263,25.1,4,0,4,0,4,4,6,0,0.0,,1.37,,,,,,,,,,,,21,12,57.1,0.84,0.48,0.0,0.0,84,83.8,87.0,21,1,14.0,0,1.11,34,40,-6,-0.24,1.41,0,14,19,1,5,21,29,0,0.8366533864541832,0.5714285714285714,1.99203187250996,0.5577689243027888,0.199203187250996,0.2390438247011952,-0.24,0.0,0.0,0.0,1.593625498007968,1.3545816733067728,0.0,0.0398406374501992,0.7569721115537849,1.1553784860557768,0.8366533864541832,83.8
Charlie Cresswell,ENG,DF,Toulouse,Ligue 1,23,2002,26,25,2263,25.1,3,2,5,3,0,0,6,0,0.2,,1.37,,,,,,,,,,,,31,9,29.0,1.23,0.36,0.1,0.33,87,83.8,89.0,24,1,32.0,0,1.19,35,31,4,0.16,1.19,0,28,14,4,1,26,12,0,1.2350597609561753,0.2903225806451613,1.5139442231075697,1.1155378486055776,0.0398406374501992,0.2390438247011952,0.16,0.0,0.0,0.0,1.2350597609561753,1.394422310756972,0.0796812749003984,0.1593625498007968,0.5577689243027888,0.4780876494023904,1.0358565737051793,83.8
Marc Cucurella,ESP,DF,Chelsea,Premier League,27,1998,29,26,2257,25.1,1,3,4,1,0,0,6,1,0.16,,1.37,,,,,,,,,,,,18,5,27.8,0.72,0.2,0.06,0.2,78,76.0,83.0,21,3,34.0,0,1.55,41,27,14,0.56,0.94,0,38,22,2,29,25,35,0,0.7171314741035856,0.2777777777777778,2.390438247011952,1.5139442231075697,1.1553784860557768,0.3585657370517928,0.56,0.0,0.0,0.0,1.0756972111553784,1.6334661354581672,0.1195219123505976,0.0796812749003984,0.8764940239043825,1.394422310756972,0.99601593625498,76.0
Yukinari Sugawara,JPN,DF,Werder Bremen,Bundesliga,25,2000,28,26,2256,25.1,0,5,5,0,0,0,2,0,0.2,,1.37,,,,,,,,,,,,28,10,35.7,1.12,0.4,0.0,0.0,81,83.6,85.0,19,2,21.0,1,1.11,30,39,-9,-0.36,1.47,0,20,10,2,69,13,20,0,1.1155378486055776,0.35714285714285715,1.3147410358565736,0.796812749003984,2.749003984063745,0.0796812749003984,-0.36,0.0,0.0,0.0,1.5537848605577689,1.195219123505976,0.199203187250996,0.0796812749003984,0.398406374501992,0.796812749003984,0.5179282868525896,83.6
Warren Zaïre-Emery,FRA,DF,Paris Saint-Germain,Ligue 1,20,2006,28,25,2256,25.1,2,4,6,2,0,0,2,0,0.24,,1.37,,,,,,,,,,,,18,6,33.3,0.72,0.24,0.11,0.33,81,89.5,85.0,18,3,40.0,0,2.25,54,22,32,1.28,-0.43,0,34,16,0,14,11,28,0,0.7171314741035856,0.3333333333333333,1.5537848605577689,1.3545816733067728,0.5577689243027888,0.0796812749003984,1.28,0.0,0.0,0.0,0.8764940239043825,2.151394422310757,0.1593625498007968,0.0,0.6374501992031872,1.1155378486055776,0.43824701195219123,89.5
Han-Noah Massengo,FRA,MF,Augsburg,Bundesliga,24,2001,29,27,2255,25.1,2,1,3,2,0,0,2,0,0.12,,1.37,,,,,,,,,,,,18,6,33.3,0.72,0.24,0.11,0.33,78,83.5,82.0,14,2,20.0,0,1.21,28,49,-21,-0.84,-1.85,0,21,22,0,15,34,16,0,0.7171314741035856,0.3333333333333333,1.99203187250996,0.8366533864541832,0.597609561752988,0.0796812749003984,-0.84,0.0,0.0,0.0,1.9521912350597608,1.1155378486055776,0.0398406374501992,0.0,0.8764940239043825,0.6374501992031872,1.3545816733067728,83.5
William Saliba,FRA,DF,Arsenal,Premier League,25,2001,27,26,2254,25.0,1,0,1,1,0,0,1,0,0.04,,1.37,,,,,,,,,,,,5,1,20.0,0.2,0.04,0.2,1.0,83,75.9,85.0,24,1,45.0,0,2.19,54,20,34,1.36,0.98,0,18,15,1,9,14,20,0,0.2,0.2,1.36,0.72,0.36,0.04,1.36,0.0,0.0,0.0,0.8,2.16,0.0,0.04,0.6,0.8,0.56,75.9
Alisson,BRA,GK,Liverpool,Premier League,33,1992,25,25,2250,25.0,0,0,0,0,0,0,1,0,0.0,30.0,1.2,84.0,56.0,66.7,13.0,7.0,5.0,8.0,32.0,2.0,0.0,0.0,0,0,,0.0,0.0,,,90,75.8,90.0,25,0,,0,1.84,43,30,13,0.52,0.77,0,1,7,0,0,0,0,0,0.0,0.0,0.0,0.04,0.0,0.04,0.52,0.32,0.0,3.36,1.2,1.72,0.0,0.0,0.28,0.0,0.0,75.8
Luka Vušković,CRO,DF,Hamburger SV,Bundesliga,19,2007,25,25,2250,25.0,5,0,5,4,1,1,5,0,0.16,,1.37,,,,,,,,,,,,29,8,27.6,1.16,0.32,0.14,0.5,90,83.3,90.0,25,0,,1,1.16,31,38,-7,-0.28,1.32,0,25,30,1,2,31,16,0,1.16,0.27586206896551724,1.88,1.0,0.08,0.2,-0.28,0.0,0.0,0.0,1.52,1.24,0.0,0.04,1.2,0.64,1.24,83.3
Joan García,ESP,GK,Barcelona,La Liga,24,2001,25,25,2250,25.0,0,0,0,0,0,0,1,0,0.0,19.0,0.76,83.0,66.0,79.5,22.0,1.0,2.0,12.0,48.0,2.0,0.0,0.0,0,0,,0.0,0.0,,,90,80.6,90.0,25,0,,0,2.68,71,19,52,2.08,1.75,0,0,4,0,0,0,3,0,0.0,0.0,0.12,0.0,0.0,0.04,2.08,0.48,0.0,3.32,0.76,2.84,0.0,0.0,0.16,0.12,0.0,80.6
Dominik Greif,SVK,GK,Lyon,Ligue 1,29,1997,25,25,2250,25.0,0,1,1,0,0,0,1,0,0.04,27.0,1.08,92.0,69.0,72.8,13.0,5.0,7.0,11.0,44.0,2.0,3.0,0.0,0,0,,0.0,0.0,,,90,83.3,90.0,25,0,,4,1.76,39,27,12,0.48,-0.12,0,0,6,0,0,0,0,0,0.0,0.0,0.0,0.0,0.0,0.04,0.48,0.44,1.5,3.68,1.08,1.56,0.04,0.0,0.24,0.0,0.0,83.3
Aurélien Tchouaméni,FRA,MF,Real Madrid,La Liga,26,2000,28,26,2248,25.0,1,0,1,1,0,0,7,0,0.04,,1.37,,,,,,,,,,,,36,6,16.7,1.44,0.24,0.03,0.17,80,80.6,85.0,19,2,16.0,0,2.32,51,24,27,1.08,-0.41,0,24,23,0,8,32,36,0,1.44,0.16666666666666666,2.72,0.96,0.32,0.28,1.08,0.0,0.0,0.0,0.96,2.04,0.0,0.0,0.92,1.44,1.28,80.6
Joe Scally,USA,MF,Gladbach,Bundesliga,23,2002,28,25,2248,25.0,2,3,5,2,0,0,7,0,0.2,,1.37,,,,,,,,,,,,13,8,61.5,0.52,0.32,0.15,0.25,80,83.3,88.0,19,3,18.0,1,1.11,32,37,-5,-0.2,1.59,0,30,43,1,42,16,23,1,0.52,0.6153846153846154,1.56,1.2,1.68,0.28,-0.2,0.0,0.0,0.0,1.48,1.28,0.12,0.04,1.72,0.92,0.64,83.3
Arsène Kouassi,BFA,MF,Lorient,Ligue 1,21,2004,27,26,2245,24.9,2,5,7,2,0,0,4,0,0.28,,1.37,,,,,,,,,,,,7,4,57.1,0.28,0.16,0.29,0.5,83,83.1,83.0,17,1,77.0,0,1.33,31,34,-3,-0.12,0.08,0,13,49,9,108,19,17,0,0.28112449799196787,0.5714285714285714,1.4457831325301205,0.5220883534136547,4.337349397590362,0.1606425702811245,-0.12,0.0,0.0,0.0,1.3654618473895583,1.244979919678715,0.20080321285140562,0.3614457831325301,1.9678714859437751,0.6827309236947792,0.7630522088353414,83.1
Davide Zappacosta,ITA,MF,Atalanta,Serie A,33,1992,30,26,2244,24.9,2,3,5,2,0,0,3,0,0.2,,1.37,,,,,,,,,,,,33,7,21.2,1.32,0.28,0.06,0.29,75,75.6,81.0,15,4,35.0,3,1.63,35,20,15,0.6,0.48,0,16,8,6,96,17,13,0,1.3253012048192772,0.21212121212121213,1.2048192771084338,0.642570281124498,3.8554216867469884,0.12048192771084339,0.6,0.0,0.0,0.0,0.8032128514056225,1.4056224899598395,0.12048192771084339,0.24096385542168677,0.321285140562249,0.5220883534136547,0.6827309236947792,75.6
Marcos Alonso,ESP,DF,Celta Vigo,La Liga,35,1990,26,25,2243,24.9,1,0,1,0,1,1,4,0,0.0,,1.37,,,,,,,,,,,,21,3,14.3,0.84,0.12,0.0,0.0,86,80.4,88.0,23,1,33.0,0,1.46,34,30,4,0.16,0.16,0,19,16,0,15,28,19,0,0.8433734939759037,0.14285714285714285,1.887550200803213,0.7630522088353414,0.6024096385542169,0.1606425702811245,0.16,0.0,0.0,0.0,1.2048192771084338,1.3654618473895583,0.0,0.0,0.642570281124498,0.7630522088353414,1.1244979919678715,80.4
Nicolò Barella,ITA,MF,Inter,Serie A,29,1997,30,27,2241,24.9,3,8,11,3,0,0,6,0,0.44,,1.37,,,,,,,,,,,,31,5,16.1,1.24,0.2,0.1,0.6,75,75.5,80.0,10,3,29.0,0,2.3,54,20,34,1.37,-0.49,0,30,21,4,91,7,29,0,1.244979919678715,0.16129032258064516,1.4457831325301205,1.2048192771084338,3.6546184738955825,0.24096385542168677,1.37,0.0,0.0,0.0,0.8032128514056225,2.168674698795181,0.321285140562249,0.1606425702811245,0.8433734939759037,1.1646586345381527,0.28112449799196787,75.5
Sergio Gómez,ESP,DF,Real Sociedad,La Liga,25,2000,29,25,2241,24.9,0,2,2,0,0,0,2,1,0.08,,1.37,,,,,,,,,,,,10,0,0.0,0.4,0.0,0.0,,77,80.3,86.0,17,4,20.0,1,1.34,38,36,2,0.08,0.24,0,40,12,4,130,28,46,0,0.40160642570281124,0.0,2.9718875502008033,1.606425702811245,5.220883534136546,0.20080321285140562,0.08,0.0,0.0,0.0,1.4457831325301205,1.5261044176706828,0.08032128514056225,0.1606425702811245,0.48192771084337355,1.8473895582329318,1.1244979919678715,80.3
Romain Del Castillo,FRA,MF,Brest,Ligue 1,30,1996,27,27,2241,24.9,8,3,11,2,6,8,2,1,0.2,,1.37,,,,,,,,,,,,29,12,41.4,1.16,0.48,0.07,0.17,83,85.9,83.0,11,0,,0,1.33,36,35,1,0.04,1.75,0,26,30,4,179,22,33,0,1.1646586345381527,0.41379310344827586,2.208835341365462,1.0441767068273093,7.188755020080322,0.20080321285140562,0.04,0.0,0.0,0.0,1.4056224899598395,1.4457831325301205,0.12048192771084339,0.1606425702811245,1.2048192771084338,1.3253012048192772,0.8835341365461847,85.9
Lassana Coulibaly,MLI,MF,Lecce,Serie A,30,1996,28,26,2239,24.9,3,1,4,3,0,0,3,0,0.16,,1.37,,,,,,,,,,,,23,7,30.4,0.92,0.28,0.13,0.43,80,75.4,85.0,16,2,18.0,1,0.96,17,30,-13,-0.52,0.83,0,24,40,1,15,7,26,0,0.9236947791164659,0.30434782608695654,1.3253012048192772,0.9638554216867471,0.6024096385542169,0.12048192771084339,-0.52,0.0,0.0,0.0,1.2048192771084338,0.6827309236947792,0.040160642570281124,0.040160642570281124,1.606425702811245,1.0441767068273093,0.28112449799196787,75.4
Matheus Cunha,BRA,MF,Manchester Utd,Premier League,26,1999,30,26,2239,24.9,8,2,10,8,0,0,3,0,0.4,,1.37,,,,,,,,,,,,78,32,41.0,3.14,1.29,0.1,0.25,75,75.4,83.0,15,4,24.0,0,1.83,42,31,11,0.44,0.2,0,22,50,2,45,18,19,0,3.132530120481928,0.41025641025641024,1.4859437751004017,0.8835341365461847,1.8072289156626506,0.12048192771084339,0.44,0.0,0.0,0.0,1.244979919678715,1.6867469879518073,0.08032128514056225,0.08032128514056225,2.0080321285140563,0.7630522088353414,0.7228915662650602,75.4
Nicolò Fagioli,ITA,MF,Fiorentina,Serie A,25,2001,29,26,2237,24.9,2,3,5,2,0,0,5,0,0.2,,1.37,,,,,,,,,,,,30,7,23.3,1.21,0.28,0.07,0.29,77,75.3,82.0,12,3,34.0,3,1.07,30,38,-8,-0.32,-0.44,0,21,37,0,81,16,26,0,1.2048192771084338,0.23333333333333334,1.6867469879518073,0.8433734939759037,3.253012048192771,0.20080321285140562,-0.32,0.0,0.0,0.0,1.5261044176706828,1.2048192771084338,0.12048192771084339,0.0,1.4859437751004017,1.0441767068273093,0.642570281124498,75.3
Luis Díaz,COL,MF,Bayern Munich,Bundesliga,29,1997,28,25,2236,24.8,15,13,28,15,0,0,7,1,1.13,,1.37,,,,,,,,,,,,82,34,41.5,3.3,1.37,0.18,0.44,80,82.8,85.0,18,3,36.0,0,2.68,91,24,67,2.7,0.18,1,32,33,20,40,15,13,0,3.3064516129032255,0.4146341463414634,1.129032258064516,1.2903225806451613,1.6129032258064515,0.4032258064516129,2.7,0.0,0.0,0.0,0.9677419354838709,3.6693548387096775,0.5241935483870968,0.8064516129032258,1.3306451612903225,0.5241935483870968,0.6048387096774194,82.8
Khéphren Thuram,FRA,MF,Juventus,Serie A,25,2001,31,27,2236,24.8,3,2,5,3,0,0,2,0,0.2,,1.37,,,,,,,,,,,,46,15,32.6,1.85,0.6,0.07,0.2,72,75.3,79.0,14,4,26.0,0,1.94,47,22,25,1.01,0.64,0,36,11,2,15,12,30,0,1.8548387096774193,0.32608695652173914,1.6935483870967742,1.4516129032258065,0.6048387096774194,0.08064516129032258,1.01,0.0,0.0,0.0,0.8870967741935484,1.8951612903225805,0.08064516129032258,0.08064516129032258,0.4435483870967742,1.2096774193548387,0.48387096774193544,75.3
Florian Thauvin,FRA,MF,Lens,Ligue 1,33,1993,29,27,2228,24.8,9,5,14,7,2,3,5,0,0.48,,1.37,,,,,,,,,,,,68,25,36.8,2.75,1.01,0.1,0.28,77,85.4,81.0,6,2,27.0,0,2.14,45,25,20,0.81,-1.08,0,17,33,6,183,11,17,0,2.7419354838709675,0.36764705882352944,1.129032258064516,0.6854838709677419,7.379032258064516,0.20161290322580644,0.81,0.0,0.0,0.0,1.0080645161290323,1.814516129032258,0.20161290322580644,0.24193548387096772,1.3306451612903225,0.6854838709677419,0.4435483870967742,85.4
Kylian Mbappé,FRA,FW,Real Madrid,La Liga,27,1998,26,25,2227,24.7,23,4,27,15,8,9,4,0,0.77,,1.37,,,,,,,,,,,,122,56,45.9,4.93,2.26,0.12,0.27,86,79.8,88.0,17,1,27.0,1,2.23,46,23,23,0.93,-1.15,0,11,30,26,24,3,1,0,4.939271255060729,0.45901639344262296,0.16194331983805668,0.4453441295546559,0.9716599190283401,0.16194331983805668,0.93,0.0,0.0,0.0,0.9311740890688259,1.8623481781376519,0.16194331983805668,1.0526315789473684,1.2145748987854252,0.04048582995951417,0.12145748987854252,79.8
Cristian Cásseres Jr.,VEN,MF,Toulouse,Ligue 1,26,2000,27,25,2225,24.7,2,1,3,2,0,1,6,0,0.12,,1.37,,,,,,,,,,,,22,6,27.3,0.89,0.24,0.09,0.33,82,82.4,86.0,19,2,32.0,0,1.15,29,34,-5,-0.2,-0.96,0,34,40,1,90,32,35,0,0.8906882591093118,0.2727272727272727,2.7125506072874495,1.376518218623482,3.6437246963562755,0.24291497975708504,-0.2,0.0,0.0,0.0,1.376518218623482,1.174089068825911,0.04048582995951417,0.04048582995951417,1.6194331983805668,1.417004048582996,1.2955465587044535,82.4
Ridle Baku,GER,DF,RB Leipzig,Bundesliga,28,1998,28,25,2219,24.7,1,3,4,1,0,0,4,0,0.16,,1.37,,,,,,,,,,,,27,5,18.5,1.1,0.2,0.04,0.2,79,82.2,86.0,13,3,25.0,0,2.0,44,29,15,0.61,-0.7,0,23,18,2,51,26,36,0,1.0931174089068827,0.18518518518518517,2.5101214574898787,0.9311740890688259,2.064777327935223,0.16194331983805668,0.61,0.0,0.0,0.0,1.174089068825911,1.7813765182186236,0.12145748987854252,0.08097165991902834,0.728744939271255,1.45748987854251,1.0526315789473684,82.2
Pep Chavarría,ESP,DF,Rayo Vallecano,La Liga,28,1998,27,24,2219,24.7,1,2,3,1,0,0,6,1,0.12,,1.37,,,,,,,,,,,,18,3,16.7,0.73,0.12,0.06,0.33,82,79.5,90.0,22,3,23.0,3,1.07,22,29,-7,-0.28,0.03,1,30,33,2,76,28,26,0,0.728744939271255,0.16666666666666666,2.1862348178137654,1.2145748987854252,3.076923076923077,0.3643724696356275,-0.28,0.0,0.0,0.0,1.174089068825911,0.8906882591093118,0.08097165991902834,0.08097165991902834,1.3360323886639676,1.0526315789473684,1.1336032388663968,79.5
Matz Sels,BEL,GK,Nottingham Forest,Premier League,34,1992,26,25,2218,24.6,0,0,0,0,0,0,2,0,0.0,33.0,1.34,102.0,73.0,71.6,8.0,8.0,9.0,6.0,24.0,4.0,0.0,0.0,0,0,,0.0,0.0,,,85,74.7,88.0,24,1,13.0,3,1.23,30,33,-3,-0.12,0.6,0,0,3,0,0,0,1,0,0.0,0.0,0.04065040650406504,0.0,0.0,0.08130081300813008,-0.12,0.23076923076923078,0.0,4.146341463414634,1.3414634146341462,1.2195121951219512,0.0,0.0,0.12195121951219512,0.04065040650406504,0.0,74.7
Lamine Yamal,ESP,MF,Barcelona,La Liga,18,2007,27,25,2218,24.6,15,11,26,13,2,3,1,0,0.97,,1.37,,,,,,,,,,,,113,36,31.9,4.59,1.46,0.12,0.36,82,79.5,86.0,16,2,29.0,0,2.59,61,23,38,1.54,-0.98,0,27,51,14,76,8,20,0,4.593495934959349,0.3185840707964602,1.1382113821138211,1.097560975609756,3.089430894308943,0.04065040650406504,1.54,0.0,0.0,0.0,0.9349593495934959,2.4796747967479673,0.44715447154471544,0.5691056910569106,2.073170731707317,0.8130081300813008,0.3252032520325203,79.5
Arkadiusz Pyrka,POL,MF,St Pauli,Bundesliga,23,2002,27,26,2216,24.6,0,1,1,0,0,0,3,0,0.04,,1.37,,,,,,,,,,,,16,3,18.8,0.65,0.12,0.0,0.0,82,82.1,85.0,19,1,9.0,2,0.96,21,41,-20,-0.81,0.12,0,14,27,0,38,20,18,0,0.6504065040650406,0.1875,1.5447154471544715,0.5691056910569106,1.5447154471544715,0.12195121951219512,-0.81,0.0,0.0,0.0,1.6666666666666665,0.8536585365853658,0.04065040650406504,0.0,1.097560975609756,0.7317073170731707,0.8130081300813008,82.1
Djené,TOG,DF,Getafe,La Liga,34,1991,29,27,2215,24.6,0,0,0,0,0,0,9,1,0.0,,1.37,,,,,,,,,,,,4,0,0.0,0.16,0.0,0.0,,76,79.4,80.0,19,2,30.0,0,1.31,20,25,-5,-0.2,-0.2,0,28,22,0,8,31,20,0,0.16260162601626016,0.0,2.073170731707317,1.1382113821138211,0.3252032520325203,0.4878048780487805,-0.2,0.0,0.0,0.0,1.0162601626016259,0.8130081300813008,0.0,0.0,0.8943089430894309,0.8130081300813008,1.2601626016260161,79.4
Edmond Tapsoba,BFA,DF,Leverkusen,Bundesliga,27,1999,25,25,2215,24.6,5,3,8,5,0,0,6,0,0.33,,1.37,,,,,,,,,,,,27,10,37.0,1.1,0.41,0.19,0.5,89,82.0,89.0,24,0,,0,1.8,52,32,20,0.81,1.0,0,25,1,1,10,19,13,0,1.097560975609756,0.37037037037037035,1.3008130081300813,1.0162601626016259,0.4065040650406504,0.24390243902439024,0.81,0.0,0.0,0.0,1.3008130081300813,2.113821138211382,0.12195121951219512,0.04065040650406504,0.04065040650406504,0.5284552845528455,0.7723577235772358,82.0
Robert Andrich,GER,DF,Leverkusen,Bundesliga,31,1994,28,25,2215,24.6,2,0,2,2,0,0,6,1,0.08,,1.37,,,,,,,,,,,,10,3,30.0,0.41,0.12,0.2,0.67,79,82.0,87.0,21,3,16.0,1,1.82,51,37,14,0.57,-0.36,1,28,18,0,13,29,26,0,0.4065040650406504,0.3,2.2357723577235773,1.1382113821138211,0.5284552845528455,0.36585365853658536,0.57,0.0,0.0,0.0,1.5040650406504064,2.073170731707317,0.0,0.0,0.7317073170731707,1.056910569105691,1.178861788617886,82.0
Alessandro Circati,AUS,DF,Parma,Serie A,22,2003,26,26,2214,24.6,1,0,1,1,0,0,6,0,0.04,,1.37,,,,,,,,,,,,7,1,14.3,0.28,0.04,0.14,1.0,85,74.5,85.0,23,0,,1,1.08,17,28,-11,-0.45,0.15,0,28,16,0,2,22,17,0,0.2845528455284553,0.14285714285714285,1.5853658536585364,1.1382113821138211,0.08130081300813008,0.24390243902439024,-0.45,0.0,0.0,0.0,1.1382113821138211,0.6910569105691057,0.0,0.0,0.6504065040650406,0.6910569105691057,0.8943089430894309,74.5
Samuele Angori,ITA,MF,Pisa,Serie A,22,2003,30,26,2212,24.6,0,2,2,0,0,0,2,0,0.08,,1.37,,,,,,,,,,,,13,2,15.4,0.53,0.08,0.0,0.0,74,74.5,81.0,16,4,30.0,3,0.43,17,43,-26,-1.06,0.13,0,15,47,3,150,22,22,0,0.5284552845528455,0.15384615384615385,1.7886178861788617,0.6097560975609756,6.097560975609756,0.08130081300813008,-1.06,0.0,0.0,0.0,1.7479674796747966,0.6910569105691057,0.08130081300813008,0.12195121951219512,1.9105691056910568,0.8943089430894309,0.8943089430894309,74.5
Sandro Tonali,ITA,MF,Newcastle United,Premier League,25,2000,31,27,2212,24.6,0,2,2,0,0,0,3,0,0.08,,1.37,,,,,,,,,,,,30,7,23.3,1.22,0.28,0.0,0.0,71,74.5,80.0,13,4,12.0,0,1.26,26,34,-8,-0.33,-0.92,0,22,39,1,89,25,21,0,1.2195121951219512,0.23333333333333334,1.8699186991869918,0.8943089430894309,3.6178861788617884,0.12195121951219512,-0.33,0.0,0.0,0.0,1.3821138211382114,1.056910569105691,0.08130081300813008,0.04065040650406504,1.5853658536585364,0.8536585365853658,1.0162601626016259,74.5
Alexis Mac Allister,ARG,MF,Liverpool,Premier League,27,1998,32,26,2208,24.5,2,2,4,2,0,0,5,0,0.16,,1.37,,,,,,,,,,,,45,11,24.4,1.83,0.45,0.04,0.18,69,74.3,80.0,15,6,20.0,0,1.63,36,31,5,0.2,-0.5,0,25,27,0,19,16,22,0,1.836734693877551,0.24444444444444444,1.5510204081632653,1.0204081632653061,0.7755102040816326,0.20408163265306123,0.2,0.0,0.0,0.0,1.2653061224489797,1.469387755102041,0.08163265306122448,0.0,1.1020408163265305,0.8979591836734694,0.6530612244897959,74.3
Koffi Kouao,CIV,DF,Metz,Ligue 1,27,1998,26,26,2201,24.5,2,1,3,2,0,0,10,0,0.12,,1.37,,,,,,,,,,,,23,10,43.5,0.94,0.41,0.09,0.2,85,81.5,85.0,18,0,,3,0.58,21,47,-26,-1.06,1.28,0,32,33,3,57,28,45,1,0.9387755102040817,0.43478260869565216,2.979591836734694,1.3061224489795917,2.326530612244898,0.40816326530612246,-1.06,0.0,0.0,0.0,1.9183673469387754,0.8571428571428571,0.04081632653061224,0.12244897959183673,1.346938775510204,1.836734693877551,1.1428571428571428,81.5
Ladislav Krejčí,CZE,DF,Wolves,Premier League,27,1999,26,25,2201,24.5,2,1,3,2,0,0,5,1,0.12,,1.37,,,,,,,,,,,,19,10,52.6,0.78,0.41,0.11,0.2,85,74.1,86.0,20,1,48.0,1,0.54,18,43,-25,-1.02,0.38,1,32,7,0,13,30,16,1,0.7755102040816326,0.5263157894736842,1.8775510204081634,1.3061224489795917,0.5306122448979592,0.32653061224489793,-1.02,0.0,0.0,0.0,1.7551020408163265,0.7346938775510204,0.04081632653061224,0.0,0.2857142857142857,0.6530612244897959,1.2244897959183674,74.1
Danny Loader,CMR,MF,Auxerre,Ligue 1,25,2000,26,25,2198,24.4,3,3,6,3,0,0,7,0,0.25,,1.37,,,,,,,,,,,,57,16,28.1,2.33,0.66,0.05,0.19,85,81.4,87.0,17,1,29.0,0,0.73,20,31,-11,-0.45,0.09,0,58,47,4,24,9,18,0,2.336065573770492,0.2807017543859649,1.1065573770491803,2.377049180327869,0.9836065573770493,0.2868852459016394,-0.45,0.0,0.0,0.0,1.2704918032786885,0.819672131147541,0.12295081967213116,0.1639344262295082,1.9262295081967213,0.7377049180327869,0.36885245901639346,81.4
Joaquín Panichelli,ARG,FW,Strasbourg,Ligue 1,23,2002,27,24,2193,24.4,16,1,17,11,5,6,3,0,0.49,,1.37,,,,,,,,,,,,58,31,53.4,2.38,1.27,0.19,0.35,81,84.0,87.0,19,3,34.0,0,1.48,39,29,10,0.41,0.63,0,43,44,14,0,13,10,0,2.377049180327869,0.5344827586206896,0.9426229508196722,1.7622950819672132,0.0,0.12295081967213116,0.41,0.0,0.0,0.0,1.1885245901639345,1.598360655737705,0.04098360655737705,0.5737704918032788,1.8032786885245902,0.4098360655737705,0.5327868852459017,84.0
Alessandro Buongiorno,ITA,DF,Napoli,Serie A,26,1999,29,24,2193,24.4,0,1,1,0,0,0,3,0,0.04,,1.37,,,,,,,,,,,,8,3,37.5,0.33,0.12,0.0,0.0,76,73.8,87.0,19,5,21.0,2,2.03,34,26,8,0.33,-0.48,0,44,25,1,6,39,21,0,0.3278688524590164,0.375,2.459016393442623,1.8032786885245902,0.24590163934426232,0.12295081967213116,0.33,0.0,0.0,0.0,1.0655737704918034,1.3934426229508197,0.04098360655737705,0.04098360655737705,1.0245901639344264,0.8606557377049181,1.598360655737705,73.8
Adam Wharton,ENG,MF,Crystal Palace,Premier League,22,2004,28,26,2190,24.3,0,5,5,0,0,0,6,1,0.21,,1.37,,,,,,,,,,,,26,4,15.4,1.07,0.16,0.0,0.0,78,76.0,82.0,12,2,29.0,0,1.32,28,33,-5,-0.21,-0.73,1,29,26,0,74,22,33,0,1.0699588477366255,0.15384615384615385,2.263374485596708,1.1934156378600822,3.045267489711934,0.37037037037037035,-0.21,0.0,0.0,0.0,1.3580246913580247,1.1522633744855966,0.205761316872428,0.0,1.0699588477366255,1.3580246913580247,0.9053497942386831,76.0
Adrián de la Fuente,ESP,DF,Levante,La Liga,27,1999,27,24,2186,24.3,2,1,3,1,1,2,5,0,0.08,,1.37,,,,,,,,,,,,31,7,22.6,1.28,0.29,0.03,0.14,81,78.4,89.0,23,3,17.0,1,0.93,24,41,-17,-0.7,-1.0,0,27,20,1,23,38,15,1,1.2757201646090535,0.22580645161290322,2.1810699588477367,1.1111111111111112,0.9465020576131687,0.205761316872428,-0.7,0.0,0.0,0.0,1.6872427983539093,0.9876543209876543,0.0411522633744856,0.0411522633744856,0.823045267489712,0.6172839506172839,1.5637860082304527,78.4
Samu Costa,POR,MF,Mallorca,La Liga,25,2000,28,25,2186,24.3,5,1,6,5,0,0,9,0,0.25,,1.37,,,,,,,,,,,,27,11,40.7,1.11,0.45,0.19,0.45,78,78.4,84.0,13,3,31.0,0,1.07,27,36,-9,-0.37,-0.37,0,53,59,4,24,22,26,0,1.1111111111111112,0.4074074074074074,1.9753086419753085,2.1810699588477367,0.9876543209876543,0.37037037037037035,-0.37,0.0,0.0,0.0,1.4814814814814814,1.1111111111111112,0.0411522633744856,0.1646090534979424,2.42798353909465,1.0699588477366255,0.9053497942386831,78.4
Robin Hranáč,CZE,DF,Hoffenheim,Bundesliga,26,2000,27,25,2186,24.3,1,0,1,1,0,0,4,0,0.04,,1.37,,,,,,,,,,,,8,3,37.5,0.33,0.12,0.13,0.33,81,81.0,86.0,21,2,17.0,2,1.89,49,34,15,0.62,0.62,0,25,10,0,5,19,14,0,0.3292181069958848,0.375,1.3580246913580247,1.02880658436214,0.205761316872428,0.1646090534979424,0.62,0.0,0.0,0.0,1.3991769547325101,2.016460905349794,0.0,0.0,0.411522633744856,0.5761316872427983,0.7818930041152263,81.0
Kiernan Dewsbury-Hall,ENG,MF,Everton,Premier League,27,1998,26,25,2185,24.3,7,4,11,7,0,0,6,0,0.45,,1.37,,,,,,,,,,,,32,13,40.6,1.32,0.54,0.22,0.54,84,73.6,86.0,16,1,45.0,0,1.38,31,29,2,0.08,0.2,0,26,41,1,97,11,23,0,1.316872427983539,0.40625,1.3991769547325101,1.0699588477366255,3.9917695473251027,0.24691358024691357,0.08,0.0,0.0,0.0,1.1934156378600822,1.2757201646090535,0.1646090534979424,0.0411522633744856,1.6872427983539093,0.9465020576131687,0.45267489711934156,73.6
Brooke Norton-Cuffy,ENG,MF,Genoa,Serie A,22,2004,26,25,2181,24.2,2,1,3,2,0,0,5,1,0.12,,1.37,,,,,,,,,,,,15,6,40.0,0.62,0.25,0.13,0.33,84,73.4,86.0,19,1,32.0,1,1.0,28,38,-10,-0.41,-0.87,1,23,16,0,79,11,30,0,0.6198347107438017,0.4,1.694214876033058,0.9504132231404959,3.2644628099173554,0.3305785123966942,-0.41,0.0,0.0,0.0,1.5702479338842976,1.15702479338843,0.04132231404958678,0.0,0.6611570247933884,1.2396694214876034,0.4545454545454546,73.4
Armand Lauriente,FRA,FW,Sassuolo,Serie A,27,1998,33,28,2180,24.2,5,8,13,5,0,0,3,0,0.54,,1.37,,,,,,,,,,,,61,21,34.4,2.52,0.87,0.08,0.24,66,73.4,73.0,5,5,25.0,0,1.36,29,34,-5,-0.21,-0.43,0,32,32,18,101,7,9,0,2.5206611570247937,0.3442622950819672,0.6611570247933884,1.322314049586777,4.1735537190082646,0.12396694214876033,-0.21,0.0,0.0,0.0,1.4049586776859504,1.1983471074380165,0.3305785123966942,0.7438016528925621,1.322314049586777,0.37190082644628103,0.2892561983471075,73.4
Heorhii Tsitaishvili,GEO,MF,Metz,Ligue 1,25,2000,30,25,2179,24.2,3,2,5,3,0,0,2,0,0.21,,1.37,,,,,,,,,,,,28,8,28.6,1.16,0.33,0.11,0.38,73,80.7,83.0,13,5,19.0,0,0.5,20,49,-29,-1.2,0.53,0,19,31,5,149,13,11,0,1.15702479338843,0.2857142857142857,0.9917355371900827,0.7851239669421488,6.15702479338843,0.08264462809917356,-1.2,0.0,0.0,0.0,2.024793388429752,0.8264462809917356,0.08264462809917356,0.2066115702479339,1.28099173553719,0.4545454545454546,0.5371900826446281,80.7
Quentin Merlin,FRA,MF,Rennes,Ligue 1,23,2002,29,23,2173,24.1,1,4,5,1,0,0,1,0,0.21,,1.37,,,,,,,,,,,,24,7,29.2,0.99,0.29,0.04,0.14,75,80.5,86.0,19,6,32.0,1,1.79,38,34,4,0.17,-1.03,0,17,29,5,136,25,32,0,0.9958506224066389,0.2916666666666667,2.3651452282157677,0.7053941908713692,5.643153526970954,0.04149377593360996,0.17,0.0,0.0,0.0,1.4107883817427385,1.5767634854771784,0.16597510373443983,0.20746887966804978,1.2033195020746887,1.3278008298755186,1.0373443983402488,80.5
Santiago Pierotti,ARG,MF,Lecce,Serie A,25,2001,32,26,2172,24.1,1,0,1,1,0,0,3,0,0.04,,1.37,,,,,,,,,,,,28,6,21.4,1.16,0.25,0.04,0.17,68,73.1,77.0,5,6,31.0,0,0.84,17,31,-14,-0.58,0.55,0,57,18,7,17,17,46,0,1.1618257261410787,0.21428571428571427,2.6141078838174274,2.3651452282157677,0.7053941908713692,0.12448132780082986,-0.58,0.0,0.0,0.0,1.2863070539419086,0.7053941908713692,0.0,0.2904564315352697,0.7468879668049793,1.908713692946058,0.7053941908713692,73.1
Ainsley Maitland-Niles,ENG,DF,Lyon,Ligue 1,28,1997,26,24,2170,24.1,1,3,4,1,0,1,7,1,0.17,,1.37,,,,,,,,,,,,13,6,46.2,0.54,0.25,0.08,0.17,83,80.4,86.0,20,2,48.0,0,1.88,40,26,14,0.58,0.41,1,34,12,1,39,29,33,0,0.5394190871369294,0.46153846153846156,2.572614107883817,1.4107883817427385,1.6182572614107882,0.41493775933609955,0.58,0.0,0.0,0.0,1.0788381742738589,1.6597510373443982,0.12448132780082986,0.04149377593360996,0.49792531120331945,1.3692946058091287,1.2033195020746887,80.4
Juan Miranda,ESP,DF,Bologna,Serie A,26,2000,27,24,2168,24.1,1,2,3,1,0,0,6,0,0.12,,1.37,,,,,,,,,,,,11,4,36.4,0.46,0.17,0.09,0.25,80,73.0,88.0,21,3,20.0,2,1.63,35,29,6,0.25,0.59,0,23,24,2,154,30,23,0,0.45643153526970953,0.36363636363636365,2.1991701244813275,0.954356846473029,6.390041493775933,0.24896265560165973,0.25,0.0,0.0,0.0,1.2033195020746887,1.4522821576763485,0.08298755186721991,0.08298755186721991,0.9958506224066389,0.954356846473029,1.2448132780082988,73.0
Mason Greenwood,ENG,MF,Marseille,Ligue 1,24,2001,28,26,2168,24.1,15,6,21,10,5,7,4,0,0.66,,1.37,,,,,,,,,,,,103,42,40.8,4.28,1.74,0.1,0.24,77,80.3,81.0,14,2,33.0,1,1.75,47,31,16,0.66,0.33,0,20,23,0,102,4,10,0,4.273858921161826,0.4077669902912621,0.5809128630705394,0.8298755186721991,4.232365145228216,0.16597510373443983,0.66,0.0,0.0,0.0,1.2863070539419086,1.950207468879668,0.24896265560165973,0.0,0.954356846473029,0.41493775933609955,0.16597510373443983,80.3
Giuseppe Pezzella,ITA,MF,Cremonese,Serie A,28,1997,26,25,2167,24.1,0,1,1,0,0,0,8,1,0.04,,1.37,,,,,,,,,,,,4,0,0.0,0.17,0.0,0.0,,83,73.0,85.0,19,1,34.0,0,0.77,20,37,-17,-0.71,-0.26,0,39,29,6,106,10,30,0,0.16597510373443983,0.0,1.6597510373443982,1.6182572614107882,4.398340248962655,0.45643153526970953,-0.71,0.0,0.0,0.0,1.5352697095435683,0.8298755186721991,0.04149377593360996,0.24896265560165973,1.2033195020746887,1.2448132780082988,0.41493775933609955,73.0
Rolando Mandragora,ITA,MF,Fiorentina,Serie A,28,1997,30,27,2167,24.1,6,3,9,5,1,1,6,0,0.33,,1.37,,,,,,,,,,,,57,15,26.3,2.37,0.62,0.09,0.33,72,73.0,75.0,10,3,45.0,0,0.97,27,32,-5,-0.21,0.02,0,31,50,0,66,15,22,0,2.3651452282157677,0.2631578947368421,1.5352697095435683,1.2863070539419086,2.7385892116182573,0.24896265560165973,-0.21,0.0,0.0,0.0,1.3278008298755186,1.120331950207469,0.12448132780082986,0.0,2.0746887966804977,0.9128630705394191,0.6224066390041494,73.0
Melvin Bard,FRA,DF,Nice,Ligue 1,25,2000,26,23,2166,24.1,2,1,3,2,0,0,3,0,0.12,,1.37,,,,,,,,,,,,15,5,33.3,0.62,0.21,0.13,0.4,83,80.2,89.0,22,3,39.0,0,0.92,23,48,-25,-1.04,-1.54,0,24,21,3,72,33,29,0,0.6224066390041494,0.3333333333333333,2.572614107883817,0.9958506224066389,2.987551867219917,0.12448132780082986,-1.04,0.0,0.0,0.0,1.9917012448132778,0.954356846473029,0.04149377593360996,0.12448132780082986,0.871369294605809,1.2033195020746887,1.3692946058091287,80.2
Maduka Okoye,NGA,GK,Udinese,Serie A,26,1999,25,25,2166,24.1,0,0,0,0,0,0,1,1,0.0,32.0,1.33,92.0,66.0,70.7,10.0,4.0,11.0,8.0,32.0,5.0,1.0,0.0,0,0,,0.0,0.0,,,87,72.9,87.0,24,0,,1,1.36,30,27,3,0.12,1.02,0,2,3,0,0,0,0,0,0.0,0.0,0.0,0.08298755186721991,0.0,0.16597510373443983,0.12,0.32,0.2,3.817427385892116,1.120331950207469,1.2448132780082988,0.0,0.0,0.12448132780082986,0.0,0.0,72.9
Jordan Teze,NED,MF,Monaco,Ligue 1,26,1999,29,24,2164,24.0,0,2,2,0,0,0,8,0,0.08,,1.37,,,,,,,,,,,,12,3,25.0,0.5,0.12,0.0,0.0,75,80.1,83.0,16,5,35.0,1,1.62,44,37,7,0.29,0.29,0,29,24,3,60,26,43,0,0.5,0.25,2.875,1.2083333333333333,2.5,0.3333333333333333,0.29,0.0,0.0,0.0,1.5416666666666667,1.8333333333333333,0.08333333333333333,0.125,1.0,1.7916666666666667,1.0833333333333333,80.1
Alessandro Marcandalli,ITA,DF,Genoa,Serie A,23,2002,27,24,2164,24.0,0,2,2,0,0,0,4,0,0.08,,1.37,,,,,,,,,,,,3,2,66.7,0.12,0.08,0.0,0.0,80,72.9,87.0,21,3,28.0,4,1.37,35,31,4,0.17,1.28,0,20,9,0,8,15,14,0,0.125,0.6666666666666666,1.2083333333333333,0.8333333333333334,0.3333333333333333,0.16666666666666666,0.17,0.0,0.0,0.0,1.2916666666666667,1.4583333333333333,0.08333333333333333,0.0,0.375,0.5833333333333334,0.625,72.9
Álex Grimaldo,ESP,MF,Leverkusen,Bundesliga,30,1995,25,25,2161,24.0,8,6,14,5,3,3,5,0,0.46,,1.37,,,,,,,,,,,,53,19,35.8,2.21,0.79,0.09,0.26,86,80.0,86.0,21,0,,1,1.8,52,34,18,0.75,0.58,0,11,27,6,141,14,20,0,2.2083333333333335,0.3584905660377358,1.4166666666666667,0.4583333333333333,5.875,0.20833333333333334,0.75,0.0,0.0,0.0,1.4166666666666667,2.1666666666666665,0.25,0.25,1.125,0.8333333333333334,0.5833333333333334,80.0
Aron Dønnum,NOR,MF,Toulouse,Ligue 1,28,1998,25,25,2161,24.0,4,4,8,1,3,3,7,0,0.21,,1.37,,,,,,,,,,,,35,12,34.3,1.46,0.5,0.03,0.08,86,80.0,86.0,21,0,,0,1.16,35,33,2,0.08,0.58,0,33,36,0,127,26,23,0,1.4583333333333333,0.34285714285714286,2.0416666666666665,1.375,5.291666666666667,0.2916666666666667,0.08,0.0,0.0,0.0,1.375,1.4583333333333333,0.16666666666666666,0.0,1.5,0.9583333333333334,1.0833333333333333,80.0
Vanja Milinković-Savić,SRB,GK,Napoli,Serie A,29,1997,24,24,2160,24.0,0,0,0,0,0,0,0,0,0.0,21.0,0.87,57.0,43.0,70.2,13.0,6.0,5.0,9.0,37.5,4.0,3.0,0.0,0,0,,0.0,0.0,,,90,72.7,90.0,24,0,,7,1.88,32,21,11,0.46,0.01,0,1,6,0,0,0,0,0,0.0,0.0,0.0,0.041666666666666664,0.0,0.0,0.46,0.375,0.75,2.375,0.875,1.3333333333333333,0.0,0.0,0.25,0.0,0.0,72.7
Alberto Paleari,ITA,GK,Torino,Serie A,33,1992,24,24,2160,24.0,0,0,0,0,0,0,1,0,0.0,36.0,1.5,99.0,65.0,65.7,9.0,5.0,10.0,9.0,37.5,2.0,0.0,0.0,0,0,,0.0,0.0,,,90,72.7,90.0,24,0,,9,1.33,28,36,-8,-0.33,0.67,0,0,7,0,0,1,0,0,0.0,0.0,0.041666666666666664,0.0,0.0,0.041666666666666664,-0.33,0.375,0.0,4.125,1.5,1.1666666666666667,0.0,0.0,0.2916666666666667,0.0,0.041666666666666664,72.7
Nico Schlotterbeck,GER,DF,Dortmund,Bundesliga,26,1999,24,24,2160,24.0,4,1,5,4,0,0,7,0,0.21,,1.37,,,,,,,,,,,,31,8,25.8,1.29,0.33,0.13,0.5,90,80.0,90.0,24,0,,0,2.08,46,26,20,0.83,-0.83,0,26,22,1,22,20,31,0,1.2916666666666667,0.25806451612903225,2.125,1.0833333333333333,0.9166666666666666,0.2916666666666667,0.83,0.0,0.0,0.0,1.0833333333333333,1.9166666666666667,0.041666666666666664,0.041666666666666664,0.9166666666666666,1.2916666666666667,0.8333333333333334,80.0
Esteban Lepaul,FRA,FW,Rennes,Ligue 1,26,2000,28,27,2159,24.0,16,4,20,14,2,3,2,0,0.75,,1.37,,,,,,,,,,,,69,30,43.5,2.88,1.25,0.2,0.47,77,80.0,79.0,9,1,29.0,0,1.79,42,29,13,0.54,0.87,0,23,15,6,13,3,5,0,2.875,0.43478260869565216,0.3333333333333333,0.9583333333333334,0.5416666666666666,0.08333333333333333,0.54,0.0,0.0,0.0,1.2083333333333333,1.75,0.16666666666666666,0.25,0.625,0.20833333333333334,0.125,80.0
Matthis Abline,FRA,FW,Nantes,Ligue 1,23,2003,28,23,2158,24.0,5,3,8,5,0,1,5,0,0.33,,1.37,,,,,,,,,,,,69,18,26.1,2.88,0.75,0.07,0.28,77,82.7,88.0,18,5,26.0,0,0.61,21,44,-23,-0.96,-1.36,0,27,42,5,51,8,12,0,2.875,0.2608695652173913,0.8333333333333334,1.125,2.125,0.20833333333333334,-0.96,0.0,0.0,0.0,1.8333333333333333,0.875,0.125,0.20833333333333334,1.75,0.5,0.3333333333333333,82.7
Florian Wirtz,GER,MF,Liverpool,Premier League,22,2003,29,25,2155,23.9,4,3,7,4,0,0,1,0,0.29,,1.37,,,,,,,,,,,,44,16,36.4,1.84,0.67,0.09,0.25,74,72.6,81.0,7,4,30.0,0,1.69,32,26,6,0.25,-0.3,0,20,18,2,30,11,24,0,1.8410041841004186,0.36363636363636365,1.4644351464435148,0.8368200836820084,1.2552301255230127,0.041841004184100423,0.25,0.0,0.0,0.0,1.087866108786611,1.3389121338912136,0.12552301255230125,0.08368200836820085,0.7531380753138076,1.00418410041841,0.46025104602510464,72.6
Cucho,COL,FW,Real Betis,La Liga,27,1999,26,25,2153,23.9,8,3,11,7,1,1,4,0,0.42,,1.37,,,,,,,,,,,,72,18,25.0,3.01,0.75,0.1,0.39,83,77.2,84.0,12,1,45.0,0,1.31,34,32,2,0.08,-0.62,0,21,32,14,22,9,14,0,3.0125523012552304,0.25,0.9623430962343097,0.8786610878661089,0.9205020920502093,0.1673640167364017,0.08,0.0,0.0,0.0,1.3389121338912136,1.4225941422594144,0.12552301255230125,0.5857740585774059,1.3389121338912136,0.5857740585774059,0.3765690376569038,77.2
Ritsu Doan,JPN,MF,Eintracht Frankfurt,Bundesliga,27,1998,28,26,2148,23.9,4,5,9,4,0,0,4,0,0.38,,1.37,,,,,,,,,,,,35,13,37.1,1.47,0.54,0.11,0.31,77,79.6,81.0,10,2,27.0,1,1.39,46,39,7,0.29,1.76,0,21,31,1,102,15,20,0,1.4644351464435148,0.37142857142857144,1.4644351464435148,0.8786610878661089,4.2677824267782425,0.1673640167364017,0.29,0.0,0.0,0.0,1.6317991631799165,1.9246861924686194,0.2092050209205021,0.041841004184100423,1.2970711297071131,0.8368200836820084,0.6276150627615064,79.6
Lucien Agoume,FRA,MF,Sevilla,La Liga,24,2002,27,25,2147,23.9,1,2,3,1,0,0,10,0,0.13,,1.37,,,,,,,,,,,,12,2,16.7,0.5,0.08,0.08,0.5,80,77.0,84.0,16,2,21.0,1,1.15,34,40,-6,-0.25,0.59,0,46,12,6,15,36,26,0,0.502092050209205,0.16666666666666666,2.5941422594142263,1.9246861924686194,0.6276150627615064,0.4184100418410042,-0.25,0.0,0.0,0.0,1.6736401673640169,1.4225941422594144,0.08368200836820085,0.2510460251046025,0.502092050209205,1.087866108786611,1.5062761506276152,77.0
Arouna Sangante,SEN,DF,Le Havre,Ligue 1,24,2002,26,26,2145,23.8,1,1,2,1,0,0,4,2,0.08,,1.37,,,,,,,,,,,,9,5,55.6,0.38,0.21,0.11,0.2,83,79.4,83.0,16,0,,0,1.0,21,32,-11,-0.46,-0.14,0,39,37,0,6,34,24,0,0.37815126050420167,0.5555555555555556,2.436974789915966,1.638655462184874,0.25210084033613445,0.42016806722689076,-0.46,0.0,0.0,0.0,1.3445378151260503,0.8823529411764706,0.04201680672268907,0.0,1.5546218487394958,1.0084033613445378,1.4285714285714286,79.4
Michael Keane,ENG,DF,Everton,Premier League,33,1993,28,24,2141,23.8,3,0,3,3,0,0,0,1,0.13,,1.37,,,,,,,,,,,,21,6,28.6,0.88,0.25,0.14,0.5,76,72.1,89.0,22,4,4.0,1,1.29,24,31,-7,-0.29,-1.16,0,14,6,0,1,34,21,0,0.8823529411764706,0.2857142857142857,2.310924369747899,0.5882352941176471,0.04201680672268907,0.12605042016806722,-0.29,0.0,0.0,0.0,1.3025210084033614,1.0084033613445378,0.0,0.0,0.25210084033613445,0.8823529411764706,1.4285714285714286,72.1
Lee Jae-sung,KOR,MF,Mainz 05,Bundesliga,33,1992,26,26,2141,23.8,4,2,6,4,0,0,3,0,0.25,,1.37,,,,,,,,,,,,30,9,30.0,1.26,0.38,0.13,0.44,82,79.3,82.0,8,0,,0,1.15,26,37,-11,-0.46,-0.78,0,18,21,9,31,23,20,0,1.2605042016806722,0.3,1.8067226890756303,0.7563025210084033,1.3025210084033614,0.12605042016806722,-0.46,0.0,0.0,0.0,1.5546218487394958,1.0924369747899159,0.08403361344537814,0.37815126050420167,0.8823529411764706,0.8403361344537815,0.9663865546218487,79.3
Loïc Nego,HUN,DF,Le Havre,Ligue 1,35,1991,27,24,2141,23.8,0,0,0,0,0,0,3,0,0.0,,1.37,,,,,,,,,,,,16,3,18.8,0.67,0.13,0.0,0.0,79,79.3,87.0,19,3,18.0,0,1.11,20,29,-9,-0.38,0.27,0,18,17,4,74,30,29,0,0.6722689075630252,0.1875,2.4789915966386555,0.7563025210084033,3.1092436974789917,0.12605042016806722,-0.38,0.0,0.0,0.0,1.218487394957983,0.8403361344537815,0.0,0.1680672268907563,0.7142857142857143,1.218487394957983,1.2605042016806722,79.3
Sebastian Sebulonsen,NOR,DF,Köln,Bundesliga,26,2000,27,24,2138,23.8,0,0,0,0,0,0,5,0,0.0,,1.37,,,,,,,,,,,,26,3,11.5,1.09,0.13,0.0,0.0,79,79.2,85.0,16,3,36.0,0,1.11,30,40,-10,-0.42,-0.9,0,10,8,4,57,15,23,0,1.0924369747899159,0.11538461538461539,1.5966386554621848,0.42016806722689076,2.3949579831932772,0.21008403361344538,-0.42,0.0,0.0,0.0,1.680672268907563,1.2605042016806722,0.0,0.1680672268907563,0.3361344537815126,0.9663865546218487,0.6302521008403361,79.2
Brenden Aaronson,USA,MF,Leeds United,Premier League,25,2000,32,26,2137,23.7,4,5,9,4,0,0,2,0,0.38,,1.37,,,,,,,,,,,,42,15,35.7,1.77,0.63,0.1,0.27,67,72.0,77.0,2,6,21.0,1,1.13,34,27,7,0.29,1.81,0,18,47,5,36,14,22,0,1.7721518987341773,0.35714285714285715,1.518987341772152,0.759493670886076,1.518987341772152,0.08438818565400844,0.29,0.0,0.0,0.0,1.139240506329114,1.4345991561181435,0.2109704641350211,0.2109704641350211,1.9831223628691983,0.9282700421940928,0.5907172995780591,72.0
Álex Jiménez,ESP,DF,Bournemouth,Premier League,20,2005,29,24,2137,23.7,1,0,1,1,0,0,9,0,0.04,,1.37,,,,,,,,,,,,20,4,20.0,0.84,0.17,0.05,0.25,74,72.0,83.0,10,5,29.0,1,1.45,36,36,0,0.0,0.0,0,31,19,0,43,26,43,0,0.8438818565400844,0.2,2.911392405063291,1.3080168776371308,1.8143459915611815,0.379746835443038,0.0,0.0,0.0,0.0,1.518987341772152,1.518987341772152,0.0,0.0,0.8016877637130801,1.8143459915611815,1.0970464135021096,72.0
Davide Bartesaghi,ITA,MF,Milan,Serie A,20,2005,27,23,2137,23.7,2,0,2,2,0,0,2,0,0.08,,1.37,,,,,,,,,,,,20,6,30.0,0.84,0.25,0.1,0.33,79,72.0,88.0,18,4,30.0,6,1.89,31,21,10,0.42,-0.77,0,14,14,4,131,13,32,1,0.8438818565400844,0.3,1.89873417721519,0.5907172995780591,5.527426160337553,0.08438818565400844,0.42,0.0,0.0,0.0,0.8860759493670887,1.3080168776371308,0.0,0.16877637130801687,0.5907172995780591,1.350210970464135,0.5485232067510548,72.0
Anton Stach,GER,MF,Leeds United,Premier League,27,1998,26,25,2136,23.7,4,3,7,4,0,0,3,0,0.29,,1.37,,,,,,,,,,,,48,13,27.1,2.02,0.55,0.08,0.31,82,71.9,84.0,18,1,31.0,1,0.88,27,34,-7,-0.29,-0.29,0,32,20,0,133,18,32,0,2.0253164556962027,0.2708333333333333,2.109704641350211,1.350210970464135,5.6118143459915615,0.12658227848101267,-0.29,0.0,0.0,0.0,1.4345991561181435,1.139240506329114,0.12658227848101267,0.0,0.8438818565400844,1.350210970464135,0.759493670886076,71.9
Yassin Belkhdim,FRA,MF,Angers,Ligue 1,24,2002,27,26,2135,23.7,2,2,4,2,0,0,5,0,0.17,,1.37,,,,,,,,,,,,33,14,42.4,1.39,0.59,0.06,0.14,79,79.1,81.0,11,1,30.0,0,1.22,17,32,-15,-0.63,-0.79,0,29,29,2,42,32,43,0,1.3924050632911393,0.42424242424242425,3.1645569620253164,1.2236286919831223,1.7721518987341773,0.2109704641350211,-0.63,0.0,0.0,0.0,1.350210970464135,0.7172995780590717,0.08438818565400844,0.08438818565400844,1.2236286919831223,1.8143459915611815,1.350210970464135,79.1
Yan Diomandé,CIV,FW,RB Leipzig,Bundesliga,19,2006,29,24,2135,23.7,12,6,18,12,0,0,2,0,0.76,,1.37,,,,,,,,,,,,49,24,49.0,2.07,1.01,0.24,0.5,74,79.1,83.0,9,5,27.0,0,2.03,48,25,23,0.97,1.13,0,17,29,7,36,15,17,0,2.067510548523207,0.4897959183673469,1.350210970464135,0.7172995780590717,1.518987341772152,0.08438818565400844,0.97,0.0,0.0,0.0,1.0548523206751055,2.0253164556962027,0.25316455696202533,0.29535864978902954,1.2236286919831223,0.7172995780590717,0.6329113924050633,79.1
Mark McKenzie,USA,DF,Toulouse,Ligue 1,27,1999,26,24,2134,23.7,0,2,2,0,0,0,6,1,0.08,,1.37,,,,,,,,,,,,6,1,16.7,0.25,0.04,0.0,0.0,82,79.0,87.0,21,2,19.0,0,1.23,31,34,-3,-0.13,-0.44,0,29,10,1,3,21,26,0,0.25316455696202533,0.16666666666666666,1.9831223628691983,1.2236286919831223,0.12658227848101267,0.379746835443038,-0.13,0.0,0.0,0.0,1.4345991561181435,1.3080168776371308,0.08438818565400844,0.04219409282700422,0.4219409282700422,1.0970464135021096,0.8860759493670887,79.0
Hugo Bueno,ESP,MF,Wolves,Premier League,23,2002,30,23,2132,23.7,1,1,2,1,0,0,2,0,0.08,,1.37,,,,,,,,,,,,12,6,50.0,0.51,0.25,0.08,0.17,71,71.8,86.0,17,7,23.0,0,0.57,19,40,-21,-0.89,0.83,0,16,22,2,152,30,31,0,0.5063291139240507,0.5,2.5738396624472575,0.6751054852320675,6.413502109704641,0.08438818565400844,-0.89,0.0,0.0,0.0,1.6877637130801688,0.8016877637130801,0.04219409282700422,0.08438818565400844,0.9282700421940928,1.3080168776371308,1.2658227848101267,71.8
Haris Tabakovic,BIH,FW,Gladbach,Bundesliga,31,1994,29,25,2132,23.7,11,3,14,11,0,2,3,0,0.59,,1.37,,,,,,,,,,,,58,22,37.9,2.45,0.93,0.19,0.5,74,79.0,81.0,10,4,29.0,0,1.07,33,34,-1,-0.04,2.02,0,44,16,25,2,0,5,0,2.4472573839662446,0.3793103448275862,0.2109704641350211,1.8565400843881856,0.08438818565400844,0.12658227848101267,-0.04,0.0,0.0,0.0,1.4345991561181435,1.3924050632911393,0.12658227848101267,1.0548523206751055,0.6751054852320675,0.2109704641350211,0.0,79.0
Sergio Carreira,ESP,MF,Celta Vigo,La Liga,25,2000,27,23,2131,23.7,2,1,3,2,0,0,2,0,0.13,,1.37,,,,,,,,,,,,12,5,41.7,0.51,0.21,0.17,0.4,79,76.4,89.0,20,4,23.0,3,1.48,34,32,2,0.08,-0.19,0,16,31,1,28,24,15,0,0.5063291139240507,0.4166666666666667,1.6455696202531647,0.6751054852320675,1.1814345991561181,0.08438818565400844,0.08,0.0,0.0,0.0,1.350210970464135,1.4345991561181435,0.04219409282700422,0.04219409282700422,1.3080168776371308,0.6329113924050633,1.0126582278481013,76.4
Murillo,BRA,DF,Nottingham Forest,Premier League,23,2002,25,25,2130,23.7,1,0,1,1,0,0,5,0,0.04,,1.37,,,,,,,,,,,,11,4,36.4,0.46,0.17,0.09,0.25,85,71.7,85.0,22,0,,1,1.24,29,29,0,0.0,0.96,0,23,7,0,2,29,23,2,0.4641350210970464,0.36363636363636365,2.1940928270042193,0.9704641350210971,0.08438818565400844,0.2109704641350211,0.0,0.0,0.0,0.0,1.2236286919831223,1.2236286919831223,0.0,0.0,0.29535864978902954,0.9704641350210971,1.2236286919831223,71.7
Jens Stage,DEN,MF,Werder Bremen,Bundesliga,29,1996,25,25,2128,23.6,9,2,11,9,0,0,5,0,0.47,,1.37,,,,,,,,,,,,48,19,39.6,2.03,0.8,0.19,0.47,85,78.8,85.0,19,0,,0,1.08,24,38,-14,-0.59,0.04,0,30,27,1,13,17,27,0,2.0338983050847457,0.3958333333333333,1.8644067796610169,1.271186440677966,0.5508474576271186,0.211864406779661,-0.59,0.0,0.0,0.0,1.6101694915254237,1.0169491525423728,0.0847457627118644,0.0423728813559322,1.1440677966101693,1.1440677966101693,0.7203389830508474,78.8
Pablo Maffeo,ESP,DF,Mallorca,La Liga,28,1997,25,24,2128,23.6,1,1,2,1,0,0,9,0,0.08,,1.37,,,,,,,,,,,,7,1,14.3,0.3,0.04,0.14,1.0,85,76.3,87.0,15,1,45.0,1,1.12,30,33,-3,-0.13,0.69,0,18,17,0,64,30,24,1,0.2966101694915254,0.14285714285714285,2.2881355932203387,0.7627118644067796,2.711864406779661,0.3813559322033898,-0.13,0.0,0.0,0.0,1.3983050847457625,1.271186440677966,0.0423728813559322,0.0,0.7203389830508474,1.0169491525423728,1.271186440677966,76.3
Yannik Engelhardt,GER,MF,Gladbach,Bundesliga,25,2001,27,25,2127,23.6,2,2,4,2,0,0,7,0,0.17,,1.37,,,,,,,,,,,,17,5,29.4,0.72,0.21,0.12,0.4,79,78.8,84.0,18,2,18.0,0,1.11,32,36,-4,-0.17,1.4,0,37,30,0,5,30,21,0,0.7203389830508474,0.29411764705882354,2.1610169491525424,1.5677966101694913,0.211864406779661,0.2966101694915254,-0.17,0.0,0.0,0.0,1.5254237288135593,1.3559322033898304,0.0847457627118644,0.0,1.271186440677966,0.8898305084745762,1.271186440677966,78.8
Toni Martínez,ESP,FW,Alavés,La Liga,28,1997,30,25,2127,23.6,8,3,11,8,0,0,1,0,0.47,,1.37,,,,,,,,,,,,74,25,33.8,3.13,1.06,0.11,0.32,71,76.2,80.0,8,5,28.0,1,1.0,31,32,-1,-0.04,1.32,0,35,31,11,11,4,12,0,3.1355932203389827,0.33783783783783783,0.6779661016949152,1.483050847457627,0.4661016949152542,0.0423728813559322,-0.04,0.0,0.0,0.0,1.3559322033898304,1.3135593220338981,0.1271186440677966,0.4661016949152542,1.3135593220338981,0.5084745762711864,0.1694915254237288,76.2
Luca Ranieri,ITA,DF,Fiorentina,Serie A,26,1999,30,25,2125,23.6,1,0,1,1,0,0,7,0,0.04,,1.37,,,,,,,,,,,,15,3,20.0,0.64,0.13,0.07,0.33,71,71.5,83.0,16,5,12.0,2,1.2,26,30,-4,-0.17,0.15,0,20,25,3,26,19,23,0,0.635593220338983,0.2,1.7796610169491525,0.847457627118644,1.1016949152542372,0.2966101694915254,-0.17,0.0,0.0,0.0,1.271186440677966,1.1016949152542372,0.0,0.1271186440677966,1.059322033898305,0.9745762711864406,0.8050847457627118,71.5
Hákon Haraldsson,ISL,MF,Lille,Ligue 1,23,2003,28,25,2124,23.6,7,2,9,7,0,0,5,0,0.38,,1.37,,,,,,,,,,,,42,13,31.0,1.78,0.55,0.17,0.54,76,78.7,82.0,8,3,22.0,0,1.82,39,24,15,0.64,0.64,0,25,35,0,67,11,10,0,1.7796610169491525,0.30952380952380953,0.8898305084745762,1.059322033898305,2.8389830508474576,0.211864406779661,0.64,0.0,0.0,0.0,1.0169491525423728,1.6525423728813557,0.0847457627118644,0.0,1.483050847457627,0.423728813559322,0.4661016949152542,78.7
Konstantinos Koulierakis,GRE,DF,Wolfsburg,Bundesliga,22,2003,25,23,2123,23.6,2,1,3,2,0,0,5,0,0.13,,1.37,,,,,,,,,,,,22,10,45.5,0.93,0.42,0.09,0.2,85,78.6,90.0,23,2,27.0,3,0.96,34,51,-17,-0.72,0.53,0,24,11,0,15,32,21,1,0.9322033898305084,0.45454545454545453,2.2457627118644066,1.0169491525423728,0.635593220338983,0.211864406779661,-0.72,0.0,0.0,0.0,2.1610169491525424,1.4406779661016949,0.0423728813559322,0.0,0.4661016949152542,0.8898305084745762,1.3559322033898304,78.6
Djibril Sidibé,FRA,MF,Toulouse,Ligue 1,33,1992,30,25,2119,23.5,3,4,7,2,1,2,1,0,0.25,,1.37,,,,,,,,,,,,8,5,62.5,0.34,0.21,0.25,0.4,71,78.5,82.0,12,5,16.0,0,1.23,30,34,-4,-0.17,-0.63,0,29,14,5,55,18,32,0,0.3404255319148936,0.625,2.127659574468085,1.2340425531914894,2.3404255319148937,0.0425531914893617,-0.17,0.0,0.0,0.0,1.446808510638298,1.2765957446808511,0.1702127659574468,0.2127659574468085,0.5957446808510638,1.3617021276595744,0.7659574468085106,78.5
Dávid Hancko,SVK,DF,Atlético Madrid,La Liga,28,1997,26,23,2117,23.5,0,2,2,0,0,0,2,0,0.09,,1.37,,,,,,,,,,,,19,5,26.3,0.81,0.21,0.0,0.0,81,75.9,89.0,21,3,25.0,4,1.96,44,25,19,0.81,0.81,0,15,4,2,29,18,26,0,0.8085106382978723,0.2631578947368421,1.872340425531915,0.6382978723404256,1.2340425531914894,0.0851063829787234,0.81,0.0,0.0,0.0,1.0638297872340425,1.872340425531915,0.0851063829787234,0.0851063829787234,0.1702127659574468,1.1063829787234043,0.7659574468085106,75.9
Idrissa Touré,GER,MF,Pisa,Serie A,27,1998,28,25,2115,23.5,1,0,1,1,0,0,4,1,0.04,,1.37,,,,,,,,,,,,27,7,25.9,1.15,0.3,0.04,0.14,76,71.2,83.0,18,3,13.0,3,0.61,17,40,-23,-0.98,0.39,0,22,16,5,65,23,26,0,1.148936170212766,0.25925925925925924,2.0851063829787235,0.9361702127659575,2.765957446808511,0.2978723404255319,-0.98,0.0,0.0,0.0,1.702127659574468,0.723404255319149,0.0,0.2127659574468085,0.6808510638297872,1.1063829787234043,0.9787234042553191,71.2
Arthur Atta,FRA,MF,Udinese,Serie A,23,2003,27,24,2114,23.5,3,3,6,3,0,0,3,0,0.26,,1.37,,,,,,,,,,,,48,17,35.4,2.04,0.72,0.06,0.18,78,71.2,84.0,15,3,31.0,0,1.33,24,31,-7,-0.3,-0.51,0,19,28,7,50,21,13,0,2.0425531914893615,0.3541666666666667,1.446808510638298,0.8085106382978723,2.127659574468085,0.1276595744680851,-0.3,0.0,0.0,0.0,1.3191489361702127,1.0212765957446808,0.1276595744680851,0.2978723404255319,1.1914893617021276,0.5531914893617021,0.8936170212765957,71.2
Lesley Ugochukwu,FRA,MF,Burnley,Premier League,22,2004,32,24,2114,23.5,3,1,4,3,0,0,3,1,0.17,,1.37,,,,,,,,,,,,21,7,33.3,0.89,0.3,0.14,0.43,66,71.2,78.0,5,8,29.0,0,0.59,25,46,-21,-0.89,0.37,1,26,26,1,6,15,25,0,0.8936170212765957,0.3333333333333333,1.702127659574468,1.1063829787234043,0.2553191489361702,0.2553191489361702,-0.89,0.0,0.0,0.0,1.9574468085106382,1.0638297872340425,0.0425531914893617,0.0425531914893617,1.1063829787234043,1.0638297872340425,0.6382978723404256,71.2
Eric Smith,SWE,DF,St Pauli,Bundesliga,29,1997,24,24,2114,23.5,2,2,4,2,0,0,4,1,0.17,,1.37,,,,,,,,,,,,11,5,45.5,0.47,0.21,0.18,0.4,88,78.3,88.0,23,0,,0,0.83,21,38,-17,-0.72,0.5,0,14,28,1,52,21,19,0,0.46808510638297873,0.45454545454545453,1.702127659574468,0.5957446808510638,2.2127659574468086,0.2978723404255319,-0.72,0.0,0.0,0.0,1.6170212765957446,0.8936170212765957,0.0851063829787234,0.0425531914893617,1.1914893617021276,0.8085106382978723,0.8936170212765957,78.3
Alessandro Bastoni,ITA,DF,Inter,Serie A,27,1999,26,26,2111,23.5,1,4,5,1,0,0,6,0,0.21,,1.37,,,,,,,,,,,,17,8,47.1,0.72,0.34,0.06,0.13,81,71.1,81.0,16,0,,4,2.35,59,21,38,1.62,0.47,0,44,18,0,78,20,38,0,0.723404255319149,0.47058823529411764,2.4680851063829787,1.872340425531915,3.3191489361702127,0.2553191489361702,1.62,0.0,0.0,0.0,0.8936170212765957,2.5106382978723403,0.1702127659574468,0.0,0.7659574468085106,1.6170212765957446,0.851063829787234,71.1
Arnau Martinez,ESP,DF,Girona,La Liga,22,2003,28,26,2110,23.4,1,2,3,1,0,0,6,0,0.13,,1.37,,,,,,,,,,,,14,1,7.1,0.6,0.04,0.07,1.0,75,75.6,80.0,15,2,14.0,2,1.32,29,26,3,0.13,2.11,0,22,23,2,33,31,32,0,0.5982905982905983,0.07142857142857142,2.6923076923076925,0.9401709401709403,1.4102564102564104,0.25641025641025644,0.13,0.0,0.0,0.0,1.1111111111111112,1.2393162393162394,0.08547008547008547,0.08547008547008547,0.982905982905983,1.3675213675213675,1.324786324786325,75.6
Wesley,BRA,MF,Roma,Serie A,22,2003,26,24,2109,23.4,4,0,4,4,0,0,7,1,0.17,,1.37,,,,,,,,,,,,22,10,45.5,0.94,0.43,0.18,0.4,81,71.0,85.0,14,2,37.0,0,1.85,36,15,21,0.9,1.31,1,31,50,1,84,18,39,0,0.9401709401709403,0.45454545454545453,2.435897435897436,1.324786324786325,3.58974358974359,0.4273504273504274,0.9,0.0,0.0,0.0,0.6410256410256411,1.5384615384615385,0.0,0.042735042735042736,2.1367521367521367,1.6666666666666667,0.7692307692307693,71.0
Harry Kane,ENG,FW,Bayern Munich,Bundesliga,32,1993,27,23,2107,23.4,32,5,37,22,10,10,1,0,1.15,,1.37,,,,,,,,,,,,110,62,56.4,4.7,2.65,0.2,0.35,78,78.0,86.0,15,4,35.0,1,2.59,86,24,62,2.65,-0.08,0,24,32,19,10,7,12,0,4.700854700854701,0.5636363636363636,0.811965811965812,1.0256410256410258,0.4273504273504274,0.042735042735042736,2.65,0.0,0.0,0.0,1.0256410256410258,3.6752136752136755,0.2136752136752137,0.811965811965812,1.3675213675213675,0.5128205128205129,0.29914529914529914,78.0
Yanis Zouaoui,ALG,DF,Le Havre,Ligue 1,27,1998,27,25,2107,23.4,0,1,1,0,0,0,6,0,0.04,,1.37,,,,,,,,,,,,13,3,23.1,0.56,0.13,0.0,0.0,78,78.0,82.0,14,2,25.0,0,0.96,19,32,-13,-0.56,-0.56,0,18,25,1,162,23,23,1,0.5555555555555556,0.23076923076923078,1.965811965811966,0.7692307692307693,6.923076923076923,0.25641025641025644,-0.56,0.0,0.0,0.0,1.3675213675213675,0.811965811965812,0.042735042735042736,0.042735042735042736,1.0683760683760684,0.982905982905983,0.982905982905983,78.0
Michael Olise,FRA,MF,Bayern Munich,Bundesliga,24,2001,28,22,2106,23.4,12,18,30,12,0,0,7,0,1.28,,1.37,,,,,,,,,,,,93,46,49.5,3.97,1.97,0.13,0.26,75,78.0,86.0,13,6,37.0,1,2.61,85,24,61,2.61,-0.27,0,30,53,6,130,14,11,0,3.9743589743589745,0.4946236559139785,1.0683760683760684,1.2820512820512822,5.555555555555556,0.29914529914529914,2.61,0.0,0.0,0.0,1.0256410256410258,3.632478632478633,0.7692307692307693,0.25641025641025644,2.264957264957265,0.47008547008547014,0.5982905982905983,78.0
Santiago Bueno,URU,DF,Wolves,Premier League,27,1998,24,23,2103,23.4,2,1,3,2,0,0,4,0,0.13,,1.37,,,,,,,,,,,,6,5,83.3,0.26,0.21,0.33,0.4,88,70.8,90.0,22,1,35.0,8,0.67,20,40,-20,-0.86,0.91,0,22,9,1,5,22,27,0,0.25641025641025644,0.8333333333333334,2.094017094017094,0.9401709401709403,0.2136752136752137,0.17094017094017094,-0.86,0.0,0.0,0.0,1.7094017094017095,0.8547008547008548,0.042735042735042736,0.042735042735042736,0.38461538461538464,1.153846153846154,0.9401709401709403,70.8
Luis Rioja,ESP,MF,Valencia,La Liga,32,1993,30,25,2102,23.4,2,5,7,2,0,0,1,0,0.3,,1.37,,,,,,,,,,,,36,4,11.1,1.54,0.17,0.06,0.5,70,75.3,78.0,9,5,29.0,0,1.17,25,32,-7,-0.3,0.35,0,9,27,5,133,15,19,0,1.5384615384615385,0.1111111111111111,1.4529914529914532,0.38461538461538464,5.683760683760684,0.042735042735042736,-0.3,0.0,0.0,0.0,1.3675213675213675,1.0683760683760684,0.2136752136752137,0.2136752136752137,1.153846153846154,0.811965811965812,0.6410256410256411,75.3
Albian Hajdari,KVX,DF,Hoffenheim,Bundesliga,22,2003,26,24,2100,23.3,1,1,2,1,0,0,9,0,0.09,,1.37,,,,,,,,,,,,17,4,23.5,0.73,0.17,0.06,0.25,81,77.8,85.0,17,2,32.0,1,1.77,46,31,15,0.64,0.64,0,38,22,0,15,33,35,0,0.7296137339055794,0.23529411764705882,2.9184549356223175,1.630901287553648,0.6437768240343348,0.38626609442060084,0.64,0.0,0.0,0.0,1.3304721030042919,1.9742489270386265,0.04291845493562232,0.0,0.944206008583691,1.502145922746781,1.4163090128755365,77.8
Adrien Rabiot,FRA,MF,Milan,Serie A,31,1995,24,23,2100,23.3,6,4,10,6,0,0,6,1,0.43,,1.37,,,,,,,,,,,,36,10,27.8,1.54,0.43,0.17,0.6,88,70.7,90.0,22,1,31.0,0,2.21,36,17,19,0.81,0.61,1,29,43,6,48,13,24,0,1.5450643776824033,0.2777777777777778,1.5879828326180256,1.2446351931330473,2.060085836909871,0.38626609442060084,0.81,0.0,0.0,0.0,0.7296137339055794,1.5450643776824033,0.17167381974248927,0.2575107296137339,1.8454935622317596,1.0300429184549356,0.5579399141630901,70.7
Guillermo Maripán,CHI,DF,Torino,Serie A,31,1994,26,24,2100,23.3,2,0,2,2,0,0,3,0,0.09,,1.37,,,,,,,,,,,,18,8,44.4,0.77,0.34,0.11,0.25,81,70.7,84.0,20,2,39.0,7,1.19,25,37,-12,-0.51,0.0,0,27,7,2,3,27,28,0,0.7725321888412017,0.4444444444444444,2.360515021459227,1.1587982832618025,0.12875536480686695,0.12875536480686695,-0.51,0.0,0.0,0.0,1.5879828326180256,1.0729613733905579,0.0,0.08583690987124463,0.3004291845493562,1.2017167381974247,1.1587982832618025,70.7
Federico Bonazzoli,ITA,FW,Cremonese,Serie A,28,1997,30,26,2097,23.3,7,1,8,5,2,2,3,0,0.26,,1.37,,,,,,,,,,,,65,23,35.4,2.79,0.99,0.08,0.22,70,70.6,77.0,9,4,24.0,2,0.77,17,35,-18,-0.77,-0.46,0,21,66,4,24,9,11,0,2.7896995708154506,0.35384615384615387,0.8583690987124464,0.9012875536480687,1.0300429184549356,0.12875536480686695,-0.77,0.0,0.0,0.0,1.502145922746781,0.7296137339055794,0.04291845493562232,0.17167381974248927,2.832618025751073,0.4721030042918455,0.38626609442060084,70.6
Sergi Darder,ESP,MF,Mallorca,La Liga,32,1993,31,23,2097,23.3,1,4,5,1,0,0,3,0,0.21,,1.37,,,,,,,,,,,,30,9,30.0,1.29,0.39,0.03,0.11,68,75.2,82.0,9,8,27.0,0,1.1,29,34,-5,-0.21,0.3,0,17,25,2,141,18,10,0,1.2875536480686696,0.3,1.2017167381974247,0.7296137339055794,6.051502145922747,0.12875536480686695,-0.21,0.0,0.0,0.0,1.4592274678111588,1.2446351931330473,0.17167381974248927,0.08583690987124463,1.0729613733905579,0.4291845493562232,0.7725321888412017,75.2
Iván Martín,ESP,MF,Girona,La Liga,27,1999,29,24,2093,23.3,0,1,1,0,0,0,5,1,0.04,,1.37,,,,,,,,,,,,11,4,36.4,0.47,0.17,0.0,0.0,72,75.0,83.0,12,5,20.0,1,1.31,24,27,-3,-0.13,1.03,1,26,28,2,12,13,35,0,0.4721030042918455,0.36363636363636365,2.060085836909871,1.1158798283261802,0.5150214592274678,0.34334763948497854,-0.13,0.0,0.0,0.0,1.1587982832618025,1.0300429184549356,0.04291845493562232,0.08583690987124463,1.2017167381974247,1.502145922746781,0.5579399141630901,75.0
Isaac Palazón Camacho,ESP,MF,Rayo Vallecano,La Liga,31,1994,29,25,2091,23.2,3,3,6,1,2,3,9,0,0.17,,1.37,,,,,,,,,,,,42,12,28.6,1.81,0.52,0.02,0.08,72,74.9,79.0,7,4,28.0,1,1.17,20,26,-6,-0.26,0.13,0,32,47,5,94,3,12,0,1.8103448275862069,0.2857142857142857,0.646551724137931,1.3793103448275863,4.051724137931035,0.3879310344827586,-0.26,0.0,0.0,0.0,1.120689655172414,0.8620689655172414,0.12931034482758622,0.21551724137931036,2.0258620689655173,0.5172413793103449,0.12931034482758622,74.9
Philipp Sander,GER,DF,Gladbach,Bundesliga,28,1998,26,25,2090,23.2,2,0,2,2,0,0,2,0,0.09,,1.37,,,,,,,,,,,,23,7,30.4,0.99,0.3,0.09,0.29,80,77.4,82.0,15,1,30.0,1,0.88,30,36,-6,-0.26,0.92,0,24,12,0,24,45,37,1,0.9913793103448276,0.30434782608695654,3.53448275862069,1.0344827586206897,1.0344827586206897,0.08620689655172414,-0.26,0.0,0.0,0.0,1.5517241379310345,1.293103448275862,0.0,0.0,0.5172413793103449,1.5948275862068966,1.9396551724137931,77.4
Urko González,ESP,MF,Espanyol,La Liga,25,2001,29,22,2090,23.2,0,1,1,0,0,0,5,0,0.04,,1.37,,,,,,,,,,,,15,1,6.7,0.65,0.04,0.0,0.0,72,74.9,88.0,19,7,22.0,0,1.17,27,39,-12,-0.52,-0.65,0,36,33,1,10,22,27,0,0.646551724137931,0.06666666666666667,2.1120689655172415,1.5517241379310345,0.4310344827586207,0.21551724137931036,-0.52,0.0,0.0,0.0,1.6810344827586208,1.1637931034482758,0.04310344827586207,0.04310344827586207,1.4224137931034484,1.1637931034482758,0.9482758620689655,74.9
Stanislav Lobotka,SVK,MF,Napoli,Serie A,31,1994,27,24,2087,23.2,1,1,2,1,0,0,3,0,0.09,,1.37,,,,,,,,,,,,8,4,50.0,0.34,0.17,0.13,0.25,77,70.3,84.0,17,3,22.0,0,1.89,34,28,6,0.26,-0.66,0,12,36,0,4,12,13,0,0.3448275862068966,0.5,1.0775862068965518,0.5172413793103449,0.1724137931034483,0.12931034482758622,0.26,0.0,0.0,0.0,1.206896551724138,1.4655172413793105,0.04310344827586207,0.0,1.5517241379310345,0.560344827586207,0.5172413793103449,70.3
Calvin Bassey,NGA,DF,Fulham,Premier League,26,1999,25,23,2084,23.2,1,0,1,1,0,0,5,0,0.04,,1.37,,,,,,,,,,,,12,1,8.3,0.52,0.04,0.08,1.0,83,70.2,90.0,23,2,7.0,2,1.24,32,35,-3,-0.13,-0.13,0,25,31,1,9,17,22,0,0.5172413793103449,0.08333333333333333,1.6810344827586208,1.0775862068965518,0.3879310344827586,0.21551724137931036,-0.13,0.0,0.0,0.0,1.5086206896551724,1.3793103448275863,0.0,0.04310344827586207,1.3362068965517242,0.9482758620689655,0.7327586206896552,70.2
Konstantinos Mavropanos,GRE,DF,West Ham United,Premier League,28,1997,26,22,2084,23.2,3,0,3,3,0,0,2,0,0.13,,1.37,,,,,,,,,,,,20,8,40.0,0.86,0.35,0.15,0.38,80,70.2,90.0,22,4,26.0,3,1.0,28,36,-8,-0.35,0.57,0,10,8,1,3,40,20,1,0.8620689655172414,0.4,2.586206896551724,0.4310344827586207,0.12931034482758622,0.08620689655172414,-0.35,0.0,0.0,0.0,1.5517241379310345,1.206896551724138,0.0,0.04310344827586207,0.3448275862068966,0.8620689655172414,1.7241379310344829,70.2
Ruslan Malinovskyi,UKR,MF,Genoa,Serie A,32,1993,30,27,2083,23.1,6,3,9,3,3,3,10,0,0.26,,1.37,,,,,,,,,,,,49,15,30.6,2.12,0.65,0.06,0.2,69,70.1,74.0,5,3,30.0,1,1.13,27,30,-3,-0.13,0.17,0,34,25,1,59,16,18,0,2.121212121212121,0.30612244897959184,1.4718614718614718,1.4718614718614718,2.554112554112554,0.4329004329004329,-0.13,0.0,0.0,0.0,1.2987012987012987,1.1688311688311688,0.12987012987012986,0.04329004329004329,1.0822510822510822,0.7792207792207791,0.6926406926406926,70.1
Maghnes Akliouche,FRA,MF,Monaco,Ligue 1,24,2002,27,24,2080,23.1,6,4,10,6,0,0,3,0,0.43,,1.37,,,,,,,,,,,,43,16,37.2,1.86,0.69,0.14,0.38,77,77.0,83.0,14,3,33.0,1,1.63,40,32,8,0.35,0.49,0,22,30,9,37,14,22,0,1.8614718614718613,0.37209302325581395,1.5584415584415583,0.9523809523809523,1.6017316017316017,0.12987012987012986,0.35,0.0,0.0,0.0,1.3852813852813852,1.7316017316017316,0.17316017316017315,0.3896103896103896,1.2987012987012987,0.9523809523809523,0.6060606060606061,77.0
Matteo Gabbia,ITA,DF,Milan,Serie A,26,1999,25,23,2080,23.1,0,0,0,0,0,0,3,0,0.0,,1.37,,,,,,,,,,,,18,3,16.7,0.78,0.13,0.0,0.0,83,70.0,88.0,21,2,29.0,2,2.16,37,17,20,0.87,0.76,0,18,5,0,1,12,11,0,0.7792207792207791,0.16666666666666666,0.9956709956709956,0.7792207792207791,0.04329004329004329,0.12987012987012986,0.87,0.0,0.0,0.0,0.7359307359307359,1.6017316017316017,0.0,0.0,0.21645021645021645,0.47619047619047616,0.5194805194805194,70.0
Timothy Weah,USA,MF,Marseille,Ligue 1,26,2000,27,24,2076,23.1,2,2,4,2,0,0,4,0,0.17,,1.37,,,,,,,,,,,,25,10,40.0,1.08,0.43,0.08,0.2,77,76.9,82.0,14,3,37.0,1,1.67,43,32,11,0.48,-0.53,0,31,18,1,54,14,32,0,1.0822510822510822,0.4,1.9913419913419912,1.3419913419913418,2.3376623376623376,0.17316017316017315,0.48,0.0,0.0,0.0,1.3852813852813852,1.8614718614718613,0.08658008658008658,0.04329004329004329,0.7792207792207791,1.3852813852813852,0.6060606060606061,76.9
Christian Eriksen,DEN,MF,Wolfsburg,Bundesliga,34,1992,27,23,2076,23.1,3,7,10,0,3,3,4,0,0.3,,1.37,,,,,,,,,,,,32,11,34.4,1.39,0.48,0.0,0.0,77,76.9,85.0,9,4,32.0,1,0.7,32,50,-18,-0.78,0.23,0,11,4,3,98,14,18,0,1.3852813852813852,0.34375,1.3852813852813852,0.47619047619047616,4.242424242424242,0.17316017316017315,-0.78,0.0,0.0,0.0,2.1645021645021645,1.3852813852813852,0.30303030303030304,0.12987012987012986,0.17316017316017315,0.7792207792207791,0.6060606060606061,76.9
Thilo Kehrer,GER,DF,Monaco,Ligue 1,29,1996,24,24,2074,23.0,0,0,0,0,0,0,8,2,0.0,,1.37,,,,,,,,,,,,15,1,6.7,0.65,0.04,0.0,0.0,86,76.8,86.0,21,0,,3,1.79,42,31,11,0.48,1.05,1,25,24,2,4,29,34,0,0.6521739130434783,0.06666666666666667,2.739130434782609,1.0869565217391304,0.17391304347826086,0.6086956521739131,0.48,0.0,0.0,0.0,1.3478260869565217,1.826086956521739,0.0,0.08695652173913043,1.0434782608695652,1.4782608695652173,1.2608695652173914,76.8
Wouter Burger,NED,MF,Hoffenheim,Bundesliga,25,2001,26,26,2071,23.0,4,5,9,4,0,0,6,1,0.39,,1.37,,,,,,,,,,,,28,12,42.9,1.22,0.52,0.14,0.33,80,76.7,80.0,15,0,,0,1.92,46,28,18,0.78,1.21,0,48,9,1,72,16,39,0,1.2173913043478262,0.42857142857142855,2.391304347826087,2.0869565217391304,3.130434782608696,0.391304347826087,0.78,0.0,0.0,0.0,1.2173913043478262,2.0,0.21739130434782608,0.043478260869565216,0.391304347826087,1.6956521739130435,0.6956521739130435,76.7
Lilian Brassier,FRA,DF,Rennes,Ligue 1,26,1999,25,23,2070,23.0,0,1,1,0,0,0,2,0,0.04,,1.37,,,,,,,,,,,,10,1,10.0,0.43,0.04,0.0,0.0,83,76.7,87.0,20,2,36.0,3,1.8,43,30,13,0.57,0.85,0,26,19,0,23,37,11,0,0.43478260869565216,0.1,2.0869565217391304,1.1304347826086956,1.0,0.08695652173913043,0.57,0.0,0.0,0.0,1.3043478260869565,1.8695652173913044,0.043478260869565216,0.0,0.8260869565217391,0.4782608695652174,1.608695652173913,76.7
Felix Nmecha,GER,MF,Dortmund,Bundesliga,25,2000,27,24,2069,23.0,2,3,5,2,0,1,0,0,0.22,,1.37,,,,,,,,,,,,31,7,22.6,1.35,0.3,0.06,0.29,77,76.6,83.0,7,3,25.0,0,2.26,49,27,22,0.96,-0.18,0,27,21,2,7,24,21,0,1.3478260869565217,0.22580645161290322,1.9565217391304348,1.173913043478261,0.30434782608695654,0.0,0.96,0.0,0.0,0.0,1.173913043478261,2.130434782608696,0.13043478260869565,0.08695652173913043,0.9130434782608695,0.9130434782608695,1.0434782608695652,76.6
Santi Comesaña,ESP,MF,Villarreal,La Liga,29,1996,29,24,2069,23.0,3,5,8,3,0,0,5,1,0.35,,1.37,,,,,,,,,,,,22,7,31.8,0.96,0.3,0.14,0.43,71,74.2,81.0,12,5,26.0,1,2.0,47,23,24,1.04,1.54,0,37,22,1,11,25,22,0,0.9565217391304348,0.3181818181818182,2.0434782608695654,1.608695652173913,0.4782608695652174,0.34782608695652173,1.04,0.0,0.0,0.0,1.0,2.0434782608695654,0.21739130434782608,0.043478260869565216,0.9565217391304348,0.9565217391304348,1.0869565217391304,74.2
Ilan Kebbal,ALG,MF,Paris FC,Ligue 1,27,1998,25,24,2067,23.0,9,4,13,6,3,3,6,0,0.44,,1.37,,,,,,,,,,,,46,19,41.3,2.0,0.83,0.13,0.32,83,76.6,85.0,14,1,20.0,1,1.2,30,38,-8,-0.35,-0.63,0,14,59,3,96,7,15,0,2.0,0.41304347826086957,0.9565217391304348,0.6086956521739131,4.173913043478261,0.2608695652173913,-0.35,0.0,0.0,0.0,1.6521739130434783,1.3043478260869565,0.17391304347826086,0.13043478260869565,2.5652173913043477,0.6521739130434783,0.30434782608695654,76.6
Kojo Peprah Oppong,GHA,DF,Nice,Ligue 1,21,2004,25,24,2065,22.9,1,0,1,1,0,0,3,0,0.04,,1.37,,,,,,,,,,,,10,3,30.0,0.44,0.13,0.1,0.33,83,76.5,84.0,19,1,53.0,3,1.04,29,39,-10,-0.44,1.26,0,25,25,1,5,28,24,0,0.4366812227074236,0.3,2.2707423580786026,1.091703056768559,0.2183406113537118,0.13100436681222707,-0.44,0.0,0.0,0.0,1.7030567685589522,1.2663755458515285,0.0,0.04366812227074236,1.091703056768559,1.0480349344978166,1.2227074235807862,76.5
Aïssa Mandi,ALG,DF,Lille,Ligue 1,34,1991,25,24,2064,22.9,1,0,1,1,0,0,7,0,0.04,,1.37,,,,,,,,,,,,11,2,18.2,0.48,0.09,0.09,0.5,83,76.4,86.0,20,1,6.0,2,1.84,34,25,9,0.39,-0.46,0,15,16,0,8,38,20,0,0.48034934497816595,0.18181818181818182,2.532751091703057,0.6550218340611355,0.3493449781659389,0.30567685589519655,0.39,0.0,0.0,0.0,1.091703056768559,1.4847161572052403,0.0,0.0,0.6986899563318778,0.8733624454148472,1.6593886462882097,76.4
Álvaro Carreras,ESP,DF,Real Madrid,La Liga,23,2003,25,23,2062,22.9,2,2,4,2,0,0,5,1,0.17,,1.37,,,,,,,,,,,,8,2,25.0,0.35,0.09,0.25,1.0,82,73.9,89.0,20,2,3.0,1,2.16,48,20,28,1.22,0.23,0,17,29,5,29,35,17,0,0.3493449781659389,0.25,2.2707423580786026,0.7423580786026202,1.2663755458515285,0.3493449781659389,1.22,0.0,0.0,0.0,0.8733624454148472,2.096069868995633,0.08733624454148473,0.2183406113537118,1.2663755458515285,0.7423580786026202,1.5283842794759825,73.9
Julian Chabot,GER,DF,Stuttgart,Bundesliga,28,1998,24,23,2060,22.9,0,0,0,0,0,0,3,0,0.0,,1.37,,,,,,,,,,,,17,6,35.3,0.74,0.26,0.0,0.0,86,76.3,89.0,21,1,16.0,4,1.83,49,31,18,0.79,0.51,0,32,36,0,1,38,17,1,0.7423580786026202,0.35294117647058826,2.4017467248908297,1.3973799126637556,0.04366812227074236,0.13100436681222707,0.79,0.0,0.0,0.0,1.3537117903930131,2.139737991266376,0.0,0.0,1.572052401746725,0.7423580786026202,1.6593886462882097,76.3
Dominik Kohr,GER,DF,Mainz 05,Bundesliga,32,1994,25,25,2059,22.9,1,0,1,1,0,0,10,2,0.04,,1.37,,,,,,,,,,,,12,2,16.7,0.52,0.09,0.08,0.5,82,76.3,82.0,17,0,,0,1.2,29,32,-3,-0.13,0.71,1,36,39,1,14,38,32,0,0.5240174672489083,0.16666666666666666,3.056768558951965,1.572052401746725,0.6113537117903931,0.6986899563318778,-0.13,0.0,0.0,0.0,1.3973799126637556,1.2663755458515285,0.0,0.04366812227074236,1.7030567685589522,1.3973799126637556,1.6593886462882097,76.3
Ransford Königsdörffer,GHA,FW,Hamburger SV,Bundesliga,24,2001,30,26,2059,22.9,5,1,6,5,0,1,2,0,0.26,,1.37,,,,,,,,,,,,61,22,36.1,2.67,0.96,0.08,0.23,69,76.3,75.0,2,4,29.0,0,1.03,27,39,-12,-0.52,-0.1,0,23,27,27,18,4,2,0,2.663755458515284,0.36065573770491804,0.26200873362445415,1.0043668122270744,0.7860262008733625,0.08733624454148473,-0.52,0.0,0.0,0.0,1.7030567685589522,1.1790393013100438,0.04366812227074236,1.1790393013100438,1.1790393013100438,0.08733624454148473,0.17467248908296945,76.3
Álvaro García,ESP,MF,Rayo Vallecano,La Liga,33,1992,31,22,2056,22.8,4,5,9,4,0,0,3,0,0.39,,1.37,,,,,,,,,,,,47,19,40.4,2.06,0.83,0.09,0.21,66,73.7,81.0,7,9,31.0,0,1.13,21,28,-7,-0.31,-0.06,0,18,12,14,89,14,15,0,2.06140350877193,0.40425531914893614,1.2719298245614035,0.7894736842105263,3.9035087719298245,0.13157894736842105,-0.31,0.0,0.0,0.0,1.2280701754385965,0.9210526315789473,0.21929824561403508,0.6140350877192983,0.5263157894736842,0.6578947368421052,0.6140350877192983,73.7
Joshua Kimmich,GER,MF,Bayern Munich,Bundesliga,31,1995,26,22,2055,22.8,2,6,8,2,0,0,4,0,0.35,,1.37,,,,,,,,,,,,25,10,40.0,1.09,0.44,0.08,0.2,79,76.1,87.0,17,4,34.0,1,2.58,81,23,58,2.54,-0.53,0,7,20,0,112,21,22,0,1.0964912280701753,0.4,1.8859649122807016,0.30701754385964913,4.912280701754386,0.17543859649122806,2.54,0.0,0.0,0.0,1.0087719298245614,3.552631578947368,0.2631578947368421,0.0,0.8771929824561403,0.9649122807017544,0.9210526315789473,76.1
Thomas Kristensen,DEN,DF,Udinese,Serie A,24,2002,23,23,2054,22.8,2,0,2,2,0,0,4,0,0.09,,1.37,,,,,,,,,,,,9,4,44.4,0.39,0.18,0.22,0.5,89,69.2,89.0,21,0,,2,1.35,26,26,0,0.0,0.49,0,23,7,1,3,22,13,0,0.39473684210526316,0.4444444444444444,1.5350877192982455,1.0087719298245614,0.13157894736842105,0.17543859649122806,0.0,0.0,0.0,0.0,1.1403508771929824,1.1403508771929824,0.0,0.043859649122807015,0.30701754385964913,0.5701754385964912,0.9649122807017544,69.2
Mamadou Sangare,MLI,MF,Lens,Ligue 1,23,2002,26,24,2053,22.8,3,3,6,3,0,0,4,0,0.26,,1.37,,,,,,,,,,,,43,11,25.6,1.89,0.48,0.07,0.27,79,78.7,83.0,17,2,33.0,0,2.27,43,23,20,0.88,-0.42,0,33,40,3,7,36,47,0,1.8859649122807016,0.2558139534883721,3.6403508771929824,1.4473684210526316,0.30701754385964913,0.17543859649122806,0.88,0.0,0.0,0.0,1.0087719298245614,1.8859649122807016,0.13157894736842105,0.13157894736842105,1.7543859649122806,2.06140350877193,1.5789473684210527,78.7
Rúben Dias,POR,DF,Manchester City,Premier League,28,1997,25,23,2051,22.8,2,0,2,2,0,0,3,0,0.09,,1.37,,,,,,,,,,,,10,4,40.0,0.44,0.18,0.2,0.5,82,71.2,88.0,21,2,18.0,1,2.2,53,20,33,1.45,1.12,0,14,9,0,9,22,6,0,0.43859649122807015,0.4,1.2280701754385965,0.6140350877192983,0.39473684210526316,0.13157894736842105,1.45,0.0,0.0,0.0,0.8771929824561403,2.324561403508772,0.0,0.0,0.39473684210526316,0.2631578947368421,0.9649122807017544,71.2
Arthur Theate,BEL,DF,Eintracht Frankfurt,Bundesliga,25,2000,23,23,2051,22.8,1,0,1,1,0,0,8,0,0.04,,1.37,,,,,,,,,,,,15,7,46.7,0.66,0.31,0.07,0.14,89,76.0,89.0,20,0,,1,1.35,44,49,-5,-0.22,-0.64,0,14,13,1,13,31,20,0,0.6578947368421052,0.4666666666666667,2.236842105263158,0.6140350877192983,0.5701754385964912,0.3508771929824561,-0.22,0.0,0.0,0.0,2.1491228070175437,1.9298245614035088,0.0,0.043859649122807015,0.5701754385964912,0.8771929824561403,1.3596491228070176,76.0
Valentino Lazaro,AUT,MF,Torino,Serie A,30,1996,28,23,2051,22.8,0,2,2,0,0,0,4,0,0.09,,1.37,,,,,,,,,,,,7,2,28.6,0.31,0.09,0.0,0.0,73,69.1,84.0,14,5,24.0,5,1.07,23,44,-21,-0.92,-1.31,0,36,9,1,118,22,25,0,0.30701754385964913,0.2857142857142857,2.06140350877193,1.5789473684210527,5.175438596491228,0.17543859649122806,-0.92,0.0,0.0,0.0,1.9298245614035088,1.0087719298245614,0.08771929824561403,0.043859649122807015,0.39473684210526316,1.0964912280701753,0.9649122807017544,69.1
Álex Moreno,ESP,DF,Girona,La Liga,32,1993,25,22,2049,22.8,0,3,3,0,0,0,4,0,0.13,,1.37,,,,,,,,,,,,16,4,25.0,0.7,0.18,0.0,0.0,82,73.4,90.0,22,3,23.0,0,1.28,23,31,-8,-0.35,0.13,0,23,15,9,50,21,19,0,0.7017543859649122,0.25,1.7543859649122806,1.0087719298245614,2.1929824561403506,0.17543859649122806,-0.35,0.0,0.0,0.0,1.3596491228070176,1.0087719298245614,0.13157894736842105,0.39473684210526316,0.6578947368421052,0.8333333333333333,0.9210526315789473,73.4
Carmona,ESP,DF,Sevilla,La Liga,24,2002,28,23,2047,22.7,1,3,4,1,0,0,10,0,0.18,,1.37,,,,,,,,,,,,17,3,17.6,0.75,0.13,0.06,0.33,73,73.4,82.0,17,5,34.0,1,1.07,27,39,-12,-0.53,-0.53,0,40,38,1,27,36,35,0,0.748898678414097,0.17647058823529413,3.1277533039647576,1.762114537444934,1.1894273127753305,0.4405286343612335,-0.53,0.0,0.0,0.0,1.7180616740088106,1.1894273127753305,0.13215859030837004,0.04405286343612335,1.6740088105726874,1.5418502202643172,1.5859030837004406,73.4
Bruno Guimarães,BRA,MF,Newcastle United,Premier League,28,1997,24,22,2046,22.7,9,4,13,7,2,2,5,0,0.48,,1.37,,,,,,,,,,,,33,18,54.5,1.45,0.79,0.21,0.39,85,68.9,90.0,18,2,37.0,1,1.46,37,31,6,0.26,1.14,0,34,54,1,64,13,36,0,1.4537444933920705,0.5454545454545454,2.158590308370044,1.497797356828194,2.8193832599118944,0.22026431718061676,0.26,0.0,0.0,0.0,1.3656387665198237,1.6299559471365639,0.1762114537444934,0.04405286343612335,2.378854625550661,1.5859030837004406,0.5726872246696035,68.9
Jorge de Frutos,ESP,FW,Rayo Vallecano,La Liga,29,1997,29,27,2046,22.7,10,1,11,9,1,1,3,0,0.44,,1.37,,,,,,,,,,,,52,23,44.2,2.29,1.01,0.17,0.39,71,73.3,73.0,4,2,39.0,1,1.21,24,22,2,0.09,1.42,0,31,32,16,34,7,13,0,2.290748898678414,0.4423076923076923,0.881057268722467,1.3656387665198237,1.497797356828194,0.13215859030837004,0.09,0.0,0.0,0.0,0.9691629955947136,1.0572687224669604,0.04405286343612335,0.7048458149779736,1.4096916299559472,0.5726872246696035,0.30837004405286345,73.3
Nathan Ngoy,BEL,DF,Lille,Ligue 1,22,2003,25,23,2045,22.7,1,2,3,1,0,0,8,1,0.13,,1.37,,,,,,,,,,,,18,5,27.8,0.79,0.22,0.06,0.2,82,75.7,88.0,22,2,14.0,2,1.8,35,28,7,0.31,-0.79,0,16,8,0,6,34,19,0,0.7929515418502203,0.2777777777777778,2.3348017621145374,0.7048458149779736,0.2643171806167401,0.4845814977973568,0.31,0.0,0.0,0.0,1.2334801762114538,1.5418502202643172,0.0881057268722467,0.0,0.3524229074889868,0.8370044052863437,1.497797356828194,75.7
Mattia Zaccagni,ITA,FW,Lazio,Serie A,30,1995,25,25,2045,22.7,3,0,3,3,0,1,6,1,0.13,,1.37,,,,,,,,,,,,34,14,41.2,1.5,0.62,0.09,0.21,82,68.9,82.0,15,0,,1,1.36,19,20,-1,-0.04,-0.53,0,28,81,5,47,20,21,0,1.497797356828194,0.4117647058823529,1.8061674008810573,1.2334801762114538,2.0704845814977975,0.39647577092511016,-0.04,0.0,0.0,0.0,0.881057268722467,0.8370044052863437,0.0,0.22026431718061676,3.5682819383259914,0.9251101321585904,0.881057268722467,68.9
José Luis Gayà,ESP,DF,Valencia,La Liga,30,1995,27,26,2044,22.7,1,1,2,1,0,0,6,1,0.09,,1.37,,,,,,,,,,,,12,3,25.0,0.53,0.13,0.08,0.33,76,73.3,78.0,13,1,9.0,2,1.07,18,34,-16,-0.7,-1.19,0,26,15,2,73,16,33,0,0.5286343612334802,0.25,2.158590308370044,1.145374449339207,3.2158590308370045,0.39647577092511016,-0.7,0.0,0.0,0.0,1.497797356828194,0.7929515418502203,0.04405286343612335,0.0881057268722467,0.6607929515418502,1.4537444933920705,0.7048458149779736,73.3
Nemanja Gudelj,SRB,DF,Sevilla,La Liga,34,1991,27,22,2040,22.7,2,0,2,2,0,0,8,0,0.09,,1.37,,,,,,,,,,,,22,6,27.3,0.97,0.26,0.09,0.33,76,73.1,87.0,18,5,27.0,3,1.15,30,37,-7,-0.31,0.29,0,33,10,0,6,19,22,0,0.9691629955947136,0.2727272727272727,1.8061674008810573,1.4537444933920705,0.2643171806167401,0.3524229074889868,-0.31,0.0,0.0,0.0,1.6299559471365639,1.3215859030837005,0.0,0.0,0.4405286343612335,0.9691629955947136,0.8370044052863437,73.1
Chidozie Awaziem,NGA,DF,Nantes,Ligue 1,29,1997,23,23,2039,22.7,1,2,3,1,0,0,7,0,0.13,,1.37,,,,,,,,,,,,9,4,44.4,0.4,0.18,0.11,0.25,89,78.1,89.0,21,0,,4,0.65,19,39,-20,-0.88,-0.73,0,22,19,1,2,19,16,1,0.39647577092511016,0.4444444444444444,1.5418502202643172,0.9691629955947136,0.0881057268722467,0.30837004405286345,-0.88,0.0,0.0,0.0,1.7180616740088106,0.8370044052863437,0.0881057268722467,0.04405286343612335,0.8370044052863437,0.7048458149779736,0.8370044052863437,78.1
Santiago Castro,ARG,FW,Bologna,Serie A,21,2004,30,22,2038,22.6,7,2,9,7,0,0,2,0,0.4,,1.37,,,,,,,,,,,,55,18,32.7,2.43,0.79,0.13,0.39,68,68.6,81.0,9,8,32.0,3,1.4,28,27,1,0.04,-0.15,0,33,43,10,4,1,8,0,2.433628318584071,0.32727272727272727,0.3982300884955752,1.4601769911504423,0.17699115044247787,0.08849557522123894,0.04,0.0,0.0,0.0,1.1946902654867255,1.238938053097345,0.08849557522123894,0.44247787610619466,1.902654867256637,0.35398230088495575,0.04424778761061947,68.6
Gautier Lloris,FRA,DF,Le Havre,Ligue 1,30,1995,25,24,2038,22.6,1,1,2,1,0,0,1,1,0.09,,1.37,,,,,,,,,,,,11,4,36.4,0.49,0.18,0.09,0.25,82,75.5,84.0,21,1,12.0,0,1.0,18,25,-7,-0.31,0.51,0,25,15,1,1,40,21,1,0.48672566371681414,0.36363636363636365,2.6991150442477876,1.1061946902654867,0.04424778761061947,0.17699115044247787,-0.31,0.0,0.0,0.0,1.1061946902654867,0.7964601769911503,0.04424778761061947,0.04424778761061947,0.663716814159292,0.9292035398230087,1.7699115044247786,75.5
Moise Kean,ITA,FW,Fiorentina,Serie A,26,2000,26,23,2036,22.6,8,1,9,6,2,2,4,0,0.31,,1.37,,,,,,,,,,,,98,27,27.6,4.33,1.19,0.06,0.22,78,68.6,86.0,15,3,19.0,1,0.92,24,32,-8,-0.35,-0.45,0,29,44,30,7,7,4,0,4.336283185840708,0.2755102040816326,0.48672566371681414,1.2831858407079646,0.30973451327433627,0.17699115044247787,-0.35,0.0,0.0,0.0,1.415929203539823,1.0619469026548671,0.04424778761061947,1.327433628318584,1.9469026548672566,0.17699115044247787,0.30973451327433627,68.6
Diego Gómez,PAR,MF,Brighton,Premier League,23,2003,30,25,2036,22.6,5,1,6,5,0,0,9,0,0.27,,1.37,,,,,,,,,,,,36,14,38.9,1.59,0.62,0.14,0.36,68,68.6,76.0,2,5,28.0,0,1.5,26,25,1,0.04,-0.44,0,49,10,1,22,17,48,0,1.5929203539823007,0.3888888888888889,2.8761061946902653,2.168141592920354,0.9734513274336283,0.3982300884955752,0.04,0.0,0.0,0.0,1.1061946902654867,1.1504424778761062,0.04424778761061947,0.04424778761061947,0.44247787610619466,2.1238938053097343,0.7522123893805309,68.6
Daniel Ballard,NIR,DF,Sunderland,Premier League,26,1999,27,22,2036,22.6,2,0,2,2,0,0,4,0,0.09,,1.37,,,,,,,,,,,,25,9,36.0,1.11,0.4,0.08,0.22,75,68.6,85.0,19,5,35.0,0,1.26,28,29,-1,-0.04,0.24,0,26,28,3,1,19,16,0,1.1061946902654867,0.36,1.5486725663716814,1.1504424778761062,0.04424778761061947,0.17699115044247787,-0.04,0.0,0.0,0.0,1.2831858407079646,1.238938053097345,0.0,0.1327433628318584,1.238938053097345,0.7079646017699115,0.8407079646017699,68.6
Milos Kerkez,HUN,DF,Liverpool,Premier League,22,2003,29,25,2034,22.6,2,1,3,2,0,0,4,0,0.13,,1.37,,,,,,,,,,,,8,2,25.0,0.35,0.09,0.25,1.0,70,68.5,79.0,13,4,18.0,4,1.55,37,30,7,0.31,-0.07,0,19,23,4,75,13,26,0,0.35398230088495575,0.25,1.725663716814159,0.8407079646017699,3.31858407079646,0.17699115044247787,0.31,0.0,0.0,0.0,1.327433628318584,1.6371681415929202,0.04424778761061947,0.17699115044247787,1.0176991150442478,1.1504424778761062,0.5752212389380531,68.5
Antonio Raillo,ESP,DF,Mallorca,La Liga,34,1991,23,23,2032,22.6,0,1,1,0,0,0,4,0,0.04,,1.37,,,,,,,,,,,,12,1,8.3,0.53,0.04,0.0,0.0,88,72.8,88.0,22,0,,5,0.96,24,32,-8,-0.35,-0.24,0,23,15,1,4,12,13,0,0.5309734513274336,0.08333333333333333,1.1061946902654867,1.0176991150442478,0.17699115044247787,0.17699115044247787,-0.35,0.0,0.0,0.0,1.415929203539823,1.0619469026548671,0.04424778761061947,0.04424778761061947,0.663716814159292,0.5752212389380531,0.5309734513274336,72.8
Bernardo,BRA,DF,Hoffenheim,Bundesliga,30,1995,25,23,2032,22.6,0,0,0,0,0,0,7,0,0.0,,1.37,,,,,,,,,,,,8,0,0.0,0.35,0.0,0.0,,81,75.3,87.0,16,2,20.0,1,1.76,41,30,11,0.49,-0.05,0,40,9,2,16,31,37,0,0.35398230088495575,0.0,3.0088495575221237,1.7699115044247786,0.7079646017699115,0.30973451327433627,0.49,0.0,0.0,0.0,1.327433628318584,1.8141592920353982,0.0,0.08849557522123894,0.3982300884955752,1.6371681415929202,1.3716814159292035,75.3
Marc-Oliver Kempf,GER,DF,Como,Serie A,31,1995,30,24,2031,22.6,4,0,4,4,0,0,2,0,0.18,,1.37,,,,,,,,,,,,18,6,33.3,0.8,0.27,0.22,0.67,68,68.4,81.0,20,6,15.0,3,1.8,40,19,21,0.93,0.16,0,25,17,0,0,10,8,0,0.7964601769911503,0.3333333333333333,0.7964601769911503,1.1061946902654867,0.0,0.08849557522123894,0.93,0.0,0.0,0.0,0.8407079646017699,1.7699115044247786,0.0,0.0,0.7522123893805309,0.35398230088495575,0.44247787610619466,68.4
Renato Veiga,POR,DF,Villarreal,La Liga,22,2003,27,22,2031,22.6,0,0,0,0,0,0,3,1,0.0,,1.37,,,,,,,,,,,,8,3,37.5,0.35,0.13,0.0,0.0,75,72.8,88.0,21,5,21.0,2,1.89,39,30,9,0.4,-0.91,0,16,4,3,2,25,6,0,0.35398230088495575,0.375,1.3716814159292035,0.7079646017699115,0.08849557522123894,0.2654867256637168,0.4,0.0,0.0,0.0,1.327433628318584,1.725663716814159,0.0,0.1327433628318584,0.17699115044247787,0.2654867256637168,1.1061946902654867,72.8
Fisnik Asllani,KVX,FW,Hoffenheim,Bundesliga,23,2002,29,27,2031,22.6,9,6,15,9,0,0,2,0,0.66,,1.37,,,,,,,,,,,,64,24,37.5,2.84,1.06,0.14,0.38,70,75.2,73.0,4,2,24.0,1,1.76,44,36,8,0.35,-0.59,0,21,35,14,8,4,6,0,2.831858407079646,0.375,0.44247787610619466,0.9292035398230087,0.35398230088495575,0.08849557522123894,0.35,0.0,0.0,0.0,1.5929203539823007,1.9469026548672566,0.2654867256637168,0.6194690265486725,1.5486725663716814,0.2654867256637168,0.17699115044247787,75.2
Santiago Mouriño,URU,DF,Villarreal,La Liga,24,2002,24,23,2030,22.6,1,2,3,1,0,0,10,1,0.13,,1.37,,,,,,,,,,,,13,3,23.1,0.58,0.13,0.08,0.33,85,72.8,86.0,17,1,45.0,2,2.0,44,26,18,0.8,0.56,1,48,29,1,6,25,54,0,0.5752212389380531,0.23076923076923078,3.495575221238938,2.1238938053097343,0.2654867256637168,0.5752212389380531,0.8,0.0,0.0,0.0,1.1504424778761062,1.9469026548672566,0.08849557522123894,0.04424778761061947,1.2831858407079646,2.389380530973451,1.1061946902654867,72.8
Jamie Leweling,GER,MF,Stuttgart,Bundesliga,25,2001,28,22,2029,22.5,7,7,14,7,0,0,4,0,0.62,,1.37,,,,,,,,,,,,42,17,40.5,1.86,0.75,0.17,0.41,72,75.1,84.0,9,6,29.0,0,1.79,42,33,9,0.4,-1.08,0,15,36,12,107,12,11,0,1.8666666666666667,0.40476190476190477,1.0222222222222221,0.6666666666666666,4.7555555555555555,0.17777777777777778,0.4,0.0,0.0,0.0,1.4666666666666666,1.8666666666666667,0.3111111111111111,0.5333333333333333,1.6,0.4888888888888889,0.5333333333333333,75.1
Antoine Bernede,FRA,MF,Hellas Verona,Serie A,26,1999,28,25,2029,22.5,1,2,3,1,0,0,1,0,0.13,,1.37,,,,,,,,,,,,19,4,21.1,0.84,0.18,0.05,0.25,72,68.3,78.0,10,3,29.0,0,0.54,17,37,-20,-0.89,0.36,0,51,16,0,23,13,34,0,0.8444444444444444,0.21052631578947367,2.088888888888889,2.2666666666666666,1.0222222222222221,0.044444444444444446,-0.89,0.0,0.0,0.0,1.6444444444444444,0.7555555555555555,0.08888888888888889,0.0,0.7111111111111111,1.511111111111111,0.5777777777777777,68.3
Jurgen Ekkelenkamp,NED,MF,Udinese,Serie A,26,2000,29,25,2028,22.5,5,2,7,5,0,0,1,0,0.31,,1.37,,,,,,,,,,,,29,14,48.3,1.29,0.62,0.17,0.36,70,68.3,78.0,4,4,22.0,4,1.31,26,29,-3,-0.13,0.06,0,20,14,2,32,17,25,0,1.288888888888889,0.4827586206896552,1.8666666666666667,0.8888888888888888,1.4222222222222223,0.044444444444444446,-0.13,0.0,0.0,0.0,1.288888888888889,1.1555555555555554,0.08888888888888889,0.08888888888888889,0.6222222222222222,1.1111111111111112,0.7555555555555555,68.3
Gift Orban,NGA,FW,Hellas Verona,Serie A,23,2002,28,23,2027,22.5,7,2,9,5,2,2,4,1,0.31,,1.37,,,,,,,,,,,,85,28,32.9,3.77,1.24,0.06,0.18,72,68.2,79.0,9,5,40.0,1,0.5,14,33,-19,-0.84,0.49,0,22,20,20,14,3,3,0,3.7777777777777777,0.32941176470588235,0.26666666666666666,0.9777777777777777,0.6222222222222222,0.3111111111111111,-0.84,0.0,0.0,0.0,1.4666666666666666,0.6222222222222222,0.08888888888888889,0.8888888888888888,0.8888888888888888,0.13333333333333333,0.13333333333333333,68.2
Crysencio Summerville,NED,MF,West Ham United,Premier League,24,2001,26,24,2023,22.5,5,1,6,5,0,0,4,0,0.27,,1.37,,,,,,,,,,,,47,15,31.9,2.09,0.67,0.11,0.33,78,68.1,83.0,10,2,19.0,0,1.15,28,34,-6,-0.27,0.78,0,42,52,6,46,12,20,0,2.088888888888889,0.3191489361702128,1.4222222222222223,1.8666666666666667,2.0444444444444443,0.17777777777777778,-0.27,0.0,0.0,0.0,1.511111111111111,1.2444444444444445,0.044444444444444446,0.26666666666666666,2.311111111111111,0.8888888888888888,0.5333333333333333,68.1
Tyrhys Dolan,ENG,MF,Espanyol,La Liga,24,2001,30,24,2023,22.5,1,4,5,1,0,0,6,1,0.22,,1.37,,,,,,,,,,,,29,9,31.0,1.29,0.4,0.03,0.11,67,72.5,76.0,2,6,34.0,0,1.17,28,34,-6,-0.27,0.32,1,30,41,5,91,14,31,0,1.288888888888889,0.3103448275862069,2.0,1.3333333333333333,4.044444444444444,0.4,-0.27,0.0,0.0,0.0,1.511111111111111,1.2444444444444445,0.17777777777777778,0.2222222222222222,1.8222222222222222,1.3777777777777778,0.6222222222222222,72.5
Aarón Martín,ESP,MF,Genoa,Serie A,28,1997,29,24,2021,22.5,1,5,6,1,0,1,2,0,0.27,,1.37,,,,,,,,,,,,11,4,36.4,0.49,0.18,0.09,0.25,70,68.0,81.0,15,5,17.0,4,1.21,28,36,-8,-0.36,-0.55,0,29,26,0,179,10,26,0,0.4888888888888889,0.36363636363636365,1.6,1.288888888888889,7.955555555555556,0.08888888888888889,-0.36,0.0,0.0,0.0,1.6,1.2444444444444445,0.2222222222222222,0.0,1.1555555555555554,1.1555555555555554,0.4444444444444444,68.0
Valentín Barco,ARG,MF,Strasbourg,Ligue 1,21,2004,25,22,2021,22.5,1,4,5,1,0,0,5,1,0.22,,1.37,,,,,,,,,,,,24,8,33.3,1.07,0.36,0.04,0.13,81,77.4,87.0,18,3,36.0,0,1.72,41,28,13,0.58,1.19,0,23,58,2,101,13,33,0,1.0666666666666667,0.3333333333333333,2.0444444444444443,1.0222222222222221,4.488888888888889,0.35555555555555557,0.58,0.0,0.0,0.0,1.2444444444444445,1.8222222222222222,0.17777777777777778,0.08888888888888889,2.577777777777778,1.4666666666666666,0.5777777777777777,77.4
Serhou Guirassy,GUI,FW,Dortmund,Bundesliga,30,1996,29,23,2020,22.4,14,1,15,13,1,3,3,0,0.62,,1.37,,,,,,,,,,,,71,33,46.5,3.16,1.47,0.18,0.39,70,74.8,82.0,9,6,24.0,1,2.1,45,21,24,1.07,0.28,0,32,33,7,3,0,1,0,3.169642857142857,0.4647887323943662,0.044642857142857144,1.4285714285714286,0.13392857142857142,0.13392857142857142,1.07,0.0,0.0,0.0,0.9375000000000001,2.0089285714285716,0.044642857142857144,0.3125,1.4732142857142858,0.044642857142857144,0.0,74.8
Lorenzo Colombo,ITA,FW,Genoa,Serie A,24,2002,33,26,2019,22.4,7,1,8,6,1,2,2,0,0.31,,1.37,,,,,,,,,,,,61,26,42.6,2.72,1.16,0.1,0.23,61,68.0,72.0,1,7,22.0,0,1.18,27,29,-2,-0.09,0.29,0,37,48,1,13,1,9,0,2.723214285714286,0.4262295081967213,0.44642857142857145,1.6517857142857144,0.5803571428571429,0.08928571428571429,-0.09,0.0,0.0,0.0,1.2946428571428572,1.205357142857143,0.044642857142857144,0.044642857142857144,2.142857142857143,0.4017857142857143,0.044642857142857144,68.0
Matias Fernandez-Pardo,BEL,MF,Lille,Ligue 1,21,2005,25,23,2018,22.4,7,5,12,6,1,1,4,0,0.49,,1.37,,,,,,,,,,,,61,28,45.9,2.72,1.25,0.1,0.21,81,74.7,84.0,12,2,38.0,2,1.68,29,23,6,0.27,-0.92,0,13,33,13,52,8,13,0,2.723214285714286,0.45901639344262296,0.9375000000000001,0.5803571428571429,2.3214285714285716,0.17857142857142858,0.27,0.0,0.0,0.0,1.0267857142857144,1.2946428571428572,0.22321428571428573,0.5803571428571429,1.4732142857142858,0.5803571428571429,0.35714285714285715,74.7
Mathias Pereira Lage,POR,MF,St Pauli,Bundesliga,29,1996,28,25,2018,22.4,2,2,4,2,0,0,3,0,0.18,,1.37,,,,,,,,,,,,43,15,34.9,1.92,0.67,0.05,0.13,72,74.7,77.0,6,3,27.0,0,0.82,21,37,-16,-0.71,0.47,0,32,32,15,58,16,23,0,1.9196428571428572,0.3488372093023256,1.7410714285714286,1.4285714285714286,2.5892857142857144,0.13392857142857142,-0.71,0.0,0.0,0.0,1.6517857142857144,0.9375000000000001,0.08928571428571429,0.6696428571428572,1.4285714285714286,1.0267857142857144,0.7142857142857143,74.7
Keven Schlotterbeck,GER,DF,Augsburg,Bundesliga,28,1997,23,22,2015,22.4,0,1,1,0,0,1,7,1,0.04,,1.37,,,,,,,,,,,,12,3,25.0,0.54,0.13,0.0,0.0,88,74.6,90.0,21,1,45.0,4,1.22,29,36,-7,-0.31,0.87,1,25,20,1,6,32,25,0,0.5357142857142857,0.25,2.544642857142857,1.1160714285714286,0.26785714285714285,0.44642857142857145,-0.31,0.0,0.0,0.0,1.6071428571428572,1.2946428571428572,0.044642857142857144,0.044642857142857144,0.8928571428571429,1.1160714285714286,1.4285714285714286,74.6
Ayyoub Bouaddi,FRA,MF,Lille,Ligue 1,18,2007,26,24,2013,22.4,0,1,1,0,0,0,5,1,0.04,,1.37,,,,,,,,,,,,15,4,26.7,0.67,0.18,0.0,0.0,77,74.6,83.0,14,2,14.0,2,1.62,27,23,4,0.18,-1.26,0,34,21,0,16,24,34,0,0.6696428571428572,0.26666666666666666,2.5892857142857144,1.517857142857143,0.7142857142857143,0.35714285714285715,0.18,0.0,0.0,0.0,1.0267857142857144,1.205357142857143,0.044642857142857144,0.0,0.9375000000000001,1.517857142857143,1.0714285714285714,74.6
Lautaro Valenti,ARG,DF,Parma,Serie A,27,1999,24,22,2012,22.4,0,0,0,0,0,0,6,0,0.0,,1.37,,,,,,,,,,,,16,4,25.0,0.72,0.18,0.0,0.0,84,67.7,88.0,21,2,39.0,2,1.17,17,27,-10,-0.45,0.12,0,21,16,0,19,25,26,0,0.7142857142857143,0.25,2.2767857142857144,0.9375000000000001,0.8482142857142858,0.26785714285714285,-0.45,0.0,0.0,0.0,1.205357142857143,0.7589285714285715,0.0,0.0,0.7142857142857143,1.1607142857142858,1.1160714285714286,67.7
Viktor Tsyhankov,UKR,MF,Girona,La Liga,28,1997,25,24,2011,22.3,5,4,9,5,0,0,2,0,0.4,,1.37,,,,,,,,,,,,34,15,44.1,1.52,0.67,0.15,0.33,80,72.1,83.0,12,1,28.0,0,1.28,23,29,-6,-0.27,0.42,0,14,28,2,89,16,17,0,1.5246636771300448,0.4411764705882353,1.4798206278026906,0.6278026905829596,3.991031390134529,0.08968609865470852,-0.27,0.0,0.0,0.0,1.3004484304932735,1.0313901345291479,0.17937219730941703,0.08968609865470852,1.2556053811659191,0.7623318385650224,0.7174887892376681,72.1
Kristian Thorstvedt,NOR,MF,Sassuolo,Serie A,27,1999,27,22,2010,22.3,3,3,6,3,0,0,7,0,0.27,,1.37,,,,,,,,,,,,35,12,34.3,1.57,0.54,0.09,0.25,74,67.7,85.0,19,5,26.0,0,1.63,34,30,4,0.18,0.84,0,28,46,1,12,25,15,0,1.569506726457399,0.34285714285714286,1.7937219730941703,1.2556053811659191,0.5381165919282511,0.3139013452914798,0.18,0.0,0.0,0.0,1.3452914798206277,1.5246636771300448,0.13452914798206278,0.04484304932735426,2.0627802690582957,0.6726457399103138,1.1210762331838564,67.7
Raúl Jiménez,MEX,FW,Fulham,Premier League,34,1991,32,25,2009,22.3,9,3,12,5,4,4,5,0,0.36,,1.37,,,,,,,,,,,,66,17,25.8,2.96,0.76,0.08,0.29,63,67.6,76.0,10,7,16.0,0,1.41,32,26,6,0.27,1.11,0,41,30,19,5,7,17,0,2.9596412556053813,0.25757575757575757,1.0762331838565022,1.8385650224215246,0.22421524663677128,0.22421524663677128,0.27,0.0,0.0,0.0,1.1659192825112108,1.4349775784753362,0.13452914798206278,0.852017937219731,1.3452914798206277,0.7623318385650224,0.3139013452914798,67.6
Giovanni Di Lorenzo,ITA,DF,Napoli,Serie A,32,1993,23,23,2009,22.3,1,1,2,1,0,0,1,0,0.09,,1.37,,,,,,,,,,,,23,8,34.8,1.03,0.36,0.04,0.13,87,67.6,87.0,22,0,,0,2.0,32,20,12,0.54,0.26,0,31,21,1,34,9,26,0,1.0313901345291479,0.34782608695652173,1.569506726457399,1.390134529147982,1.5246636771300448,0.04484304932735426,0.54,0.0,0.0,0.0,0.8968609865470851,1.4349775784753362,0.04484304932735426,0.04484304932735426,0.9417040358744394,1.1659192825112108,0.40358744394618834,67.6
Marc Aguado,ESP,MF,Elche,La Liga,26,2000,29,24,2009,22.3,1,1,2,1,0,0,2,0,0.09,,1.37,,,,,,,,,,,,2,1,50.0,0.09,0.04,0.5,1.0,69,72.0,79.0,7,5,21.0,0,0.97,26,32,-6,-0.27,-0.04,0,18,22,0,2,36,24,0,0.08968609865470852,0.5,2.6905829596412554,0.8071748878923767,0.08968609865470852,0.08968609865470852,-0.27,0.0,0.0,0.0,1.4349775784753362,1.1659192825112108,0.04484304932735426,0.0,0.9865470852017937,1.0762331838565022,1.6143497757847534,72.0
Carlens Arcus,HAI,DF,Angers,Ligue 1,29,1996,24,24,2009,22.3,0,3,3,0,0,0,6,0,0.13,,1.37,,,,,,,,,,,,9,1,11.1,0.4,0.04,0.0,0.0,84,74.4,84.0,17,0,,1,1.21,19,27,-8,-0.36,0.42,0,31,16,0,38,29,28,0,0.40358744394618834,0.1111111111111111,2.5560538116591927,1.390134529147982,1.704035874439462,0.26905829596412556,-0.36,0.0,0.0,0.0,1.210762331838565,0.852017937219731,0.13452914798206278,0.0,0.7174887892376681,1.2556053811659191,1.3004484304932735,74.4
Idrissa Gana Gueye,SEN,MF,Everton,Premier League,36,1989,24,24,2008,22.3,2,3,5,2,0,0,1,1,0.22,,1.37,,,,,,,,,,,,28,7,25.0,1.25,0.31,0.07,0.29,84,67.6,84.0,16,0,,0,1.38,26,25,1,0.04,0.04,0,20,31,0,19,29,21,0,1.2556053811659191,0.25,2.242152466367713,0.8968609865470851,0.852017937219731,0.17937219730941703,0.04,0.0,0.0,0.0,1.1210762331838564,1.1659192825112108,0.13452914798206278,0.0,1.390134529147982,0.9417040358744394,1.3004484304932735,67.6
Sascha Britschgi,SUI,MF,Parma,Serie A,19,2006,27,21,2008,22.3,0,2,2,0,0,0,4,0,0.09,,1.37,,,,,,,,,,,,13,3,23.1,0.58,0.13,0.0,0.0,74,67.6,86.0,16,6,32.0,4,1.3,17,27,-10,-0.45,0.11,0,15,22,0,47,8,18,0,0.5829596412556054,0.23076923076923078,1.1659192825112108,0.6726457399103138,2.10762331838565,0.17937219730941703,-0.45,0.0,0.0,0.0,1.210762331838565,0.7623318385650224,0.08968609865470852,0.0,0.9865470852017937,0.8071748878923767,0.35874439461883406,67.6
Albert Guðmundsson,ISL,FW,Fiorentina,Serie A,28,1997,28,24,2008,22.3,5,4,9,2,3,3,3,1,0.27,,1.37,,,,,,,,,,,,35,13,37.1,1.57,0.58,0.06,0.15,72,67.6,79.0,8,4,31.0,2,0.96,27,25,2,0.09,0.93,0,31,27,5,48,2,4,0,1.569506726457399,0.37142857142857144,0.26905829596412556,1.390134529147982,2.1524663677130045,0.26905829596412556,0.09,0.0,0.0,0.0,1.1210762331838564,1.210762331838565,0.17937219730941703,0.22421524663677128,1.210762331838565,0.17937219730941703,0.08968609865470852,67.6
Vitinha,POR,MF,Paris Saint-Germain,Ligue 1,26,2000,27,23,2007,22.3,1,7,8,1,0,0,2,0,0.36,,1.37,,,,,,,,,,,,32,10,31.3,1.43,0.45,0.03,0.1,74,79.6,82.0,18,4,32.0,1,2.3,48,19,29,1.3,-0.1,0,13,19,0,21,24,19,0,1.4349775784753362,0.3125,1.9282511210762332,0.5829596412556054,0.9417040358744394,0.08968609865470852,1.3,0.0,0.0,0.0,0.852017937219731,2.1524663677130045,0.3139013452914798,0.0,0.852017937219731,0.852017937219731,1.0762331838565022,79.6
Laurent Abergel,FRA,MF,Lorient,Ligue 1,33,1993,24,23,2004,22.3,1,0,1,1,0,0,6,0,0.04,,1.37,,,,,,,,,,,,20,5,25.0,0.9,0.22,0.05,0.2,84,74.2,86.0,17,1,22.0,0,1.46,32,36,-4,-0.18,-0.18,0,23,23,0,9,25,22,0,0.8968609865470851,0.25,2.10762331838565,1.0313901345291479,0.40358744394618834,0.26905829596412556,-0.18,0.0,0.0,0.0,1.6143497757847534,1.4349775784753362,0.0,0.0,1.0313901345291479,0.9865470852017937,1.1210762331838564,74.2
Bazoumana Touré,CIV,MF,Hoffenheim,Bundesliga,20,2006,26,25,2003,22.3,3,8,11,3,0,0,2,0,0.49,,1.37,,,,,,,,,,,,37,9,24.3,1.66,0.4,0.08,0.33,77,74.2,79.0,9,1,27.0,3,1.69,43,38,5,0.22,-1.07,0,38,25,8,101,6,19,0,1.6591928251121075,0.24324324324324326,1.1210762331838564,1.704035874439462,4.5291479820627805,0.08968609865470852,0.22,0.0,0.0,0.0,1.704035874439462,1.9282511210762332,0.35874439461883406,0.35874439461883406,1.1210762331838564,0.852017937219731,0.26905829596412556,74.2
Yankuba Minteh,GAM,MF,Brighton,Premier League,21,2004,29,22,2001,22.2,2,4,6,2,0,0,2,0,0.27,,1.37,,,,,,,,,,,,37,10,27.0,1.66,0.45,0.05,0.2,69,67.4,83.0,9,7,27.0,2,1.28,33,29,4,0.18,-0.01,0,26,21,10,118,13,31,0,1.6666666666666667,0.2702702702702703,1.981981981981982,1.1711711711711712,5.315315315315315,0.0900900900900901,0.18,0.0,0.0,0.0,1.3063063063063063,1.4864864864864866,0.1801801801801802,0.45045045045045046,0.9459459459459459,1.3963963963963963,0.5855855855855856,67.4
Nicolò Zaniolo,ITA,FW,Udinese,Serie A,26,1999,29,25,2000,22.2,5,6,11,5,0,0,8,0,0.5,,1.37,,,,,,,,,,,,62,19,30.6,2.79,0.86,0.08,0.26,69,67.3,76.0,8,4,23.0,0,1.24,23,24,-1,-0.05,0.33,0,58,52,4,105,4,18,0,2.7927927927927927,0.3064516129032258,0.990990990990991,2.6126126126126126,4.72972972972973,0.3603603603603604,-0.05,0.0,0.0,0.0,1.0810810810810811,1.0360360360360361,0.2702702702702703,0.1801801801801802,2.3423423423423424,0.8108108108108109,0.1801801801801802,67.3
Corentin Tolisso,FRA,MF,Lyon,Ligue 1,31,1994,26,23,1999,22.2,8,1,9,7,1,2,4,0,0.36,,1.37,,,,,,,,,,,,45,23,51.1,2.03,1.04,0.16,0.3,77,74.0,83.0,14,3,30.0,0,1.62,35,23,12,0.54,0.16,0,39,48,3,41,15,18,0,2.027027027027027,0.5111111111111111,1.4864864864864866,1.7567567567567568,1.8468468468468469,0.1801801801801802,0.54,0.0,0.0,0.0,1.0360360360360361,1.5765765765765767,0.04504504504504505,0.13513513513513514,2.1621621621621623,0.8108108108108109,0.6756756756756757,74.0
Bukayo Saka,ENG,FW,Arsenal,Premier League,24,2001,27,22,1998,22.2,6,3,9,5,1,1,1,0,0.36,,1.37,,,,,,,,,,,,63,26,41.3,2.84,1.17,0.08,0.19,74,67.3,84.0,14,5,31.0,0,2.26,42,16,26,1.17,0.15,0,28,51,14,111,14,15,0,2.8378378378378377,0.4126984126984127,1.3063063063063063,1.2612612612612613,5.0,0.04504504504504505,1.17,0.0,0.0,0.0,0.7207207207207208,1.8918918918918919,0.13513513513513514,0.6306306306306306,2.2972972972972974,0.6756756756756757,0.6306306306306306,67.3
Axel Witsel,BEL,MF,Girona,La Liga,37,1989,25,23,1998,22.2,1,2,3,1,0,0,2,1,0.14,,1.37,,,,,,,,,,,,19,5,26.3,0.86,0.23,0.05,0.2,80,71.6,84.0,17,2,28.0,1,1.2,26,31,-5,-0.23,0.57,1,31,27,0,1,25,20,0,0.8558558558558559,0.2631578947368421,2.027027027027027,1.3963963963963963,0.04504504504504505,0.22522522522522523,-0.23,0.0,0.0,0.0,1.3963963963963963,1.1711711711711712,0.0900900900900901,0.0,1.2162162162162162,0.9009009009009009,1.1261261261261262,71.6
Mohamed Salah,EGY,MF,Liverpool,Premier League,33,1992,24,21,1998,22.2,7,6,13,6,1,1,1,0,0.54,,1.37,,,,,,,,,,,,63,17,27.0,2.84,0.77,0.1,0.35,83,67.3,89.0,16,3,46.0,2,1.71,36,33,3,0.14,-0.61,0,10,16,13,104,3,12,0,2.8378378378378377,0.2698412698412698,0.6756756756756757,0.45045045045045046,4.684684684684685,0.04504504504504505,0.14,0.0,0.0,0.0,1.4864864864864866,1.6216216216216217,0.2702702702702703,0.5855855855855856,0.7207207207207208,0.5405405405405406,0.13513513513513514,67.3
Amad Diallo,CIV,MF,Manchester Utd,Premier League,23,2002,27,23,1997,22.2,2,2,4,2,0,0,2,0,0.18,,1.37,,,,,,,,,,,,45,18,40.0,2.03,0.81,0.04,0.11,74,67.2,83.0,15,4,20.0,0,1.93,43,29,14,0.63,0.72,0,19,34,11,41,13,21,0,2.027027027027027,0.4,1.5315315315315317,0.8558558558558559,1.8468468468468469,0.0900900900900901,0.63,0.0,0.0,0.0,1.3063063063063063,1.936936936936937,0.0900900900900901,0.4954954954954955,1.5315315315315317,0.9459459459459459,0.5855855855855856,67.2
Jean-Philippe Mateta,FRA,FW,Crystal Palace,Premier League,28,1997,26,23,1994,22.2,10,0,10,6,4,4,2,0,0.27,,1.37,,,,,,,,,,,,57,28,49.1,2.57,1.26,0.11,0.21,77,69.2,83.0,12,3,30.0,0,1.27,21,23,-2,-0.09,-0.19,0,18,18,16,10,6,4,0,2.5675675675675675,0.49122807017543857,0.45045045045045046,0.8108108108108109,0.45045045045045046,0.0900900900900901,-0.09,0.0,0.0,0.0,1.0360360360360361,0.9459459459459459,0.0,0.7207207207207208,0.8108108108108109,0.1801801801801802,0.2702702702702703,69.2
Andrej Ilic,SRB,FW,Union Berlin,Bundesliga,26,2000,28,21,1991,22.1,2,9,11,2,0,1,5,0,0.5,,1.37,,,,,,,,,,,,60,19,31.7,2.71,0.86,0.03,0.11,71,73.7,85.0,16,7,29.0,0,1.11,29,42,-13,-0.59,0.05,0,33,29,15,16,1,2,0,2.7149321266968323,0.31666666666666665,0.13574660633484162,1.4932126696832577,0.7239819004524887,0.2262443438914027,-0.59,0.0,0.0,0.0,1.9004524886877827,1.3122171945701357,0.4072398190045249,0.6787330316742081,1.3122171945701357,0.09049773755656108,0.04524886877828054,73.7
Gauthier Hein,FRA,MF,Metz,Ligue 1,29,1996,25,22,1991,22.1,6,5,11,2,4,4,3,1,0.32,,1.37,,,,,,,,,,,,33,10,30.3,1.49,0.45,0.06,0.2,80,73.7,87.0,15,3,29.0,0,0.44,23,52,-29,-1.31,-0.04,1,15,14,3,113,7,7,0,1.4932126696832577,0.30303030303030304,0.6334841628959276,0.6787330316742081,5.113122171945701,0.27149321266968324,-1.31,0.0,0.0,0.0,2.352941176470588,1.0407239819004523,0.2262443438914027,0.13574660633484162,0.6334841628959276,0.3167420814479638,0.3167420814479638,73.7
Viktor Gyökeres,SWE,FW,Arsenal,Premier League,27,1998,31,24,1989,22.1,12,0,12,9,3,3,5,0,0.41,,1.37,,,,,,,,,,,,47,18,38.3,2.13,0.81,0.19,0.5,64,67.0,76.0,9,7,25.0,0,2.13,47,13,34,1.54,1.26,0,30,25,3,7,1,5,0,2.1266968325791855,0.3829787234042553,0.27149321266968324,1.3574660633484161,0.3167420814479638,0.2262443438914027,1.54,0.0,0.0,0.0,0.588235294117647,2.1266968325791855,0.0,0.13574660633484162,1.1312217194570136,0.2262443438914027,0.04524886877828054,67.0
Martin Frese,DEN,MF,Hellas Verona,Serie A,28,1998,26,22,1986,22.1,2,0,2,2,0,0,6,0,0.09,,1.37,,,,,,,,,,,,19,10,52.6,0.86,0.45,0.11,0.2,76,66.9,83.0,14,4,40.0,3,0.62,15,36,-21,-0.95,0.15,0,37,17,3,65,23,40,1,0.8597285067873303,0.5263157894736842,2.850678733031674,1.67420814479638,2.941176470588235,0.27149321266968324,-0.95,0.0,0.0,0.0,1.6289592760180995,0.6787330316742081,0.0,0.13574660633484162,0.7692307692307692,1.8099547511312215,1.0407239819004523,66.9
Danilo Cataldi,ITA,MF,Lazio,Serie A,31,1994,27,24,1985,22.1,3,3,6,1,2,2,6,0,0.18,,1.37,,,,,,,,,,,,26,7,26.9,1.18,0.32,0.04,0.14,74,66.8,77.0,13,3,42.0,2,1.37,24,26,-2,-0.09,-0.64,0,22,12,0,48,21,22,0,1.176470588235294,0.2692307692307692,1.9457013574660633,0.9954751131221719,2.171945701357466,0.27149321266968324,-0.09,0.0,0.0,0.0,1.176470588235294,1.085972850678733,0.13574660633484162,0.0,0.5429864253393665,0.9954751131221719,0.9502262443438914,66.8
Elisha Owusu,GHA,MF,Auxerre,Ligue 1,28,1997,25,23,1984,22.0,0,0,0,0,0,0,7,0,0.0,,1.37,,,,,,,,,,,,4,0,0.0,0.18,0.0,0.0,,79,73.5,85.0,15,2,15.0,0,0.8,17,26,-9,-0.41,0.22,0,36,20,0,1,17,41,0,0.18181818181818182,0.0,2.6363636363636362,1.6363636363636365,0.045454545454545456,0.3181818181818182,-0.41,0.0,0.0,0.0,1.1818181818181819,0.7727272727272727,0.0,0.0,0.9090909090909091,1.8636363636363635,0.7727272727272727,73.5
Arthur Avom,CMR,MF,Lorient,Ligue 1,21,2004,27,21,1984,22.0,1,1,2,1,0,0,3,0,0.09,,1.37,,,,,,,,,,,,20,5,25.0,0.91,0.23,0.05,0.2,73,73.5,87.0,17,6,25.0,1,1.33,26,27,-1,-0.05,0.33,0,20,35,0,41,26,31,1,0.9090909090909091,0.25,2.590909090909091,0.9090909090909091,1.8636363636363635,0.13636363636363635,-0.05,0.0,0.0,0.0,1.2272727272727273,1.1818181818181819,0.045454545454545456,0.0,1.5909090909090908,1.4090909090909092,1.1818181818181819,73.5
Fabian Rieder,SUI,MF,Augsburg,Bundesliga,24,2002,28,24,1983,22.0,6,3,9,4,2,2,4,0,0.32,,1.37,,,,,,,,,,,,37,13,35.1,1.68,0.59,0.11,0.31,71,73.4,80.0,12,4,13.0,0,1.18,29,46,-17,-0.77,-0.9,0,41,32,2,91,10,17,0,1.6818181818181819,0.35135135135135137,1.2272727272727273,1.8636363636363635,4.136363636363637,0.18181818181818182,-0.77,0.0,0.0,0.0,2.090909090909091,1.3181818181818181,0.13636363636363635,0.09090909090909091,1.4545454545454546,0.7727272727272727,0.45454545454545453,73.4
Christian Kabasele,BEL,DF,Udinese,Serie A,35,1991,26,24,1982,22.0,3,0,3,3,0,0,4,0,0.14,,1.37,,,,,,,,,,,,9,6,66.7,0.41,0.27,0.33,0.5,76,66.7,82.0,16,2,9.0,7,1.27,25,25,0,0.0,0.46,0,28,21,1,0,29,11,0,0.4090909090909091,0.6666666666666666,1.8181818181818181,1.2727272727272727,0.0,0.18181818181818182,0.0,0.0,0.0,0.0,1.1363636363636365,1.1363636363636365,0.0,0.045454545454545456,0.9545454545454546,0.5,1.3181818181818181,66.7
Yehvann Diouf,SEN,GK,Nice,Ligue 1,26,1999,22,22,1980,22.0,0,0,0,0,0,0,1,0,0.0,41.0,1.86,112.0,77.0,67.9,6.0,4.0,12.0,4.0,18.2,5.0,1.0,1.0,0,0,,0.0,0.0,,,90,73.3,90.0,22,0,,6,1.0,23,41,-18,-0.82,-0.32,0,0,4,0,0,2,0,0,0.0,0.0,0.09090909090909091,0.0,0.0,0.045454545454545456,-0.82,0.18181818181818182,0.2,5.090909090909091,1.8636363636363635,1.0454545454545454,0.0,0.0,0.18181818181818182,0.0,0.09090909090909091,73.3
Gideon Mensah,GHA,DF,Auxerre,Ligue 1,27,1998,26,22,1980,22.0,0,1,1,0,0,0,7,0,0.05,,1.37,,,,,,,,,,,,1,0,0.0,0.05,0.0,0.0,,76,73.3,86.0,13,4,22.0,2,0.85,18,23,-5,-0.23,0.9,0,30,31,1,52,23,32,0,0.045454545454545456,0.0,2.5,1.3636363636363635,2.3636363636363638,0.3181818181818182,-0.23,0.0,0.0,0.0,1.0454545454545454,0.8181818181818182,0.045454545454545456,0.045454545454545456,1.4090909090909092,1.4545454545454546,1.0454545454545454,73.3
Álvaro Vallés,ESP,GK,Real Betis,La Liga,28,1997,22,22,1980,22.0,0,0,0,0,0,0,1,0,0.0,27.0,1.23,88.0,64.0,71.6,7.0,11.0,4.0,7.0,31.8,2.0,1.0,1.0,0,0,,0.0,0.0,,,90,71.0,90.0,22,0,,9,1.45,32,27,5,0.23,0.01,0,0,3,0,0,0,0,0,0.0,0.0,0.0,0.0,0.0,0.045454545454545456,0.23,0.3181818181818182,0.5,4.0,1.2272727272727273,1.4545454545454546,0.0,0.0,0.13636363636363635,0.0,0.0,71.0
Danny Welbeck,ENG,FW,Brighton,Premier League,35,1990,32,22,1974,21.9,12,0,12,11,1,3,5,0,0.5,,1.37,,,,,,,,,,,,49,24,49.0,2.23,1.09,0.22,0.46,62,66.5,81.0,7,10,19.0,0,1.44,29,23,6,0.27,0.27,0,23,8,4,3,8,11,0,2.2374429223744294,0.4897959183673469,0.8675799086757991,1.0502283105022832,0.13698630136986303,0.22831050228310504,0.27,0.0,0.0,0.0,1.0502283105022832,1.3242009132420092,0.0,0.18264840182648404,0.36529680365296807,0.5022831050228311,0.36529680365296807,66.5
Antony,BRA,MF,Real Betis,La Liga,26,2000,26,24,1974,21.9,7,5,12,7,0,0,5,1,0.55,,1.37,,,,,,,,,,,,68,28,41.2,3.1,1.28,0.1,0.25,76,70.8,80.0,10,2,27.0,0,1.46,34,30,4,0.18,-0.15,0,14,37,1,56,18,17,0,3.1050228310502286,0.4117647058823529,1.5981735159817352,0.6392694063926941,2.5570776255707766,0.36529680365296807,0.18,0.0,0.0,0.0,1.3698630136986303,1.5525114155251143,0.22831050228310504,0.04566210045662101,1.6894977168949772,0.7762557077625571,0.8219178082191781,70.8
Alberto Moleiro,ESP,MF,Villarreal,La Liga,22,2003,30,25,1973,21.9,9,4,13,9,0,0,3,0,0.59,,1.37,,,,,,,,,,,,41,18,43.9,1.87,0.82,0.22,0.5,66,70.7,75.0,5,5,21.0,1,2.03,40,22,18,0.82,0.6,0,29,22,3,20,9,15,0,1.8721461187214614,0.43902439024390244,1.0958904109589043,1.3242009132420092,0.9132420091324202,0.13698630136986303,0.82,0.0,0.0,0.0,1.0045662100456623,1.8264840182648403,0.18264840182648404,0.13698630136986303,1.0045662100456623,0.6849315068493151,0.4109589041095891,70.7
Benjamin André,FRA,MF,Lille,Ligue 1,35,1990,23,22,1972,21.9,2,2,4,2,0,0,7,0,0.18,,1.37,,,,,,,,,,,,22,4,18.2,1.0,0.18,0.09,0.5,86,73.0,89.0,19,1,18.0,0,1.96,35,17,18,0.82,1.19,0,31,34,2,18,26,34,0,1.0045662100456623,0.18181818181818182,2.7397260273972606,1.4155251141552512,0.8219178082191781,0.31963470319634707,0.82,0.0,0.0,0.0,0.7762557077625571,1.5981735159817352,0.09132420091324202,0.09132420091324202,1.5525114155251143,1.5525114155251143,1.1872146118721463,73.0
César Tárrega,ESP,DF,Valencia,La Liga,24,2002,25,22,1968,21.9,0,0,0,0,0,0,5,0,0.0,,1.37,,,,,,,,,,,,8,1,12.5,0.37,0.05,0.0,0.0,79,70.5,87.0,21,3,16.0,4,1.16,23,32,-9,-0.41,-0.08,0,31,10,0,0,17,20,1,0.36529680365296807,0.125,1.6894977168949772,1.4155251141552512,0.0,0.22831050228310504,-0.41,0.0,0.0,0.0,1.4611872146118723,1.0502283105022832,0.0,0.0,0.4566210045662101,0.9132420091324202,0.7762557077625571,70.5
Nick Pope,ENG,GK,Newcastle United,Premier League,34,1992,22,22,1966,21.8,0,0,0,0,0,0,1,0,0.0,32.0,1.46,97.0,67.0,69.1,8.0,4.0,10.0,7.0,31.8,2.0,0.0,0.0,1,1,100.0,0.05,0.05,0.0,0.0,89,66.2,89.0,21,0,,6,1.27,30,32,-2,-0.09,0.0,0,0,2,0,0,0,1,0,0.04587155963302752,1.0,0.04587155963302752,0.0,0.0,0.04587155963302752,-0.09,0.3181818181818182,0.0,4.4495412844036695,1.4678899082568806,1.3761467889908257,0.0,0.0,0.09174311926605504,0.04587155963302752,0.0,66.2
Jonas Föhrenbach,GER,DF,Heidenheim,Bundesliga,30,1996,23,21,1965,21.8,1,1,2,1,0,0,3,0,0.09,,1.37,,,,,,,,,,,,6,1,16.7,0.27,0.05,0.17,1.0,85,72.8,87.0,18,2,65.0,4,0.78,26,45,-19,-0.87,0.84,0,16,16,1,78,28,20,0,0.27522935779816515,0.16666666666666666,2.2018348623853212,0.7339449541284403,3.5779816513761467,0.13761467889908258,-0.87,0.0,0.0,0.0,2.0642201834862384,1.1926605504587156,0.04587155963302752,0.04587155963302752,0.7339449541284403,0.9174311926605504,1.2844036697247705,72.8
Adama Camara,FRA,MF,Paris FC,Ligue 1,29,1996,26,24,1965,21.8,1,0,1,1,0,0,8,0,0.05,,1.37,,,,,,,,,,,,16,4,25.0,0.73,0.18,0.06,0.25,76,72.8,79.0,8,2,29.0,3,1.42,25,32,-7,-0.32,-0.44,0,25,17,0,11,30,26,0,0.7339449541284403,0.25,2.568807339449541,1.146788990825688,0.5045871559633027,0.36697247706422015,-0.32,0.0,0.0,0.0,1.4678899082568806,1.146788990825688,0.0,0.0,0.7798165137614679,1.1926605504587156,1.3761467889908257,72.8
Edu Expósito,ESP,MF,Espanyol,La Liga,29,1996,29,25,1965,21.8,1,6,7,1,0,0,7,0,0.32,,1.37,,,,,,,,,,,,33,9,27.3,1.51,0.41,0.03,0.11,68,70.4,75.0,6,4,26.0,1,1.17,27,31,-4,-0.18,0.58,0,20,35,2,212,18,22,0,1.5137614678899083,0.2727272727272727,1.8348623853211008,0.9174311926605504,9.724770642201834,0.3211009174311926,-0.18,0.0,0.0,0.0,1.4220183486238531,1.238532110091743,0.27522935779816515,0.09174311926605504,1.6055045871559632,1.0091743119266054,0.8256880733944953,70.4
Kelvin Amian,FRA,DF,Nantes,Ligue 1,28,1998,23,22,1961,21.8,0,1,1,0,0,0,3,0,0.05,,1.37,,,,,,,,,,,,10,2,20.0,0.46,0.09,0.0,0.0,85,75.1,89.0,21,1,1.0,2,0.65,21,40,-19,-0.87,-0.59,0,23,18,2,29,8,18,0,0.4587155963302752,0.2,1.1926605504587156,1.055045871559633,1.3302752293577982,0.13761467889908258,-0.87,0.0,0.0,0.0,1.8348623853211008,0.963302752293578,0.04587155963302752,0.09174311926605504,0.8256880733944953,0.8256880733944953,0.36697247706422015,75.1
Nicolas Pépé,CIV,MF,Villarreal,La Liga,30,1995,30,21,1959,21.8,5,4,9,5,0,0,3,0,0.41,,1.37,,,,,,,,,,,,52,20,38.5,2.39,0.92,0.1,0.25,65,70.2,82.0,10,9,25.0,1,1.93,41,29,12,0.55,-0.32,0,18,34,14,67,12,18,0,2.385321100917431,0.38461538461538464,1.3761467889908257,0.8256880733944953,3.073394495412844,0.13761467889908258,0.55,0.0,0.0,0.0,1.3302752293577982,1.8807339449541285,0.18348623853211007,0.6422018348623852,1.5596330275229358,0.8256880733944953,0.5504587155963303,70.2
Daniel Muñoz,COL,MF,Crystal Palace,Premier League,29,1996,23,23,1958,21.8,3,2,5,3,0,0,6,0,0.23,,1.37,,,,,,,,,,,,21,9,42.9,0.97,0.41,0.14,0.33,85,68.0,85.0,19,0,,0,1.61,26,21,5,0.23,0.82,0,32,16,6,56,22,37,0,0.963302752293578,0.42857142857142855,2.706422018348624,1.4678899082568806,2.568807339449541,0.27522935779816515,0.23,0.0,0.0,0.0,0.963302752293578,1.1926605504587156,0.09174311926605504,0.27522935779816515,0.7339449541284403,1.6972477064220184,1.0091743119266054,68.0
Marcus Pedersen,NOR,MF,Torino,Serie A,25,2000,26,21,1958,21.8,0,2,2,0,0,0,3,0,0.09,,1.37,,,,,,,,,,,,13,2,15.4,0.6,0.09,0.0,0.0,75,65.9,86.0,15,5,32.0,4,1.19,27,31,-4,-0.18,0.97,0,31,6,3,97,10,12,0,0.5963302752293578,0.15384615384615385,1.0091743119266054,1.4220183486238531,4.4495412844036695,0.13761467889908258,-0.18,0.0,0.0,0.0,1.4220183486238531,1.238532110091743,0.09174311926605504,0.13761467889908258,0.27522935779816515,0.5504587155963303,0.4587155963302752,65.9
Pol Lozano,ESP,MF,Espanyol,La Liga,26,1999,28,25,1957,21.7,2,1,3,2,0,0,8,0,0.14,,1.37,,,,,,,,,,,,16,5,31.3,0.74,0.23,0.13,0.4,70,70.1,76.0,9,3,21.0,2,1.32,26,34,-8,-0.37,-0.04,0,57,25,0,26,22,17,0,0.7373271889400922,0.3125,1.7972350230414746,2.6267281105990783,1.19815668202765,0.3686635944700461,-0.37,0.0,0.0,0.0,1.566820276497696,1.19815668202765,0.04608294930875576,0.0,1.1520737327188941,0.783410138248848,1.0138248847926268,70.1
Ilaix Moriba,GUI,MF,Celta Vigo,La Liga,23,2003,30,20,1955,21.7,1,2,3,1,0,0,5,0,0.14,,1.37,,,,,,,,,,,,16,4,25.0,0.74,0.18,0.06,0.25,65,70.1,85.0,16,10,25.0,0,1.47,33,25,8,0.37,0.8,0,26,47,0,2,13,36,0,0.7373271889400922,0.25,2.2580645161290325,1.19815668202765,0.09216589861751152,0.2304147465437788,0.37,0.0,0.0,0.0,1.1520737327188941,1.5207373271889402,0.09216589861751152,0.0,2.165898617511521,1.6589861751152075,0.599078341013825,70.1
Iván Romero,ESP,FW,Levante,La Liga,25,2001,27,24,1953,21.7,5,1,6,5,0,1,4,0,0.28,,1.37,,,,,,,,,,,,54,15,27.8,2.49,0.69,0.09,0.33,72,70.0,78.0,3,3,31.0,3,1.04,22,28,-6,-0.28,0.69,0,34,64,7,16,10,21,0,2.488479262672811,0.2777777777777778,1.4285714285714286,1.566820276497696,0.7373271889400922,0.18433179723502305,-0.28,0.0,0.0,0.0,1.2903225806451613,1.0138248847926268,0.04608294930875576,0.3225806451612903,2.9493087557603688,0.967741935483871,0.4608294930875576,70.0
Roberto Férnandez,ESP,FW,Espanyol,La Liga,23,2002,31,20,1953,21.7,6,2,8,5,1,1,3,0,0.32,,1.37,,,,,,,,,,,,49,20,40.8,2.26,0.92,0.1,0.25,63,70.0,81.0,10,11,30.0,0,1.23,24,31,-7,-0.32,0.11,0,31,35,6,8,5,2,0,2.2580645161290325,0.40816326530612246,0.3225806451612903,1.4285714285714286,0.3686635944700461,0.1382488479262673,-0.32,0.0,0.0,0.0,1.4285714285714286,1.1059907834101383,0.09216589861751152,0.2764976958525346,1.6129032258064517,0.09216589861751152,0.2304147465437788,70.0
Castello Lukeba,FRA,DF,RB Leipzig,Bundesliga,23,2002,23,22,1951,21.7,1,0,1,1,0,0,2,0,0.05,,1.37,,,,,,,,,,,,8,2,25.0,0.37,0.09,0.13,0.5,85,72.3,88.0,20,1,9.0,2,2.0,46,26,20,0.92,0.68,0,10,8,1,3,30,11,0,0.3686635944700461,0.25,1.8894009216589862,0.4608294930875576,0.1382488479262673,0.09216589861751152,0.92,0.0,0.0,0.0,1.19815668202765,2.119815668202765,0.0,0.04608294930875576,0.3686635944700461,0.5069124423963134,1.3824884792626728,72.3
Jarell Quansah,ENG,DF,Leverkusen,Bundesliga,23,2003,24,21,1950,21.7,3,0,3,3,0,0,9,0,0.14,,1.37,,,,,,,,,,,,12,6,50.0,0.55,0.28,0.25,0.5,81,72.2,88.0,19,3,31.0,2,1.54,36,28,8,0.37,-0.95,0,18,20,1,21,21,19,0,0.5529953917050692,0.5,1.8433179723502304,0.8294930875576038,0.967741935483871,0.4147465437788019,0.37,0.0,0.0,0.0,1.2903225806451613,1.6589861751152075,0.0,0.04608294930875576,0.9216589861751152,0.8755760368663594,0.967741935483871,72.2
Arijon Ibrahimović,GER,MF,Heidenheim,Bundesliga,20,2005,28,22,1949,21.7,1,2,3,0,1,1,2,0,0.09,,1.37,,,,,,,,,,,,42,17,40.5,1.94,0.79,0.0,0.0,70,72.2,79.0,10,6,35.0,0,0.64,23,44,-21,-0.97,0.47,0,12,25,5,116,19,15,0,1.935483870967742,0.40476190476190477,1.566820276497696,0.5529953917050692,5.345622119815668,0.09216589861751152,-0.97,0.0,0.0,0.0,2.0276497695852536,1.0599078341013826,0.09216589861751152,0.2304147465437788,1.1520737327188941,0.6912442396313364,0.8755760368663594,72.2
Rômulo,BRA,FW,RB Leipzig,Bundesliga,24,2002,26,24,1949,21.7,8,4,12,8,0,1,3,0,0.55,,1.37,,,,,,,,,,,,56,24,42.9,2.59,1.11,0.14,0.33,75,72.2,78.0,3,2,37.0,0,2.0,42,23,19,0.88,0.52,0,18,20,6,0,10,17,1,2.5806451612903225,0.42857142857142855,1.2442396313364055,0.8294930875576038,0.0,0.1382488479262673,0.88,0.0,0.0,0.0,1.0599078341013826,1.935483870967742,0.18433179723502305,0.2764976958525346,0.9216589861751152,0.783410138248848,0.4608294930875576,72.2
Kristoffer Lund,USA,DF,Köln,Bundesliga,23,2002,29,22,1948,21.6,0,1,1,0,0,0,2,0,0.05,,1.37,,,,,,,,,,,,19,3,15.8,0.88,0.14,0.0,0.0,67,72.1,81.0,11,7,24.0,1,1.07,31,36,-5,-0.23,0.01,0,12,34,3,80,27,24,0,0.8796296296296295,0.15789473684210525,2.361111111111111,0.5555555555555555,3.7037037037037033,0.09259259259259259,-0.23,0.0,0.0,0.0,1.6666666666666665,1.4351851851851851,0.046296296296296294,0.13888888888888887,1.574074074074074,1.111111111111111,1.25,72.1
Ibrahim Sangaré,CIV,MF,Nottingham Forest,Premier League,28,1997,25,23,1945,21.6,2,2,4,2,0,0,5,0,0.19,,1.37,,,,,,,,,,,,16,5,31.3,0.74,0.23,0.13,0.4,78,65.5,84.0,16,2,8.0,3,1.32,26,24,2,0.09,1.06,0,39,17,0,8,18,29,0,0.7407407407407407,0.3125,2.1759259259259256,1.8055555555555554,0.37037037037037035,0.23148148148148145,0.09,0.0,0.0,0.0,1.111111111111111,1.2037037037037037,0.09259259259259259,0.0,0.787037037037037,1.3425925925925926,0.8333333333333333,65.5
Lautaro Martínez,ARG,FW,Inter,Serie A,28,1997,26,24,1945,21.6,16,4,20,16,0,0,3,0,0.93,,1.37,,,,,,,,,,,,86,35,40.7,3.98,1.62,0.19,0.46,75,65.5,79.0,4,2,23.0,2,2.46,55,18,37,1.71,0.66,0,41,43,8,16,4,10,0,3.9814814814814814,0.4069767441860465,0.6481481481481481,1.898148148148148,0.7407407407407407,0.13888888888888887,1.71,0.0,0.0,0.0,0.8333333333333333,2.5462962962962963,0.18518518518518517,0.37037037037037035,1.9907407407407407,0.4629629629629629,0.18518518518518517,65.5
Romain Perraud,FRA,DF,Lille,Ligue 1,28,1997,26,23,1944,21.6,3,3,6,3,0,0,4,1,0.28,,1.37,,,,,,,,,,,,29,12,41.4,1.34,0.56,0.1,0.25,75,72.0,83.0,13,3,12.0,2,1.85,40,24,16,0.74,0.86,0,20,40,1,109,22,29,0,1.3425925925925926,0.41379310344827586,2.361111111111111,0.9259259259259258,5.046296296296296,0.32407407407407407,0.74,0.0,0.0,0.0,1.111111111111111,1.8518518518518516,0.13888888888888887,0.046296296296296294,1.8518518518518516,1.3425925925925926,1.0185185185185184,72.0
Jacques Ekomie,GAB,DF,Angers,Ligue 1,22,2003,28,22,1943,21.6,0,0,0,0,0,0,3,0,0.0,,1.37,,,,,,,,,,,,8,3,37.5,0.37,0.14,0.0,0.0,69,72.0,83.0,14,6,19.0,0,1.21,19,28,-9,-0.42,0.18,0,27,29,3,53,28,27,0,0.37037037037037035,0.375,2.5462962962962963,1.25,2.4537037037037037,0.13888888888888887,-0.42,0.0,0.0,0.0,1.2962962962962963,0.8796296296296295,0.0,0.13888888888888887,1.3425925925925926,1.25,1.2962962962962963,72.0
Vladyslav Vanat,UKR,FW,Girona,La Liga,24,2002,27,27,1942,21.6,9,1,10,6,3,3,4,0,0.32,,1.37,,,,,,,,,,,,27,18,66.7,1.25,0.83,0.22,0.33,72,69.6,72.0,7,0,,0,1.37,21,26,-5,-0.23,0.51,0,28,17,20,5,3,3,0,1.25,0.6666666666666666,0.27777777777777773,1.2962962962962963,0.23148148148148145,0.18518518518518517,-0.23,0.0,0.0,0.0,1.2037037037037037,0.9722222222222222,0.046296296296296294,0.9259259259259258,0.787037037037037,0.13888888888888887,0.13888888888888887,69.6
Éderson,BRA,MF,Atalanta,Serie A,26,1999,26,23,1942,21.6,1,0,1,0,1,1,2,0,0.0,,1.37,,,,,,,,,,,,32,9,28.1,1.48,0.42,0.0,0.0,75,65.4,80.0,13,3,31.0,2,1.62,27,15,12,0.56,0.21,0,31,34,2,11,23,30,0,1.4814814814814814,0.28125,2.4537037037037037,1.4351851851851851,0.5092592592592592,0.09259259259259259,0.56,0.0,0.0,0.0,0.6944444444444444,1.25,0.0,0.09259259259259259,1.574074074074074,1.3888888888888888,1.0648148148148147,65.4
Nicolas Cozza,FRA,DF,Nantes,Ligue 1,27,1999,25,21,1941,21.6,0,0,0,0,0,0,1,0,0.0,,1.37,,,,,,,,,,,,6,2,33.3,0.28,0.09,0.0,0.0,78,74.4,88.0,16,4,23.0,4,0.72,15,30,-15,-0.7,0.11,0,16,26,0,20,18,19,0,0.27777777777777773,0.3333333333333333,1.7129629629629628,0.7407407407407407,0.9259259259259258,0.046296296296296294,-0.7,0.0,0.0,0.0,1.3888888888888888,0.6944444444444444,0.0,0.0,1.2037037037037037,0.8796296296296295,0.8333333333333333,74.4
Arda Güler,TUR,MF,Real Madrid,La Liga,21,2005,31,24,1940,21.6,4,8,12,4,0,0,1,0,0.56,,1.37,,,,,,,,,,,,48,19,39.6,2.23,0.88,0.08,0.21,63,69.5,73.0,3,7,28.0,0,2.26,40,20,20,0.93,-0.77,0,21,29,3,126,7,27,0,2.222222222222222,0.3958333333333333,1.574074074074074,0.9722222222222222,5.833333333333333,0.046296296296296294,0.93,0.0,0.0,0.0,0.9259259259259258,1.8518518518518516,0.37037037037037035,0.13888888888888887,1.3425925925925926,1.25,0.32407407407407407,69.5
Illia Zabarnyi,UKR,DF,Paris Saint-Germain,Ligue 1,23,2002,23,21,1937,21.5,1,0,1,1,0,0,4,0,0.05,,1.37,,,,,,,,,,,,4,3,75.0,0.19,0.14,0.25,0.33,84,76.9,89.0,20,2,34.0,4,2.22,47,23,24,1.12,-0.89,0,16,4,0,0,15,16,0,0.18604651162790697,0.75,1.441860465116279,0.7441860465116279,0.0,0.18604651162790697,1.12,0.0,0.0,0.0,1.069767441860465,2.186046511627907,0.0,0.0,0.18604651162790697,0.7441860465116279,0.6976744186046512,76.9
Marco Grüll,AUT,MF,Werder Bremen,Bundesliga,27,1998,30,23,1936,21.5,3,1,4,3,0,0,5,0,0.19,,1.37,,,,,,,,,,,,40,12,30.0,1.86,0.56,0.08,0.25,65,71.7,77.0,6,7,24.0,0,1.03,21,36,-15,-0.7,-0.34,0,31,27,1,60,13,20,0,1.8604651162790697,0.3,1.5348837209302326,1.441860465116279,2.7906976744186047,0.23255813953488372,-0.7,0.0,0.0,0.0,1.6744186046511629,0.9767441860465116,0.046511627906976744,0.046511627906976744,1.255813953488372,0.9302325581395349,0.6046511627906976,71.7
Danel Sinani,LUX,MF,St Pauli,Bundesliga,29,1997,27,21,1935,21.5,5,3,8,2,3,3,4,0,0.23,,1.37,,,,,,,,,,,,46,18,39.1,2.14,0.84,0.04,0.11,72,71.7,85.0,15,6,26.0,1,0.85,18,39,-21,-0.98,-0.51,0,37,27,10,126,5,15,0,2.13953488372093,0.391304347826087,0.9302325581395349,1.7209302325581395,5.8604651162790695,0.18604651162790697,-0.98,0.0,0.0,0.0,1.813953488372093,0.8372093023255814,0.13953488372093023,0.46511627906976744,1.255813953488372,0.6976744186046512,0.23255813953488372,71.7
James Sands,USA,MF,St Pauli,Bundesliga,25,2000,24,23,1934,21.5,1,0,1,1,0,0,4,0,0.05,,1.37,,,,,,,,,,,,16,4,25.0,0.74,0.19,0.06,0.25,81,71.6,84.0,15,1,11.0,0,1.0,17,34,-17,-0.79,0.15,0,26,38,0,9,41,23,0,0.7441860465116279,0.25,2.9767441860465116,1.2093023255813953,0.4186046511627907,0.18604651162790697,-0.79,0.0,0.0,0.0,1.5813953488372092,0.7906976744186046,0.0,0.0,1.7674418604651163,1.069767441860465,1.9069767441860466,71.6
Igor Jesus,BRA,FW,Nottingham Forest,Premier League,25,2001,32,23,1932,21.5,4,3,7,4,0,0,0,0,0.33,,1.37,,,,,,,,,,,,59,14,23.7,2.75,0.65,0.07,0.29,60,65.1,75.0,4,9,24.0,0,1.13,26,32,-6,-0.28,-0.02,0,35,35,11,9,2,14,0,2.744186046511628,0.23728813559322035,0.7441860465116279,1.627906976744186,0.4186046511627907,0.0,-0.28,0.0,0.0,0.0,1.4883720930232558,1.2093023255813953,0.13953488372093023,0.5116279069767442,1.627906976744186,0.6511627906976745,0.09302325581395349,65.1
Jules Koundé,FRA,DF,Barcelona,La Liga,27,1998,26,20,1932,21.5,1,3,4,1,0,0,4,0,0.19,,1.37,,,,,,,,,,,,12,3,25.0,0.56,0.14,0.08,0.33,74,69.2,89.0,17,6,26.0,2,2.46,60,20,40,1.86,0.39,0,19,22,2,32,27,21,0,0.5581395348837209,0.25,2.2325581395348837,0.8837209302325582,1.4883720930232558,0.18604651162790697,1.86,0.0,0.0,0.0,0.9302325581395349,2.7906976744186047,0.13953488372093023,0.09302325581395349,1.0232558139534884,0.9767441860465116,1.255813953488372,69.2
Stefano Moreo,ITA,FW,Pisa,Serie A,32,1993,32,24,1931,21.5,6,1,7,4,2,2,2,0,0.23,,1.37,,,,,,,,,,,,45,18,40.0,2.1,0.84,0.09,0.22,60,65.0,74.0,9,8,18.0,1,0.56,19,43,-24,-1.12,-0.08,0,22,17,5,22,17,9,0,2.0930232558139537,0.4,1.2093023255813953,1.0232558139534884,1.0232558139534884,0.09302325581395349,-1.12,0.0,0.0,0.0,2.0,0.8837209302325582,0.046511627906976744,0.23255813953488372,0.7906976744186046,0.4186046511627907,0.7906976744186046,65.0
Valentin Rosier,FRA,DF,Osasuna,La Liga,29,1996,24,23,1930,21.4,1,1,2,1,0,0,6,1,0.09,,1.37,,,,,,,,,,,,12,3,25.0,0.56,0.14,0.08,0.33,80,69.2,83.0,16,1,22.0,1,1.38,22,25,-3,-0.14,-0.35,1,28,13,3,37,34,24,0,0.5607476635514019,0.25,2.710280373831776,1.3084112149532712,1.7289719626168225,0.42056074766355145,-0.14,0.0,0.0,0.0,1.1682242990654206,1.0280373831775702,0.04672897196261683,0.14018691588785048,0.6074766355140188,1.1214953271028039,1.5887850467289721,69.2
Javi Rodríguez,ESP,DF,Celta Vigo,La Liga,22,2003,26,21,1928,21.4,0,1,1,0,0,0,5,0,0.05,,1.37,,,,,,,,,,,,9,1,11.1,0.42,0.05,0.0,0.0,74,69.1,84.0,14,5,33.0,3,1.42,22,25,-3,-0.14,-0.87,0,27,25,1,1,21,19,0,0.42056074766355145,0.1111111111111111,1.869158878504673,1.2616822429906542,0.04672897196261683,0.23364485981308414,-0.14,0.0,0.0,0.0,1.1682242990654206,1.0280373831775702,0.04672897196261683,0.04672897196261683,1.1682242990654206,0.8878504672897197,0.9813084112149534,69.1
Federico Viñas,URU,FW,Oviedo,La Liga,27,1998,27,22,1928,21.4,9,1,10,7,2,2,5,3,0.37,,1.37,,,,,,,,,,,,45,21,46.7,2.1,0.98,0.16,0.33,71,69.1,82.0,9,5,26.0,0,0.96,18,29,-11,-0.51,0.84,1,36,59,8,3,10,27,0,2.1028037383177574,0.4666666666666667,1.7289719626168225,1.6822429906542058,0.14018691588785048,0.6542056074766356,-0.51,0.0,0.0,0.0,1.355140186915888,0.8411214953271029,0.04672897196261683,0.3738317757009346,2.7570093457943927,1.2616822429906542,0.4672897196261683,69.1
Ilyas Chaira,MAR,MF,Oviedo,La Liga,25,2001,29,24,1927,21.4,4,2,6,4,0,0,2,1,0.28,,1.37,,,,,,,,,,,,58,25,43.1,2.71,1.17,0.07,0.16,66,69.1,74.0,7,5,31.0,0,0.93,20,29,-9,-0.42,1.14,0,47,25,16,55,4,29,0,2.710280373831776,0.43103448275862066,1.5420560747663552,2.196261682242991,2.5700934579439254,0.23364485981308414,-0.42,0.0,0.0,0.0,1.355140186915888,0.9345794392523366,0.09345794392523366,0.7476635514018692,1.1682242990654206,1.355140186915888,0.1869158878504673,69.1
Jhon Lucumí,COL,DF,Bologna,Serie A,27,1998,25,22,1927,21.4,1,0,1,1,0,0,4,0,0.05,,1.37,,,,,,,,,,,,7,2,28.6,0.33,0.09,0.14,0.5,77,64.9,85.0,19,3,22.0,4,1.52,27,21,6,0.28,0.54,0,16,17,1,1,29,18,0,0.3271028037383178,0.2857142857142857,2.196261682242991,0.7476635514018692,0.04672897196261683,0.1869158878504673,0.28,0.0,0.0,0.0,0.9813084112149534,1.2616822429906542,0.0,0.04672897196261683,0.7943925233644861,0.8411214953271029,1.355140186915888,64.9
Niklas Dorsch,GER,MF,Heidenheim,Bundesliga,28,1998,28,23,1924,21.4,0,1,1,0,0,0,2,0,0.05,,1.37,,,,,,,,,,,,14,3,21.4,0.65,0.14,0.0,0.0,69,71.3,78.0,9,5,24.0,1,0.68,20,46,-26,-1.22,-0.4,0,28,21,1,25,14,27,0,0.6542056074766356,0.21428571428571427,1.9158878504672898,1.3084112149532712,1.1682242990654206,0.09345794392523366,-1.22,0.0,0.0,0.0,2.149532710280374,0.9345794392523366,0.04672897196261683,0.04672897196261683,0.9813084112149534,1.2616822429906542,0.6542056074766356,71.3
Péter Gulácsi,HUN,GK,RB Leipzig,Bundesliga,35,1990,22,22,1918,21.3,0,0,0,0,0,0,1,0,0.0,28.0,1.31,78.0,51.0,66.7,12.0,4.0,6.0,9.0,40.9,2.0,0.0,0.0,0,0,,0.0,0.0,,,87,71.0,87.0,21,0,,3,1.82,40,28,12,0.56,-0.59,0,0,0,0,0,0,0,0,0.0,0.0,0.0,0.0,0.0,0.046948356807511735,0.56,0.4090909090909091,0.0,3.6619718309859155,1.3145539906103285,1.8779342723004695,0.0,0.0,0.0,0.0,0.0,71.0
Philipp Treu,GER,DF,Freiburg,Bundesliga,25,2000,25,21,1916,21.3,1,2,3,1,0,0,2,0,0.14,,1.37,,,,,,,,,,,,16,4,25.0,0.75,0.19,0.06,0.25,77,71.0,86.0,15,4,27.0,3,1.32,26,33,-7,-0.33,-0.67,0,17,30,2,27,5,23,0,0.7511737089201878,0.25,1.3145539906103285,0.7981220657276995,1.2676056338028168,0.09389671361502347,-0.33,0.0,0.0,0.0,1.5492957746478873,1.220657276995305,0.09389671361502347,0.09389671361502347,1.408450704225352,1.07981220657277,0.2347417840375587,71.0
Julian Ryerson,NOR,MF,Dortmund,Bundesliga,28,1997,27,22,1916,21.3,0,12,12,0,0,0,8,0,0.56,,1.37,,,,,,,,,,,,9,0,0.0,0.42,0.0,0.0,,71,71.0,83.0,13,5,17.0,2,2.22,40,19,21,0.99,-0.05,0,23,18,4,212,11,18,0,0.4225352112676056,0.0,1.3615023474178403,1.07981220657277,9.953051643192488,0.3755868544600939,0.99,0.0,0.0,0.0,0.892018779342723,1.8779342723004695,0.5633802816901409,0.18779342723004694,0.8450704225352113,0.8450704225352113,0.5164319248826291,71.0
Lucas Torró,ESP,MF,Osasuna,La Liga,31,1994,28,26,1915,21.3,0,1,1,0,0,0,6,0,0.05,,1.37,,,,,,,,,,,,19,5,26.3,0.89,0.23,0.0,0.0,68,68.6,74.0,12,2,1.0,1,1.18,23,29,-6,-0.28,-0.8,0,28,24,0,2,25,14,0,0.892018779342723,0.2631578947368421,1.8309859154929577,1.3145539906103285,0.09389671361502347,0.28169014084507044,-0.28,0.0,0.0,0.0,1.3615023474178403,1.07981220657277,0.046948356807511735,0.0,1.1267605633802817,0.6572769953051643,1.1737089201877935,68.6
Torbjørn Heggem,NOR,DF,Bologna,Serie A,27,1999,23,21,1914,21.3,0,0,0,0,0,0,0,1,0.0,,1.37,,,,,,,,,,,,10,2,20.0,0.47,0.09,0.0,0.0,83,64.4,88.0,18,2,34.0,5,1.22,29,28,1,0.05,-0.12,0,29,12,0,1,21,13,0,0.4694835680751174,0.2,1.596244131455399,1.3615023474178403,0.046948356807511735,0.14084507042253522,0.05,0.0,0.0,0.0,1.3145539906103285,1.3615023474178403,0.0,0.0,0.5633802816901409,0.6103286384976525,0.9859154929577465,64.4
Enzo Boyomo,CMR,DF,Osasuna,La Liga,24,2001,23,22,1912,21.2,1,1,2,1,0,0,5,0,0.09,,1.37,,,,,,,,,,,,6,2,33.3,0.28,0.09,0.17,0.5,83,68.5,86.0,18,1,18.0,2,1.26,25,27,-2,-0.09,-0.2,0,25,4,0,8,11,30,0,0.2830188679245283,0.3333333333333333,1.9339622641509435,1.179245283018868,0.37735849056603776,0.2358490566037736,-0.09,0.0,0.0,0.0,1.2735849056603774,1.179245283018868,0.04716981132075472,0.0,0.18867924528301888,1.4150943396226416,0.5188679245283019,68.5
Youssouf Fofana,FRA,MF,Milan,Serie A,27,1999,28,24,1912,21.2,2,3,5,2,0,0,4,0,0.24,,1.37,,,,,,,,,,,,38,16,42.1,1.79,0.75,0.05,0.13,68,64.4,75.0,8,4,29.0,3,2.07,33,17,16,0.75,0.33,0,19,15,0,10,13,17,0,1.7924528301886793,0.42105263157894735,1.4150943396226416,0.8962264150943396,0.4716981132075472,0.18867924528301888,0.75,0.0,0.0,0.0,0.8018867924528302,1.5566037735849056,0.14150943396226415,0.0,0.7075471698113208,0.8018867924528302,0.6132075471698113,64.4
Roberto Gagliardini,ITA,MF,Hellas Verona,Serie A,32,1994,25,21,1912,21.2,1,0,1,1,0,0,7,0,0.05,,1.37,,,,,,,,,,,,15,3,20.0,0.71,0.14,0.07,0.33,76,64.4,83.0,15,4,43.0,1,0.48,15,33,-18,-0.85,0.43,0,37,26,0,15,52,34,0,0.7075471698113208,0.2,4.056603773584905,1.7452830188679247,0.7075471698113208,0.33018867924528306,-0.85,0.0,0.0,0.0,1.5566037735849056,0.7075471698113208,0.0,0.0,1.2264150943396226,1.6037735849056605,2.452830188679245,64.4
Maximilian Mittelstädt,GER,DF,Stuttgart,Bundesliga,29,1997,28,21,1911,21.2,5,4,9,2,3,3,3,0,0.28,,1.37,,,,,,,,,,,,27,14,51.9,1.27,0.66,0.07,0.14,68,70.8,84.0,11,7,20.0,1,1.79,41,26,15,0.71,0.14,0,10,22,2,97,32,37,0,1.2735849056603774,0.5185185185185185,3.2547169811320757,0.4716981132075472,4.5754716981132075,0.14150943396226415,0.71,0.0,0.0,0.0,1.2264150943396226,1.9339622641509435,0.18867924528301888,0.09433962264150944,1.0377358490566038,1.7452830188679247,1.509433962264151,70.8
Alexis Claude-Maurice,FRA,MF,Augsburg,Bundesliga,27,1998,26,23,1910,21.2,5,4,9,4,1,2,3,0,0.38,,1.37,,,,,,,,,,,,67,25,37.3,3.16,1.18,0.06,0.16,73,70.7,80.0,10,3,25.0,1,1.15,25,40,-15,-0.71,-0.59,0,23,40,1,57,5,22,0,3.160377358490566,0.373134328358209,1.2735849056603774,1.0849056603773586,2.688679245283019,0.14150943396226415,-0.71,0.0,0.0,0.0,1.8867924528301887,1.179245283018868,0.18867924528301888,0.04716981132075472,1.8867924528301887,1.0377358490566038,0.2358490566037736,70.7
Giuliano Simeone,ARG,MF,Atlético Madrid,La Liga,23,2002,27,22,1909,21.2,4,6,10,4,0,0,1,0,0.47,,1.37,,,,,,,,,,,,34,13,38.2,1.6,0.61,0.12,0.31,71,68.4,78.0,7,5,37.0,2,1.96,38,20,18,0.85,0.75,0,20,40,6,42,19,21,0,1.6037735849056605,0.38235294117647056,1.8867924528301887,0.9433962264150944,1.9811320754716981,0.04716981132075472,0.85,0.0,0.0,0.0,0.9433962264150944,1.7924528301886793,0.2830188679245283,0.2830188679245283,1.8867924528301887,0.9905660377358491,0.8962264150943396,68.4
Jon Gorrotxategi,ESP,MF,Real Sociedad,La Liga,24,2002,25,22,1908,21.2,1,3,4,1,0,0,7,0,0.19,,1.37,,,,,,,,,,,,11,1,9.1,0.52,0.05,0.09,1.0,76,68.4,82.0,14,3,31.0,2,1.32,32,34,-2,-0.09,-0.4,0,26,20,0,5,29,26,0,0.5188679245283019,0.09090909090909091,2.5943396226415096,1.2264150943396226,0.2358490566037736,0.33018867924528306,-0.09,0.0,0.0,0.0,1.6037735849056605,1.509433962264151,0.14150943396226415,0.0,0.9433962264150944,1.2264150943396226,1.3679245283018868,68.4
Malo Gusto,FRA,DF,Chelsea,Premier League,22,2003,30,22,1908,21.2,2,3,5,2,0,0,4,1,0.24,,1.37,,,,,,,,,,,,11,5,45.5,0.52,0.24,0.18,0.4,64,64.2,78.0,8,8,24.0,1,1.47,39,27,12,0.57,0.65,1,15,15,1,47,23,22,0,0.5188679245283019,0.45454545454545453,2.1226415094339623,0.7075471698113208,2.216981132075472,0.33018867924528306,0.57,0.0,0.0,0.0,1.2735849056603774,1.839622641509434,0.14150943396226415,0.04716981132075472,0.7075471698113208,1.0377358490566038,1.0849056603773586,64.2
Deniz Undav,GER,FW,Stuttgart,Bundesliga,29,1996,25,21,1904,21.2,18,6,24,18,0,1,5,0,1.13,,1.37,,,,,,,,,,,,110,43,39.1,5.2,2.03,0.16,0.42,76,70.5,84.0,10,4,36.0,0,1.88,46,29,17,0.8,0.46,0,29,18,23,14,4,12,0,5.188679245283019,0.39090909090909093,0.7547169811320755,1.3679245283018868,0.6603773584905661,0.2358490566037736,0.8,0.0,0.0,0.0,1.3679245283018868,2.169811320754717,0.2830188679245283,1.0849056603773586,0.8490566037735849,0.5660377358490566,0.18867924528301888,70.5
Aaron Wan-Bissaka,COD,DF,West Ham United,Premier League,28,1997,22,21,1903,21.1,0,2,2,0,0,0,4,0,0.09,,1.37,,,,,,,,,,,,0,0,,0.0,0.0,,,87,64.1,88.0,18,1,45.0,3,1.09,27,39,-12,-0.57,-0.15,0,21,12,1,40,39,21,0,0.0,0.0,2.8436018957345968,0.995260663507109,1.895734597156398,0.1895734597156398,-0.57,0.0,0.0,0.0,1.848341232227488,1.2796208530805686,0.0947867298578199,0.04739336492890995,0.5687203791469194,0.995260663507109,1.848341232227488,64.1
Andrej Kramarić,CRO,MF,Hoffenheim,Bundesliga,34,1991,30,22,1902,21.1,12,5,17,7,5,5,1,0,0.57,,1.37,,,,,,,,,,,,57,28,49.1,2.7,1.32,0.12,0.25,63,70.4,75.0,4,8,32.0,0,1.8,47,28,19,0.9,1.35,0,5,12,5,73,6,4,0,2.701421800947867,0.49122807017543857,0.4739336492890995,0.23696682464454974,3.4597156398104265,0.04739336492890995,0.9,0.0,0.0,0.0,1.3270142180094786,2.2274881516587675,0.23696682464454974,0.23696682464454974,0.5687203791469194,0.1895734597156398,0.2843601895734597,70.4
Igor Zubeldia,ESP,DF,Real Sociedad,La Liga,29,1997,22,21,1898,21.1,0,1,1,0,0,0,8,0,0.05,,1.37,,,,,,,,,,,,6,1,16.7,0.28,0.05,0.0,0.0,86,68.0,88.0,20,1,45.0,3,1.36,30,32,-2,-0.09,-0.4,0,34,5,0,0,22,18,0,0.2843601895734597,0.16666666666666666,1.895734597156398,1.6113744075829384,0.0,0.3791469194312796,-0.09,0.0,0.0,0.0,1.5165876777251184,1.4218009478672984,0.04739336492890995,0.0,0.23696682464454974,0.8530805687203791,1.0426540284360188,68.0
Yasin Ayari,SWE,MF,Brighton,Premier League,22,2003,26,20,1897,21.1,3,3,6,3,0,0,1,0,0.28,,1.37,,,,,,,,,,,,41,10,24.4,1.95,0.47,0.07,0.3,73,63.9,86.0,15,6,28.0,1,1.5,30,23,7,0.33,0.42,0,22,28,0,23,24,25,0,1.943127962085308,0.24390243902439024,2.3222748815165875,1.0426540284360188,1.0900473933649288,0.04739336492890995,0.33,0.0,0.0,0.0,1.0900473933649288,1.4218009478672984,0.14218009478672985,0.0,1.3270142180094786,1.1848341232227488,1.1374407582938388,63.9
Tanner Tessmann,USA,MF,Lyon,Ligue 1,24,2001,28,22,1896,21.1,1,0,1,1,0,0,2,0,0.05,,1.37,,,,,,,,,,,,26,8,30.8,1.23,0.38,0.04,0.13,68,70.2,82.0,14,6,15.0,0,1.82,30,19,11,0.52,0.07,0,21,19,3,16,12,20,0,1.2322274881516586,0.3076923076923077,1.5165876777251184,0.995260663507109,0.7582938388625592,0.0947867298578199,0.52,0.0,0.0,0.0,0.9004739336492891,1.4218009478672984,0.0,0.14218009478672985,0.9004739336492891,0.947867298578199,0.5687203791469194,70.2
Matteo Politano,ITA,MF,Napoli,Serie A,32,1993,30,22,1896,21.1,2,5,7,2,0,0,2,0,0.33,,1.37,,,,,,,,,,,,45,12,26.7,2.14,0.57,0.04,0.17,63,63.8,78.0,4,8,23.0,0,2.0,31,21,10,0.47,0.06,0,17,25,0,160,3,10,0,2.132701421800948,0.26666666666666666,0.6161137440758293,0.8056872037914692,7.582938388625592,0.0947867298578199,0.47,0.0,0.0,0.0,0.995260663507109,1.4691943127962084,0.23696682464454974,0.0,1.1848341232227488,0.4739336492890995,0.14218009478672985,63.8
Reece James,ENG,DF,Chelsea,Premier League,26,1999,27,20,1896,21.1,2,4,6,2,0,0,4,0,0.28,,1.37,,,,,,,,,,,,21,6,28.6,1.0,0.28,0.1,0.33,70,63.8,86.0,15,7,25.0,1,1.63,32,20,12,0.57,0.65,0,26,20,1,123,31,32,0,0.995260663507109,0.2857142857142857,2.985781990521327,1.2322274881516586,5.829383886255924,0.1895734597156398,0.57,0.0,0.0,0.0,0.947867298578199,1.5165876777251184,0.1895734597156398,0.04739336492890995,0.947867298578199,1.5165876777251184,1.4691943127962084,63.8
Abdoul Coulibaly,GER,DF,Werder Bremen,Bundesliga,18,2007,24,21,1895,21.1,1,0,1,1,0,0,5,1,0.05,,1.37,,,,,,,,,,,,6,1,16.7,0.28,0.05,0.17,1.0,79,70.2,86.0,17,3,29.0,1,1.0,23,38,-15,-0.71,-0.38,1,16,7,1,11,22,14,1,0.2843601895734597,0.16666666666666666,1.7061611374407581,0.7582938388625592,0.5213270142180094,0.3791469194312796,-0.71,0.0,0.0,0.0,1.8009478672985781,1.0900473933649288,0.0,0.04739336492890995,0.33175355450236965,0.6635071090047393,1.0426540284360188,70.2
Riccardo Orsolini,ITA,MF,Bologna,Serie A,29,1997,31,24,1895,21.1,8,1,9,5,3,5,2,0,0.28,,1.37,,,,,,,,,,,,75,28,37.3,3.56,1.33,0.07,0.18,61,63.8,73.0,7,7,21.0,2,1.52,28,27,1,0.05,-0.12,0,19,39,17,40,6,11,0,3.554502369668246,0.37333333333333335,0.8056872037914692,0.9004739336492891,1.895734597156398,0.0947867298578199,0.05,0.0,0.0,0.0,1.2796208530805686,1.3270142180094786,0.04739336492890995,0.8056872037914692,1.848341232227488,0.5213270142180094,0.2843601895734597,63.8
Julián Álvarez,ARG,FW,Atlético Madrid,La Liga,26,2000,29,22,1895,21.1,8,4,12,6,2,3,2,0,0.47,,1.37,,,,,,,,,,,,54,26,48.1,2.56,1.23,0.11,0.23,65,67.9,74.0,6,7,38.0,2,1.97,35,20,15,0.71,0.31,0,14,18,2,86,3,13,0,2.559241706161137,0.48148148148148145,0.7582938388625592,0.6635071090047393,4.075829383886256,0.0947867298578199,0.71,0.0,0.0,0.0,0.947867298578199,1.6587677725118481,0.1895734597156398,0.0947867298578199,0.8530805687203791,0.6161137440758293,0.14218009478672985,67.9
Dango Ouattara,BFA,MF,Brentford,Premier League,24,2002,27,21,1894,21.0,5,3,8,5,0,0,4,0,0.38,,1.37,,,,,,,,,,,,41,16,39.0,1.95,0.76,0.12,0.31,70,63.8,83.0,9,6,25.0,0,1.3,28,28,0,0.0,-0.33,0,24,32,8,86,23,11,0,1.9523809523809523,0.3902439024390244,1.619047619047619,1.1428571428571428,4.095238095238095,0.19047619047619047,0.0,0.0,0.0,0.0,1.3333333333333333,1.3333333333333333,0.14285714285714285,0.38095238095238093,1.5238095238095237,0.5238095238095238,1.0952380952380953,63.8
Théo Le Bris,FRA,MF,Lorient,Ligue 1,23,2002,28,22,1893,21.0,2,2,4,2,0,0,0,0,0.19,,1.37,,,,,,,,,,,,17,7,41.2,0.81,0.33,0.12,0.29,68,70.1,81.0,7,6,19.0,1,1.36,30,26,4,0.19,1.08,0,8,7,0,81,17,28,0,0.8095238095238095,0.4117647058823529,2.142857142857143,0.38095238095238093,3.857142857142857,0.0,0.19,0.0,0.0,0.0,1.2380952380952381,1.4285714285714286,0.09523809523809523,0.0,0.3333333333333333,1.3333333333333333,0.8095238095238095,70.1
Folarin Balogun,USA,FW,Monaco,Ligue 1,24,2001,26,22,1892,21.0,12,4,16,9,3,3,4,1,0.62,,1.37,,,,,,,,,,,,69,30,43.5,3.28,1.43,0.13,0.3,73,70.1,79.0,6,4,41.0,1,1.69,35,29,6,0.29,0.17,0,41,32,15,12,4,6,0,3.2857142857142856,0.43478260869565216,0.47619047619047616,1.9523809523809523,0.5714285714285714,0.3333333333333333,0.29,0.0,0.0,0.0,1.380952380952381,1.6666666666666667,0.19047619047619047,0.7142857142857143,1.5238095238095237,0.2857142857142857,0.19047619047619047,70.1
Jan Schöppner,GER,MF,Heidenheim,Bundesliga,26,1999,27,25,1892,21.0,1,2,3,1,0,0,5,0,0.14,,1.37,,,,,,,,,,,,19,5,26.3,0.9,0.24,0.05,0.2,70,70.1,73.0,11,2,28.0,2,0.67,18,45,-27,-1.28,-0.62,0,19,14,2,13,29,11,0,0.9047619047619048,0.2631578947368421,1.9047619047619047,0.9047619047619048,0.6190476190476191,0.23809523809523808,-1.28,0.0,0.0,0.0,2.142857142857143,0.8571428571428571,0.09523809523809523,0.09523809523809523,0.6666666666666666,0.5238095238095238,1.380952380952381,70.1
Keinan Davis,ENG,FW,Udinese,Serie A,28,1998,27,25,1890,21.0,10,3,13,6,4,4,5,0,0.43,,1.37,,,,,,,,,,,,45,22,48.9,2.14,1.05,0.13,0.27,70,63.6,74.0,9,2,18.0,0,1.44,30,26,4,0.19,0.94,0,38,47,10,3,1,5,0,2.142857142857143,0.4888888888888889,0.2857142857142857,1.8095238095238095,0.14285714285714285,0.23809523809523808,0.19,0.0,0.0,0.0,1.2380952380952381,1.4285714285714286,0.14285714285714285,0.47619047619047616,2.238095238095238,0.23809523809523808,0.047619047619047616,63.6
Lewis Hall,ENG,DF,Newcastle United,Premier League,21,2004,26,21,1888,21.0,1,1,2,1,0,0,3,0,0.1,,1.37,,,,,,,,,,,,22,5,22.7,1.05,0.24,0.05,0.2,73,63.6,86.0,16,5,18.0,3,1.23,29,35,-6,-0.29,-0.54,0,15,37,0,92,26,28,0,1.0476190476190477,0.22727272727272727,2.5714285714285716,0.7142857142857143,4.380952380952381,0.14285714285714285,-0.29,0.0,0.0,0.0,1.6666666666666667,1.380952380952381,0.047619047619047616,0.0,1.7619047619047619,1.3333333333333333,1.2380952380952381,63.6
John McGinn,SCO,MF,Aston Villa,Premier League,31,1994,26,25,1886,21.0,4,3,7,4,0,0,4,0,0.33,,1.37,,,,,,,,,,,,22,9,40.9,1.05,0.43,0.18,0.44,73,63.5,74.0,6,1,45.0,0,1.92,31,24,7,0.33,0.42,0,29,44,0,70,12,16,0,1.0476190476190477,0.4090909090909091,1.3333333333333333,1.380952380952381,3.3333333333333335,0.19047619047619047,0.33,0.0,0.0,0.0,1.1428571428571428,1.4761904761904763,0.14285714285714285,0.0,2.0952380952380953,0.7619047619047619,0.5714285714285714,63.5
Pablo Ibáñez,ESP,MF,Alavés,La Liga,27,1998,30,24,1885,20.9,1,1,2,1,0,0,5,0,0.1,,1.37,,,,,,,,,,,,43,12,27.9,2.05,0.57,0.02,0.08,63,67.6,72.0,5,6,27.0,0,1.1,17,30,-13,-0.62,-0.82,0,32,55,2,33,19,26,0,2.057416267942584,0.27906976744186046,2.1531100478468903,1.5311004784688995,1.5789473684210527,0.23923444976076558,-0.62,0.0,0.0,0.0,1.4354066985645935,0.8133971291866029,0.04784688995215311,0.09569377990430622,2.6315789473684212,1.244019138755981,0.9090909090909092,67.6
Musa Al-Taamari,JOR,MF,Rennes,Ligue 1,28,1997,29,21,1881,20.9,5,5,10,5,0,0,4,0,0.48,,1.37,,,,,,,,,,,,54,21,38.9,2.58,1.0,0.09,0.24,65,69.7,78.0,3,8,31.0,0,1.83,40,23,17,0.81,1.47,0,15,24,20,82,10,14,0,2.583732057416268,0.3888888888888889,1.1483253588516746,0.7177033492822967,3.9234449760765555,0.19138755980861244,0.81,0.0,0.0,0.0,1.1004784688995215,1.9138755980861246,0.23923444976076558,0.9569377990430623,1.1483253588516746,0.6698564593301436,0.47846889952153115,69.7
Carles Aleñá,ESP,MF,Alavés,La Liga,28,1998,31,22,1876,20.8,0,4,4,0,0,0,4,0,0.19,,1.37,,,,,,,,,,,,26,5,19.2,1.25,0.24,0.0,0.0,61,67.2,74.0,4,9,28.0,0,1.06,21,31,-10,-0.48,-0.38,0,36,33,0,108,12,24,0,1.25,0.19230769230769232,1.7307692307692306,1.7307692307692306,5.1923076923076925,0.1923076923076923,-0.48,0.0,0.0,0.0,1.4903846153846154,1.0096153846153846,0.1923076923076923,0.0,1.5865384615384615,1.1538461538461537,0.5769230769230769,67.2
Álex Berenguer,ESP,MF,Athletic Club,La Liga,30,1995,26,22,1872,20.8,2,3,5,2,0,0,4,0,0.24,,1.37,,,,,,,,,,,,39,19,48.7,1.87,0.91,0.05,0.11,72,67.1,78.0,9,4,37.0,0,1.0,21,26,-5,-0.24,0.45,0,22,38,6,171,12,12,1,1.875,0.48717948717948717,1.1538461538461537,1.0576923076923077,8.221153846153847,0.1923076923076923,-0.24,0.0,0.0,0.0,1.25,1.0096153846153846,0.14423076923076922,0.28846153846153844,1.8269230769230769,0.5769230769230769,0.5769230769230769,67.1
Matìas Soulé,ARG,MF,Roma,Serie A,23,2003,28,24,1872,20.8,6,5,11,6,0,0,1,0,0.53,,1.37,,,,,,,,,,,,46,15,32.6,2.21,0.72,0.13,0.4,67,63.0,73.0,1,4,30.0,0,1.82,29,16,13,0.62,0.3,0,5,35,3,67,9,12,0,2.2115384615384617,0.32608695652173914,1.0096153846153846,0.24038461538461536,3.2211538461538463,0.04807692307692307,0.62,0.0,0.0,0.0,0.7692307692307692,1.3942307692307692,0.24038461538461536,0.14423076923076922,1.6826923076923077,0.5769230769230769,0.43269230769230765,63.0
Habib Diallo,SEN,FW,Metz,Ligue 1,30,1995,23,21,1872,20.8,4,1,5,4,0,1,0,0,0.24,,1.37,,,,,,,,,,,,37,12,32.4,1.78,0.58,0.11,0.33,81,69.3,86.0,16,2,33.0,0,0.61,17,45,-28,-1.35,-0.15,0,27,29,11,4,2,5,0,1.7788461538461537,0.32432432432432434,0.3365384615384615,1.2980769230769231,0.1923076923076923,0.0,-1.35,0.0,0.0,0.0,2.1634615384615383,0.8173076923076923,0.04807692307692307,0.5288461538461539,1.3942307692307692,0.24038461538461536,0.09615384615384615,69.3
Bamo Meïté,CIV,DF,Lorient,Ligue 1,24,2001,23,21,1871,20.8,0,3,3,0,0,0,5,0,0.14,,1.37,,,,,,,,,,,,7,1,14.3,0.34,0.05,0.0,0.0,81,69.3,87.0,17,2,25.0,3,1.57,29,26,3,0.14,0.9,0,30,20,2,12,13,13,0,0.3365384615384615,0.14285714285714285,1.25,1.4423076923076923,0.5769230769230769,0.24038461538461536,0.14,0.0,0.0,0.0,1.25,1.3942307692307692,0.14423076923076922,0.09615384615384615,0.9615384615384615,0.625,0.625,69.3
Domagoj Bradarić,CRO,MF,Hellas Verona,Serie A,26,1999,26,22,1868,20.8,0,0,0,0,0,0,2,0,0.0,,1.37,,,,,,,,,,,,12,6,50.0,0.58,0.29,0.0,0.0,72,62.9,80.0,12,4,27.0,3,0.42,15,37,-22,-1.06,-0.16,0,8,10,2,97,9,20,0,0.5769230769230769,0.5,1.3942307692307692,0.3846153846153846,4.663461538461538,0.09615384615384615,-1.06,0.0,0.0,0.0,1.7788461538461537,0.7211538461538461,0.0,0.09615384615384615,0.4807692307692307,0.9615384615384615,0.43269230769230765,62.9
Cristian Romero,ARG,DF,Tottenham Hotspur,Premier League,27,1998,23,22,1868,20.8,4,1,5,4,0,0,11,2,0.24,,1.37,,,,,,,,,,,,17,6,35.3,0.82,0.29,0.24,0.67,81,62.9,84.0,15,1,31.0,0,1.0,26,31,-5,-0.24,0.25,1,32,16,1,1,31,30,0,0.8173076923076923,0.35294117647058826,2.9326923076923075,1.5384615384615383,0.04807692307692307,0.8173076923076923,-0.24,0.0,0.0,0.0,1.4903846153846154,1.25,0.04807692307692307,0.04807692307692307,0.7692307692307692,1.4423076923076923,1.4903846153846154,62.9
Derrick Köhn,GHA,MF,Union Berlin,Bundesliga,27,1999,28,21,1868,20.8,1,2,3,0,1,1,4,1,0.1,,1.37,,,,,,,,,,,,28,5,17.9,1.35,0.24,0.0,0.0,67,69.2,82.0,10,7,20.0,0,1.11,23,32,-9,-0.43,0.54,0,32,15,6,113,8,22,0,1.346153846153846,0.17857142857142858,1.4423076923076923,1.5384615384615383,5.4326923076923075,0.3365384615384615,-0.43,0.0,0.0,0.0,1.5384615384615383,1.1057692307692308,0.09615384615384615,0.28846153846153844,0.7211538461538461,1.0576923076923077,0.3846153846153846,69.2
Anastasios Douvikas,GRE,FW,Como,Serie A,26,1999,33,20,1861,20.7,11,1,12,10,1,1,0,0,0.53,,1.37,,,,,,,,,,,,53,24,45.3,2.56,1.16,0.19,0.42,56,62.7,74.0,7,13,30.0,0,1.76,40,19,21,1.02,0.37,0,30,35,5,4,4,9,0,2.560386473429952,0.4528301886792453,0.6280193236714976,1.4492753623188406,0.1932367149758454,0.0,1.02,0.0,0.0,0.0,0.9178743961352658,1.9323671497584543,0.04830917874396135,0.24154589371980678,1.6908212560386473,0.43478260869565216,0.1932367149758454,62.7
Fabio Vieira,POR,MF,Hamburger SV,Bundesliga,25,2000,25,21,1861,20.7,5,5,10,4,1,1,4,2,0.44,,1.37,,,,,,,,,,,,47,16,34.0,2.27,0.77,0.09,0.25,74,68.9,84.0,8,4,24.0,0,1.04,22,31,-9,-0.44,0.21,1,14,34,1,48,13,6,0,2.2705314009661834,0.3404255319148936,0.9178743961352658,0.6763285024154589,2.318840579710145,0.48309178743961356,-0.44,0.0,0.0,0.0,1.497584541062802,1.0628019323671498,0.24154589371980678,0.04830917874396135,1.642512077294686,0.2898550724637681,0.6280193236714976,68.9
Marcos Llorente,ESP,DF,Atlético Madrid,La Liga,31,1995,25,21,1861,20.7,0,4,4,0,0,0,5,0,0.19,,1.37,,,,,,,,,,,,16,6,37.5,0.77,0.29,0.0,0.0,74,66.7,83.0,17,4,28.0,1,2.04,40,19,21,1.02,1.21,0,24,10,2,37,10,32,0,0.7729468599033816,0.375,2.028985507246377,1.1594202898550725,1.7874396135265702,0.24154589371980678,1.02,0.0,0.0,0.0,0.9178743961352658,1.9323671497584543,0.1932367149758454,0.0966183574879227,0.48309178743961356,1.5458937198067633,0.48309178743961356,66.7
Maximilian Arnold,GER,MF,Wolfsburg,Bundesliga,31,1994,25,20,1859,20.7,1,4,5,1,0,0,5,0,0.24,,1.37,,,,,,,,,,,,13,5,38.5,0.63,0.24,0.08,0.2,74,68.9,90.0,20,5,12.0,1,0.92,31,41,-10,-0.48,1.12,0,17,26,0,81,24,15,0,0.6280193236714976,0.38461538461538464,1.884057971014493,0.821256038647343,3.9130434782608696,0.24154589371980678,-0.48,0.0,0.0,0.0,1.9806763285024156,1.497584541062802,0.1932367149758454,0.0,1.2560386473429952,0.7246376811594203,1.1594202898550725,68.9
Mark Flekken,NED,GK,Leverkusen,Bundesliga,32,1993,21,21,1859,20.7,0,0,0,0,0,0,2,0,0.0,33.0,1.6,93.0,66.0,71.0,11.0,3.0,7.0,5.0,23.8,6.0,0.0,0.0,0,0,,0.0,0.0,,,89,68.9,89.0,20,0,,0,1.71,45,33,12,0.58,-0.17,0,0,3,0,0,0,0,0,0.0,0.0,0.0,0.0,0.0,0.0966183574879227,0.58,0.23809523809523808,0.0,4.492753623188406,1.5942028985507246,2.1739130434782608,0.0,0.0,0.14492753623188406,0.0,0.0,68.9
Johan Manzambi,SUI,MF,Freiburg,Bundesliga,20,2005,24,23,1859,20.7,5,2,7,5,0,0,4,2,0.34,,1.37,,,,,,,,,,,,46,12,26.1,2.23,0.58,0.11,0.42,77,68.9,79.0,7,1,45.0,1,1.38,31,33,-2,-0.1,0.12,0,21,70,1,30,26,12,0,2.2222222222222223,0.2608695652173913,1.8357487922705316,1.0144927536231885,1.4492753623188406,0.48309178743961356,-0.1,0.0,0.0,0.0,1.5942028985507246,1.497584541062802,0.0966183574879227,0.04830917874396135,3.3816425120772946,0.5797101449275363,1.2560386473429952,68.9
Marc Bartra,ESP,DF,Real Betis,La Liga,35,1991,23,19,1857,20.6,1,0,1,1,0,0,3,0,0.05,,1.37,,,,,,,,,,,,15,5,33.3,0.73,0.24,0.07,0.2,81,66.6,88.0,18,4,45.0,5,1.52,26,26,0,0.0,-0.68,0,15,10,0,2,28,18,1,0.7281553398058251,0.3333333333333333,2.233009708737864,0.7281553398058251,0.0970873786407767,0.14563106796116504,0.0,0.0,0.0,0.0,1.262135922330097,1.262135922330097,0.0,0.0,0.48543689320388345,0.8737864077669902,1.3592233009708736,66.6
Charles De Ketelaere,BEL,MF,Atalanta,Serie A,25,2001,26,22,1854,20.6,3,5,8,3,0,0,4,0,0.39,,1.37,,,,,,,,,,,,41,15,36.6,1.99,0.73,0.07,0.2,71,62.4,80.0,10,4,26.0,0,1.54,27,16,11,0.53,0.13,0,19,33,3,39,4,11,0,1.9902912621359221,0.36585365853658536,0.7281553398058251,0.9223300970873786,1.8932038834951455,0.1941747572815534,0.53,0.0,0.0,0.0,0.7766990291262136,1.3106796116504853,0.24271844660194172,0.14563106796116504,1.6019417475728155,0.5339805825242718,0.1941747572815534,62.4
Yeremi Pino,ESP,MF,Crystal Palace,Premier League,23,2002,29,23,1854,20.6,2,1,3,2,0,0,4,0,0.15,,1.37,,,,,,,,,,,,40,11,27.5,1.94,0.53,0.05,0.18,64,64.4,76.0,4,6,18.0,1,1.31,17,21,-4,-0.19,-0.46,0,28,22,9,71,7,18,0,1.9417475728155338,0.275,1.2135922330097086,1.3592233009708736,3.4466019417475726,0.1941747572815534,-0.19,0.0,0.0,0.0,1.0194174757281553,0.8252427184466019,0.04854368932038835,0.4368932038834951,1.0679611650485437,0.8737864077669902,0.3398058252427184,64.4
Antonio Nusa,NOR,FW,RB Leipzig,Bundesliga,21,2005,27,22,1853,20.6,4,3,7,4,0,0,0,0,0.34,,1.37,,,,,,,,,,,,53,16,30.2,2.57,0.78,0.08,0.25,69,68.6,78.0,4,5,28.0,0,2.07,39,24,15,0.73,-0.02,0,9,59,1,64,7,13,0,2.5728155339805823,0.3018867924528302,0.9708737864077669,0.4368932038834951,3.1067961165048543,0.0,0.73,0.0,0.0,0.0,1.1650485436893203,1.8932038834951455,0.14563106796116504,0.04854368932038835,2.8640776699029122,0.6310679611650485,0.3398058252427184,68.6
Matteo Bianchetti,ITA,DF,Cremonese,Serie A,33,1993,23,22,1852,20.6,0,2,2,0,0,0,3,0,0.1,,1.37,,,,,,,,,,,,6,1,16.7,0.29,0.05,0.0,0.0,81,62.4,83.0,13,1,30.0,7,1.09,22,31,-9,-0.44,0.53,0,23,14,0,6,12,27,0,0.2912621359223301,0.16666666666666666,1.8932038834951455,1.116504854368932,0.2912621359223301,0.14563106796116504,-0.44,0.0,0.0,0.0,1.5048543689320388,1.0679611650485437,0.0970873786407767,0.0,0.6796116504854368,1.3106796116504853,0.5825242718446602,62.4
Alberto Reina,ESP,MF,Oviedo,La Liga,28,1997,30,24,1851,20.6,4,1,5,4,0,0,6,1,0.24,,1.37,,,,,,,,,,,,17,8,47.1,0.83,0.39,0.24,0.5,62,66.3,72.0,3,6,22.0,0,0.9,19,31,-12,-0.58,0.57,1,28,34,2,33,10,12,0,0.8252427184466019,0.47058823529411764,1.0679611650485437,1.3592233009708736,1.6019417475728155,0.4368932038834951,-0.58,0.0,0.0,0.0,1.5048543689320388,0.9223300970873786,0.04854368932038835,0.0970873786407767,1.6504854368932038,0.5825242718446602,0.48543689320388345,66.3
Sofiane Diop,MAR,MF,Nice,Ligue 1,25,2000,29,23,1845,20.5,7,2,9,5,2,2,5,0,0.34,,1.37,,,,,,,,,,,,46,15,32.6,2.24,0.73,0.11,0.33,64,68.3,74.0,5,6,24.0,0,1.0,26,39,-13,-0.63,0.31,0,21,40,6,28,15,8,0,2.2439024390243905,0.32608695652173914,1.1219512195121952,1.024390243902439,1.3658536585365855,0.24390243902439024,-0.63,0.0,0.0,0.0,1.9024390243902438,1.2682926829268293,0.0975609756097561,0.2926829268292683,1.951219512195122,0.3902439024390244,0.7317073170731707,68.3
Mohamed Amoura,ALG,FW,Wolfsburg,Bundesliga,25,2000,27,22,1845,20.5,8,3,11,7,1,1,2,0,0.49,,1.37,,,,,,,,,,,,57,17,29.8,2.78,0.83,0.12,0.41,68,68.3,78.0,8,5,24.0,0,0.89,32,32,0,0.0,2.63,0,19,11,11,32,7,21,0,2.7804878048780486,0.2982456140350877,1.3658536585365855,0.926829268292683,1.5609756097560976,0.0975609756097561,0.0,0.0,0.0,0.0,1.5609756097560976,1.5609756097560976,0.14634146341463414,0.5365853658536586,0.5365853658536586,1.024390243902439,0.34146341463414637,68.3
Josh Doig,SCO,DF,Sassuolo,Serie A,23,2002,29,21,1843,20.5,0,0,0,0,0,0,5,0,0.0,,1.37,,,,,,,,,,,,11,4,36.4,0.54,0.2,0.0,0.0,64,62.1,81.0,11,8,17.0,3,1.14,19,29,-10,-0.49,-1.05,0,16,17,0,36,22,20,0,0.5365853658536586,0.36363636363636365,2.048780487804878,0.7804878048780488,1.7560975609756098,0.24390243902439024,-0.49,0.0,0.0,0.0,1.4146341463414633,0.926829268292683,0.0,0.0,0.8292682926829268,0.975609756097561,1.0731707317073171,62.1
Callum Hudson-Odoi,ENG,MF,Nottingham Forest,Premier League,25,2000,30,21,1841,20.5,3,4,7,3,0,0,0,0,0.34,,1.37,,,,,,,,,,,,30,10,33.3,1.47,0.49,0.1,0.3,61,62.0,75.0,4,9,31.0,0,1.0,21,26,-5,-0.24,0.07,0,12,12,2,91,8,7,0,1.4634146341463414,0.3333333333333333,0.7317073170731707,0.5853658536585366,4.439024390243903,0.0,-0.24,0.0,0.0,0.0,1.2682926829268293,1.024390243902439,0.1951219512195122,0.0975609756097561,0.5853658536585366,0.34146341463414637,0.3902439024390244,62.0
Jackson Tchatchoua,CMR,MF,Wolves,Premier League,24,2001,30,19,1840,20.4,0,1,1,0,0,0,3,0,0.05,,1.37,,,,,,,,,,,,3,1,33.3,0.15,0.05,0.0,0.0,61,62.0,82.0,14,11,25.0,2,0.57,17,37,-20,-0.98,0.38,0,8,9,2,89,14,15,0,0.14705882352941177,0.3333333333333333,1.4215686274509804,0.3921568627450981,4.362745098039216,0.14705882352941177,-0.98,0.0,0.0,0.0,1.8137254901960786,0.8333333333333334,0.04901960784313726,0.09803921568627452,0.44117647058823534,0.7352941176470589,0.6862745098039216,62.0
Cesare Casadei,ITA,MF,Torino,Serie A,23,2003,29,18,1840,20.4,5,0,5,5,0,0,5,0,0.24,,1.37,,,,,,,,,,,,32,15,46.9,1.57,0.73,0.16,0.33,63,62.0,86.0,15,11,27.0,3,1.28,24,33,-9,-0.44,0.2,0,48,14,2,2,9,15,0,1.5686274509803924,0.46875,1.1764705882352942,2.3529411764705883,0.09803921568627452,0.2450980392156863,-0.44,0.0,0.0,0.0,1.6176470588235294,1.1764705882352942,0.0,0.09803921568627452,0.6862745098039216,0.7352941176470589,0.44117647058823534,62.0
Kiko Femenía,ESP,DF,Getafe,La Liga,35,1991,25,23,1839,20.4,1,1,2,1,0,0,6,0,0.1,,1.37,,,,,,,,,,,,8,3,37.5,0.39,0.15,0.13,0.33,74,65.9,77.0,8,2,30.0,1,1.28,19,22,-3,-0.15,0.04,0,20,11,5,41,34,21,0,0.3921568627450981,0.375,2.696078431372549,0.9803921568627452,2.0098039215686274,0.29411764705882354,-0.15,0.0,0.0,0.0,1.0784313725490198,0.9313725490196079,0.04901960784313726,0.2450980392156863,0.5392156862745099,1.0294117647058825,1.6666666666666667,65.9
Samir El Mourabet,MAR,MF,Strasbourg,Ligue 1,20,2005,29,22,1837,20.4,1,2,3,1,0,0,4,0,0.15,,1.37,,,,,,,,,,,,11,1,9.1,0.54,0.05,0.09,1.0,63,70.4,76.0,8,7,24.0,0,1.48,33,20,13,0.64,1.1,0,22,19,3,18,25,33,0,0.5392156862745099,0.09090909090909091,2.843137254901961,1.0784313725490198,0.8823529411764707,0.19607843137254904,0.64,0.0,0.0,0.0,0.9803921568627452,1.6176470588235294,0.09803921568627452,0.14705882352941177,0.9313725490196079,1.6176470588235294,1.2254901960784315,70.4
Mathias Jensen,DEN,MF,Brentford,Premier League,30,1996,31,21,1833,20.4,2,1,3,2,0,0,3,0,0.15,,1.37,,,,,,,,,,,,24,7,29.2,1.18,0.34,0.08,0.29,59,61.7,81.0,10,10,13.0,2,1.55,29,25,4,0.2,0.2,0,15,10,2,101,14,20,0,1.1764705882352942,0.2916666666666667,1.6666666666666667,0.7352941176470589,4.950980392156863,0.14705882352941177,0.2,0.0,0.0,0.0,1.2254901960784315,1.4215686274509804,0.04901960784313726,0.09803921568627452,0.4901960784313726,0.9803921568627452,0.6862745098039216,61.7
Phil Foden,ENG,MF,Manchester City,Premier League,25,2000,28,21,1832,20.4,7,3,10,7,0,0,4,0,0.49,,1.37,,,,,,,,,,,,51,17,33.3,2.51,0.84,0.14,0.41,65,63.6,83.0,12,7,13.0,2,2.07,45,16,29,1.42,0.82,0,17,27,2,105,9,13,0,2.5,0.3333333333333333,1.0784313725490198,0.8333333333333334,5.147058823529412,0.19607843137254904,1.42,0.0,0.0,0.0,0.7843137254901962,2.2058823529411766,0.14705882352941177,0.09803921568627452,1.323529411764706,0.6372549019607844,0.44117647058823534,63.6
João Palhinha,POR,MF,Tottenham Hotspur,Premier League,30,1995,28,19,1832,20.4,3,2,5,3,0,0,6,0,0.25,,1.37,,,,,,,,,,,,24,6,25.0,1.18,0.29,0.13,0.5,65,61.7,84.0,12,9,26.0,2,1.0,26,33,-7,-0.34,-0.03,0,22,27,0,4,22,54,0,1.1764705882352942,0.25,3.7254901960784315,1.0784313725490198,0.19607843137254904,0.29411764705882354,-0.34,0.0,0.0,0.0,1.6176470588235294,1.2745098039215688,0.09803921568627452,0.0,1.323529411764706,2.647058823529412,1.0784313725490198,61.7
Jonathan Tah,GER,DF,Bayern Munich,Bundesliga,30,1996,24,21,1831,20.3,2,1,3,2,0,0,6,0,0.15,,1.37,,,,,,,,,,,,8,5,62.5,0.39,0.25,0.25,0.4,76,67.8,85.0,17,3,17.0,5,2.63,70,19,51,2.51,-0.5,0,24,6,0,1,24,16,0,0.3940886699507389,0.625,1.9704433497536946,1.1822660098522166,0.04926108374384236,0.29556650246305416,2.51,0.0,0.0,0.0,0.9359605911330049,3.4482758620689653,0.04926108374384236,0.0,0.29556650246305416,0.7881773399014778,1.1822660098522166,67.8
Johann Lepenant,FRA,MF,Nantes,Ligue 1,23,2002,23,19,1831,20.3,0,1,1,0,0,0,4,0,0.05,,1.37,,,,,,,,,,,,18,5,27.8,0.88,0.25,0.0,0.0,80,70.2,88.0,14,4,40.0,0,0.65,17,27,-10,-0.49,0.78,0,25,40,0,56,20,41,0,0.8866995073891625,0.2777777777777778,3.0049261083743843,1.2315270935960592,2.758620689655172,0.19704433497536944,-0.49,0.0,0.0,0.0,1.3300492610837438,0.8374384236453202,0.04926108374384236,0.0,1.9704433497536946,2.019704433497537,0.9852216748768473,70.2
Diego Moreira,BEL,MF,Strasbourg,Ligue 1,21,2004,23,21,1830,20.3,3,4,7,3,0,0,4,0,0.34,,1.37,,,,,,,,,,,,23,9,39.1,1.13,0.44,0.13,0.33,80,70.1,84.0,7,2,31.0,0,1.39,34,25,9,0.44,0.44,0,15,25,8,81,16,22,0,1.1330049261083743,0.391304347826087,1.8719211822660098,0.7389162561576355,3.9901477832512313,0.19704433497536944,0.44,0.0,0.0,0.0,1.2315270935960592,1.6748768472906403,0.19704433497536944,0.3940886699507389,1.2315270935960592,1.083743842364532,0.7881773399014778,70.1
Dan Burn,ENG,DF,Newcastle United,Premier League,33,1992,24,21,1830,20.3,0,2,2,0,0,0,9,1,0.1,,1.37,,,,,,,,,,,,6,1,16.7,0.3,0.05,0.0,0.0,76,61.6,85.0,18,3,12.0,2,1.17,28,29,-1,-0.05,0.11,1,33,9,2,11,16,21,0,0.29556650246305416,0.16666666666666666,1.8226600985221675,1.625615763546798,0.541871921182266,0.5911330049261083,-0.05,0.0,0.0,0.0,1.4285714285714286,1.379310344827586,0.09852216748768472,0.09852216748768472,0.44334975369458124,1.0344827586206897,0.7881773399014778,61.6
Kialonda,ANG,DF,Lecce,Serie A,28,1997,22,21,1828,20.3,0,0,0,0,0,0,6,1,0.0,,1.37,,,,,,,,,,,,9,1,11.1,0.44,0.05,0.0,0.0,83,61.5,86.0,19,1,26.0,0,1.05,17,25,-8,-0.39,0.87,0,12,22,2,1,19,9,0,0.44334975369458124,0.1111111111111111,1.379310344827586,0.5911330049261083,0.04926108374384236,0.44334975369458124,-0.39,0.0,0.0,0.0,1.2315270935960592,0.8374384236453202,0.0,0.09852216748768472,1.083743842364532,0.44334975369458124,0.9359605911330049,61.5
Jamie Vardy,ENG,FW,Cremonese,Serie A,39,1987,25,21,1827,20.3,5,2,7,5,0,0,4,0,0.34,,1.37,,,,,,,,,,,,26,12,46.2,1.28,0.59,0.19,0.42,73,61.5,81.0,14,4,29.0,1,0.76,15,27,-12,-0.59,0.12,0,17,18,15,13,3,9,0,1.2807881773399015,0.46153846153846156,0.5911330049261083,0.8374384236453202,0.6403940886699507,0.19704433497536944,-0.59,0.0,0.0,0.0,1.3300492610837438,0.7389162561576355,0.09852216748768472,0.7389162561576355,0.8866995073891625,0.44334975369458124,0.14778325123152708,61.5
Juanlu Sánchez,ESP,MF,Sevilla,La Liga,22,2003,26,22,1823,20.3,0,3,3,0,0,0,5,1,0.15,,1.37,,,,,,,,,,,,13,1,7.7,0.64,0.05,0.0,0.0,70,65.3,76.0,9,4,41.0,3,0.81,21,33,-12,-0.59,-0.59,1,21,35,4,53,9,35,0,0.6403940886699507,0.07692307692307693,2.167487684729064,1.0344827586206897,2.610837438423645,0.3940886699507389,-0.59,0.0,0.0,0.0,1.625615763546798,1.0344827586206897,0.14778325123152708,0.19704433497536944,1.7241379310344827,1.7241379310344827,0.44334975369458124,65.3
Djed Spence,ENG,DF,Tottenham Hotspur,Premier League,25,2000,25,21,1823,20.3,0,0,0,0,0,0,4,0,0.0,,1.37,,,,,,,,,,,,11,7,63.6,0.54,0.35,0.0,0.0,73,61.4,82.0,14,4,23.0,4,1.04,27,30,-3,-0.15,0.48,0,23,18,2,44,11,21,0,0.541871921182266,0.6363636363636364,1.5763546798029555,1.1330049261083743,2.167487684729064,0.19704433497536944,-0.15,0.0,0.0,0.0,1.477832512315271,1.3300492610837438,0.0,0.09852216748768472,0.8866995073891625,1.0344827586206897,0.541871921182266,61.4
Álex Valle,ESP,DF,Como,Serie A,21,2004,25,20,1822,20.2,1,4,5,1,0,0,3,0,0.25,,1.37,,,,,,,,,,,,11,2,18.2,0.54,0.1,0.09,0.5,73,61.3,87.0,17,5,17.0,8,1.76,32,17,15,0.74,-0.36,0,33,16,1,39,23,28,0,0.5445544554455446,0.18181818181818182,2.5247524752475248,1.6336633663366338,1.9306930693069309,0.1485148514851485,0.74,0.0,0.0,0.0,0.8415841584158417,1.5841584158415842,0.19801980198019803,0.04950495049504951,0.7920792079207921,1.3861386138613863,1.1386138613861387,61.3
Gorka Guruzeta,ESP,FW,Athletic Club,La Liga,29,1996,28,22,1821,20.2,7,1,8,6,1,1,5,1,0.35,,1.37,,,,,,,,,,,,63,25,39.7,3.11,1.24,0.1,0.24,65,65.3,75.0,9,6,29.0,2,1.25,22,25,-3,-0.15,0.69,1,39,28,9,7,9,3,0,3.118811881188119,0.3968253968253968,0.594059405940594,1.9306930693069309,0.34653465346534656,0.39603960396039606,-0.15,0.0,0.0,0.0,1.2376237623762376,1.0891089108910892,0.04950495049504951,0.44554455445544555,1.3861386138613863,0.1485148514851485,0.44554455445544555,65.3
Clément Akpa,CIV,DF,Auxerre,Ligue 1,24,2001,23,21,1821,20.2,0,0,0,0,0,0,4,1,0.0,,1.37,,,,,,,,,,,,6,0,0.0,0.3,0.0,0.0,,79,67.4,85.0,18,2,17.0,4,0.87,13,27,-14,-0.69,-0.69,1,11,30,1,29,23,19,2,0.297029702970297,0.0,2.0792079207920793,0.5445544554455446,1.4356435643564356,0.34653465346534656,-0.69,0.0,0.0,0.0,1.3366336633663367,0.6435643564356436,0.0,0.04950495049504951,1.4851485148514851,0.9405940594059407,1.1386138613861387,67.4
Maxime Lopez,FRA,MF,Paris FC,Ligue 1,28,1997,22,21,1820,20.2,0,3,3,0,0,0,9,0,0.15,,1.37,,,,,,,,,,,,10,6,60.0,0.49,0.3,0.0,0.0,83,67.4,85.0,17,1,31.0,2,1.14,24,33,-9,-0.45,-0.75,0,27,8,3,75,9,15,0,0.49504950495049505,0.6,1.188118811881188,1.3366336633663367,3.712871287128713,0.44554455445544555,-0.45,0.0,0.0,0.0,1.6336633663366338,1.188118811881188,0.1485148514851485,0.1485148514851485,0.39603960396039606,0.7425742574257426,0.44554455445544555,67.4
Jordan Henderson,ENG,MF,Brentford,Premier League,35,1990,29,21,1820,20.2,1,3,4,1,0,0,4,0,0.2,,1.37,,,,,,,,,,,,6,1,16.7,0.3,0.05,0.17,1.0,63,61.3,80.0,10,8,18.0,1,1.48,27,26,1,0.05,-0.19,0,13,7,1,44,16,13,0,0.297029702970297,0.16666666666666666,1.4356435643564356,0.6435643564356436,2.1782178217821784,0.19801980198019803,0.05,0.0,0.0,0.0,1.2871287128712872,1.3366336633663367,0.1485148514851485,0.04950495049504951,0.34653465346534656,0.6435643564356436,0.7920792079207921,61.3
Otavio Ataide,BRA,DF,Paris FC,Ligue 1,24,2002,22,20,1818,20.2,1,0,1,1,0,0,6,1,0.05,,1.37,,,,,,,,,,,,12,3,25.0,0.59,0.15,0.08,0.33,83,67.3,88.0,17,2,26.0,3,1.32,26,30,-4,-0.2,0.01,0,23,31,1,5,26,26,0,0.594059405940594,0.25,2.5742574257425743,1.1386138613861387,0.24752475247524752,0.44554455445544555,-0.2,0.0,0.0,0.0,1.4851485148514851,1.2871287128712872,0.0,0.04950495049504951,1.5346534653465347,1.2871287128712872,1.2871287128712872,67.3
Iñigo Ruiz de Galarreta,ESP,MF,Athletic Club,La Liga,32,1993,28,25,1817,20.2,1,1,2,1,0,0,10,0,0.1,,1.37,,,,,,,,,,,,19,2,10.5,0.94,0.1,0.05,0.5,65,65.1,67.0,3,3,45.0,1,1.14,21,30,-9,-0.45,-0.17,0,46,33,0,45,17,26,0,0.9405940594059407,0.10526315789473684,2.128712871287129,2.2772277227722775,2.227722772277228,0.49504950495049505,-0.45,0.0,0.0,0.0,1.4851485148514851,1.0396039603960396,0.04950495049504951,0.0,1.6336633663366338,1.2871287128712872,0.8415841584158417,65.1
Florentino Luís,POR,MF,Burnley,Premier League,26,1999,26,22,1817,20.2,0,2,2,0,0,0,6,0,0.1,,1.37,,,,,,,,,,,,10,1,10.0,0.5,0.05,0.0,0.0,70,61.2,79.0,8,4,22.0,4,0.54,16,41,-25,-1.24,-0.61,0,38,7,1,9,33,43,0,0.49504950495049505,0.1,3.7623762376237626,1.8811881188118813,0.44554455445544555,0.297029702970297,-1.24,0.0,0.0,0.0,2.0297029702970297,0.7920792079207921,0.09900990099009901,0.04950495049504951,0.34653465346534656,2.128712871287129,1.6336633663366338,61.2
Atakan Karazor,TUR,MF,Stuttgart,Bundesliga,29,1996,27,21,1816,20.2,0,1,1,0,0,0,5,0,0.05,,1.37,,,,,,,,,,,,7,2,28.6,0.35,0.1,0.0,0.0,67,67.3,84.0,12,6,7.0,2,1.85,35,26,9,0.45,-0.67,0,19,31,1,7,12,27,0,0.34653465346534656,0.2857142857142857,1.9306930693069309,0.9405940594059407,0.34653465346534656,0.24752475247524752,0.45,0.0,0.0,0.0,1.2871287128712872,1.7326732673267327,0.04950495049504951,0.04950495049504951,1.5346534653465347,1.3366336633663367,0.594059405940594,67.3
Carlos Álvarez,ESP,MF,Levante,La Liga,22,2003,27,22,1814,20.2,3,1,4,3,0,0,3,0,0.2,,1.37,,,,,,,,,,,,27,10,37.0,1.34,0.5,0.11,0.3,67,65.0,78.0,7,5,20.0,1,0.89,19,35,-16,-0.79,-0.89,0,21,46,2,49,13,13,0,1.3366336633663367,0.37037037037037035,1.2871287128712872,1.0396039603960396,2.4257425742574257,0.1485148514851485,-0.79,0.0,0.0,0.0,1.7326732673267327,0.9405940594059407,0.04950495049504951,0.09900990099009901,2.2772277227722775,0.6435643564356436,0.6435643564356436,65.0
Pierre-Emerick Aubameyang,GAB,FW,Marseille,Ligue 1,36,1989,27,20,1814,20.2,9,5,14,9,0,0,1,0,0.69,,1.37,,,,,,,,,,,,49,26,53.1,2.43,1.29,0.18,0.35,67,67.2,80.0,6,7,31.0,3,1.7,39,24,15,0.74,0.44,0,19,16,8,27,7,5,0,2.4257425742574257,0.5306122448979592,0.594059405940594,0.9405940594059407,1.3366336633663367,0.04950495049504951,0.74,0.0,0.0,0.0,1.188118811881188,1.9306930693069309,0.24752475247524752,0.39603960396039606,0.7920792079207921,0.24752475247524752,0.34653465346534656,67.2
Gonçalo Guedes,POR,MF,Real Sociedad,La Liga,29,1996,31,22,1811,20.1,8,4,12,8,0,0,3,0,0.6,,1.37,,,,,,,,,,,,46,18,39.1,2.29,0.89,0.17,0.44,58,64.9,72.0,5,9,26.0,0,1.35,32,24,8,0.4,1.04,0,18,33,13,70,4,15,0,2.288557213930348,0.391304347826087,0.9452736318407959,0.8955223880597014,3.4825870646766166,0.14925373134328357,0.4,0.0,0.0,0.0,1.1940298507462686,1.5920398009950247,0.1990049751243781,0.6467661691542288,1.6417910447761193,0.7462686567164178,0.1990049751243781,64.9
Gleison Bremer,BRA,DF,Juventus,Serie A,29,1997,22,21,1811,20.1,4,3,7,4,0,0,4,0,0.35,,1.37,,,,,,,,,,,,15,7,46.7,0.75,0.35,0.27,0.57,82,61.0,86.0,16,1,15.0,1,2.27,43,16,27,1.34,1.26,0,18,8,0,1,24,11,0,0.7462686567164178,0.4666666666666667,1.7412935323383083,0.8955223880597014,0.04975124378109452,0.1990049751243781,1.34,0.0,0.0,0.0,0.7960199004975124,2.1393034825870645,0.14925373134328357,0.0,0.3980099502487562,0.5472636815920398,1.1940298507462686,61.0
Giovanni Simeone,ARG,FW,Torino,Serie A,30,1995,27,22,1806,20.1,9,0,9,9,0,0,1,0,0.45,,1.37,,,,,,,,,,,,62,25,40.3,3.09,1.25,0.15,0.36,67,60.8,75.0,4,5,32.0,2,1.37,22,28,-6,-0.3,0.55,0,24,33,15,5,3,7,0,3.0845771144278604,0.4032258064516129,0.49751243781094523,1.1940298507462686,0.24875621890547261,0.04975124378109452,-0.3,0.0,0.0,0.0,1.3930348258706466,1.0945273631840795,0.0,0.7462686567164178,1.6417910447761193,0.34825870646766166,0.14925373134328357,60.8
Leonardo Spinazzola,ITA,MF,Napoli,Serie A,33,1993,29,21,1805,20.1,3,3,6,3,0,0,2,0,0.3,,1.37,,,,,,,,,,,,20,7,35.0,1.0,0.35,0.15,0.43,62,60.8,76.0,8,8,26.0,1,2.07,33,19,14,0.7,0.62,0,9,9,2,68,4,9,0,0.9950248756218905,0.35,0.6467661691542288,0.4477611940298507,3.3830845771144276,0.09950248756218905,0.7,0.0,0.0,0.0,0.9452736318407959,1.6417910447761193,0.14925373134328357,0.09950248756218905,0.4477611940298507,0.4477611940298507,0.1990049751243781,60.8
Hugo Ekitike,FRA,FW,Liverpool,Premier League,23,2002,28,21,1803,20.0,11,4,15,11,0,0,0,0,0.75,,1.37,,,,,,,,,,,,65,19,29.2,3.24,0.95,0.17,0.58,64,60.7,77.0,6,7,26.0,1,1.68,35,25,10,0.5,0.42,0,35,12,10,7,4,7,0,3.25,0.2923076923076923,0.55,1.75,0.35,0.0,0.5,0.0,0.0,0.0,1.25,1.75,0.2,0.5,0.6,0.35,0.2,60.7
Víctor Chust,ESP,DF,Elche,La Liga,26,2000,24,19,1801,20.0,0,0,0,0,0,0,8,1,0.0,,1.37,,,,,,,,,,,,6,2,33.3,0.3,0.1,0.0,0.0,75,64.6,88.0,15,5,26.0,3,1.04,25,31,-6,-0.3,-0.12,1,33,9,1,17,20,30,0,0.3,0.3333333333333333,2.5,1.65,0.85,0.55,-0.3,0.0,0.0,0.0,1.55,1.25,0.0,0.05,0.45,1.5,1.0,64.6
José Sá,POR,GK,Wolves,Premier League,33,1993,20,20,1800,20.0,0,0,0,0,0,0,2,0,0.0,34.0,1.7,85.0,53.0,62.4,3.0,6.0,11.0,4.0,20.0,2.0,0.0,0.0,0,0,,0.0,0.0,,,90,60.6,90.0,20,0,,11,0.75,18,34,-16,-0.8,0.82,0,0,6,0,0,0,0,0,0.0,0.0,0.0,0.0,0.0,0.1,-0.8,0.2,0.0,4.25,1.7,0.9,0.0,0.0,0.3,0.0,0.0,60.6
Alphonse Areola,FRA,GK,West Ham United,Premier League,33,1993,20,20,1800,20.0,0,1,1,0,0,0,0,0,0.05,37.0,1.85,108.0,76.0,70.4,4.0,5.0,11.0,0.0,0.0,5.0,0.0,1.0,0,0,,0.0,0.0,,,90,60.6,90.0,20,0,,13,0.85,25,37,-12,-0.6,-0.22,0,1,1,0,0,1,0,0,0.0,0.0,0.05,0.05,0.0,0.0,-0.6,0.0,0.0,5.4,1.85,1.25,0.05,0.0,0.05,0.0,0.05,60.6
Adrian Šemper,CRO,GK,Pisa,Serie A,28,1998,20,20,1800,20.0,0,0,0,0,0,0,0,0,0.0,31.0,1.55,93.0,64.0,68.8,1.0,9.0,10.0,4.0,20.0,2.0,0.0,0.0,0,0,,0.0,0.0,,,90,60.6,90.0,20,0,,8,0.6,14,31,-17,-0.85,0.61,0,0,2,0,0,0,0,0,0.0,0.0,0.0,0.0,0.0,0.0,-0.85,0.2,0.0,4.65,1.55,0.7,0.0,0.0,0.1,0.0,0.0,60.6
Manuel Neuer,GER,GK,Bayern Munich,Bundesliga,40,1986,21,21,1800,20.0,0,0,0,0,0,0,0,0,0.0,19.0,0.95,49.0,31.0,63.3,18.0,3.0,0.0,7.0,33.3,1.0,0.0,0.0,0,0,,0.0,0.0,,,86,66.7,86.0,19,0,,4,2.71,78,19,59,2.95,0.85,0,0,2,0,0,0,0,0,0.0,0.0,0.0,0.0,0.0,0.0,2.95,0.3333333333333333,0.0,2.45,0.95,3.9,0.0,0.0,0.1,0.0,0.0,66.7
Marc Guéhi,ENG,DF,Crystal Palace,Premier League,25,2000,20,20,1800,20.0,2,2,4,2,0,0,4,0,0.2,,1.37,,,,,,,,,,,,15,4,26.7,0.75,0.2,0.13,0.5,90,62.5,90.0,20,0,,0,1.35,22,23,-1,-0.05,-0.05,0,14,18,0,10,24,19,0,0.75,0.26666666666666666,2.15,0.7,0.5,0.2,-0.05,0.0,0.0,0.0,1.15,1.1,0.1,0.0,0.9,0.95,1.2,62.5
Lucas Boyé,ARG,FW,Alavés,La Liga,30,1996,25,19,1798,20.0,11,1,12,8,3,3,4,1,0.45,,1.37,,,,,,,,,,,,58,20,34.5,2.9,1.0,0.14,0.4,72,64.4,85.0,15,6,30.0,0,1.16,24,29,-5,-0.25,0.29,1,52,34,9,10,7,24,0,2.9,0.3448275862068966,1.55,2.6,0.5,0.35,-0.25,0.0,0.0,0.0,1.45,1.2,0.05,0.45,1.7,1.2,0.35,64.4
Antoine Semenyo,GHA,MF,Bournemouth,Premier League,26,2000,20,20,1798,20.0,10,3,13,9,1,2,6,0,0.6,,1.37,,,,,,,,,,,,49,27,55.1,2.45,1.35,0.18,0.33,90,60.5,90.0,18,0,,0,1.25,31,38,-7,-0.35,-0.89,0,37,14,12,28,6,20,0,2.45,0.5510204081632653,1.3,1.85,1.4,0.3,-0.35,0.0,0.0,0.0,1.9,1.55,0.15,0.6,0.7,1.0,0.3,60.5
Anthony Gordon,ENG,FW,Newcastle United,Premier League,25,2001,26,24,1795,19.9,6,2,8,3,3,3,3,1,0.25,,1.37,,,,,,,,,,,,48,20,41.7,2.41,1.0,0.06,0.15,69,60.4,74.0,4,2,13.0,0,1.31,24,28,-4,-0.2,-0.28,0,13,40,5,69,3,13,0,2.412060301507538,0.4166666666666667,0.8040201005025126,0.6532663316582915,3.4673366834170856,0.30150753768844224,-0.2,0.0,0.0,0.0,1.407035175879397,1.206030150753769,0.10050251256281408,0.2512562814070352,2.0100502512562817,0.6532663316582915,0.15075376884422112,60.4
Djibril Sow,SUI,MF,Sevilla,La Liga,29,1997,27,23,1793,19.9,5,1,6,5,0,0,3,0,0.3,,1.37,,,,,,,,,,,,17,8,47.1,0.85,0.4,0.29,0.63,66,64.3,75.0,8,4,19.0,2,1.0,21,38,-17,-0.85,-1.3,0,30,25,3,22,18,21,0,0.8542713567839196,0.47058823529411764,1.9597989949748744,1.5075376884422111,1.105527638190955,0.15075376884422112,-0.85,0.0,0.0,0.0,1.9095477386934674,1.0552763819095479,0.05025125628140704,0.15075376884422112,1.256281407035176,1.0552763819095479,0.9045226130653267,64.3
Guela Doué,CIV,DF,Strasbourg,Ligue 1,23,2002,21,20,1791,19.9,2,6,8,2,0,0,3,0,0.4,,1.37,,,,,,,,,,,,12,5,41.7,0.6,0.25,0.17,0.4,85,68.6,88.0,16,1,30.0,0,1.52,38,26,12,0.6,0.93,0,40,20,0,45,25,35,0,0.6030150753768845,0.4166666666666667,3.0150753768844223,2.0100502512562817,2.261306532663317,0.15075376884422112,0.6,0.0,0.0,0.0,1.306532663316583,1.9095477386934674,0.30150753768844224,0.0,1.0050251256281408,1.7587939698492463,1.256281407035176,68.6
Kenny Tete,NED,DF,Fulham,Premier League,30,1995,22,21,1791,19.9,1,0,1,1,0,0,2,0,0.05,,1.37,,,,,,,,,,,,16,3,18.8,0.8,0.15,0.06,0.33,81,60.3,85.0,15,1,8.0,2,1.55,24,24,0,0.0,0.23,0,27,31,1,34,26,38,0,0.8040201005025126,0.1875,3.2160804020100504,1.35678391959799,1.7085427135678393,0.10050251256281408,0.0,0.0,0.0,0.0,1.206030150753769,1.206030150753769,0.0,0.05025125628140704,1.5577889447236182,1.9095477386934674,1.306532663316583,60.3
Abner,BRA,DF,Lyon,Ligue 1,25,2000,22,21,1791,19.9,3,0,3,3,0,0,4,1,0.15,,1.37,,,,,,,,,,,,15,6,40.0,0.75,0.3,0.2,0.5,81,66.3,85.0,14,1,3.0,2,1.86,27,15,12,0.6,0.31,0,22,6,1,50,5,18,0,0.7537688442211056,0.4,1.155778894472362,1.105527638190955,2.512562814070352,0.35175879396984927,0.6,0.0,0.0,0.0,0.7537688442211056,1.35678391959799,0.0,0.05025125628140704,0.30150753768844224,0.9045226130653267,0.2512562814070352,66.3
Yerry Mina,COL,DF,Cagliari,Serie A,31,1994,22,22,1790,19.9,1,0,1,1,0,0,5,1,0.05,,1.37,,,,,,,,,,,,7,2,28.6,0.35,0.1,0.14,0.5,81,60.3,81.0,17,0,,2,1.14,19,25,-6,-0.3,0.31,1,25,33,3,1,20,15,0,0.35175879396984927,0.2857142857142857,1.7587939698492463,1.256281407035176,0.05025125628140704,0.4020100502512563,-0.3,0.0,0.0,0.0,1.256281407035176,0.9547738693467337,0.0,0.15075376884422112,1.6582914572864322,0.7537688442211056,1.0050251256281408,60.3
Remo Freuler,SUI,MF,Bologna,Serie A,34,1992,24,21,1788,19.9,1,2,3,1,0,0,5,0,0.15,,1.37,,,,,,,,,,,,6,1,16.7,0.3,0.05,0.17,1.0,75,60.2,82.0,14,3,21.0,3,1.63,26,23,3,0.15,0.15,0,17,21,1,14,13,30,1,0.30150753768844224,0.16666666666666666,2.1608040201005028,0.8542713567839196,0.7035175879396985,0.2512562814070352,0.15,0.0,0.0,0.0,1.155778894472362,1.306532663316583,0.10050251256281408,0.05025125628140704,1.0552763819095479,1.5075376884422111,0.6532663316582915,60.2
Moritz Jenz,GER,DF,Wolfsburg,Bundesliga,26,1999,21,20,1786,19.8,1,0,1,1,0,0,8,1,0.05,,1.37,,,,,,,,,,,,5,1,20.0,0.25,0.05,0.2,1.0,85,66.1,89.0,18,1,1.0,2,0.67,21,44,-23,-1.16,-0.96,1,31,7,0,1,12,22,1,0.25252525252525254,0.2,1.7171717171717171,1.5656565656565655,0.050505050505050504,0.5555555555555556,-1.16,0.0,0.0,0.0,2.2222222222222223,1.0606060606060606,0.0,0.0,0.35353535353535354,1.1111111111111112,0.6060606060606061,66.1
Carlos Soler,ESP,MF,Real Sociedad,La Liga,29,1997,26,20,1784,19.8,4,3,7,4,0,0,2,1,0.35,,1.37,,,,,,,,,,,,27,17,63.0,1.36,0.86,0.15,0.24,69,63.9,80.0,7,6,30.0,1,1.38,30,26,4,0.2,0.47,0,26,16,0,57,12,16,0,1.3636363636363635,0.6296296296296297,1.4141414141414141,1.3131313131313131,2.878787878787879,0.25252525252525254,0.2,0.0,0.0,0.0,1.3131313131313131,1.5151515151515151,0.15151515151515152,0.0,0.8080808080808081,0.8080808080808081,0.6060606060606061,63.9
Louis Mouton,FRA,MF,Angers,Ligue 1,23,2002,29,23,1784,19.8,2,1,3,2,0,0,2,1,0.15,,1.37,,,,,,,,,,,,35,8,22.9,1.77,0.4,0.06,0.25,62,66.1,74.0,2,6,15.0,0,1.17,14,26,-12,-0.61,-0.41,0,20,16,4,25,12,25,0,1.7676767676767675,0.22857142857142856,1.8686868686868687,1.0101010101010102,1.2626262626262625,0.25252525252525254,-0.61,0.0,0.0,0.0,1.3131313131313131,0.7070707070707071,0.050505050505050504,0.20202020202020202,0.8080808080808081,1.2626262626262625,0.6060606060606061,66.1
Ismaila Sarr,SEN,MF,Crystal Palace,Premier League,28,1998,22,20,1784,19.8,7,1,8,5,2,2,2,0,0.3,,1.37,,,,,,,,,,,,35,14,40.0,1.77,0.71,0.14,0.36,81,61.9,86.0,16,2,30.0,0,1.41,26,19,7,0.35,1.01,0,11,36,12,18,7,9,0,1.7676767676767675,0.4,0.8080808080808081,0.5555555555555556,0.9090909090909091,0.10101010101010101,0.35,0.0,0.0,0.0,0.9595959595959596,1.3131313131313131,0.050505050505050504,0.6060606060606061,1.8181818181818181,0.45454545454545453,0.35353535353535354,61.9
Emerson Palmieri,ITA,DF,Marseille,Ligue 1,31,1994,24,19,1783,19.8,0,3,3,0,0,0,2,0,0.15,,1.37,,,,,,,,,,,,13,2,15.4,0.66,0.1,0.0,0.0,74,66.0,89.0,16,5,20.0,1,1.75,35,26,9,0.45,-0.43,0,15,15,2,104,29,24,0,0.6565656565656566,0.15384615384615385,2.6767676767676765,0.7575757575757576,5.252525252525253,0.10101010101010101,0.45,0.0,0.0,0.0,1.3131313131313131,1.7676767676767675,0.15151515151515152,0.10101010101010101,0.7575757575757576,1.2121212121212122,1.4646464646464645,66.0
Lucas Höler,GER,FW,Freiburg,Bundesliga,31,1994,29,22,1781,19.8,3,1,4,3,0,0,3,0,0.2,,1.37,,,,,,,,,,,,29,14,48.3,1.47,0.71,0.1,0.21,61,66.0,77.0,8,7,11.0,1,1.38,25,35,-10,-0.51,-1.09,0,26,26,10,8,9,8,0,1.4646464646464645,0.4827586206896552,0.8585858585858586,1.3131313131313131,0.40404040404040403,0.15151515151515152,-0.51,0.0,0.0,0.0,1.7676767676767675,1.2626262626262625,0.050505050505050504,0.5050505050505051,1.3131313131313131,0.40404040404040403,0.45454545454545453,66.0
Aimar Oroz,ESP,MF,Osasuna,La Liga,24,2001,24,21,1779,19.8,0,2,2,0,0,0,5,0,0.1,,1.37,,,,,,,,,,,,28,4,14.3,1.42,0.2,0.0,0.0,74,63.8,81.0,6,3,29.0,0,1.46,20,21,-1,-0.05,-0.05,0,24,50,1,23,7,16,0,1.4141414141414141,0.14285714285714285,1.1616161616161615,1.2121212121212122,1.1616161616161615,0.25252525252525254,-0.05,0.0,0.0,0.0,1.0606060606060606,1.0101010101010102,0.10101010101010101,0.050505050505050504,2.525252525252525,0.8080808080808081,0.35353535353535354,63.8
Tomáš Souček,CZE,MF,West Ham United,Premier League,31,1995,30,19,1778,19.8,4,0,4,4,0,0,2,1,0.2,,1.37,,,,,,,,,,,,19,11,57.9,0.96,0.56,0.21,0.36,59,59.9,83.0,11,11,19.0,0,1.07,27,34,-7,-0.35,0.4,0,30,17,5,12,16,17,0,0.9595959595959596,0.5789473684210527,1.6666666666666665,1.5151515151515151,0.6060606060606061,0.25252525252525254,-0.35,0.0,0.0,0.0,1.7171717171717171,1.3636363636363635,0.0,0.25252525252525254,0.8585858585858586,0.8585858585858586,0.8080808080808081,59.9
Moses Simon,NGA,MF,Paris FC,Ligue 1,30,1995,26,22,1777,19.7,3,3,6,3,0,0,1,0,0.3,,1.37,,,,,,,,,,,,29,10,34.5,1.47,0.51,0.1,0.3,68,65.8,75.0,0,4,33.0,1,1.19,27,28,-1,-0.05,0.44,0,12,15,8,127,8,8,0,1.4720812182741116,0.3448275862068966,0.8121827411167513,0.6091370558375635,6.446700507614214,0.050761421319796954,-0.05,0.0,0.0,0.0,1.4213197969543148,1.3705583756345179,0.15228426395939088,0.40609137055837563,0.7614213197969544,0.40609137055837563,0.40609137055837563,65.8
Yerson Mosquera,COL,DF,Wolves,Premier League,24,2001,23,20,1776,19.7,0,0,0,0,0,0,11,0,0.0,,1.37,,,,,,,,,,,,22,6,27.3,1.11,0.3,0.0,0.0,77,59.8,85.0,13,3,26.0,6,0.7,18,34,-16,-0.81,0.77,0,25,36,1,17,17,32,2,1.116751269035533,0.2727272727272727,2.487309644670051,1.2690355329949239,0.8629441624365483,0.5583756345177665,-0.81,0.0,0.0,0.0,1.7258883248730965,0.9137055837563453,0.0,0.050761421319796954,1.8274111675126905,1.6243654822335025,0.8629441624365483,59.8
Rubén García,ESP,MF,Osasuna,La Liga,32,1993,28,22,1772,19.7,2,5,7,2,0,0,5,0,0.36,,1.37,,,,,,,,,,,,22,7,31.8,1.12,0.36,0.09,0.29,63,63.5,72.0,3,6,31.0,0,1.36,23,21,2,0.1,0.37,0,28,22,1,119,13,26,0,1.116751269035533,0.3181818181818182,1.9796954314720814,1.4213197969543148,6.040609137055838,0.25380710659898476,0.1,0.0,0.0,0.0,1.0659898477157361,1.16751269035533,0.25380710659898476,0.050761421319796954,1.116751269035533,1.3197969543147208,0.6598984771573604,63.5
Sinaly Diomande,CIV,DF,Auxerre,Ligue 1,25,2001,20,20,1771,19.7,1,1,2,1,0,0,4,1,0.1,,1.37,,,,,,,,,,,,6,2,33.3,0.3,0.1,0.17,0.5,89,65.6,89.0,17,0,,1,0.9,18,24,-6,-0.3,0.47,1,24,24,1,0,31,15,0,0.30456852791878175,0.3333333333333333,2.33502538071066,1.218274111675127,0.0,0.3553299492385787,-0.3,0.0,0.0,0.0,1.218274111675127,0.9137055837563453,0.050761421319796954,0.050761421319796954,1.218274111675127,0.7614213197969544,1.5736040609137056,65.6
Piotr Zieliński,POL,MF,Inter,Serie A,31,1994,30,19,1771,19.7,6,2,8,5,1,1,2,0,0.36,,1.37,,,,,,,,,,,,26,10,38.5,1.32,0.51,0.19,0.5,59,59.6,80.0,9,11,23.0,3,2.3,49,20,29,1.47,-0.03,0,16,17,0,22,7,15,0,1.3197969543147208,0.38461538461538464,1.116751269035533,0.8121827411167513,1.116751269035533,0.10152284263959391,1.47,0.0,0.0,0.0,1.015228426395939,2.487309644670051,0.10152284263959391,0.0,0.8629441624365483,0.7614213197969544,0.3553299492385787,59.6
Oliver Jensen,DEN,MF,Parma,Serie A,24,2002,30,19,1771,19.7,1,0,1,1,0,0,2,0,0.05,,1.37,,,,,,,,,,,,14,3,21.4,0.71,0.15,0.07,0.33,59,59.6,78.0,9,11,26.0,3,1.17,12,27,-15,-0.76,-0.69,0,13,20,2,14,17,7,0,0.7106598984771574,0.21428571428571427,1.218274111675127,0.6598984771573604,0.7106598984771574,0.10152284263959391,-0.76,0.0,0.0,0.0,1.3705583756345179,0.6091370558375635,0.0,0.10152284263959391,1.015228426395939,0.3553299492385787,0.8629441624365483,59.6
Joelinton,BRA,MF,Newcastle United,Premier League,29,1996,25,21,1771,19.7,2,1,3,2,0,0,10,0,0.15,,1.37,,,,,,,,,,,,28,10,35.7,1.42,0.51,0.07,0.2,71,59.6,80.0,11,4,24.0,3,1.44,30,25,5,0.25,0.85,0,39,27,1,10,26,18,0,1.4213197969543148,0.35714285714285715,2.233502538071066,1.9796954314720814,0.5076142131979695,0.5076142131979695,0.25,0.0,0.0,0.0,1.2690355329949239,1.5228426395939088,0.050761421319796954,0.050761421319796954,1.3705583756345179,0.9137055837563453,1.3197969543147208,59.6
Koke,ESP,MF,Atlético Madrid,La Liga,34,1992,28,19,1770,19.7,2,2,4,2,0,0,5,0,0.2,,1.37,,,,,,,,,,,,11,4,36.4,0.56,0.2,0.18,0.5,63,63.4,78.0,10,9,33.0,2,2.0,35,20,15,0.76,0.41,0,19,15,0,29,17,23,0,0.5583756345177665,0.36363636363636365,2.030456852791878,0.9644670050761421,1.4720812182741116,0.25380710659898476,0.76,0.0,0.0,0.0,1.015228426395939,1.7766497461928934,0.10152284263959391,0.0,0.7614213197969544,1.16751269035533,0.8629441624365483,63.4
Harvey Barnes,ENG,FW,Newcastle United,Premier League,28,1997,32,18,1769,19.7,5,0,5,5,0,0,1,0,0.25,,1.37,,,,,,,,,,,,52,18,34.6,2.65,0.92,0.1,0.28,55,59.6,80.0,7,14,24.0,1,1.22,30,28,2,0.1,0.48,0,16,22,3,70,3,5,0,2.6395939086294415,0.34615384615384615,0.40609137055837563,0.8121827411167513,3.553299492385787,0.050761421319796954,0.1,0.0,0.0,0.0,1.4213197969543148,1.5228426395939088,0.0,0.15228426395939088,1.116751269035533,0.25380710659898476,0.15228426395939088,59.6
Igor Paixão,BRA,MF,Marseille,Ligue 1,25,2000,27,20,1769,19.7,6,5,11,6,0,0,3,0,0.56,,1.37,,,,,,,,,,,,47,19,40.4,2.39,0.97,0.13,0.32,66,65.5,77.0,6,7,33.0,0,1.81,36,25,11,0.56,-0.12,0,18,30,8,49,16,8,0,2.385786802030457,0.40425531914893614,1.218274111675127,0.9137055837563453,2.487309644670051,0.15228426395939088,0.56,0.0,0.0,0.0,1.2690355329949239,1.8274111675126905,0.25380710659898476,0.40609137055837563,1.5228426395939088,0.40609137055837563,0.8121827411167513,65.5
Félix Correia,POR,MF,Lille,Ligue 1,25,2001,30,22,1767,19.6,4,5,9,4,0,0,2,0,0.46,,1.37,,,,,,,,,,,,29,7,24.1,1.48,0.36,0.14,0.57,59,65.4,74.0,2,8,18.0,0,1.8,34,20,14,0.71,0.62,0,10,25,3,73,19,10,0,1.4795918367346939,0.2413793103448276,1.4795918367346939,0.5102040816326531,3.724489795918367,0.1020408163265306,0.71,0.0,0.0,0.0,1.0204081632653061,1.7346938775510203,0.25510204081632654,0.1530612244897959,1.2755102040816326,0.5102040816326531,0.9693877551020408,65.4
Nadiem Amiri,GER,MF,Mainz 05,Bundesliga,29,1996,22,20,1765,19.6,11,2,13,3,8,8,6,0,0.25,,1.37,,,,,,,,,,,,41,17,41.5,2.09,0.87,0.07,0.18,80,65.4,86.0,12,2,28.0,0,1.0,24,28,-4,-0.2,0.28,0,17,22,3,114,16,16,0,2.0918367346938775,0.4146341463414634,1.6326530612244896,0.8673469387755102,5.816326530612245,0.3061224489795918,-0.2,0.0,0.0,0.0,1.4285714285714284,1.2244897959183672,0.1020408163265306,0.1530612244897959,1.1224489795918366,0.8163265306122448,0.8163265306122448,65.4
Pape Gueye,SEN,MF,Villarreal,La Liga,27,1999,25,21,1760,19.6,4,2,6,3,1,1,7,0,0.26,,1.37,,,,,,,,,,,,40,11,27.5,2.05,0.56,0.08,0.27,70,63.1,80.0,9,4,23.0,1,1.96,37,21,16,0.82,0.47,0,32,45,2,14,30,20,0,2.0408163265306123,0.275,2.5510204081632653,1.6326530612244896,0.7142857142857142,0.3571428571428571,0.82,0.0,0.0,0.0,1.0714285714285714,1.887755102040816,0.1020408163265306,0.1020408163265306,2.2959183673469385,1.0204081632653061,1.530612244897959,63.1
Che Adams,SCO,FW,Torino,Serie A,29,1996,30,18,1760,19.6,5,2,7,5,0,0,0,0,0.36,,1.37,,,,,,,,,,,,48,14,29.2,2.45,0.72,0.1,0.36,59,59.3,77.0,4,12,32.0,1,1.23,24,28,-4,-0.2,0.76,0,17,15,9,13,1,7,0,2.4489795918367343,0.2916666666666667,0.4081632653061224,0.8673469387755102,0.6632653061224489,0.0,-0.2,0.0,0.0,0.0,1.4285714285714284,1.2244897959183672,0.1020408163265306,0.4591836734693877,0.7653061224489796,0.3571428571428571,0.0510204081632653,59.3
Nacho Vidal,ESP,DF,Oviedo,La Liga,31,1995,22,21,1759,19.5,0,0,0,0,0,0,4,0,0.0,,1.37,,,,,,,,,,,,10,3,30.0,0.51,0.15,0.0,0.0,80,63.0,83.0,14,1,25.0,2,0.95,16,24,-8,-0.41,0.99,0,22,25,1,31,22,25,0,0.5128205128205128,0.3,2.41025641025641,1.1282051282051282,1.5897435897435896,0.20512820512820512,-0.41,0.0,0.0,0.0,1.2307692307692308,0.8205128205128205,0.0,0.05128205128205128,1.2820512820512822,1.2820512820512822,1.1282051282051282,63.0
Copete,ESP,DF,Valencia,La Liga,26,1999,21,19,1759,19.5,0,0,0,0,0,0,5,0,0.0,,1.37,,,,,,,,,,,,13,0,0.0,0.67,0.0,0.0,,84,63.0,88.0,15,2,47.0,3,0.9,17,32,-15,-0.77,-1.03,0,20,11,2,4,25,15,1,0.6666666666666666,0.0,2.051282051282051,1.0256410256410255,0.20512820512820512,0.2564102564102564,-0.77,0.0,0.0,0.0,1.641025641025641,0.8717948717948718,0.0,0.10256410256410256,0.5641025641025641,0.7692307692307693,1.2820512820512822,63.0
Ismaël Doukouré,FRA,DF,Strasbourg,Ligue 1,22,2003,21,21,1758,19.5,0,1,1,0,0,0,3,2,0.05,,1.37,,,,,,,,,,,,6,3,50.0,0.31,0.15,0.0,0.0,84,67.4,84.0,17,0,,0,1.52,34,23,11,0.56,0.77,0,16,14,0,3,21,10,1,0.3076923076923077,0.5,1.5897435897435896,0.8205128205128205,0.15384615384615385,0.46153846153846156,0.56,0.0,0.0,0.0,1.1794871794871795,1.7435897435897436,0.05128205128205128,0.0,0.717948717948718,0.5128205128205128,1.0769230769230769,67.4
Isak Hien,SWE,DF,Atalanta,Serie A,27,1999,25,18,1756,19.5,1,0,1,1,0,0,4,0,0.05,,1.37,,,,,,,,,,,,8,3,37.5,0.41,0.15,0.13,0.33,70,59.1,86.0,16,7,29.0,3,1.56,24,21,3,0.15,-0.81,0,34,15,0,0,22,31,1,0.41025641025641024,0.375,2.717948717948718,1.7435897435897436,0.0,0.20512820512820512,0.15,0.0,0.0,0.0,1.0769230769230769,1.2307692307692308,0.0,0.0,0.7692307692307693,1.5897435897435896,1.1282051282051282,59.1
Akor Adams,NGA,FW,Sevilla,La Liga,26,2000,26,18,1752,19.5,8,3,11,5,3,3,1,0,0.41,,1.37,,,,,,,,,,,,54,27,50.0,2.77,1.39,0.09,0.19,67,62.8,85.0,12,8,29.0,0,1.15,27,34,-7,-0.36,0.07,0,26,10,38,14,0,2,0,2.769230769230769,0.5,0.10256410256410256,1.3333333333333333,0.717948717948718,0.05128205128205128,-0.36,0.0,0.0,0.0,1.7435897435897436,1.3846153846153846,0.15384615384615385,1.9487179487179487,0.5128205128205128,0.10256410256410256,0.0,62.8
Karol Mets,EST,DF,St Pauli,Bundesliga,32,1993,21,20,1752,19.5,1,0,1,1,0,0,2,0,0.05,,1.37,,,,,,,,,,,,5,1,20.0,0.26,0.05,0.2,1.0,83,64.9,87.0,16,1,16.0,2,0.86,16,36,-20,-1.03,-0.55,0,11,10,1,5,19,22,0,0.2564102564102564,0.2,2.1025641025641026,0.5641025641025641,0.2564102564102564,0.10256410256410256,-1.03,0.0,0.0,0.0,1.8461538461538463,0.8205128205128205,0.0,0.05128205128205128,0.5128205128205128,1.1282051282051282,0.9743589743589743,64.9
Omar Mascarell,EQG,MF,Mallorca,La Liga,33,1993,24,20,1752,19.5,1,2,3,1,0,0,4,0,0.15,,1.37,,,,,,,,,,,,3,2,66.7,0.15,0.1,0.33,0.5,73,62.8,81.0,13,4,32.0,4,1.17,26,28,-2,-0.1,0.5,0,30,11,0,5,29,23,0,0.15384615384615385,0.6666666666666666,2.6666666666666665,1.5384615384615385,0.2564102564102564,0.20512820512820512,-0.1,0.0,0.0,0.0,1.435897435897436,1.3333333333333333,0.10256410256410256,0.0,0.5641025641025641,1.1794871794871795,1.4871794871794872,62.8
Mats Wieffer,NED,DF,Brighton,Premier League,26,1999,23,20,1751,19.5,2,3,5,2,0,0,8,0,0.26,,1.37,,,,,,,,,,,,18,6,33.3,0.93,0.31,0.11,0.33,76,59.0,83.0,13,3,29.0,0,1.61,30,22,8,0.41,0.56,0,29,22,2,14,24,41,0,0.9230769230769231,0.3333333333333333,3.3333333333333335,1.4871794871794872,0.717948717948718,0.41025641025641024,0.41,0.0,0.0,0.0,1.1282051282051282,1.5384615384615385,0.15384615384615385,0.10256410256410256,1.1282051282051282,2.1025641025641026,1.2307692307692308,59.0
Benjamin Pavard,FRA,DF,Marseille,Ligue 1,30,1996,24,20,1745,19.4,1,2,3,1,0,0,5,0,0.15,,1.37,,,,,,,,,,,,11,3,27.3,0.57,0.15,0.09,0.33,73,64.6,84.0,15,4,19.0,2,1.88,38,23,15,0.77,0.49,0,17,13,4,13,22,11,1,0.5670103092783506,0.2727272727272727,1.7010309278350517,0.8762886597938145,0.6701030927835052,0.2577319587628866,0.77,0.0,0.0,0.0,1.1855670103092784,1.9587628865979383,0.10309278350515465,0.2061855670103093,0.6701030927835052,0.5670103092783506,1.1340206185567012,64.6
Jari Vandeputte,BEL,MF,Cremonese,Serie A,30,1996,28,22,1744,19.4,1,4,5,1,0,0,2,0,0.26,,1.37,,,,,,,,,,,,19,7,36.8,0.98,0.36,0.05,0.14,62,58.7,72.0,6,6,27.0,3,0.96,15,23,-8,-0.41,0.54,0,31,25,1,140,18,21,0,0.9793814432989691,0.3684210526315789,2.0103092783505154,1.597938144329897,7.216494845360825,0.10309278350515465,-0.41,0.0,0.0,0.0,1.1855670103092784,0.7731958762886598,0.2061855670103093,0.051546391752577324,1.288659793814433,1.0824742268041239,0.9278350515463918,58.7
Jessy Deminguet,FRA,MF,Metz,Ligue 1,28,1998,28,22,1744,19.4,1,0,1,1,0,0,4,0,0.05,,1.37,,,,,,,,,,,,14,6,42.9,0.72,0.31,0.07,0.17,62,64.6,73.0,0,6,22.0,0,0.54,14,38,-24,-1.24,0.17,0,24,28,0,16,17,19,0,0.7216494845360826,0.42857142857142855,1.8556701030927836,1.2371134020618557,0.8247422680412372,0.2061855670103093,-1.24,0.0,0.0,0.0,1.9587628865979383,0.7216494845360826,0.0,0.0,1.4432989690721651,0.9793814432989691,0.8762886597938145,64.6
Ryan Sessegnon,ENG,DF,Fulham,Premier League,25,2000,26,19,1743,19.4,2,1,3,2,0,0,0,0,0.15,,1.37,,,,,,,,,,,,15,3,20.0,0.77,0.15,0.13,0.67,67,58.7,85.0,14,7,19.0,0,1.27,31,29,2,0.1,0.47,0,32,3,3,50,21,26,0,0.7731958762886598,0.2,2.4226804123711343,1.6494845360824744,2.577319587628866,0.0,0.1,0.0,0.0,0.0,1.4948453608247423,1.597938144329897,0.051546391752577324,0.15463917525773196,0.15463917525773196,1.3402061855670104,1.0824742268041239,58.7
Grégoire Coudert,FRA,GK,Brest,Ligue 1,27,1999,20,19,1742,19.4,0,0,0,0,0,0,1,0,0.0,29.0,1.5,85.0,60.0,69.4,9.0,3.0,7.0,6.0,31.6,3.0,1.0,0.0,0,0,,0.0,0.0,,,87,66.7,90.0,19,1,32.0,9,1.5,29,29,0,0.0,0.62,0,1,8,0,0,0,0,0,0.0,0.0,0.0,0.051546391752577324,0.0,0.051546391752577324,0.0,0.3,0.3333333333333333,4.381443298969073,1.4948453608247423,1.4948453608247423,0.0,0.0,0.4123711340206186,0.0,0.0,66.7
Franck Honorat,FRA,MF,Gladbach,Bundesliga,29,1996,24,21,1742,19.4,2,6,8,2,0,0,0,0,0.41,,1.37,,,,,,,,,,,,17,5,29.4,0.88,0.26,0.12,0.4,73,64.5,79.0,7,3,30.0,0,1.08,21,30,-9,-0.46,0.0,0,11,5,8,116,4,10,0,0.8762886597938145,0.29411764705882354,0.7216494845360826,0.5670103092783506,5.979381443298969,0.0,-0.46,0.0,0.0,0.0,1.5463917525773196,1.0824742268041239,0.30927835051546393,0.4123711340206186,0.2577319587628866,0.5154639175257733,0.2061855670103093,64.5
Paul Nebel,GER,MF,Mainz 05,Bundesliga,23,2002,26,20,1740,19.3,4,1,5,4,0,0,2,2,0.26,,1.37,,,,,,,,,,,,27,6,22.2,1.4,0.31,0.15,0.67,67,64.4,82.0,11,6,17.0,0,1.23,19,31,-12,-0.62,-0.9,0,25,17,2,124,12,27,0,1.398963730569948,0.2222222222222222,2.0207253886010363,1.2953367875647668,6.424870466321243,0.41450777202072536,-0.62,0.0,0.0,0.0,1.6062176165803108,0.9844559585492227,0.05181347150259067,0.10362694300518134,0.8808290155440415,1.398963730569948,0.6217616580310881,64.4
Amadou Onana,BEL,MF,Aston Villa,Premier League,24,2001,24,21,1740,19.3,2,0,2,2,0,0,3,0,0.1,,1.37,,,,,,,,,,,,19,7,36.8,0.98,0.36,0.11,0.29,73,58.6,81.0,11,3,16.0,1,1.92,28,26,2,0.1,-0.19,0,20,25,0,0,19,29,0,0.9844559585492227,0.3684210526315789,2.4870466321243523,1.0362694300518134,0.0,0.15544041450777202,0.1,0.0,0.0,0.0,1.3471502590673574,1.450777202072539,0.0,0.0,1.2953367875647668,1.5025906735751295,0.9844559585492227,58.6
Rafa Mir,ESP,FW,Elche,La Liga,28,1997,26,20,1737,19.3,8,0,8,7,1,2,4,0,0.36,,1.37,,,,,,,,,,,,67,35,52.2,3.47,1.81,0.1,0.2,67,62.3,81.0,7,6,21.0,0,1.15,28,22,6,0.31,1.51,0,39,16,7,17,4,7,0,3.471502590673575,0.5223880597014925,0.5699481865284974,2.0207253886010363,0.8808290155440415,0.20725388601036268,0.31,0.0,0.0,0.0,1.1398963730569949,1.450777202072539,0.0,0.3626943005181347,0.8290155440414507,0.3626943005181347,0.20725388601036268,62.3
Antoine Mendy,SEN,DF,Nice,Ligue 1,21,2004,21,20,1737,19.3,1,0,1,1,0,0,5,0,0.05,,1.37,,,,,,,,,,,,15,7,46.7,0.78,0.36,0.07,0.14,83,64.3,86.0,17,1,11.0,6,0.95,23,34,-11,-0.57,0.46,0,27,20,1,16,14,30,0,0.7772020725388601,0.4666666666666667,2.2797927461139897,1.398963730569948,0.8290155440414507,0.25906735751295334,-0.57,0.0,0.0,0.0,1.761658031088083,1.1917098445595855,0.0,0.05181347150259067,1.0362694300518134,1.5544041450777202,0.7253886010362695,64.3
Willian Pacho,ECU,DF,Paris Saint-Germain,Ligue 1,24,2001,21,19,1734,19.3,0,0,0,0,0,0,0,0,0.0,,1.37,,,,,,,,,,,,8,1,12.5,0.42,0.05,0.0,0.0,83,68.8,87.0,17,2,38.0,7,2.1,42,20,22,1.14,-0.58,0,6,6,1,0,25,25,0,0.41450777202072536,0.125,2.5906735751295336,0.31088082901554404,0.0,0.0,1.14,0.0,0.0,0.0,1.0362694300518134,2.176165803108808,0.0,0.05181347150259067,0.31088082901554404,1.2953367875647668,1.2953367875647668,68.8
Óscar Valentín,ESP,MF,Rayo Vallecano,La Liga,31,1994,27,21,1733,19.3,1,0,1,1,0,0,3,1,0.05,,1.37,,,,,,,,,,,,13,4,30.8,0.68,0.21,0.08,0.25,64,62.1,76.0,9,6,23.0,3,1.19,15,16,-1,-0.05,0.63,0,23,18,0,2,21,33,0,0.6735751295336787,0.3076923076923077,2.797927461139896,1.1917098445595855,0.10362694300518134,0.31088082901554404,-0.05,0.0,0.0,0.0,0.8290155440414507,0.7772020725388601,0.0,0.0,0.9326424870466321,1.709844559585492,1.088082901554404,62.1
Leandro Trossard,BEL,FW,Arsenal,Premier League,31,1994,28,18,1731,19.2,5,5,10,5,0,0,1,0,0.52,,1.37,,,,,,,,,,,,44,11,25.0,2.29,0.57,0.11,0.45,62,58.3,80.0,3,10,30.0,2,2.14,37,15,22,1.14,0.05,0,13,34,5,54,9,15,0,2.291666666666667,0.25,1.25,0.6770833333333334,2.8125,0.052083333333333336,1.14,0.0,0.0,0.0,0.78125,1.9270833333333335,0.2604166666666667,0.2604166666666667,1.7708333333333335,0.78125,0.46875,58.3
Georges Mikautadze,GEO,FW,Villarreal,La Liga,25,2000,26,19,1729,19.2,9,5,14,9,0,0,1,0,0.73,,1.37,,,,,,,,,,,,52,25,48.1,2.71,1.3,0.17,0.36,67,62.0,81.0,7,7,28.0,1,1.92,32,24,8,0.42,-0.6,0,11,40,2,13,5,3,0,2.7083333333333335,0.4807692307692308,0.4166666666666667,0.5729166666666667,0.6770833333333334,0.052083333333333336,0.42,0.0,0.0,0.0,1.25,1.6666666666666667,0.2604166666666667,0.10416666666666667,2.0833333333333335,0.15625,0.2604166666666667,62.0
Michael Folorunsho,ITA,MF,Cagliari,Serie A,28,1998,23,21,1728,19.2,2,0,2,2,0,0,3,0,0.1,,1.37,,,,,,,,,,,,28,8,28.6,1.46,0.42,0.07,0.25,75,58.2,80.0,9,2,23.0,0,0.83,17,27,-10,-0.52,-0.23,0,32,40,13,20,8,8,0,1.4583333333333335,0.2857142857142857,0.8333333333333334,1.6666666666666667,1.0416666666666667,0.15625,-0.52,0.0,0.0,0.0,1.40625,0.8854166666666667,0.0,0.6770833333333334,2.0833333333333335,0.4166666666666667,0.4166666666666667,58.2
Koni De Winter,BEL,DF,Milan,Serie A,23,2002,24,18,1728,19.2,1,1,2,1,0,0,1,0,0.1,,1.37,,,,,,,,,,,,7,1,14.3,0.36,0.05,0.14,1.0,72,58.2,90.0,17,6,19.0,9,2.0,26,17,9,0.47,-0.4,0,25,8,1,4,13,18,0,0.36458333333333337,0.14285714285714285,1.6145833333333335,1.3020833333333335,0.20833333333333334,0.052083333333333336,0.47,0.0,0.0,0.0,0.8854166666666667,1.3541666666666667,0.052083333333333336,0.052083333333333336,0.4166666666666667,0.9375,0.6770833333333334,58.2
Ardian Ismajli,ALB,DF,Torino,Serie A,29,1996,23,19,1726,19.2,0,1,1,0,0,0,5,0,0.05,,1.37,,,,,,,,,,,,6,4,66.7,0.31,0.21,0.0,0.0,75,58.1,85.0,15,4,29.0,0,1.43,24,24,0,0.0,1.23,0,20,16,1,8,34,11,0,0.3125,0.6666666666666666,2.34375,1.0416666666666667,0.4166666666666667,0.2604166666666667,0.0,0.0,0.0,0.0,1.25,1.25,0.052083333333333336,0.052083333333333336,0.8333333333333334,0.5729166666666667,1.7708333333333335,58.1
Charles Vanhoutte,BEL,MF,Nice,Ligue 1,27,1998,23,20,1725,19.2,0,2,2,0,0,0,7,0,0.1,,1.37,,,,,,,,,,,,4,1,25.0,0.21,0.05,0.0,0.0,75,63.9,83.0,10,3,25.0,2,1.04,23,33,-10,-0.52,0.59,0,34,8,0,13,21,26,0,0.20833333333333334,0.25,2.447916666666667,1.7708333333333335,0.6770833333333334,0.36458333333333337,-0.52,0.0,0.0,0.0,1.71875,1.1979166666666667,0.10416666666666667,0.0,0.4166666666666667,1.3541666666666667,1.09375,63.9
Jon Pacheco,ESP,DF,Alavés,La Liga,25,2001,21,20,1725,19.2,0,0,0,0,0,0,5,1,0.0,,1.37,,,,,,,,,,,,4,1,25.0,0.21,0.05,0.0,0.0,82,61.8,85.0,17,1,16.0,6,1.05,17,29,-12,-0.63,-0.71,1,14,7,1,4,11,16,0,0.20833333333333334,0.25,1.40625,0.7291666666666667,0.20833333333333334,0.4166666666666667,-0.63,0.0,0.0,0.0,1.5104166666666667,0.8854166666666667,0.0,0.052083333333333336,0.36458333333333337,0.8333333333333334,0.5729166666666667,61.8
Konrad Laimer,AUT,DF,Bayern Munich,Bundesliga,28,1997,25,19,1724,19.2,3,6,9,3,0,0,6,0,0.47,,1.37,,,,,,,,,,,,16,8,50.0,0.84,0.42,0.19,0.38,69,63.9,80.0,10,6,33.0,0,2.76,75,13,62,3.24,1.58,0,22,6,3,29,17,21,0,0.8333333333333334,0.5,1.9791666666666667,1.1458333333333335,1.5104166666666667,0.3125,3.24,0.0,0.0,0.0,0.6770833333333334,3.90625,0.3125,0.15625,0.3125,1.09375,0.8854166666666667,63.9
David Carmo,ANG,DF,Oviedo,La Liga,26,1999,21,19,1722,19.1,1,0,1,1,0,0,8,1,0.05,,1.37,,,,,,,,,,,,10,3,30.0,0.52,0.16,0.1,0.33,82,61.7,88.0,17,2,25.0,4,0.62,14,33,-19,-0.99,-0.57,1,20,4,0,2,21,17,0,0.5235602094240838,0.3,1.9895287958115182,1.0471204188481675,0.10471204188481674,0.5759162303664921,-0.99,0.0,0.0,0.0,1.7277486910994764,0.7329842931937173,0.0,0.0,0.20942408376963348,0.8900523560209423,1.0994764397905759,61.7
Álvaro Rodríguez,URU,FW,Elche,La Liga,21,2004,27,19,1721,19.1,5,4,9,5,0,0,1,0,0.47,,1.37,,,,,,,,,,,,58,18,31.0,3.03,0.94,0.09,0.28,64,61.7,82.0,9,8,20.0,3,0.93,23,29,-6,-0.31,-0.15,0,27,36,15,8,3,9,0,3.0366492146596857,0.3103448275862069,0.6282722513089005,1.413612565445026,0.41884816753926696,0.05235602094240837,-0.31,0.0,0.0,0.0,1.5183246073298429,1.2041884816753925,0.20942408376963348,0.7853403141361256,1.8848167539267013,0.47120418848167533,0.15706806282722513,61.7
Tylel Tati,FRA,DF,Nantes,Ligue 1,18,2008,20,20,1721,19.1,0,0,0,0,0,0,5,1,0.0,,1.37,,,,,,,,,,,,3,0,0.0,0.16,0.0,0.0,,86,65.9,86.0,17,0,,2,0.7,19,37,-18,-0.94,-0.64,0,25,15,0,1,14,13,0,0.15706806282722513,0.0,1.413612565445026,1.3089005235602094,0.05235602094240837,0.41884816753926696,-0.94,0.0,0.0,0.0,1.9371727748691099,0.9947643979057591,0.0,0.0,0.7853403141361256,0.6806282722513088,0.7329842931937173,65.9
Dimitris Giannoulis,GRE,MF,Augsburg,Bundesliga,30,1995,24,22,1720,19.1,2,4,6,2,0,0,8,0,0.31,,1.37,,,,,,,,,,,,10,6,60.0,0.52,0.31,0.2,0.33,72,63.7,76.0,8,2,25.0,0,1.25,29,37,-8,-0.42,0.32,0,15,16,4,87,20,19,0,0.5235602094240838,0.6,2.0418848167539267,0.7853403141361256,4.554973821989528,0.41884816753926696,-0.42,0.0,0.0,0.0,1.9371727748691099,1.5183246073298429,0.20942408376963348,0.20942408376963348,0.8376963350785339,0.9947643979057591,1.0471204188481675,63.7
Maximilian Beier,GER,MF,Dortmund,Bundesliga,23,2002,28,20,1720,19.1,8,4,12,8,0,0,3,0,0.63,,1.37,,,,,,,,,,,,46,19,41.3,2.41,0.99,0.17,0.42,61,63.7,77.0,3,8,23.0,1,2.14,40,16,24,1.26,0.7,0,24,19,3,23,5,14,0,2.408376963350785,0.41304347826086957,0.9947643979057591,1.256544502617801,1.2041884816753925,0.15706806282722513,1.26,0.0,0.0,0.0,0.8376963350785339,2.094240837696335,0.20942408376963348,0.15706806282722513,0.9947643979057591,0.7329842931937173,0.2617801047120419,63.7
José Luis García Vayá,ESP,MF,Valencia,La Liga,27,1998,24,20,1719,19.1,2,0,2,1,1,3,3,0,0.05,,1.37,,,,,,,,,,,,22,3,13.6,1.15,0.16,0.05,0.33,72,61.6,82.0,8,4,21.0,7,1.08,15,28,-13,-0.68,-0.76,0,27,12,1,44,15,25,0,1.1518324607329842,0.13636363636363635,2.094240837696335,1.413612565445026,2.3036649214659684,0.15706806282722513,-0.68,0.0,0.0,0.0,1.4659685863874345,0.7853403141361256,0.0,0.05235602094240837,0.6282722513089005,1.3089005235602094,0.7853403141361256,61.6
Ragnar Ache,GER,FW,Köln,Bundesliga,27,1998,29,18,1718,19.1,7,4,11,7,0,0,3,0,0.58,,1.37,,,,,,,,,,,,52,22,42.3,2.72,1.15,0.13,0.32,59,63.6,78.0,3,11,29.0,0,1.03,27,38,-11,-0.58,-0.94,0,18,29,10,1,4,8,0,2.7225130890052354,0.4230769230769231,0.6282722513089005,0.9424083769633507,0.05235602094240837,0.15706806282722513,-0.58,0.0,0.0,0.0,1.9895287958115182,1.413612565445026,0.20942408376963348,0.5235602094240838,1.5183246073298429,0.41884816753926696,0.20942408376963348,63.6
Nadir Zortea,ITA,DF,Bologna,Serie A,26,1999,28,16,1716,19.1,0,2,2,0,0,0,2,0,0.1,,1.37,,,,,,,,,,,,11,1,9.1,0.58,0.05,0.0,0.0,61,57.8,87.0,11,12,27.0,5,1.32,19,26,-7,-0.37,-1.08,0,25,16,0,63,19,16,0,0.5759162303664921,0.09090909090909091,1.832460732984293,1.3089005235602094,3.2984293193717273,0.10471204188481674,-0.37,0.0,0.0,0.0,1.3612565445026177,0.9947643979057591,0.10471204188481674,0.0,0.8376963350785339,0.8376963350785339,0.9947643979057591,57.8
Nicola Leali,ITA,GK,Genoa,Serie A,33,1993,20,20,1712,19.0,0,0,0,0,0,0,2,1,0.0,26.0,1.37,79.0,55.0,69.6,4.0,8.0,8.0,4.0,20.0,2.0,0.0,0.0,0,0,,0.0,0.0,,,86,57.6,86.0,19,0,,12,1.0,21,25,-4,-0.21,-0.07,0,2,2,0,0,1,0,0,0.0,0.0,0.05263157894736842,0.10526315789473684,0.0,0.2631578947368421,-0.21,0.2,0.0,4.157894736842105,1.3157894736842106,1.105263157894737,0.0,0.0,0.10526315789473684,0.0,0.05263157894736842,57.6
Wesley Saïd,FRA,MF,Lens,Ligue 1,31,1995,25,22,1712,19.0,10,2,12,9,1,1,2,0,0.58,,1.37,,,,,,,,,,,,51,22,43.1,2.68,1.16,0.18,0.41,68,65.6,74.0,1,3,29.0,0,2.24,34,17,17,0.89,-0.21,0,34,13,12,21,8,15,0,2.6842105263157894,0.43137254901960786,1.2105263157894737,1.7894736842105263,1.105263157894737,0.10526315789473684,0.89,0.0,0.0,0.0,0.8947368421052632,1.7894736842105263,0.10526315789473684,0.631578947368421,0.6842105263157895,0.7894736842105263,0.42105263157894735,65.6
Mario Hermoso,ESP,DF,Roma,Serie A,30,1995,22,20,1711,19.0,2,1,3,2,0,0,6,0,0.16,,1.37,,,,,,,,,,,,14,5,35.7,0.74,0.26,0.14,0.4,78,57.6,82.0,12,2,39.0,2,1.68,21,16,5,0.26,-0.59,0,31,17,0,9,27,16,0,0.7368421052631579,0.35714285714285715,2.263157894736842,1.631578947368421,0.47368421052631576,0.3157894736842105,0.26,0.0,0.0,0.0,0.8421052631578947,1.105263157894737,0.05263157894736842,0.0,0.8947368421052632,0.8421052631578947,1.4210526315789473,57.6
Domenico Berardi,ITA,FW,Sassuolo,Serie A,31,1994,22,21,1711,19.0,7,4,11,5,2,3,2,1,0.47,,1.37,,,,,,,,,,,,34,18,52.9,1.79,0.95,0.15,0.28,78,57.6,80.0,8,1,32.0,0,1.36,27,25,2,0.11,0.46,0,28,31,10,51,20,17,0,1.7894736842105263,0.5294117647058824,1.9473684210526316,1.4736842105263157,2.6842105263157894,0.2631578947368421,0.11,0.0,0.0,0.0,1.3157894736842106,1.4210526315789473,0.21052631578947367,0.5263157894736842,1.631578947368421,0.8947368421052632,1.0526315789473684,57.6
Jon Martin,ESP,DF,Real Sociedad,La Liga,19,2006,19,19,1710,19.0,1,0,1,1,0,0,5,0,0.05,,1.37,,,,,,,,,,,,14,4,28.6,0.74,0.21,0.07,0.25,90,61.3,90.0,19,0,,7,1.42,33,32,1,0.05,0.05,0,14,9,0,0,32,12,0,0.7368421052631579,0.2857142857142857,2.3157894736842106,0.7368421052631579,0.0,0.2631578947368421,0.05,0.0,0.0,0.0,1.6842105263157894,1.736842105263158,0.0,0.0,0.47368421052631576,0.631578947368421,1.6842105263157894,61.3
Mikkel Damsgaard,DEN,MF,Brentford,Premier League,25,2000,28,20,1710,19.0,3,4,7,3,0,0,0,0,0.37,,1.37,,,,,,,,,,,,23,9,39.1,1.21,0.47,0.13,0.33,61,57.6,77.0,7,8,22.0,2,1.5,31,27,4,0.21,0.21,0,17,20,3,84,18,29,0,1.2105263157894737,0.391304347826087,2.473684210526316,0.8947368421052632,4.421052631578948,0.0,0.21,0.0,0.0,0.0,1.4210526315789473,1.631578947368421,0.21052631578947367,0.15789473684210525,1.0526315789473684,1.5263157894736843,0.9473684210526315,57.6
Ramon Hendriks,NED,DF,Stuttgart,Bundesliga,24,2001,27,19,1710,19.0,0,2,2,0,0,0,3,0,0.11,,1.37,,,,,,,,,,,,4,0,0.0,0.21,0.0,0.0,,63,63.3,86.0,14,8,11.0,2,1.81,41,32,9,0.47,-0.53,0,12,20,0,19,18,12,0,0.21052631578947367,0.0,1.5789473684210527,0.631578947368421,1.0,0.15789473684210525,0.47,0.0,0.0,0.0,1.6842105263157894,2.1578947368421053,0.10526315789473684,0.0,1.0526315789473684,0.631578947368421,0.9473684210526315,63.3
Phillipp Mwene,AUT,MF,Mainz 05,Bundesliga,32,1994,25,20,1709,19.0,0,2,2,0,0,0,4,0,0.11,,1.37,,,,,,,,,,,,6,0,0.0,0.32,0.0,0.0,,68,63.3,80.0,10,5,20.0,0,1.12,23,28,-5,-0.26,0.1,0,17,27,3,69,9,14,0,0.3157894736842105,0.0,1.2105263157894737,0.8947368421052632,3.6315789473684212,0.21052631578947367,-0.26,0.0,0.0,0.0,1.4736842105263157,1.2105263157894737,0.10526315789473684,0.15789473684210525,1.4210526315789473,0.7368421052631579,0.47368421052631576,63.3
Sebastiano Luperto,ITA,DF,Cagliari,Serie A,29,1996,19,19,1706,19.0,1,0,1,1,0,0,3,0,0.05,,1.37,,,,,,,,,,,,7,3,42.9,0.37,0.16,0.14,0.33,90,57.4,90.0,18,0,,4,1.32,22,24,-2,-0.11,0.75,0,23,17,0,1,19,12,0,0.3684210526315789,0.42857142857142855,1.631578947368421,1.2105263157894737,0.05263157894736842,0.15789473684210525,-0.11,0.0,0.0,0.0,1.263157894736842,1.1578947368421053,0.0,0.0,0.8947368421052632,0.631578947368421,1.0,57.4
Leny Yoro,FRA,DF,Manchester Utd,Premier League,20,2005,29,18,1705,18.9,0,0,0,0,0,0,1,0,0.0,,1.37,,,,,,,,,,,,9,3,33.3,0.48,0.16,0.0,0.0,59,57.4,82.0,9,11,22.0,3,1.59,28,32,-4,-0.21,-1.42,0,16,5,2,3,30,19,0,0.4761904761904762,0.3333333333333333,2.592592592592593,0.8465608465608466,0.15873015873015875,0.052910052910052914,-0.21,0.0,0.0,0.0,1.6931216931216932,1.4814814814814816,0.0,0.10582010582010583,0.2645502645502646,1.0052910052910053,1.5873015873015874,57.4
Diego Carlos,BRA,DF,Como,Serie A,33,1993,23,18,1704,18.9,1,0,1,1,0,0,7,0,0.05,,1.37,,,,,,,,,,,,6,2,33.3,0.32,0.11,0.17,0.5,74,57.4,84.0,14,5,40.0,7,1.91,31,15,16,0.85,-0.08,0,30,6,1,1,18,17,0,0.3174603174603175,0.3333333333333333,1.851851851851852,1.5873015873015874,0.052910052910052914,0.3703703703703704,0.85,0.0,0.0,0.0,0.7936507936507937,1.6402116402116402,0.0,0.052910052910052914,0.3174603174603175,0.8994708994708995,0.9523809523809524,57.4
Grischa Prömel,GER,MF,Hoffenheim,Bundesliga,31,1995,30,16,1703,18.9,7,2,9,7,0,0,4,0,0.48,,1.37,,,,,,,,,,,,42,13,31.0,2.22,0.69,0.17,0.54,57,63.1,86.0,11,14,23.0,0,1.8,36,31,5,0.26,-0.64,0,21,26,1,11,15,15,0,2.2222222222222223,0.30952380952380953,1.5873015873015874,1.1111111111111112,0.5820105820105821,0.21164021164021166,0.26,0.0,0.0,0.0,1.6402116402116402,1.9047619047619049,0.10582010582010583,0.052910052910052914,1.3756613756613758,0.7936507936507937,0.7936507936507937,63.1
Jordan Torunarigha,GER,DF,Hamburger SV,Bundesliga,28,1997,21,18,1702,18.9,0,0,0,0,0,0,2,0,0.0,,1.37,,,,,,,,,,,,5,1,20.0,0.26,0.05,0.0,0.0,81,63.0,89.0,15,3,35.0,4,1.05,19,31,-12,-0.63,-0.36,0,18,10,0,3,26,17,0,0.2645502645502646,0.2,2.2751322751322753,0.9523809523809524,0.15873015873015875,0.10582010582010583,-0.63,0.0,0.0,0.0,1.6402116402116402,1.0052910052910053,0.0,0.0,0.5291005291005292,0.8994708994708995,1.3756613756613758,63.0
Diego Rico,ESP,DF,Getafe,La Liga,33,1993,26,18,1702,18.9,0,0,0,0,0,0,4,0,0.0,,1.37,,,,,,,,,,,,11,1,9.1,0.58,0.05,0.0,0.0,65,61.0,86.0,15,8,19.0,4,1.41,17,22,-5,-0.26,-0.26,0,22,34,1,61,31,28,0,0.5820105820105821,0.09090909090909091,3.121693121693122,1.1640211640211642,3.227513227513228,0.21164021164021166,-0.26,0.0,0.0,0.0,1.1640211640211642,0.8994708994708995,0.0,0.052910052910052914,1.798941798941799,1.4814814814814816,1.6402116402116402,61.0
Francisco Conceição,POR,MF,Juventus,Serie A,23,2002,26,22,1701,18.9,3,4,7,3,0,0,2,0,0.37,,1.37,,,,,,,,,,,,58,16,27.6,3.07,0.85,0.05,0.19,65,57.3,73.0,2,4,25.0,2,1.77,26,15,11,0.58,-0.62,0,27,27,3,70,6,19,0,3.068783068783069,0.27586206896551724,1.3227513227513228,1.4285714285714286,3.703703703703704,0.10582010582010583,0.58,0.0,0.0,0.0,0.7936507936507937,1.3756613756613758,0.21164021164021166,0.15873015873015875,1.4285714285714286,1.0052910052910053,0.3174603174603175,57.3
Marcus Thuram,FRA,FW,Inter,Serie A,28,1997,26,21,1700,18.9,11,5,16,11,0,0,2,0,0.85,,1.37,,,,,,,,,,,,65,26,40.0,3.44,1.38,0.17,0.42,65,57.2,76.0,5,5,22.0,1,2.42,42,17,25,1.32,-0.38,0,41,38,14,18,1,12,0,3.4391534391534395,0.4,0.6878306878306879,2.1693121693121693,0.9523809523809524,0.10582010582010583,1.32,0.0,0.0,0.0,0.8994708994708995,2.2222222222222223,0.2645502645502646,0.7407407407407408,2.0105820105820107,0.634920634920635,0.052910052910052914,57.2
Duje Ćaleta-Car,CRO,DF,Real Sociedad,La Liga,29,1996,22,19,1700,18.9,1,0,1,1,0,0,4,1,0.05,,1.37,,,,,,,,,,,,11,3,27.3,0.58,0.16,0.09,0.33,77,60.9,85.0,16,3,27.0,8,1.45,29,25,4,0.21,0.46,0,23,7,1,1,25,11,1,0.5820105820105821,0.2727272727272727,1.9047619047619049,1.216931216931217,0.052910052910052914,0.3703703703703704,0.21,0.0,0.0,0.0,1.3227513227513228,1.5343915343915344,0.0,0.052910052910052914,0.3703703703703704,0.5820105820105821,1.3227513227513228,60.9
Mateo Joseph,ESP,MF,Mallorca,La Liga,22,2003,29,19,1699,18.9,2,3,5,2,0,0,2,0,0.26,,1.37,,,,,,,,,,,,33,14,42.4,1.75,0.74,0.06,0.14,59,60.9,76.0,4,10,25.0,1,1.03,24,29,-5,-0.26,0.07,0,19,31,4,14,13,19,0,1.7460317460317463,0.42424242424242425,1.6931216931216932,1.0052910052910053,0.7407407407407408,0.10582010582010583,-0.26,0.0,0.0,0.0,1.5343915343915344,1.26984126984127,0.15873015873015875,0.21164021164021166,1.6402116402116402,1.0052910052910053,0.6878306878306879,60.9
Jean-Clair Todibo,FRA,DF,West Ham United,Premier League,26,1999,20,20,1698,18.9,0,1,1,0,0,0,4,1,0.05,,1.37,,,,,,,,,,,,2,0,0.0,0.11,0.0,0.0,,85,57.2,85.0,15,0,,6,1.0,25,33,-8,-0.42,0.21,0,8,3,1,1,16,24,0,0.10582010582010583,0.0,2.1164021164021167,0.4232804232804233,0.052910052910052914,0.3703703703703704,-0.42,0.0,0.0,0.0,1.7460317460317463,1.3227513227513228,0.052910052910052914,0.052910052910052914,0.15873015873015875,1.26984126984127,0.8465608465608466,57.2
Justin Njinmah,GER,FW,Werder Bremen,Bundesliga,25,2000,29,20,1696,18.8,5,0,5,5,0,0,1,0,0.27,,1.37,,,,,,,,,,,,52,21,40.4,2.76,1.11,0.1,0.24,58,62.8,76.0,4,9,20.0,1,1.03,17,41,-24,-1.27,-1.81,0,8,21,20,28,6,13,0,2.7659574468085104,0.40384615384615385,1.0106382978723405,0.425531914893617,1.4893617021276595,0.05319148936170213,-1.27,0.0,0.0,0.0,2.1808510638297873,0.9042553191489361,0.0,1.0638297872340425,1.1170212765957446,0.6914893617021276,0.3191489361702127,62.8
Noahkai Banks,USA,DF,Augsburg,Bundesliga,19,2006,22,20,1695,18.8,1,1,2,1,0,0,8,0,0.11,,1.37,,,,,,,,,,,,9,5,55.6,0.48,0.27,0.11,0.2,77,62.8,83.0,14,2,17.0,7,1.14,22,30,-8,-0.42,0.29,0,29,18,3,3,18,25,0,0.4787234042553191,0.5555555555555556,2.2872340425531914,1.5425531914893615,0.15957446808510636,0.425531914893617,-0.42,0.0,0.0,0.0,1.5957446808510638,1.1702127659574468,0.05319148936170213,0.15957446808510636,0.9574468085106382,1.3297872340425532,0.9574468085106382,62.8
Marvin Senaya,GHA,DF,Auxerre,Ligue 1,25,2001,22,19,1693,18.8,1,0,1,1,0,0,5,0,0.05,,1.37,,,,,,,,,,,,15,5,33.3,0.8,0.27,0.07,0.2,77,62.7,85.0,12,3,26.0,4,0.64,12,27,-15,-0.8,-0.89,0,23,32,1,39,33,29,0,0.7978723404255319,0.3333333333333333,3.2978723404255317,1.2234042553191489,2.074468085106383,0.26595744680851063,-0.8,0.0,0.0,0.0,1.4361702127659575,0.6382978723404255,0.0,0.05319148936170213,1.702127659574468,1.5425531914893615,1.7553191489361701,62.7
Xavi Simons,NED,MF,Tottenham Hotspur,Premier League,23,2003,27,18,1693,18.8,2,5,7,2,0,0,5,1,0.37,,1.37,,,,,,,,,,,,40,10,25.0,2.13,0.53,0.05,0.2,63,57.0,79.0,10,9,30.0,0,0.74,26,33,-7,-0.37,-0.09,0,21,44,0,51,15,19,0,2.127659574468085,0.25,1.8085106382978722,1.1170212765957446,2.7127659574468086,0.425531914893617,-0.37,0.0,0.0,0.0,1.7553191489361701,1.3829787234042552,0.26595744680851063,0.0,2.3404255319148937,1.0106382978723405,0.7978723404255319,57.0
Marnon Busch,GER,DF,Heidenheim,Bundesliga,31,1994,26,17,1690,18.8,1,3,4,1,0,0,3,0,0.21,,1.37,,,,,,,,,,,,10,2,20.0,0.53,0.11,0.1,0.5,65,62.6,86.0,11,9,25.0,2,0.69,21,38,-17,-0.91,0.52,0,15,7,1,54,27,22,0,0.5319148936170213,0.2,2.606382978723404,0.7978723404255319,2.872340425531915,0.15957446808510636,-0.91,0.0,0.0,0.0,2.021276595744681,1.1170212765957446,0.15957446808510636,0.05319148936170213,0.3723404255319149,1.1702127659574468,1.4361702127659575,62.6
Óscar Mingueza,ESP,MF,Celta Vigo,La Liga,26,1999,27,19,1688,18.8,1,4,5,1,0,0,4,0,0.27,,1.37,,,,,,,,,,,,14,5,35.7,0.75,0.27,0.07,0.2,63,60.5,77.0,8,8,28.0,4,1.44,34,22,12,0.64,1.29,0,14,24,0,57,8,17,0,0.7446808510638298,0.35714285714285715,1.3297872340425532,0.7446808510638298,3.0319148936170213,0.2127659574468085,0.64,0.0,0.0,0.0,1.1702127659574468,1.8085106382978722,0.2127659574468085,0.0,1.276595744680851,0.9042553191489361,0.425531914893617,60.5
Abdulai Juma Bah,SLE,DF,Nice,Ligue 1,20,2006,23,19,1688,18.8,0,0,0,0,0,0,6,0,0.0,,1.37,,,,,,,,,,,,6,1,16.7,0.32,0.05,0.0,0.0,73,62.5,85.0,17,4,17.0,5,1.04,18,38,-20,-1.07,-0.89,0,26,7,1,0,22,16,0,0.3191489361702127,0.16666666666666666,2.021276595744681,1.3829787234042552,0.0,0.3191489361702127,-1.07,0.0,0.0,0.0,2.021276595744681,0.9574468085106382,0.0,0.05319148936170213,0.3723404255319149,0.851063829787234,1.1702127659574468,62.5
Warren Bondo,FRA,MF,Cremonese,Serie A,22,2003,25,21,1687,18.7,0,0,0,0,0,0,5,0,0.0,,1.37,,,,,,,,,,,,6,0,0.0,0.32,0.0,0.0,,67,56.8,74.0,8,4,34.0,2,0.92,16,26,-10,-0.53,0.24,0,38,30,0,3,9,15,0,0.32085561497326204,0.0,1.2834224598930482,2.0320855614973263,0.16042780748663102,0.26737967914438504,-0.53,0.0,0.0,0.0,1.3903743315508021,0.8556149732620321,0.0,0.0,1.6042780748663101,0.8021390374331551,0.4812834224598931,56.8
Mario Pašalić,CRO,MF,Atalanta,Serie A,31,1995,28,19,1685,18.7,3,4,7,3,0,0,2,0,0.37,,1.37,,,,,,,,,,,,16,6,37.5,0.85,0.32,0.19,0.5,60,56.7,79.0,11,9,20.0,4,1.46,23,21,2,0.11,-0.87,0,20,5,1,10,10,17,0,0.8556149732620321,0.375,1.4438502673796791,1.0695187165775402,0.5347593582887701,0.10695187165775401,0.11,0.0,0.0,0.0,1.1229946524064172,1.2299465240641712,0.21390374331550802,0.053475935828877004,0.26737967914438504,0.9090909090909092,0.5347593582887701,56.7
Fernando Calero,ESP,DF,Espanyol,La Liga,30,1995,22,19,1684,18.7,0,0,0,0,0,0,4,0,0.0,,1.37,,,,,,,,,,,,11,1,9.1,0.59,0.05,0.0,0.0,77,60.4,85.0,14,3,26.0,6,1.41,18,28,-10,-0.53,-0.45,0,8,5,0,1,24,15,0,0.5882352941176471,0.09090909090909091,2.085561497326203,0.42780748663101603,0.053475935828877004,0.21390374331550802,-0.53,0.0,0.0,0.0,1.4973262032085561,0.9625668449197862,0.0,0.0,0.26737967914438504,0.8021390374331551,1.2834224598930482,60.4
Ilyas Ansah,GER,MF,Union Berlin,Bundesliga,21,2004,29,20,1680,18.7,5,1,6,5,0,0,1,0,0.32,,1.37,,,,,,,,,,,,30,10,33.3,1.61,0.54,0.17,0.5,58,62.2,75.0,3,9,21.0,1,1.1,23,28,-5,-0.27,0.88,0,18,36,8,18,4,7,0,1.6042780748663101,0.3333333333333333,0.5882352941176471,0.9625668449197862,0.9625668449197862,0.053475935828877004,-0.27,0.0,0.0,0.0,1.4973262032085561,1.2299465240641712,0.053475935828877004,0.42780748663101603,1.9251336898395723,0.37433155080213903,0.21390374331550802,62.2
Alexander Sørloth,NOR,FW,Atlético Madrid,La Liga,30,1995,30,18,1680,18.7,10,0,10,10,0,0,4,1,0.54,,1.37,,,,,,,,,,,,54,28,51.9,2.89,1.5,0.19,0.36,56,60.2,75.0,7,12,28.0,0,1.8,31,22,9,0.48,-0.33,0,25,13,9,10,0,6,0,2.8877005347593583,0.5185185185185185,0.32085561497326204,1.3368983957219251,0.5347593582887701,0.37433155080213903,0.48,0.0,0.0,0.0,1.1764705882352942,1.6577540106951871,0.0,0.4812834224598931,0.6951871657754011,0.32085561497326204,0.0,60.2
Santiago Colombatto,ARG,MF,Oviedo,La Liga,29,1997,26,18,1679,18.7,0,1,1,0,0,0,6,0,0.05,,1.37,,,,,,,,,,,,12,2,16.7,0.64,0.11,0.0,0.0,65,60.2,83.0,6,8,23.0,3,0.88,11,26,-15,-0.8,-0.07,0,37,36,1,54,14,17,0,0.6417112299465241,0.16666666666666666,1.6577540106951871,1.9786096256684493,2.8877005347593583,0.32085561497326204,-0.8,0.0,0.0,0.0,1.3903743315508021,0.5882352941176471,0.053475935828877004,0.053475935828877004,1.9251336898395723,0.9090909090909092,0.7486631016042781,60.2
Ferrán Torres,ESP,FW,Barcelona,La Liga,26,2000,28,20,1677,18.6,14,1,15,14,0,0,2,0,0.81,,1.37,,,,,,,,,,,,62,33,53.2,3.33,1.77,0.23,0.42,60,60.1,73.0,5,8,26.0,1,2.5,44,17,27,1.45,-0.73,0,9,13,8,2,3,5,0,3.333333333333333,0.532258064516129,0.4301075268817204,0.48387096774193544,0.1075268817204301,0.1075268817204301,1.45,0.0,0.0,0.0,0.9139784946236559,2.365591397849462,0.05376344086021505,0.4301075268817204,0.6989247311827956,0.26881720430107525,0.16129032258064516,60.1
Nick Woltemade,GER,FW,Newcastle United,Premier League,24,2002,29,21,1676,18.6,7,3,10,6,1,1,0,0,0.48,,1.37,,,,,,,,,,,,31,12,38.7,1.66,0.64,0.19,0.5,58,56.4,74.0,3,8,16.0,0,1.28,28,27,1,0.05,0.33,0,20,18,8,3,4,12,1,1.6666666666666665,0.3870967741935484,0.8602150537634408,1.075268817204301,0.16129032258064516,0.0,0.05,0.0,0.0,0.0,1.4516129032258063,1.5053763440860215,0.16129032258064516,0.4301075268817204,0.9677419354838709,0.6451612903225806,0.2150537634408602,56.4
Thierno Barry,FRA,FW,Everton,Premier League,23,2002,33,19,1675,18.6,6,0,6,6,0,0,3,0,0.32,,1.37,,,,,,,,,,,,32,10,31.3,1.72,0.54,0.19,0.6,51,56.4,75.0,2,14,18.0,0,1.42,20,26,-6,-0.32,-0.81,0,39,7,12,3,5,2,0,1.7204301075268815,0.3125,0.3763440860215054,2.096774193548387,0.16129032258064516,0.16129032258064516,-0.32,0.0,0.0,0.0,1.3978494623655913,1.075268817204301,0.0,0.6451612903225806,0.3763440860215054,0.1075268817204301,0.26881720430107525,56.4
Jérémy Jacquet,FRA,DF,Rennes,Ligue 1,20,2005,19,19,1671,18.6,0,0,0,0,0,0,6,1,0.0,,1.37,,,,,,,,,,,,11,3,27.3,0.59,0.16,0.0,0.0,88,61.9,88.0,17,0,,0,1.42,27,29,-2,-0.11,-1.24,1,20,17,1,0,22,17,0,0.5913978494623655,0.2727272727272727,2.096774193548387,1.075268817204301,0.0,0.48387096774193544,-0.11,0.0,0.0,0.0,1.5591397849462365,1.4516129032258063,0.0,0.05376344086021505,0.9139784946236559,0.9139784946236559,1.182795698924731,61.9
Quilindschy Hartman,NED,DF,Burnley,Premier League,24,2001,19,19,1671,18.6,0,5,5,0,0,0,1,0,0.27,,1.37,,,,,,,,,,,,7,3,42.9,0.38,0.16,0.0,0.0,88,56.3,88.0,15,0,,7,0.58,18,36,-18,-0.97,0.07,0,11,3,1,73,27,25,0,0.3763440860215054,0.42857142857142855,2.7956989247311825,0.5913978494623655,3.9247311827956985,0.05376344086021505,-0.97,0.0,0.0,0.0,1.9354838709677418,0.9677419354838709,0.26881720430107525,0.05376344086021505,0.16129032258064516,1.3440860215053763,1.4516129032258063,56.3
Marc Roca,ESP,MF,Real Betis,La Liga,29,1996,23,20,1671,18.6,0,1,1,0,0,0,1,0,0.05,,1.37,,,,,,,,,,,,12,4,33.3,0.65,0.22,0.0,0.0,73,59.9,81.0,14,3,19.0,5,1.65,28,25,3,0.16,-0.16,0,33,22,0,9,18,26,0,0.6451612903225806,0.3333333333333333,2.365591397849462,1.7741935483870965,0.48387096774193544,0.05376344086021505,0.16,0.0,0.0,0.0,1.3440860215053763,1.5053763440860215,0.05376344086021505,0.0,1.182795698924731,1.3978494623655913,0.9677419354838709,59.9
Denis Zakaria,SUI,DF,Monaco,Ligue 1,29,1996,20,19,1671,18.6,2,1,3,2,0,0,4,1,0.16,,1.37,,,,,,,,,,,,14,2,14.3,0.75,0.11,0.14,1.0,84,61.9,87.0,15,1,12.0,0,1.8,32,23,9,0.48,0.66,0,17,3,0,8,33,17,0,0.7526881720430108,0.14285714285714285,2.6881720430107525,0.9139784946236559,0.4301075268817204,0.3763440860215054,0.48,0.0,0.0,0.0,1.2365591397849462,1.7204301075268815,0.05376344086021505,0.0,0.16129032258064516,0.9139784946236559,1.7741935483870965,61.9
Dean Huijsen,ESP,DF,Real Madrid,La Liga,21,2005,23,20,1671,18.6,2,2,4,2,0,0,6,1,0.22,,1.37,,,,,,,,,,,,18,4,22.2,0.97,0.22,0.11,0.5,73,59.9,80.0,13,3,25.0,0,2.35,42,16,26,1.4,0.6,0,19,11,1,1,16,14,0,0.9677419354838709,0.2222222222222222,1.6129032258064515,1.021505376344086,0.05376344086021505,0.48387096774193544,1.4,0.0,0.0,0.0,0.8602150537634408,2.258064516129032,0.1075268817204301,0.05376344086021505,0.5913978494623655,0.7526881720430108,0.8602150537634408,59.9
Aymeric Laporte,ESP,DF,Athletic Club,La Liga,31,1994,20,19,1669,18.5,0,1,1,0,0,0,2,0,0.05,,1.37,,,,,,,,,,,,14,5,35.7,0.75,0.27,0.0,0.0,83,59.8,86.0,17,1,27.0,0,1.2,18,30,-12,-0.65,-0.65,0,6,10,1,1,20,13,0,0.7567567567567568,0.35714285714285715,1.7837837837837838,0.32432432432432434,0.05405405405405406,0.10810810810810811,-0.65,0.0,0.0,0.0,1.6216216216216217,0.972972972972973,0.05405405405405406,0.05405405405405406,0.5405405405405406,0.7027027027027027,1.0810810810810811,59.8
Tim Lemperle,GER,FW,Hoffenheim,Bundesliga,24,2002,25,20,1665,18.5,7,2,9,6,1,1,1,0,0.43,,1.37,,,,,,,,,,,,45,18,40.0,2.43,0.97,0.13,0.33,67,61.7,78.0,1,5,22.0,0,1.88,41,25,16,0.86,0.95,0,52,13,15,25,6,15,0,2.4324324324324325,0.4,1.135135135135135,2.810810810810811,1.3513513513513513,0.05405405405405406,0.86,0.0,0.0,0.0,1.3513513513513513,2.2162162162162162,0.10810810810810811,0.8108108108108109,0.7027027027027027,0.8108108108108109,0.32432432432432434,61.7
Mario Martín,ESP,MF,Getafe,La Liga,22,2004,29,20,1661,18.5,2,1,3,2,0,0,9,0,0.16,,1.37,,,,,,,,,,,,23,5,21.7,1.25,0.27,0.09,0.4,57,59.5,69.0,4,9,32.0,0,1.21,14,23,-9,-0.49,-0.81,0,55,24,3,11,13,30,0,1.2432432432432432,0.21739130434782608,2.324324324324324,2.972972972972973,0.5945945945945946,0.4864864864864865,-0.49,0.0,0.0,0.0,1.2432432432432432,0.7567567567567568,0.05405405405405406,0.16216216216216217,1.2972972972972974,1.6216216216216217,0.7027027027027027,59.5
Iñaki Williams,GHA,MF,Athletic Club,La Liga,31,1994,23,19,1661,18.5,2,4,6,1,1,1,1,0,0.27,,1.37,,,,,,,,,,,,47,15,31.9,2.55,0.81,0.02,0.07,72,59.5,80.0,8,4,35.0,0,1.26,19,25,-6,-0.33,0.15,0,20,21,6,53,4,7,0,2.5405405405405403,0.3191489361702128,0.5945945945945946,1.0810810810810811,2.864864864864865,0.05405405405405406,-0.33,0.0,0.0,0.0,1.3513513513513513,1.027027027027027,0.21621621621621623,0.32432432432432434,1.135135135135135,0.3783783783783784,0.21621621621621623,59.5
Dayot Upamecano,FRA,DF,Bayern Munich,Bundesliga,27,1998,22,20,1659,18.4,1,1,2,1,0,0,4,0,0.11,,1.37,,,,,,,,,,,,8,2,25.0,0.43,0.11,0.13,0.5,75,61.4,81.0,12,2,23.0,6,2.73,71,18,53,2.88,0.54,0,15,5,0,6,20,24,0,0.4347826086956522,0.25,2.3913043478260874,0.8152173913043479,0.32608695652173914,0.2173913043478261,2.88,0.0,0.0,0.0,0.9782608695652175,3.8586956521739135,0.05434782608695653,0.0,0.27173913043478265,1.3043478260869565,1.0869565217391306,61.4
Fares Chaïbi,ALG,MF,Eintracht Frankfurt,Bundesliga,23,2002,24,20,1658,18.4,2,9,11,2,0,0,1,0,0.6,,1.37,,,,,,,,,,,,31,7,22.6,1.68,0.38,0.06,0.29,69,61.4,78.0,8,4,26.0,2,1.5,37,36,1,0.05,0.31,0,12,20,4,86,13,20,0,1.6847826086956523,0.22580645161290322,1.7934782608695654,0.6521739130434783,4.673913043478262,0.05434782608695653,0.05,0.0,0.0,0.0,1.956521739130435,2.0108695652173916,0.48913043478260876,0.2173913043478261,1.0869565217391306,1.0869565217391306,0.7065217391304348,61.4
Aljoscha Kemlein,GER,MF,Union Berlin,Bundesliga,21,2004,26,20,1658,18.4,0,1,1,0,0,0,3,0,0.05,,1.37,,,,,,,,,,,,12,2,16.7,0.65,0.11,0.0,0.0,64,61.4,77.0,5,6,19.0,4,1.04,18,27,-9,-0.49,0.29,0,18,10,0,8,17,21,0,0.6521739130434783,0.16666666666666666,2.065217391304348,0.9782608695652175,0.4347826086956522,0.16304347826086957,-0.49,0.0,0.0,0.0,1.4673913043478262,0.9782608695652175,0.05434782608695653,0.0,0.5434782608695653,1.1413043478260871,0.923913043478261,61.4
James Hill,ENG,DF,Bournemouth,Premier League,24,2002,24,17,1656,18.4,0,3,3,0,0,0,3,0,0.16,,1.37,,,,,,,,,,,,10,2,20.0,0.54,0.11,0.0,0.0,69,55.8,88.0,15,7,23.0,5,1.75,26,20,6,0.33,0.74,0,11,12,1,10,29,15,1,0.5434782608695653,0.2,2.3913043478260874,0.5978260869565218,0.5434782608695653,0.16304347826086957,0.33,0.0,0.0,0.0,1.0869565217391306,1.4130434782608696,0.16304347826086957,0.05434782608695653,0.6521739130434783,0.8152173913043479,1.5760869565217392,55.8
Lucas Digne,FRA,DF,Aston Villa,Premier League,32,1993,28,19,1655,18.4,0,5,5,0,0,0,3,0,0.27,,1.37,,,,,,,,,,,,12,5,41.7,0.65,0.27,0.0,0.0,59,55.7,79.0,8,9,16.0,5,1.82,25,20,5,0.27,0.2,0,12,12,3,95,11,23,0,0.6521739130434783,0.4166666666666667,1.847826086956522,0.6521739130434783,5.16304347826087,0.16304347826086957,0.27,0.0,0.0,0.0,1.0869565217391306,1.358695652173913,0.27173913043478265,0.16304347826086957,0.6521739130434783,1.25,0.5978260869565218,55.7
Nikola Moro,CRO,MF,Bologna,Serie A,28,1998,26,18,1653,18.4,2,0,2,2,0,0,1,0,0.11,,1.37,,,,,,,,,,,,19,1,5.3,1.03,0.05,0.11,2.0,64,55.7,79.0,9,8,29.0,7,1.65,25,16,9,0.49,0.9,0,15,15,1,47,17,7,0,1.032608695652174,0.05263157894736842,1.3043478260869565,0.8152173913043479,2.5543478260869565,0.05434782608695653,0.49,0.0,0.0,0.0,0.8695652173913044,1.358695652173913,0.0,0.05434782608695653,0.8152173913043479,0.3804347826086957,0.923913043478261,55.7
Abde Ezzalzouli,MAR,MF,Real Betis,La Liga,24,2001,22,19,1651,18.3,6,5,11,6,0,0,3,0,0.6,,1.37,,,,,,,,,,,,60,19,31.7,3.27,1.04,0.1,0.32,75,59.2,82.0,13,3,30.0,0,1.5,31,24,7,0.38,0.38,0,22,57,4,46,11,23,0,3.278688524590164,0.31666666666666665,1.8579234972677594,1.2021857923497268,2.513661202185792,0.16393442622950818,0.38,0.0,0.0,0.0,1.3114754098360655,1.6939890710382512,0.27322404371584696,0.2185792349726776,3.1147540983606556,1.256830601092896,0.6010928961748634,59.2
Hugo Rincón,ESP,DF,Girona,La Liga,23,2003,28,16,1651,18.3,1,1,2,1,0,0,4,0,0.11,,1.37,,,,,,,,,,,,7,2,28.6,0.38,0.11,0.14,0.5,59,59.2,83.0,9,12,27.0,3,1.11,21,27,-6,-0.33,0.15,0,29,48,1,27,5,28,0,0.3825136612021858,0.2857142857142857,1.8032786885245902,1.5846994535519126,1.4754098360655736,0.2185792349726776,-0.33,0.0,0.0,0.0,1.4754098360655736,1.1475409836065573,0.0546448087431694,0.0546448087431694,2.622950819672131,1.530054644808743,0.27322404371584696,59.2
Pere Milla,ESP,MF,Espanyol,La Liga,33,1992,27,21,1650,18.3,6,0,6,6,0,0,5,1,0.33,,1.37,,,,,,,,,,,,54,19,35.2,2.95,1.04,0.11,0.32,61,59.1,72.0,1,6,23.0,1,1.33,22,21,1,0.05,1.0,0,20,31,9,29,13,18,0,2.9508196721311473,0.35185185185185186,1.6939890710382512,1.0928961748633879,1.5846994535519126,0.4371584699453552,0.05,0.0,0.0,0.0,1.1475409836065573,1.2021857923497268,0.0,0.4918032786885246,1.6939890710382512,0.9836065573770492,0.7103825136612022,59.1
Nicolò Bertola,ITA,DF,Udinese,Serie A,23,2003,25,18,1649,18.3,0,1,1,0,0,0,3,0,0.05,,1.37,,,,,,,,,,,,12,4,33.3,0.65,0.22,0.0,0.0,66,55.5,82.0,11,7,24.0,5,1.52,22,25,-3,-0.16,-0.03,0,17,11,0,8,22,20,0,0.6557377049180327,0.3333333333333333,2.2950819672131146,0.9289617486338797,0.4371584699453552,0.16393442622950818,-0.16,0.0,0.0,0.0,1.366120218579235,1.2021857923497268,0.0546448087431694,0.0,0.6010928961748634,1.0928961748633879,1.2021857923497268,55.5
Loïc Bade,FRA,DF,Leverkusen,Bundesliga,26,2000,22,19,1647,18.3,0,0,0,0,0,0,4,0,0.0,,1.37,,,,,,,,,,,,12,4,33.3,0.66,0.22,0.0,0.0,75,61.0,83.0,15,3,26.0,1,1.77,37,24,13,0.71,0.2,0,11,4,0,4,21,19,1,0.6557377049180327,0.3333333333333333,2.1857923497267757,0.6010928961748634,0.2185792349726776,0.2185792349726776,0.71,0.0,0.0,0.0,1.3114754098360655,2.021857923497268,0.0,0.0,0.2185792349726776,1.0382513661202186,1.1475409836065573,61.0
Hugo Duro,ESP,FW,Valencia,La Liga,26,1999,30,18,1647,18.3,9,0,9,8,1,1,4,0,0.44,,1.37,,,,,,,,,,,,30,12,40.0,1.64,0.66,0.27,0.67,55,59.0,75.0,7,12,24.0,0,1.13,24,27,-3,-0.16,0.54,0,16,32,5,0,3,7,0,1.639344262295082,0.4,0.5464480874316939,0.8743169398907104,0.0,0.2185792349726776,-0.16,0.0,0.0,0.0,1.4754098360655736,1.3114754098360655,0.0,0.27322404371584696,1.7486338797814207,0.3825136612021858,0.16393442622950818,59.0
Dayann Methalie,FRA,MF,Toulouse,Ligue 1,20,2006,24,19,1647,18.3,0,0,0,0,0,0,7,0,0.0,,1.37,,,,,,,,,,,,12,5,41.7,0.66,0.27,0.0,0.0,69,61.0,80.0,6,5,27.0,0,1.0,17,26,-9,-0.49,-1.18,0,51,10,0,35,22,26,0,0.6557377049180327,0.4166666666666667,2.622950819672131,2.7868852459016393,1.9125683060109289,0.3825136612021858,-0.49,0.0,0.0,0.0,1.4207650273224044,0.9289617486338797,0.0,0.0,0.5464480874316939,1.4207650273224044,1.2021857923497268,61.0
Álvaro Núñez,ESP,DF,Elche,La Liga,25,2000,19,19,1647,18.3,0,2,2,0,0,0,2,0,0.11,,1.37,,,,,,,,,,,,4,0,0.0,0.22,0.0,0.0,,87,59.0,87.0,14,0,,0,1.21,23,20,3,0.16,1.03,0,12,17,2,60,15,15,0,0.2185792349726776,0.0,1.639344262295082,0.6557377049180327,3.278688524590164,0.1092896174863388,0.16,0.0,0.0,0.0,1.0928961748633879,1.256830601092896,0.1092896174863388,0.1092896174863388,0.9289617486338797,0.819672131147541,0.819672131147541,59.0
Thomas Meunier,BEL,DF,Lille,Ligue 1,34,1991,22,18,1645,18.3,2,2,4,2,0,0,2,0,0.22,,1.37,,,,,,,,,,,,16,4,25.0,0.88,0.22,0.13,0.5,75,60.9,87.0,14,4,18.0,0,2.05,33,18,15,0.82,0.82,0,27,3,1,44,16,17,0,0.8743169398907104,0.25,1.8032786885245902,1.4754098360655736,2.4043715846994536,0.1092896174863388,0.82,0.0,0.0,0.0,0.9836065573770492,1.8032786885245902,0.1092896174863388,0.0546448087431694,0.16393442622950818,0.9289617486338797,0.8743169398907104,60.9
Sergi Cardona,ESP,DF,Villarreal,La Liga,26,1999,25,17,1645,18.3,1,3,4,1,0,0,4,0,0.22,,1.37,,,,,,,,,,,,15,4,26.7,0.82,0.22,0.07,0.25,66,59.0,86.0,13,8,22.0,6,1.96,30,22,8,0.44,-0.51,0,22,19,1,59,30,27,0,0.819672131147541,0.26666666666666666,3.1147540983606556,1.2021857923497268,3.2240437158469946,0.2185792349726776,0.44,0.0,0.0,0.0,1.2021857923497268,1.639344262295082,0.16393442622950818,0.0546448087431694,1.0382513661202186,1.4754098360655736,1.639344262295082,59.0
Aitor Ruibal,ESP,DF,Real Betis,La Liga,30,1996,25,18,1645,18.3,4,2,6,4,0,0,4,0,0.33,,1.37,,,,,,,,,,,,31,12,38.7,1.7,0.66,0.13,0.33,66,59.0,80.0,9,7,29.0,2,1.64,26,18,8,0.44,0.52,0,28,25,0,30,17,26,0,1.6939890710382512,0.3870967741935484,2.349726775956284,1.530054644808743,1.639344262295082,0.2185792349726776,0.44,0.0,0.0,0.0,0.9836065573770492,1.4207650273224044,0.1092896174863388,0.0,1.366120218579235,1.4207650273224044,0.9289617486338797,59.0
Leonardo Balerdi,ARG,DF,Marseille,Ligue 1,27,1999,22,17,1644,18.3,0,1,1,0,0,0,5,0,0.05,,1.37,,,,,,,,,,,,12,4,33.3,0.66,0.22,0.0,0.0,75,60.9,89.0,16,5,26.0,1,1.73,41,28,13,0.71,0.29,0,17,19,0,2,20,21,0,0.6557377049180327,0.3333333333333333,2.240437158469945,0.9289617486338797,0.1092896174863388,0.27322404371584696,0.71,0.0,0.0,0.0,1.530054644808743,2.240437158469945,0.0546448087431694,0.0,1.0382513661202186,1.1475409836065573,1.0928961748633879,60.9
Josip Stanišić,CRO,DF,Bayern Munich,Bundesliga,26,2000,22,17,1643,18.3,2,3,5,2,0,0,1,0,0.27,,1.37,,,,,,,,,,,,7,4,57.1,0.38,0.22,0.29,0.5,75,60.9,88.0,14,5,29.0,1,2.64,71,21,50,2.74,0.18,0,7,11,4,31,17,19,0,0.3825136612021858,0.5714285714285714,1.9672131147540983,0.3825136612021858,1.6939890710382512,0.0546448087431694,2.74,0.0,0.0,0.0,1.1475409836065573,3.879781420765027,0.16393442622950818,0.2185792349726776,0.6010928961748634,1.0382513661202186,0.9289617486338797,60.9
Hugo Larsson,SWE,MF,Eintracht Frankfurt,Bundesliga,21,2004,23,19,1641,18.2,2,2,4,2,0,0,0,0,0.22,,1.37,,,,,,,,,,,,11,5,45.5,0.6,0.27,0.18,0.4,71,60.8,80.0,9,4,29.0,1,1.35,31,29,2,0.11,0.45,0,6,2,0,8,21,9,0,0.6043956043956045,0.45454545454545453,1.6483516483516485,0.32967032967032966,0.43956043956043955,0.0,0.11,0.0,0.0,0.0,1.5934065934065935,1.7032967032967035,0.10989010989010989,0.0,0.10989010989010989,0.4945054945054945,1.153846153846154,60.8
Nicolás Capaldo,ARG,DF,Hamburger SV,Bundesliga,27,1998,22,20,1641,18.2,1,2,3,1,0,0,7,0,0.16,,1.37,,,,,,,,,,,,17,4,23.5,0.93,0.22,0.06,0.25,75,60.8,81.0,8,2,14.0,1,0.91,20,28,-8,-0.44,0.16,0,23,40,2,18,33,36,0,0.9340659340659341,0.23529411764705882,3.7912087912087915,1.2637362637362637,0.989010989010989,0.38461538461538464,-0.44,0.0,0.0,0.0,1.5384615384615385,1.098901098901099,0.10989010989010989,0.10989010989010989,2.197802197802198,1.978021978021978,1.8131868131868132,60.8
Teun Koopmeiners,NED,DF,Juventus,Serie A,28,1998,28,16,1640,18.2,0,0,0,0,0,0,5,0,0.0,,1.37,,,,,,,,,,,,27,6,22.2,1.48,0.33,0.0,0.0,59,55.2,84.0,10,12,24.0,4,1.79,24,20,4,0.22,-1.4,0,27,9,3,40,18,11,0,1.4835164835164836,0.2222222222222222,1.5934065934065935,1.4835164835164836,2.197802197802198,0.27472527472527475,0.22,0.0,0.0,0.0,1.098901098901099,1.3186813186813187,0.0,0.16483516483516483,0.4945054945054945,0.6043956043956045,0.989010989010989,55.2
Lilian Raolisoa,FRA,MF,Angers,Ligue 1,25,2000,28,17,1640,18.2,2,4,6,2,0,0,3,0,0.33,,1.37,,,,,,,,,,,,15,4,26.7,0.82,0.22,0.13,0.5,59,60.7,81.0,7,11,24.0,0,1.21,15,23,-8,-0.44,0.07,0,26,14,0,85,11,21,0,0.8241758241758242,0.26666666666666666,1.7582417582417582,1.4285714285714286,4.670329670329671,0.16483516483516483,-0.44,0.0,0.0,0.0,1.2637362637362637,0.8241758241758242,0.21978021978021978,0.0,0.7692307692307693,1.153846153846154,0.6043956043956045,60.7
Leon Goretzka,GER,MF,Bayern Munich,Bundesliga,31,1995,27,21,1640,18.2,3,2,5,3,0,0,4,0,0.27,,1.37,,,,,,,,,,,,26,8,30.8,1.43,0.44,0.12,0.38,61,60.7,73.0,8,6,18.0,3,2.67,60,13,47,2.58,-0.22,0,13,13,2,6,23,13,0,1.4285714285714286,0.3076923076923077,1.978021978021978,0.7142857142857143,0.32967032967032966,0.21978021978021978,2.58,0.0,0.0,0.0,0.7142857142857143,3.296703296703297,0.10989010989010989,0.10989010989010989,0.7142857142857143,0.7142857142857143,1.2637362637362637,60.7
Hakan Çalhanoğlu,TUR,MF,Inter,Serie A,32,1994,22,20,1639,18.2,9,4,13,5,4,5,7,0,0.49,,1.37,,,,,,,,,,,,50,17,34.0,2.75,0.93,0.1,0.29,75,55.2,79.0,7,2,35.0,2,2.27,43,16,27,1.48,0.0,0,28,11,0,86,19,17,0,2.7472527472527473,0.34,1.978021978021978,1.5384615384615385,4.725274725274725,0.38461538461538464,1.48,0.0,0.0,0.0,0.8791208791208791,2.3626373626373627,0.21978021978021978,0.0,0.6043956043956045,0.9340659340659341,1.043956043956044,55.2
Haissem Hassan,EGY,MF,Oviedo,La Liga,24,2002,30,17,1637,18.2,0,3,3,0,0,0,1,0,0.16,,1.37,,,,,,,,,,,,30,7,23.3,1.65,0.38,0.0,0.0,55,58.7,73.0,3,13,31.0,1,0.87,11,27,-16,-0.88,-0.26,0,9,13,3,97,6,21,0,1.6483516483516485,0.23333333333333334,1.4835164835164836,0.4945054945054945,5.32967032967033,0.054945054945054944,-0.88,0.0,0.0,0.0,1.4835164835164836,0.6043956043956045,0.16483516483516483,0.16483516483516483,0.7142857142857143,1.153846153846154,0.32967032967032966,58.7
Georginio Rutter,FRA,MF,Brighton,Premier League,24,2002,27,19,1635,18.2,3,2,5,3,0,0,2,0,0.28,,1.37,,,,,,,,,,,,37,13,35.1,2.04,0.72,0.08,0.23,61,55.1,78.0,4,8,20.0,4,1.41,24,18,6,0.33,0.33,0,27,32,10,15,10,16,1,2.032967032967033,0.35135135135135137,1.4285714285714286,1.4835164835164836,0.8241758241758242,0.10989010989010989,0.33,0.0,0.0,0.0,0.989010989010989,1.3186813186813187,0.10989010989010989,0.5494505494505495,1.7582417582417582,0.8791208791208791,0.5494505494505495,55.1
Rafael Leão,POR,FW,Milan,Serie A,26,1999,25,20,1634,18.2,9,3,12,7,2,2,4,0,0.55,,1.37,,,,,,,,,,,,58,23,39.7,3.19,1.27,0.12,0.3,65,55.0,76.0,6,5,22.0,1,1.88,24,17,7,0.39,-0.56,0,18,31,9,17,4,2,0,3.186813186813187,0.39655172413793105,0.32967032967032966,0.989010989010989,0.9340659340659341,0.21978021978021978,0.39,0.0,0.0,0.0,0.9340659340659341,1.3186813186813187,0.16483516483516483,0.4945054945054945,1.7032967032967035,0.10989010989010989,0.21978021978021978,55.0
Nikola Štulić,SRB,FW,Lecce,Serie A,24,2001,31,19,1633,18.1,3,0,3,2,1,1,1,0,0.11,,1.37,,,,,,,,,,,,31,8,25.8,1.71,0.44,0.06,0.25,53,55.0,70.0,2,12,25.0,1,0.87,14,22,-8,-0.44,0.64,0,34,26,8,1,2,7,0,1.7127071823204418,0.25806451612903225,0.49723756906077343,1.878453038674033,0.055248618784530384,0.055248618784530384,-0.44,0.0,0.0,0.0,1.2154696132596685,0.7734806629834253,0.0,0.4419889502762431,1.43646408839779,0.38674033149171266,0.11049723756906077,55.0
Breel Embolo,SUI,FW,Rennes,Ligue 1,29,1997,27,18,1633,18.1,8,3,11,8,0,0,3,0,0.61,,1.37,,,,,,,,,,,,33,15,45.5,1.82,0.83,0.24,0.53,60,60.5,81.0,8,9,20.0,0,1.81,31,28,3,0.17,-0.51,0,44,48,14,7,4,11,0,1.8232044198895025,0.45454545454545453,0.8287292817679557,2.430939226519337,0.38674033149171266,0.16574585635359115,0.17,0.0,0.0,0.0,1.5469613259668507,1.7127071823204418,0.16574585635359115,0.7734806629834253,2.6519337016574585,0.6077348066298343,0.22099447513812154,60.5
Tom Krauß,GER,MF,Köln,Bundesliga,24,2001,24,17,1633,18.1,0,1,1,0,0,0,4,0,0.06,,1.37,,,,,,,,,,,,9,2,22.2,0.5,0.11,0.0,0.0,68,60.5,84.0,7,7,29.0,5,1.13,21,28,-7,-0.39,-0.39,0,22,21,0,13,24,38,0,0.49723756906077343,0.2222222222222222,3.4254143646408837,1.2154696132596685,0.718232044198895,0.22099447513812154,-0.39,0.0,0.0,0.0,1.5469613259668507,1.160220994475138,0.055248618784530384,0.0,1.160220994475138,2.0994475138121547,1.3259668508287292,60.5
Pedri,ESP,MF,Barcelona,La Liga,23,2002,23,18,1631,18.1,2,7,9,2,0,0,2,1,0.5,,1.37,,,,,,,,,,,,19,9,47.4,1.05,0.5,0.11,0.22,71,58.5,82.0,8,5,32.0,0,2.52,50,19,31,1.71,-0.08,1,8,37,1,7,19,28,0,1.0497237569060773,0.47368421052631576,2.596685082872928,0.4419889502762431,0.38674033149171266,0.2762430939226519,1.71,0.0,0.0,0.0,1.0497237569060773,2.762430939226519,0.38674033149171266,0.055248618784530384,2.044198895027624,1.5469613259668507,1.0497237569060773,58.5
Juan Jesus,BRA,DF,Napoli,Serie A,34,1991,23,19,1630,18.1,0,0,0,0,0,0,10,1,0.0,,1.37,,,,,,,,,,,,3,0,0.0,0.17,0.0,0.0,,71,54.9,83.0,13,4,15.0,7,2.17,27,18,9,0.5,0.09,1,39,2,0,1,26,20,0,0.16574585635359115,0.0,2.5414364640883975,2.154696132596685,0.055248618784530384,0.718232044198895,0.5,0.0,0.0,0.0,0.9944751381215469,1.4917127071823204,0.0,0.0,0.11049723756906077,1.1049723756906076,1.43646408839779,54.9
Patrik Schick,CZE,FW,Leverkusen,Bundesliga,30,1996,24,19,1629,18.1,11,3,14,8,3,3,2,0,0.61,,1.37,,,,,,,,,,,,56,24,42.9,3.09,1.33,0.14,0.33,68,60.3,78.0,8,5,29.0,0,1.63,36,23,13,0.72,0.21,0,18,15,5,0,2,2,0,3.0939226519337013,0.42857142857142855,0.22099447513812154,0.9944751381215469,0.0,0.11049723756906077,0.72,0.0,0.0,0.0,1.2707182320441988,1.9889502762430937,0.16574585635359115,0.2762430939226519,0.8287292817679557,0.11049723756906077,0.11049723756906077,60.3
Kristoffer Ajer,NOR,DF,Brentford,Premier League,28,1998,24,18,1628,18.1,0,1,1,0,0,0,3,0,0.06,,1.37,,,,,,,,,,,,10,3,30.0,0.55,0.17,0.0,0.0,68,54.8,83.0,12,6,22.0,7,1.38,27,27,0,0.0,-0.27,0,22,5,0,7,12,21,0,0.5524861878453038,0.3,1.8232044198895025,1.2154696132596685,0.38674033149171266,0.16574585635359115,0.0,0.0,0.0,0.0,1.4917127071823204,1.4917127071823204,0.055248618784530384,0.0,0.2762430939226519,1.160220994475138,0.6629834254143646,54.8
David Costas,ESP,DF,Oviedo,La Liga,31,1995,20,18,1627,18.1,1,0,1,1,0,0,2,0,0.06,,1.37,,,,,,,,,,,,2,1,50.0,0.11,0.06,0.5,1.0,81,58.3,89.0,17,2,10.0,3,1.1,12,27,-15,-0.83,-0.13,0,13,9,2,1,24,21,0,0.11049723756906077,0.5,2.486187845303867,0.718232044198895,0.055248618784530384,0.11049723756906077,-0.83,0.0,0.0,0.0,1.4917127071823204,0.6629834254143646,0.0,0.11049723756906077,0.49723756906077343,1.160220994475138,1.3259668508287292,58.3
Said El Mala,GER,FW,Köln,Bundesliga,19,2006,30,16,1627,18.1,11,3,14,10,1,1,3,0,0.72,,1.37,,,,,,,,,,,,59,24,40.7,3.26,1.33,0.17,0.42,54,60.3,78.0,4,14,28.0,0,1.03,27,28,-1,-0.06,0.45,0,11,19,17,37,5,10,0,3.2596685082872927,0.4067796610169492,0.8287292817679557,0.6077348066298343,2.044198895027624,0.16574585635359115,-0.06,0.0,0.0,0.0,1.5469613259668507,1.4917127071823204,0.16574585635359115,0.9392265193370165,1.0497237569060773,0.5524861878453038,0.2762430939226519,60.3
Jack Grealish,ENG,MF,Everton,Premier League,30,1995,20,18,1627,18.1,2,6,8,2,0,0,5,1,0.44,,1.37,,,,,,,,,,,,26,8,30.8,1.44,0.44,0.08,0.25,81,54.8,88.0,11,2,20.0,0,1.55,23,23,0,0.0,-0.07,1,13,58,0,39,11,15,0,1.43646408839779,0.3076923076923077,1.43646408839779,0.718232044198895,2.154696132596685,0.4419889502762431,0.0,0.0,0.0,0.0,1.2707182320441988,1.2707182320441988,0.3314917127071823,0.0,3.2044198895027622,0.8287292817679557,0.6077348066298343,54.8
Ísak Jóhannesson,ISL,MF,Köln,Bundesliga,23,2003,28,19,1626,18.1,1,2,3,1,0,0,4,0,0.17,,1.37,,,,,,,,,,,,13,4,30.8,0.72,0.22,0.08,0.25,58,60.2,75.0,7,9,22.0,1,1.07,24,33,-9,-0.5,-0.67,0,10,5,2,62,7,15,0,0.718232044198895,0.3076923076923077,1.2154696132596685,0.5524861878453038,3.4254143646408837,0.22099447513812154,-0.5,0.0,0.0,0.0,1.8232044198895025,1.3259668508287292,0.11049723756906077,0.11049723756906077,0.2762430939226519,0.8287292817679557,0.38674033149171266,60.2
Christopher Trimmel,AUT,MF,Union Berlin,Bundesliga,39,1987,25,19,1625,18.1,0,2,2,0,0,0,7,0,0.11,,1.37,,,,,,,,,,,,4,0,0.0,0.22,0.0,0.0,,65,60.2,76.0,6,6,30.0,4,1.16,23,27,-4,-0.22,0.95,0,24,7,0,155,7,21,0,0.22099447513812154,0.0,1.5469613259668507,1.3259668508287292,8.563535911602209,0.38674033149171266,-0.22,0.0,0.0,0.0,1.4917127071823204,1.2707182320441988,0.11049723756906077,0.0,0.38674033149171266,1.160220994475138,0.38674033149171266,60.2
Oihan Sancet,ESP,MF,Athletic Club,La Liga,25,2000,24,21,1625,18.1,3,0,3,1,2,2,4,1,0.06,,1.37,,,,,,,,,,,,43,14,32.6,2.38,0.78,0.02,0.07,68,58.2,72.0,2,3,41.0,0,0.92,13,23,-10,-0.55,-0.4,0,26,23,0,21,2,8,0,2.3756906077348066,0.32558139534883723,0.5524861878453038,1.43646408839779,1.160220994475138,0.38674033149171266,-0.55,0.0,0.0,0.0,1.2707182320441988,0.718232044198895,0.0,0.0,1.2707182320441988,0.4419889502762431,0.11049723756906077,58.2
Matias Moreno,ARG,DF,Levante,La Liga,22,2003,21,20,1622,18.0,0,0,0,0,0,0,6,0,0.0,,1.37,,,,,,,,,,,,8,0,0.0,0.44,0.0,0.0,,77,58.1,81.0,14,1,6.0,5,1.1,21,21,0,0.0,1.16,0,17,17,2,1,27,21,0,0.4444444444444444,0.0,2.6666666666666665,0.9444444444444444,0.05555555555555555,0.3333333333333333,0.0,0.0,0.0,0.0,1.1666666666666667,1.1666666666666667,0.0,0.1111111111111111,0.9444444444444444,1.1666666666666667,1.5,58.1
Tajon Buchanan,CAN,MF,Villarreal,La Liga,27,1999,29,18,1621,18.0,6,1,7,6,0,0,8,0,0.39,,1.37,,,,,,,,,,,,25,10,40.0,1.39,0.56,0.24,0.6,56,58.1,75.0,5,11,25.0,1,1.9,31,15,16,0.89,0.58,0,17,34,8,28,22,18,0,1.3888888888888888,0.4,2.2222222222222223,0.9444444444444444,1.5555555555555556,0.4444444444444444,0.89,0.0,0.0,0.0,0.8333333333333334,1.7222222222222223,0.05555555555555555,0.4444444444444444,1.8888888888888888,1.0,1.2222222222222223,58.1
Philipp Köhn,SUI,GK,Monaco,Ligue 1,28,1998,19,17,1621,18.0,0,0,0,0,0,0,1,0,0.0,27.0,1.5,73.0,48.0,65.8,9.0,4.0,4.0,5.0,29.4,2.0,0.0,0.0,0,0,,0.0,0.0,,,85,60.0,90.0,17,2,46.0,11,1.79,36,27,9,0.5,0.67,0,0,3,0,0,1,0,0,0.0,0.0,0.05555555555555555,0.0,0.0,0.05555555555555555,0.5,0.2631578947368421,0.0,4.055555555555555,1.5,2.0,0.0,0.0,0.16666666666666666,0.0,0.05555555555555555,60.0
Julen Agirrezabala,ESP,GK,Valencia,La Liga,25,2000,18,18,1620,18.0,0,0,0,0,0,0,1,0,0.0,30.0,1.67,79.0,52.0,65.8,3.0,7.0,8.0,4.0,22.2,3.0,1.0,0.0,0,0,,0.0,0.0,,,90,58.1,90.0,18,0,,0,0.89,17,30,-13,-0.72,-0.8,0,0,1,0,0,0,1,0,0.0,0.0,0.05555555555555555,0.0,0.0,0.05555555555555555,-0.72,0.2222222222222222,0.3333333333333333,4.388888888888889,1.6666666666666667,0.9444444444444444,0.0,0.0,0.05555555555555555,0.05555555555555555,0.0,58.1
Nicola Zalewski,POL,MF,Atalanta,Serie A,24,2002,29,21,1620,18.0,2,4,6,2,0,0,3,0,0.33,,1.37,,,,,,,,,,,,34,6,17.6,1.89,0.33,0.06,0.33,56,54.5,67.0,3,8,27.0,2,1.72,26,11,15,0.83,0.77,0,18,49,3,109,10,16,0,1.8888888888888888,0.17647058823529413,1.4444444444444444,1.0,6.055555555555555,0.16666666666666666,0.83,0.0,0.0,0.0,0.6111111111111112,1.4444444444444444,0.2222222222222222,0.16666666666666666,2.7222222222222223,0.8888888888888888,0.5555555555555556,54.5
Daniel Batz,GER,GK,Mainz 05,Bundesliga,35,1991,18,18,1620,18.0,0,0,0,0,0,0,1,0,0.0,22.0,1.22,83.0,62.0,74.7,7.0,7.0,4.0,3.0,16.7,1.0,0.0,0.0,0,0,,0.0,0.0,,,90,60.0,90.0,18,0,,3,1.56,25,22,3,0.17,1.17,0,0,1,0,0,0,0,0,0.0,0.0,0.0,0.0,0.0,0.05555555555555555,0.17,0.16666666666666666,0.0,4.611111111111111,1.2222222222222223,1.3888888888888888,0.0,0.0,0.05555555555555555,0.0,0.0,60.0
Kevin Trapp,GER,GK,Paris FC,Ligue 1,35,1990,18,18,1620,18.0,0,0,0,0,0,0,2,0,0.0,25.0,1.39,69.0,48.0,71.0,6.0,8.0,4.0,6.0,33.3,5.0,1.0,1.0,0,0,,0.0,0.0,,,90,60.0,90.0,18,0,,11,1.44,22,25,-3,-0.17,0.08,0,0,5,0,0,1,0,0,0.0,0.0,0.05555555555555555,0.0,0.0,0.1111111111111111,-0.17,0.3333333333333333,0.2,3.8333333333333335,1.3888888888888888,1.2222222222222223,0.0,0.0,0.2777777777777778,0.0,0.05555555555555555,60.0
Rafa Marín,ESP,DF,Villarreal,La Liga,23,2002,19,17,1619,18.0,1,0,1,1,0,0,1,0,0.06,,1.37,,,,,,,,,,,,4,1,25.0,0.22,0.06,0.25,1.0,85,58.0,89.0,15,2,56.0,10,2.11,31,21,10,0.56,-0.21,0,11,7,3,0,20,17,1,0.2222222222222222,0.25,2.0555555555555554,0.6111111111111112,0.0,0.05555555555555555,0.56,0.0,0.0,0.0,1.1666666666666667,1.7222222222222223,0.0,0.16666666666666666,0.3888888888888889,0.9444444444444444,1.1111111111111112,58.0
Mohamed Amine Sbai,FRA,MF,Angers,Ligue 1,25,2000,22,20,1619,18.0,2,1,3,2,0,1,1,0,0.17,,1.37,,,,,,,,,,,,30,14,46.7,1.67,0.78,0.07,0.14,74,60.0,78.0,4,2,28.0,1,1.32,16,21,-5,-0.28,0.47,0,15,22,3,55,4,10,0,1.6666666666666667,0.4666666666666667,0.7777777777777778,0.8333333333333334,3.0555555555555554,0.05555555555555555,-0.28,0.0,0.0,0.0,1.1666666666666667,0.8888888888888888,0.05555555555555555,0.16666666666666666,1.2222222222222223,0.5555555555555556,0.2222222222222222,60.0
Michael Zetterer,GER,GK,Eintracht Frankfurt,Bundesliga,30,1995,18,17,1616,18.0,0,0,0,0,0,0,1,0,0.0,25.0,1.39,71.0,48.0,67.6,8.0,5.0,4.0,6.0,35.3,2.0,0.0,0.0,0,0,,0.0,0.0,,,90,59.9,90.0,17,1,86.0,12,1.78,28,25,3,0.17,0.58,0,0,6,0,0,0,1,0,0.0,0.0,0.05555555555555555,0.0,0.0,0.05555555555555555,0.17,0.3333333333333333,0.0,3.9444444444444446,1.3888888888888888,1.5555555555555556,0.0,0.0,0.3333333333333333,0.05555555555555555,0.0,59.9
Dani Olmo,ESP,MF,Barcelona,La Liga,27,1998,26,18,1614,17.9,7,7,14,7,0,0,0,0,0.78,,1.37,,,,,,,,,,,,60,20,33.3,3.35,1.12,0.12,0.35,62,57.8,75.0,6,8,32.0,0,2.58,50,16,34,1.9,0.37,0,18,38,3,24,13,19,0,3.3519553072625703,0.3333333333333333,1.787709497206704,1.005586592178771,1.340782122905028,0.0,1.9,0.0,0.0,0.0,0.893854748603352,2.7932960893854752,0.3910614525139665,0.1675977653631285,2.122905027932961,1.0614525139664805,0.7262569832402235,57.8
Pedro Bigas,ESP,DF,Elche,La Liga,35,1990,22,20,1604,17.8,0,2,2,0,0,0,5,1,0.11,,1.37,,,,,,,,,,,,9,2,22.2,0.5,0.11,0.0,0.0,73,57.5,78.0,10,2,18.0,5,1.14,24,24,0,0.0,0.61,1,20,17,0,21,25,16,0,0.5056179775280899,0.2222222222222222,2.303370786516854,1.1235955056179774,1.1797752808988764,0.449438202247191,0.0,0.0,0.0,0.0,1.348314606741573,1.348314606741573,0.11235955056179775,0.0,0.9550561797752809,0.898876404494382,1.4044943820224718,57.5
Elif Elmas,MKD,MF,Napoli,Serie A,26,1999,29,18,1604,17.8,1,2,3,1,0,0,2,0,0.17,,1.37,,,,,,,,,,,,23,8,34.8,1.29,0.45,0.04,0.13,55,54.0,76.0,7,11,22.0,2,1.86,24,21,3,0.17,-0.62,0,17,13,1,35,6,13,0,1.2921348314606742,0.34782608695652173,1.0674157303370786,0.9550561797752809,1.9662921348314606,0.11235955056179775,0.17,0.0,0.0,0.0,1.1797752808988764,1.348314606741573,0.11235955056179775,0.056179775280898875,0.7303370786516854,0.7303370786516854,0.33707865168539325,54.0
Terry Yegbe,GHA,DF,Metz,Ligue 1,25,2001,20,18,1603,17.8,0,1,1,0,0,0,3,0,0.06,,1.37,,,,,,,,,,,,4,1,25.0,0.22,0.06,0.0,0.0,80,59.4,86.0,14,2,30.0,8,0.6,19,41,-22,-1.24,0.16,0,16,7,0,5,15,7,0,0.2247191011235955,0.25,1.2359550561797752,0.898876404494382,0.28089887640449435,0.16853932584269662,-1.24,0.0,0.0,0.0,2.303370786516854,1.0674157303370786,0.056179775280898875,0.0,0.3932584269662921,0.3932584269662921,0.8426966292134831,59.4
Diogo Leite,POR,DF,Union Berlin,Bundesliga,27,1999,19,19,1603,17.8,0,0,0,0,0,0,2,0,0.0,,1.37,,,,,,,,,,,,10,1,10.0,0.56,0.06,0.0,0.0,84,59.4,84.0,12,0,,2,1.16,20,26,-6,-0.34,0.65,0,23,22,1,6,33,11,1,0.5617977528089887,0.1,2.4719101123595504,1.2921348314606742,0.33707865168539325,0.11235955056179775,-0.34,0.0,0.0,0.0,1.4606741573033708,1.1235955056179774,0.0,0.056179775280898875,1.2359550561797752,0.6179775280898876,1.8539325842696628,59.4
Maxime Colin,FRA,DF,Metz,Ligue 1,34,1991,21,17,1602,17.8,0,0,0,0,0,0,1,0,0.0,,1.37,,,,,,,,,,,,7,2,28.6,0.39,0.11,0.0,0.0,76,59.3,86.0,13,4,34.0,8,0.57,22,39,-17,-0.96,0.85,0,10,7,0,11,22,29,0,0.3932584269662921,0.2857142857142857,2.8651685393258424,0.5617977528089887,0.6179775280898876,0.056179775280898875,-0.96,0.0,0.0,0.0,2.191011235955056,1.2359550561797752,0.0,0.0,0.3932584269662921,1.6292134831460674,1.2359550561797752,59.3
Ismaëlo Ganiou,FRA,DF,Lens,Ligue 1,21,2005,18,18,1602,17.8,3,0,3,3,0,0,4,1,0.17,,1.37,,,,,,,,,,,,16,3,18.8,0.9,0.17,0.19,1.0,89,61.4,89.0,17,0,,8,2.22,37,19,18,1.01,0.12,1,21,18,0,14,20,20,0,0.898876404494382,0.1875,2.2471910112359548,1.1797752808988764,0.7865168539325842,0.3932584269662921,1.01,0.0,0.0,0.0,1.0674157303370786,2.0786516853932584,0.0,0.0,1.0112359550561798,1.1235955056179774,1.1235955056179774,61.4
Mattéo Tramoni,FRA,MF,Pisa,Serie A,26,2000,27,21,1600,17.8,2,2,4,1,1,1,3,0,0.17,,1.37,,,,,,,,,,,,28,9,32.1,1.58,0.51,0.04,0.11,59,53.9,71.0,4,6,19.0,6,0.56,15,35,-20,-1.13,-0.07,0,16,15,2,68,15,21,0,1.5730337078651684,0.32142857142857145,2.0224719101123596,0.898876404494382,3.8202247191011236,0.16853932584269662,-1.13,0.0,0.0,0.0,1.9662921348314606,0.8426966292134831,0.11235955056179775,0.11235955056179775,0.8426966292134831,1.1797752808988764,0.8426966292134831,53.9
Ben Chilwell,ENG,DF,Strasbourg,Ligue 1,29,1996,20,19,1598,17.8,0,2,2,0,0,0,4,0,0.11,,1.37,,,,,,,,,,,,5,3,60.0,0.28,0.17,0.0,0.0,80,61.2,83.0,13,1,29.0,1,1.45,27,24,3,0.17,-0.36,0,14,22,4,30,22,17,0,0.28089887640449435,0.6,2.191011235955056,0.7865168539325842,1.6853932584269662,0.2247191011235955,0.17,0.0,0.0,0.0,1.348314606741573,1.5168539325842696,0.11235955056179775,0.2247191011235955,1.2359550561797752,0.9550561797752809,1.2359550561797752,61.2
Cole Palmer,ENG,MF,Chelsea,Premier League,23,2002,22,20,1597,17.7,9,1,10,4,5,5,4,0,0.28,,1.37,,,,,,,,,,,,53,20,37.7,2.99,1.13,0.08,0.2,73,53.8,77.0,9,2,33.0,1,1.05,27,26,1,0.06,-0.6,0,12,27,2,30,12,11,0,2.994350282485876,0.37735849056603776,1.2994350282485876,0.6779661016949153,1.6949152542372883,0.22598870056497175,0.06,0.0,0.0,0.0,1.4689265536723164,1.5254237288135595,0.05649717514124294,0.11299435028248588,1.5254237288135595,0.6214689265536724,0.6779661016949153,53.8
Victor Parada,ESP,DF,Alavés,La Liga,24,2002,23,18,1595,17.7,0,3,3,0,0,0,8,1,0.17,,1.37,,,,,,,,,,,,9,2,22.2,0.51,0.11,0.0,0.0,69,57.2,84.0,11,5,18.0,6,1.17,21,30,-9,-0.51,-0.36,1,26,12,3,30,6,6,0,0.5084745762711864,0.2222222222222222,0.6779661016949153,1.4689265536723164,1.6949152542372883,0.6214689265536724,-0.51,0.0,0.0,0.0,1.6949152542372883,1.1864406779661016,0.16949152542372883,0.16949152542372883,0.6779661016949153,0.33898305084745767,0.33898305084745767,57.2
Piero Hincapié,ECU,DF,Arsenal,Premier League,24,2002,22,18,1593,17.7,1,2,3,1,0,0,2,0,0.17,,1.37,,,,,,,,,,,,2,1,50.0,0.11,0.06,0.5,1.0,72,53.6,85.0,13,4,17.0,3,2.23,38,18,20,1.13,0.02,0,16,12,0,30,20,23,1,0.11299435028248588,0.5,2.4293785310734464,0.903954802259887,1.6949152542372883,0.11299435028248588,1.13,0.0,0.0,0.0,1.0169491525423728,2.146892655367232,0.11299435028248588,0.0,0.6779661016949153,1.2994350282485876,1.1299435028248588,53.6
Josh Laurent,ENG,DF,Burnley,Premier League,30,1995,29,16,1593,17.7,1,0,1,1,0,0,7,1,0.06,,1.37,,,,,,,,,,,,14,4,28.6,0.79,0.23,0.07,0.25,55,53.6,83.0,9,13,21.0,3,0.69,17,37,-20,-1.13,-0.28,0,25,10,2,14,25,22,0,0.7909604519774012,0.2857142857142857,2.6553672316384183,1.4124293785310735,0.7909604519774012,0.5649717514124294,-1.13,0.0,0.0,0.0,2.0903954802259888,0.96045197740113,0.0,0.11299435028248588,0.5649717514124294,1.2429378531073447,1.4124293785310735,53.6
Jonathan David,CAN,FW,Juventus,Serie A,26,2000,31,18,1590,17.7,6,4,10,6,0,1,0,0,0.57,,1.37,,,,,,,,,,,,38,16,42.1,2.15,0.91,0.16,0.38,51,53.5,73.0,4,13,21.0,2,1.97,31,12,19,1.08,0.49,0,24,21,11,8,6,8,0,2.146892655367232,0.42105263157894735,0.7909604519774012,1.3559322033898307,0.4519774011299435,0.0,1.08,0.0,0.0,0.0,0.6779661016949153,1.7514124293785311,0.22598870056497175,0.6214689265536724,1.1864406779661016,0.4519774011299435,0.33898305084745767,53.5
Batista Mendy,FRA,MF,Sevilla,La Liga,26,2000,25,19,1588,17.6,1,0,1,1,0,0,6,0,0.06,,1.37,,,,,,,,,,,,17,5,29.4,0.96,0.28,0.06,0.2,64,56.9,78.0,10,6,17.0,1,1.12,16,24,-8,-0.45,-0.15,0,35,27,0,5,18,23,0,0.9659090909090908,0.29411764705882354,2.329545454545454,1.9886363636363635,0.28409090909090906,0.3409090909090909,-0.45,0.0,0.0,0.0,1.3636363636363635,0.9090909090909091,0.0,0.0,1.534090909090909,1.3068181818181817,1.0227272727272727,56.9
Silvan Widmer,SUI,MF,Mainz 05,Bundesliga,33,1993,24,19,1588,17.6,2,0,2,2,0,0,5,0,0.11,,1.37,,,,,,,,,,,,19,4,21.1,1.08,0.23,0.11,0.5,66,58.8,79.0,6,5,19.0,4,1.29,22,23,-1,-0.06,0.59,0,15,11,3,31,16,25,0,1.0795454545454544,0.21052631578947367,2.329545454545454,0.8522727272727272,1.7613636363636362,0.28409090909090906,-0.06,0.0,0.0,0.0,1.3068181818181817,1.25,0.0,0.17045454545454544,0.625,1.4204545454545454,0.9090909090909091,58.8
Janik Haberer,GER,MF,Union Berlin,Bundesliga,32,1994,27,19,1587,17.6,0,1,1,0,0,0,8,0,0.06,,1.37,,,,,,,,,,,,11,1,9.1,0.62,0.06,0.0,0.0,59,58.8,74.0,7,8,22.0,2,1.04,17,37,-20,-1.13,-1.3,0,22,21,1,67,10,17,0,0.625,0.09090909090909091,1.534090909090909,1.25,3.8068181818181817,0.45454545454545453,-1.13,0.0,0.0,0.0,2.102272727272727,0.9659090909090908,0.056818181818181816,0.056818181818181816,1.1931818181818181,0.9659090909090908,0.5681818181818181,58.8
Gabriel Suazo,CHI,DF,Sevilla,La Liga,28,1997,23,19,1583,17.6,0,2,2,0,0,0,6,0,0.11,,1.37,,,,,,,,,,,,4,2,50.0,0.23,0.11,0.0,0.0,69,56.7,79.0,14,4,18.0,0,1.26,23,30,-7,-0.4,-0.03,0,24,11,2,86,19,53,0,0.22727272727272727,0.5,4.090909090909091,1.3636363636363635,4.886363636363636,0.3409090909090909,-0.4,0.0,0.0,0.0,1.7045454545454544,1.3068181818181817,0.11363636363636363,0.11363636363636363,0.625,3.0113636363636362,1.0795454545454544,56.7
Sadibou Sané,SEN,DF,Metz,Ligue 1,21,2004,19,18,1580,17.6,2,1,3,2,0,0,4,2,0.17,,1.37,,,,,,,,,,,,5,2,40.0,0.28,0.11,0.4,1.0,83,58.5,87.0,16,1,17.0,3,0.21,12,38,-26,-1.48,-0.44,0,17,10,0,0,32,29,1,0.28409090909090906,0.4,3.465909090909091,0.9659090909090908,0.0,0.5681818181818181,-1.48,0.0,0.0,0.0,2.1590909090909087,0.6818181818181818,0.056818181818181816,0.0,0.5681818181818181,1.6477272727272725,1.8181818181818181,58.5
Reinildo Mandava,MOZ,DF,Sunderland,Premier League,32,1994,20,19,1580,17.6,0,1,1,0,0,0,7,1,0.06,,1.37,,,,,,,,,,,,4,0,0.0,0.23,0.0,0.0,,79,53.2,83.0,16,1,1.0,0,1.6,22,22,0,0.0,0.26,0,29,31,1,19,25,18,0,0.22727272727272727,0.0,2.443181818181818,1.6477272727272725,1.0795454545454544,0.5681818181818181,0.0,0.0,0.0,0.0,1.25,1.25,0.056818181818181816,0.056818181818181816,1.7613636363636362,1.0227272727272727,1.4204545454545454,53.2
Arnaut Danjuma,NED,MF,Valencia,La Liga,29,1997,28,18,1579,17.5,3,2,5,3,0,1,0,0,0.28,,1.37,,,,,,,,,,,,35,14,40.0,1.99,0.8,0.09,0.21,56,56.6,75.0,7,10,22.0,2,1.04,18,26,-8,-0.46,-0.16,0,21,22,5,45,1,10,0,2.0,0.4,0.6285714285714286,1.2,2.5714285714285716,0.0,-0.46,0.0,0.0,0.0,1.4857142857142858,1.0285714285714285,0.11428571428571428,0.2857142857142857,1.2571428571428571,0.5714285714285714,0.05714285714285714,56.6
Gerard Martín,ESP,DF,Barcelona,La Liga,24,2002,26,20,1579,17.5,0,0,0,0,0,0,6,0,0.0,,1.37,,,,,,,,,,,,5,2,40.0,0.28,0.11,0.0,0.0,61,56.6,76.0,9,6,9.0,2,2.46,47,11,36,2.05,0.71,0,14,7,0,13,23,22,0,0.2857142857142857,0.4,2.5714285714285716,0.8,0.7428571428571429,0.34285714285714286,2.05,0.0,0.0,0.0,0.6285714285714286,2.6857142857142855,0.0,0.0,0.4,1.2571428571428571,1.3142857142857143,56.6
Emile Smith Rowe,ENG,MF,Fulham,Premier League,25,2000,32,17,1577,17.5,3,0,3,3,0,0,1,0,0.17,,1.37,,,,,,,,,,,,30,9,30.0,1.71,0.51,0.1,0.33,49,53.1,74.0,1,15,21.0,0,1.38,24,24,0,0.0,0.19,0,7,9,3,10,21,16,0,1.7142857142857142,0.3,2.1142857142857143,0.4,0.5714285714285714,0.05714285714285714,0.0,0.0,0.0,0.0,1.3714285714285714,1.3714285714285714,0.0,0.17142857142857143,0.5142857142857142,0.9142857142857143,1.2,53.1
Alejandro Balde,ESP,DF,Barcelona,La Liga,22,2003,22,19,1576,17.5,0,2,2,0,0,0,2,0,0.11,,1.37,,,,,,,,,,,,8,1,12.5,0.46,0.06,0.0,0.0,72,56.5,77.0,7,3,35.0,2,2.36,45,19,26,1.48,-0.59,0,14,22,4,23,6,18,0,0.45714285714285713,0.125,1.3714285714285714,0.8,1.3142857142857143,0.11428571428571428,1.48,0.0,0.0,0.0,1.0857142857142856,2.5714285714285716,0.11428571428571428,0.22857142857142856,1.2571428571428571,1.0285714285714285,0.34285714285714286,56.5
Pablo Barrios,ESP,MF,Atlético Madrid,La Liga,22,2003,21,19,1575,17.5,1,1,2,1,0,0,0,0,0.11,,1.37,,,,,,,,,,,,21,6,28.6,1.2,0.34,0.05,0.17,75,56.5,79.0,13,2,37.0,0,2.0,28,14,14,0.8,0.43,0,12,21,0,27,23,15,0,1.2,0.2857142857142857,2.1714285714285713,0.6857142857142857,1.542857142857143,0.0,0.8,0.0,0.0,0.0,0.8,1.6,0.05714285714285714,0.0,1.2,0.8571428571428571,1.3142857142857143,56.5
Odsonne Édouard,FRA,FW,Lens,Ligue 1,28,1998,25,23,1575,17.5,12,3,15,11,1,1,1,0,0.8,,1.37,,,,,,,,,,,,51,26,51.0,2.91,1.49,0.22,0.42,63,60.3,66.0,0,2,29.0,0,2.12,34,18,16,0.91,-0.13,0,19,17,10,1,1,4,0,2.914285714285714,0.5098039215686274,0.2857142857142857,1.0857142857142856,0.05714285714285714,0.05714285714285714,0.91,0.0,0.0,0.0,1.0285714285714285,1.9428571428571428,0.17142857142857143,0.5714285714285714,0.9714285714285714,0.22857142857142856,0.05714285714285714,60.3
Jesus Rodríguez,ESP,MF,Como,Serie A,20,2005,27,16,1574,17.5,1,7,8,1,0,0,2,1,0.46,,1.37,,,,,,,,,,,,42,10,23.8,2.4,0.57,0.02,0.1,58,53.0,78.0,3,11,30.0,2,1.81,36,11,25,1.43,1.17,0,21,28,3,53,4,16,0,2.4,0.23809523809523808,1.1428571428571428,1.2,3.0285714285714285,0.2857142857142857,1.43,0.0,0.0,0.0,0.6285714285714286,2.057142857142857,0.4,0.17142857142857143,1.6,0.9142857142857143,0.22857142857142856,53.0
Kike Salas,ESP,DF,Sevilla,La Liga,23,2002,19,17,1573,17.5,1,0,1,1,0,0,1,0,0.06,,1.37,,,,,,,,,,,,11,6,54.5,0.63,0.34,0.09,0.17,83,56.4,89.0,16,2,26.0,8,0.89,19,29,-10,-0.57,-0.42,0,26,11,1,8,32,23,0,0.6285714285714286,0.5454545454545454,3.142857142857143,1.4857142857142858,0.45714285714285713,0.05714285714285714,-0.57,0.0,0.0,0.0,1.6571428571428573,1.0857142857142856,0.0,0.05714285714285714,0.6285714285714286,1.3142857142857143,1.8285714285714285,56.4
Lorenzo Bernasconi,ITA,MF,Atalanta,Serie A,22,2003,23,17,1572,17.5,0,3,3,0,0,0,3,0,0.17,,1.37,,,,,,,,,,,,9,1,11.1,0.52,0.06,0.0,0.0,68,52.9,83.0,13,6,26.0,10,1.91,22,9,13,0.74,0.55,0,8,5,3,113,14,16,0,0.5142857142857142,0.1111111111111111,1.7142857142857142,0.45714285714285713,6.457142857142857,0.17142857142857143,0.74,0.0,0.0,0.0,0.5142857142857142,1.2571428571428571,0.17142857142857143,0.17142857142857143,0.2857142857142857,0.9142857142857143,0.8,52.9
Richarlison,BRA,FW,Tottenham Hotspur,Premier League,28,1997,27,16,1572,17.5,9,3,12,9,0,0,5,0,0.69,,1.37,,,,,,,,,,,,48,22,45.8,2.75,1.26,0.19,0.41,58,52.9,83.0,10,11,23.0,1,1.04,23,24,-1,-0.06,0.59,0,18,29,8,16,6,14,0,2.742857142857143,0.4583333333333333,1.1428571428571428,1.0285714285714285,0.9142857142857143,0.2857142857142857,-0.06,0.0,0.0,0.0,1.3714285714285714,1.3142857142857143,0.17142857142857143,0.45714285714285713,1.6571428571428573,0.8,0.34285714285714286,52.9
Adrián Liso,ESP,FW,Getafe,La Liga,21,2005,25,19,1572,17.5,3,0,3,3,0,0,5,1,0.17,,1.37,,,,,,,,,,,,26,10,38.5,1.49,0.57,0.12,0.3,63,56.3,76.0,4,6,20.0,2,1.28,12,17,-5,-0.29,-0.29,1,37,39,16,39,4,19,0,1.4857142857142858,0.38461538461538464,1.3142857142857143,2.1142857142857143,2.2285714285714286,0.45714285714285713,-0.29,0.0,0.0,0.0,0.9714285714285714,0.6857142857142857,0.0,0.9142857142857143,2.2285714285714286,1.0857142857142856,0.22857142857142856,56.3
Pau Navarro,ESP,DF,Villarreal,La Liga,20,2005,19,19,1571,17.5,0,0,0,0,0,0,4,0,0.0,,1.37,,,,,,,,,,,,1,1,100.0,0.06,0.06,0.0,0.0,83,56.3,83.0,15,0,,9,1.84,28,20,8,0.46,-0.43,0,30,10,1,2,16,32,1,0.05714285714285714,1.0,2.742857142857143,1.7142857142857142,0.11428571428571428,0.22857142857142856,0.46,0.0,0.0,0.0,1.1428571428571428,1.6,0.0,0.05714285714285714,0.5714285714285714,1.8285714285714285,0.9142857142857143,56.3
Mehdi Léris,ALG,MF,Pisa,Serie A,27,1998,29,16,1571,17.5,1,3,4,1,0,0,2,0,0.23,,1.37,,,,,,,,,,,,21,6,28.6,1.2,0.34,0.05,0.17,54,52.9,75.0,4,13,28.0,3,0.55,14,35,-21,-1.2,-0.24,0,24,19,6,83,15,28,0,1.2,0.2857142857142857,2.4571428571428573,1.3714285714285714,4.742857142857143,0.11428571428571428,-1.2,0.0,0.0,0.0,2.0,0.8,0.17142857142857143,0.34285714285714286,1.0857142857142856,1.6,0.8571428571428571,52.9
Xaver Schlager,AUT,MF,RB Leipzig,Bundesliga,28,1997,23,18,1567,17.4,2,1,3,2,0,0,5,0,0.17,,1.37,,,,,,,,,,,,19,6,31.6,1.09,0.34,0.11,0.33,68,58.0,81.0,13,5,21.0,0,1.87,34,23,11,0.63,-0.24,0,23,11,2,10,7,20,0,1.0919540229885059,0.3157894736842105,1.5517241379310347,1.3218390804597702,0.574712643678161,0.2873563218390805,0.63,0.0,0.0,0.0,1.3218390804597702,1.9540229885057472,0.0574712643678161,0.1149425287356322,0.632183908045977,1.149425287356322,0.40229885057471265,58.0
Yann Aurel Bisseck,GER,DF,Inter,Serie A,25,2000,19,17,1566,17.4,2,1,3,2,0,0,2,0,0.17,,1.37,,,,,,,,,,,,22,9,40.9,1.26,0.52,0.09,0.22,82,52.7,89.0,16,2,24.0,11,2.37,40,14,26,1.49,0.02,0,19,13,3,12,18,16,0,1.264367816091954,0.4090909090909091,1.9540229885057472,1.0919540229885059,0.6896551724137931,0.1149425287356322,1.49,0.0,0.0,0.0,0.8045977011494253,2.298850574712644,0.0574712643678161,0.1724137931034483,0.7471264367816093,0.9195402298850576,1.0344827586206897,52.7
Jean-Victor Makengo,FRA,MF,Lorient,Ligue 1,27,1998,27,20,1562,17.4,3,2,5,3,0,0,1,0,0.29,,1.37,,,,,,,,,,,,34,12,35.3,1.96,0.69,0.09,0.25,58,57.9,70.0,2,7,24.0,3,1.41,23,23,0,0.0,0.32,0,8,32,0,16,13,13,1,1.9540229885057472,0.35294117647058826,1.4942528735632186,0.4597701149425288,0.9195402298850576,0.0574712643678161,0.0,0.0,0.0,0.0,1.3218390804597702,1.3218390804597702,0.1149425287356322,0.0,1.8390804597701151,0.7471264367816093,0.7471264367816093,57.9
Max Kilman,ENG,DF,West Ham United,Premier League,28,1997,21,17,1561,17.3,0,0,0,0,0,0,4,0,0.0,,1.37,,,,,,,,,,,,7,1,14.3,0.4,0.06,0.0,0.0,74,52.6,90.0,17,4,8.0,10,0.95,18,37,-19,-1.1,-1.22,0,16,2,0,2,6,8,0,0.40462427745664736,0.14285714285714285,0.8092485549132947,0.9248554913294798,0.11560693641618497,0.23121387283236994,-1.1,0.0,0.0,0.0,2.138728323699422,1.0404624277456647,0.0,0.0,0.11560693641618497,0.4624277456647399,0.3468208092485549,52.6
Marcel Sabitzer,AUT,MF,Dortmund,Bundesliga,32,1994,23,18,1560,17.3,1,2,3,1,0,0,3,0,0.17,,1.37,,,,,,,,,,,,18,4,22.2,1.04,0.23,0.06,0.25,68,57.8,82.0,9,5,16.0,2,2.04,32,20,12,0.69,-0.73,0,15,15,3,36,18,15,0,1.0404624277456647,0.2222222222222222,1.9075144508670518,0.8670520231213873,2.0809248554913293,0.17341040462427745,0.69,0.0,0.0,0.0,1.1560693641618496,1.8497109826589595,0.11560693641618497,0.17341040462427745,0.8670520231213873,0.8670520231213873,1.0404624277456647,57.8
Borja Iglesias,ESP,FW,Celta Vigo,La Liga,33,1993,28,17,1556,17.3,11,2,13,8,3,3,6,0,0.58,,1.37,,,,,,,,,,,,41,22,53.7,2.37,1.27,0.2,0.36,56,55.8,76.0,4,11,25.0,1,1.32,27,22,5,0.29,0.36,0,32,22,19,3,0,4,0,2.3699421965317917,0.5365853658536586,0.23121387283236994,1.8497109826589595,0.17341040462427745,0.3468208092485549,0.29,0.0,0.0,0.0,1.2716763005780347,1.560693641618497,0.11560693641618497,1.0982658959537572,1.2716763005780347,0.23121387283236994,0.0,55.8
Javier Guerra,ESP,MF,Valencia,La Liga,22,2003,29,19,1555,17.3,1,3,4,1,0,0,3,0,0.23,,1.37,,,,,,,,,,,,18,6,33.3,1.04,0.35,0.06,0.17,54,55.7,73.0,4,10,17.0,2,1.21,19,23,-4,-0.23,0.35,0,24,13,1,31,20,12,0,1.0404624277456647,0.3333333333333333,1.8497109826589595,1.3872832369942196,1.791907514450867,0.17341040462427745,-0.23,0.0,0.0,0.0,1.329479768786127,1.0982658959537572,0.17341040462427745,0.057803468208092484,0.7514450867052023,0.6936416184971098,1.1560693641618496,55.7
Robin Gosens,GER,DF,Fiorentina,Serie A,31,1994,22,20,1553,17.3,3,1,4,3,0,0,2,0,0.23,,1.37,,,,,,,,,,,,15,7,46.7,0.87,0.41,0.2,0.43,71,52.3,76.0,8,2,20.0,4,1.09,17,20,-3,-0.17,0.08,0,17,20,3,37,15,12,0,0.8670520231213873,0.4666666666666667,1.560693641618497,0.9826589595375722,2.138728323699422,0.11560693641618497,-0.17,0.0,0.0,0.0,1.1560693641618496,0.9826589595375722,0.057803468208092484,0.17341040462427745,1.1560693641618496,0.6936416184971098,0.8670520231213873,52.3
Cameron Puertas,SUI,MF,Werder Bremen,Bundesliga,27,1998,24,18,1552,17.2,1,2,3,1,0,0,5,0,0.17,,1.37,,,,,,,,,,,,34,8,23.5,1.97,0.46,0.03,0.13,65,57.5,81.0,8,6,15.0,3,1.17,23,25,-2,-0.12,1.14,0,32,22,2,66,15,34,0,1.9767441860465118,0.23529411764705882,2.8488372093023258,1.8604651162790697,3.8372093023255816,0.29069767441860467,-0.12,0.0,0.0,0.0,1.4534883720930234,1.3372093023255816,0.11627906976744186,0.11627906976744186,1.2790697674418605,1.9767441860465118,0.872093023255814,57.5
Yuito Suzuki,JPN,MF,Freiburg,Bundesliga,24,2001,24,17,1552,17.2,4,2,6,4,0,0,3,0,0.35,,1.37,,,,,,,,,,,,37,14,37.8,2.15,0.81,0.11,0.29,65,57.5,78.0,6,7,31.0,4,1.29,30,30,0,0.0,0.31,0,19,9,2,18,10,12,0,2.1511627906976747,0.3783783783783784,1.2790697674418605,1.1046511627906976,1.0465116279069768,0.1744186046511628,0.0,0.0,0.0,0.0,1.744186046511628,1.744186046511628,0.11627906976744186,0.11627906976744186,0.5232558139534884,0.6976744186046512,0.5813953488372093,57.5
Malik Tillman,USA,MF,Leverkusen,Bundesliga,23,2002,25,17,1551,17.2,6,1,7,6,0,0,1,0,0.41,,1.37,,,,,,,,,,,,32,11,34.4,1.86,0.64,0.19,0.55,62,57.4,80.0,7,8,23.0,0,1.8,30,23,7,0.41,-0.53,0,16,27,1,16,17,28,0,1.8604651162790697,0.34375,2.616279069767442,0.9302325581395349,0.9302325581395349,0.05813953488372093,0.41,0.0,0.0,0.0,1.3372093023255816,1.744186046511628,0.05813953488372093,0.05813953488372093,1.5697674418604652,1.627906976744186,0.9883720930232559,57.4
Samson Baidoo,AUT,DF,Lens,Ligue 1,22,2004,19,17,1550,17.2,2,1,3,2,0,0,2,0,0.17,,1.37,,,,,,,,,,,,15,4,26.7,0.87,0.23,0.13,0.5,82,59.4,88.0,16,2,26.0,1,2.42,33,12,21,1.22,0.63,0,17,5,1,0,24,18,0,0.872093023255814,0.26666666666666666,2.441860465116279,0.9883720930232559,0.0,0.11627906976744186,1.22,0.0,0.0,0.0,0.6976744186046512,1.9186046511627908,0.05813953488372093,0.05813953488372093,0.29069767441860467,1.0465116279069768,1.3953488372093024,59.4
Brais Méndez,ESP,MF,Real Sociedad,La Liga,29,1997,27,19,1549,17.2,6,2,8,5,1,1,4,1,0.41,,1.37,,,,,,,,,,,,32,15,46.9,1.86,0.87,0.16,0.33,57,55.5,72.0,3,8,22.0,0,1.33,25,24,1,0.06,0.06,0,41,28,7,59,6,17,0,1.8604651162790697,0.46875,1.3372093023255816,2.3837209302325584,3.430232558139535,0.4069767441860465,0.06,0.0,0.0,0.0,1.3953488372093024,1.4534883720930234,0.11627906976744186,0.4069767441860465,1.627906976744186,0.9883720930232559,0.3488372093023256,55.5
Anthony Rouault,FRA,DF,Rennes,Ligue 1,24,2001,19,17,1544,17.2,1,0,1,1,0,0,4,0,0.06,,1.37,,,,,,,,,,,,8,3,37.5,0.47,0.17,0.13,0.33,81,57.2,88.0,15,2,23.0,9,1.74,27,19,8,0.47,0.23,0,25,8,0,0,15,13,0,0.46511627906976744,0.375,1.627906976744186,1.4534883720930234,0.0,0.23255813953488372,0.47,0.0,0.0,0.0,1.1046511627906976,1.5697674418604652,0.0,0.0,0.46511627906976744,0.7558139534883721,0.872093023255814,57.2
Simon Ebonog,CMR,MF,Le Havre,Ligue 1,21,2004,26,19,1543,17.1,1,0,1,1,0,0,6,0,0.06,,1.37,,,,,,,,,,,,20,4,20.0,1.17,0.23,0.05,0.25,59,57.1,75.0,6,7,16.0,2,1.04,12,26,-14,-0.82,-0.89,0,25,30,0,12,19,20,0,1.1695906432748537,0.2,2.280701754385965,1.461988304093567,0.7017543859649122,0.3508771929824561,-0.82,0.0,0.0,0.0,1.5204678362573099,0.7017543859649122,0.0,0.0,1.7543859649122806,1.1695906432748537,1.111111111111111,57.1
Brian Brobbey,NED,FW,Sunderland,Premier League,24,2002,26,17,1540,17.1,6,1,7,6,0,0,5,0,0.41,,1.37,,,,,,,,,,,,27,14,51.9,1.58,0.82,0.22,0.43,59,51.9,79.0,4,9,22.0,2,1.23,16,22,-6,-0.35,-0.48,0,23,29,8,1,0,1,0,1.5789473684210524,0.5185185185185185,0.05847953216374269,1.3450292397660817,0.05847953216374269,0.29239766081871343,-0.35,0.0,0.0,0.0,1.286549707602339,0.935672514619883,0.05847953216374269,0.4678362573099415,1.6959064327485378,0.05847953216374269,0.0,51.9
Olivier Giroud,FRA,FW,Lille,Ligue 1,39,1986,27,17,1539,17.1,7,1,8,4,3,4,2,0,0.29,,1.37,,,,,,,,,,,,40,15,37.5,2.34,0.88,0.1,0.27,57,57.0,78.0,4,10,22.0,0,1.74,16,24,-8,-0.47,-2.25,0,26,27,8,2,4,8,0,2.3391812865497075,0.375,0.7017543859649122,1.5204678362573099,0.11695906432748537,0.11695906432748537,-0.47,0.0,0.0,0.0,1.4035087719298245,0.935672514619883,0.05847953216374269,0.4678362573099415,1.5789473684210524,0.4678362573099415,0.23391812865497075,57.0
Mohammed Kudus,GHA,MF,Tottenham Hotspur,Premier League,25,2000,19,19,1535,17.1,2,5,7,2,0,0,3,0,0.41,,1.37,,,,,,,,,,,,26,9,34.6,1.52,0.53,0.08,0.22,81,51.7,81.0,8,0,,0,1.37,22,20,2,0.12,0.93,0,23,15,10,122,3,17,0,1.5204678362573099,0.34615384615384615,1.1695906432748537,1.3450292397660817,7.134502923976608,0.17543859649122806,0.12,0.0,0.0,0.0,1.1695906432748537,1.286549707602339,0.29239766081871343,0.5847953216374269,0.8771929824561403,0.9941520467836257,0.17543859649122806,51.7
Mërgim Vojvoda,KVX,MF,Como,Serie A,31,1995,27,18,1533,17.0,2,2,4,2,0,0,2,0,0.23,,1.37,,,,,,,,,,,,18,7,38.9,1.06,0.41,0.11,0.29,57,51.6,70.0,4,9,30.0,6,1.85,33,14,19,1.12,0.49,0,15,12,5,65,14,4,0,1.0588235294117647,0.3888888888888889,1.0588235294117647,0.8823529411764706,3.823529411764706,0.11764705882352941,1.12,0.0,0.0,0.0,0.8235294117647058,1.9411764705882353,0.11764705882352941,0.29411764705882354,0.7058823529411765,0.23529411764705882,0.8235294117647058,51.6
Giovane,BRA,FW,Hellas Verona,Serie A,22,2003,21,19,1533,17.0,3,4,7,3,0,0,2,0,0.41,,1.37,,,,,,,,,,,,47,25,53.2,2.76,1.47,0.06,0.12,73,51.6,77.0,8,2,33.0,0,0.67,12,23,-11,-0.65,0.73,0,21,15,8,56,5,9,0,2.764705882352941,0.5319148936170213,0.8235294117647058,1.2352941176470589,3.2941176470588234,0.11764705882352941,-0.65,0.0,0.0,0.0,1.3529411764705883,0.7058823529411765,0.23529411764705882,0.47058823529411764,0.8823529411764706,0.5294117647058824,0.29411764705882354,51.6
Lucas Chevalier,FRA,GK,Paris Saint-Germain,Ligue 1,24,2001,17,17,1530,17.0,0,0,0,0,0,0,0,0,0.0,13.0,0.76,43.0,32.0,72.1,12.0,3.0,2.0,9.0,52.9,1.0,1.0,1.0,0,0,,0.0,0.0,,,90,60.7,90.0,17,0,,10,2.29,33,13,20,1.18,-0.37,0,0,1,0,0,0,0,0,0.0,0.0,0.0,0.0,0.0,0.0,1.18,0.5294117647058824,1.0,2.5294117647058822,0.7647058823529411,1.9411764705882353,0.0,0.0,0.058823529411764705,0.0,0.0,60.7
Karl Darlow,WAL,GK,Leeds United,Premier League,35,1990,17,17,1530,17.0,0,0,0,0,0,0,1,0,0.0,20.0,1.18,61.0,43.0,70.5,5.0,6.0,6.0,4.0,23.5,2.0,0.0,0.0,0,0,,0.0,0.0,,,90,51.5,90.0,17,0,,15,1.24,19,20,-1,-0.06,0.32,0,0,5,0,0,0,0,0,0.0,0.0,0.0,0.0,0.0,0.058823529411764705,-0.06,0.23529411764705882,0.0,3.588235294117647,1.1764705882352942,1.1176470588235294,0.0,0.0,0.29411764705882354,0.0,0.0,51.5
Eberechi Eze,ENG,MF,Arsenal,Premier League,27,1998,27,17,1529,17.0,6,2,8,6,0,0,1,0,0.47,,1.37,,,,,,,,,,,,44,14,31.8,2.59,0.82,0.14,0.43,57,51.5,75.0,5,10,25.0,4,1.93,32,13,19,1.12,-0.01,0,14,31,1,7,10,12,0,2.588235294117647,0.3181818181818182,1.2941176470588236,0.8235294117647058,0.4117647058823529,0.058823529411764705,1.12,0.0,0.0,0.0,0.7647058823529411,1.8823529411764706,0.11764705882352941,0.058823529411764705,1.8235294117647058,0.7058823529411765,0.5882352941176471,51.5
Caio Henrique Oliveira Silva,BRA,DF,Monaco,Ligue 1,28,1997,21,17,1529,17.0,0,1,1,0,0,0,2,0,0.06,,1.37,,,,,,,,,,,,2,0,0.0,0.12,0.0,0.0,,73,56.6,85.0,14,4,22.0,2,1.48,23,24,-1,-0.06,-0.67,0,13,17,1,89,12,10,0,0.11764705882352941,0.0,1.2941176470588236,0.7647058823529411,5.235294117647059,0.11764705882352941,-0.06,0.0,0.0,0.0,1.411764705882353,1.3529411764705883,0.058823529411764705,0.058823529411764705,1.0,0.5882352941176471,0.7058823529411765,56.6
Julio Enciso,PAR,MF,Strasbourg,Ligue 1,22,2004,22,18,1528,17.0,2,2,4,2,0,0,2,0,0.24,,1.37,,,,,,,,,,,,47,18,38.3,2.77,1.06,0.04,0.11,69,58.5,79.0,4,4,25.0,1,1.27,26,21,5,0.29,-0.04,0,14,25,1,51,5,9,0,2.764705882352941,0.3829787234042553,0.8235294117647058,0.8235294117647058,3.0,0.11764705882352941,0.29,0.0,0.0,0.0,1.2352941176470589,1.5294117647058822,0.11764705882352941,0.058823529411764705,1.4705882352941178,0.5294117647058824,0.29411764705882354,58.5
Pierre Lees-Melou,FRA,MF,Paris FC,Ligue 1,32,1993,19,17,1526,17.0,1,2,3,1,0,0,5,0,0.18,,1.37,,,,,,,,,,,,25,6,24.0,1.47,0.35,0.04,0.17,80,56.5,88.0,13,2,18.0,0,1.42,25,22,3,0.18,0.87,0,25,20,0,12,16,31,0,1.4705882352941178,0.24,2.764705882352941,1.4705882352941178,0.7058823529411765,0.29411764705882354,0.18,0.0,0.0,0.0,1.2941176470588236,1.4705882352941178,0.11764705882352941,0.0,1.1764705882352942,1.8235294117647058,0.9411764705882353,56.5
Daichi Kamada,JPN,MF,Crystal Palace,Premier League,29,1996,22,17,1526,17.0,0,0,0,0,0,0,2,0,0.0,,1.37,,,,,,,,,,,,16,4,25.0,0.94,0.24,0.0,0.0,69,53.0,83.0,5,5,23.0,0,1.73,27,17,10,0.59,1.32,0,27,20,1,34,10,29,0,0.9411764705882353,0.25,2.2941176470588234,1.588235294117647,2.0,0.11764705882352941,0.59,0.0,0.0,0.0,1.0,1.588235294117647,0.0,0.058823529411764705,1.1764705882352942,1.7058823529411764,0.5882352941176471,53.0
Ibrahim Maza,ALG,MF,Leverkusen,Bundesliga,20,2005,24,16,1525,16.9,3,3,6,3,0,0,2,0,0.35,,1.37,,,,,,,,,,,,44,14,31.8,2.6,0.83,0.07,0.21,64,56.5,79.0,7,8,33.0,2,1.63,35,22,13,0.77,0.31,0,17,31,2,53,15,20,0,2.6035502958579886,0.3181818181818182,2.0710059171597637,1.0059171597633136,3.1360946745562135,0.1183431952662722,0.77,0.0,0.0,0.0,1.3017751479289943,2.0710059171597637,0.1775147928994083,0.1183431952662722,1.8343195266272192,1.183431952662722,0.8875739644970415,56.5
Keane Lewis-Potter,ENG,DF,Brentford,Premier League,25,2001,31,17,1525,16.9,3,2,5,3,0,0,1,0,0.3,,1.37,,,,,,,,,,,,24,7,29.2,1.42,0.41,0.13,0.43,49,51.3,78.0,7,14,14.0,2,1.45,21,24,-3,-0.18,-0.61,0,15,28,3,55,7,11,0,1.4201183431952664,0.2916666666666667,1.0650887573964498,0.8875739644970415,3.2544378698224854,0.0591715976331361,-0.18,0.0,0.0,0.0,1.4201183431952664,1.2426035502958581,0.1183431952662722,0.1775147928994083,1.656804733727811,0.6508875739644971,0.4142011834319527,51.3
Hassane Kamara,CIV,MF,Udinese,Serie A,32,1994,22,18,1522,16.9,0,1,1,0,0,0,4,0,0.06,,1.37,,,,,,,,,,,,16,5,31.3,0.95,0.3,0.0,0.0,69,51.2,79.0,8,4,25.0,3,1.27,21,23,-2,-0.12,0.07,0,14,10,0,65,23,17,0,0.9467455621301776,0.3125,2.366863905325444,0.8284023668639054,3.8461538461538463,0.2366863905325444,-0.12,0.0,0.0,0.0,1.3609467455621302,1.2426035502958581,0.0591715976331361,0.0,0.591715976331361,1.0059171597633136,1.3609467455621302,51.2
Lamine Camara,SEN,MF,Monaco,Ligue 1,22,2004,20,18,1520,16.9,0,4,4,0,0,0,5,0,0.24,,1.37,,,,,,,,,,,,19,1,5.3,1.13,0.06,0.0,0.0,76,56.3,83.0,12,2,17.0,0,2.05,34,18,16,0.95,1.63,0,23,42,0,82,35,29,0,1.124260355029586,0.05263157894736842,3.7869822485207103,1.3609467455621302,4.852071005917161,0.2958579881656805,0.95,0.0,0.0,0.0,1.0650887573964498,2.0118343195266273,0.2366863905325444,0.0,2.4852071005917162,1.7159763313609468,2.0710059171597637,56.3
Rafik Belghali,ALG,MF,Hellas Verona,Serie A,23,2002,21,17,1519,16.9,2,0,2,2,0,0,6,0,0.12,,1.37,,,,,,,,,,,,19,6,31.6,1.13,0.36,0.11,0.33,72,51.1,83.0,11,4,29.0,1,0.57,14,24,-10,-0.59,0.83,0,19,9,5,52,13,10,0,1.124260355029586,0.3157894736842105,1.3609467455621302,1.124260355029586,3.076923076923077,0.3550295857988166,-0.59,0.0,0.0,0.0,1.4201183431952664,0.8284023668639054,0.0,0.2958579881656805,0.5325443786982249,0.591715976331361,0.7692307692307693,51.1
Kristijan Jakić,CRO,MF,Augsburg,Bundesliga,28,1997,23,17,1519,16.9,1,1,2,1,0,0,4,0,0.12,,1.37,,,,,,,,,,,,17,5,29.4,1.01,0.3,0.06,0.2,66,56.3,78.0,10,6,33.0,2,1.0,20,26,-6,-0.36,0.41,0,16,17,2,4,14,23,0,1.0059171597633136,0.29411764705882354,2.1893491124260356,0.9467455621301776,0.2366863905325444,0.2366863905325444,-0.36,0.0,0.0,0.0,1.5384615384615385,1.183431952662722,0.0591715976331361,0.1183431952662722,1.0059171597633136,1.3609467455621302,0.8284023668639054,56.3
Noah Cadiou,GLP,MF,Lorient,Ligue 1,27,1998,24,16,1519,16.9,1,1,2,1,0,0,1,0,0.12,,1.37,,,,,,,,,,,,14,7,50.0,0.83,0.41,0.07,0.14,63,56.3,85.0,13,8,20.0,4,1.5,23,26,-3,-0.18,-0.1,0,23,11,0,3,22,14,0,0.8284023668639054,0.5,2.1301775147928996,1.3609467455621302,0.1775147928994083,0.0591715976331361,-0.18,0.0,0.0,0.0,1.5384615384615385,1.3609467455621302,0.0591715976331361,0.0,0.6508875739644971,0.8284023668639054,1.3017751479289943,56.3
Pietro Comuzzo,ITA,DF,Fiorentina,Serie A,21,2005,23,17,1518,16.9,1,0,1,1,0,0,2,0,0.06,,1.37,,,,,,,,,,,,9,2,22.2,0.53,0.12,0.11,0.5,66,51.1,84.0,10,6,16.0,10,0.96,19,26,-7,-0.42,-0.42,0,21,3,0,1,20,14,0,0.5325443786982249,0.2222222222222222,2.0118343195266273,1.2426035502958581,0.0591715976331361,0.1183431952662722,-0.42,0.0,0.0,0.0,1.5384615384615385,1.124260355029586,0.0,0.0,0.1775147928994083,0.8284023668639054,1.183431952662722,51.1
Kamory Doumbia,MLI,MF,Brest,Ligue 1,23,2003,20,19,1515,16.8,5,3,8,5,0,0,6,0,0.48,,1.37,,,,,,,,,,,,38,12,31.6,2.26,0.71,0.13,0.42,76,58.0,79.0,4,1,22.0,0,1.55,28,21,7,0.42,1.48,0,26,18,2,19,18,28,0,2.261904761904762,0.3157894736842105,2.738095238095238,1.5476190476190474,1.130952380952381,0.35714285714285715,0.42,0.0,0.0,0.0,1.25,1.6666666666666665,0.17857142857142858,0.11904761904761904,1.0714285714285714,1.6666666666666665,1.0714285714285714,58.0
Tommaso Barbieri,ITA,MF,Cremonese,Serie A,23,2002,24,16,1514,16.8,0,1,1,0,0,0,6,0,0.06,,1.37,,,,,,,,,,,,12,1,8.3,0.71,0.06,0.0,0.0,63,51.0,83.0,9,8,24.0,5,0.79,15,24,-9,-0.54,0.21,0,35,24,1,68,13,24,0,0.7142857142857143,0.08333333333333333,2.202380952380952,2.083333333333333,4.0476190476190474,0.35714285714285715,-0.54,0.0,0.0,0.0,1.4285714285714286,0.8928571428571428,0.05952380952380952,0.05952380952380952,1.4285714285714286,1.4285714285714286,0.7738095238095237,51.0
Josh Cullen,IRL,MF,Burnley,Premier League,30,1996,18,18,1514,16.8,2,2,4,2,0,0,2,0,0.24,,1.37,,,,,,,,,,,,11,6,54.5,0.65,0.36,0.18,0.33,84,51.0,84.0,12,0,,0,0.67,18,29,-11,-0.65,0.71,0,16,18,0,12,24,19,1,0.6547619047619048,0.5454545454545454,2.5595238095238093,0.9523809523809523,0.7142857142857143,0.11904761904761904,-0.65,0.0,0.0,0.0,1.726190476190476,1.0714285714285714,0.11904761904761904,0.0,1.0714285714285714,1.130952380952381,1.4285714285714286,51.0
Sael Kumbedi,FRA,DF,Wolfsburg,Bundesliga,21,2005,20,17,1514,16.8,0,5,5,0,0,0,2,0,0.3,,1.37,,,,,,,,,,,,3,0,0.0,0.18,0.0,0.0,,76,56.1,85.0,10,3,24.0,5,0.8,26,42,-16,-0.95,-0.27,0,19,15,4,31,13,28,0,0.17857142857142858,0.0,2.4404761904761902,1.130952380952381,1.8452380952380951,0.11904761904761904,-0.95,0.0,0.0,0.0,2.5,1.5476190476190474,0.2976190476190476,0.23809523809523808,0.8928571428571428,1.6666666666666665,0.7738095238095237,56.1
Lucas Paquetá,BRA,MF,West Ham United,Premier League,28,1997,18,18,1511,16.8,4,1,5,2,2,2,7,1,0.18,,1.37,,,,,,,,,,,,23,11,47.8,1.37,0.66,0.09,0.18,84,50.9,84.0,8,0,,0,0.67,18,32,-14,-0.83,-0.65,1,27,30,5,36,7,22,0,1.369047619047619,0.4782608695652174,1.726190476190476,1.607142857142857,2.142857142857143,0.5952380952380952,-0.83,0.0,0.0,0.0,1.9047619047619047,1.0714285714285714,0.05952380952380952,0.2976190476190476,1.7857142857142856,1.3095238095238095,0.41666666666666663,50.9
Josha Vagnoman,GER,DF,Stuttgart,Bundesliga,25,2000,24,17,1511,16.8,1,3,4,1,0,0,3,0,0.24,,1.37,,,,,,,,,,,,19,11,57.9,1.13,0.66,0.05,0.09,63,56.0,86.0,11,7,8.0,3,1.79,31,25,6,0.36,-0.7,0,17,15,0,33,3,19,0,1.130952380952381,0.5789473684210527,1.3095238095238095,1.0119047619047619,1.9642857142857142,0.17857142857142858,0.36,0.0,0.0,0.0,1.4880952380952381,1.8452380952380951,0.17857142857142858,0.0,0.8928571428571428,1.130952380952381,0.17857142857142858,56.0
Benjamin Šeško,SVN,FW,Manchester Utd,Premier League,22,2003,28,15,1511,16.8,9,1,10,9,0,0,2,0,0.6,,1.37,,,,,,,,,,,,57,31,54.4,3.4,1.85,0.16,0.29,54,50.9,81.0,8,13,23.0,1,1.71,33,29,4,0.24,-0.32,0,15,4,5,2,3,3,0,3.392857142857143,0.543859649122807,0.35714285714285715,0.8928571428571428,0.11904761904761904,0.11904761904761904,0.24,0.0,0.0,0.0,1.726190476190476,1.9642857142857142,0.05952380952380952,0.2976190476190476,0.23809523809523808,0.17857142857142858,0.17857142857142858,50.9
Jakub Piotrowski,POL,MF,Udinese,Serie A,28,1997,29,17,1511,16.8,1,1,2,1,0,0,2,0,0.12,,1.37,,,,,,,,,,,,32,6,18.8,1.91,0.36,0.03,0.17,52,50.9,72.0,4,12,24.0,1,1.28,20,21,-1,-0.06,0.19,0,24,28,2,24,13,22,0,1.9047619047619047,0.1875,2.083333333333333,1.4285714285714286,1.4285714285714286,0.11904761904761904,-0.06,0.0,0.0,0.0,1.25,1.1904761904761905,0.05952380952380952,0.11904761904761904,1.6666666666666665,1.3095238095238095,0.7738095238095237,50.9
Valentín Gómez,ARG,DF,Real Betis,La Liga,22,2003,23,15,1510,16.8,1,0,1,1,0,0,5,0,0.06,,1.37,,,,,,,,,,,,10,4,40.0,0.6,0.24,0.1,0.25,66,54.1,90.0,15,8,20.0,7,1.61,21,20,1,0.06,-0.36,0,22,11,1,11,19,24,0,0.5952380952380952,0.4,2.5595238095238093,1.3095238095238095,0.6547619047619048,0.2976190476190476,0.06,0.0,0.0,0.0,1.1904761904761905,1.25,0.0,0.05952380952380952,0.6547619047619048,1.4285714285714286,1.130952380952381,54.1
Cher Ndour,ITA,MF,Fiorentina,Serie A,21,2004,28,16,1510,16.8,2,0,2,2,0,0,2,0,0.12,,1.37,,,,,,,,,,,,19,6,31.6,1.13,0.36,0.11,0.33,54,50.8,77.0,6,12,23.0,5,1.25,16,17,-1,-0.06,0.31,0,22,18,1,18,12,10,0,1.130952380952381,0.3157894736842105,1.3095238095238095,1.3095238095238095,1.0714285714285714,0.11904761904761904,-0.06,0.0,0.0,0.0,1.0119047619047619,0.9523809523809523,0.0,0.05952380952380952,1.0714285714285714,0.5952380952380952,0.7142857142857143,50.8
Pablo Pagis,FRA,MF,Lorient,Ligue 1,23,2002,24,19,1509,16.8,8,3,11,7,1,1,1,0,0.6,,1.37,,,,,,,,,,,,52,16,30.8,3.1,0.95,0.13,0.44,63,55.9,72.0,2,5,28.0,1,1.5,25,24,1,0.06,0.44,0,20,21,2,82,16,15,0,3.095238095238095,0.3076923076923077,1.8452380952380951,1.1904761904761905,4.8809523809523805,0.05952380952380952,0.06,0.0,0.0,0.0,1.4285714285714286,1.4880952380952381,0.17857142857142858,0.11904761904761904,1.25,0.8928571428571428,0.9523809523809523,55.9
Finn Jeltsch,GER,DF,Stuttgart,Bundesliga,19,2006,22,17,1507,16.7,0,1,1,0,0,0,3,0,0.06,,1.37,,,,,,,,,,,,3,0,0.0,0.18,0.0,0.0,,69,55.8,85.0,14,5,14.0,6,1.95,37,22,15,0.9,0.52,0,13,16,3,3,19,14,0,0.17964071856287425,0.0,1.9760479041916168,0.7784431137724551,0.17964071856287425,0.17964071856287425,0.9,0.0,0.0,0.0,1.3173652694610778,2.215568862275449,0.059880239520958084,0.17964071856287425,0.9580838323353293,0.8383233532934132,1.1377245508982037,55.8
Nicolò Cambiaghi,ITA,MF,Bologna,Serie A,25,2000,27,17,1504,16.7,3,4,7,3,0,0,3,1,0.42,,1.37,,,,,,,,,,,,24,6,25.0,1.44,0.36,0.13,0.5,56,50.6,74.0,5,10,25.0,3,1.41,20,19,1,0.06,-0.06,0,32,69,5,62,9,20,0,1.437125748502994,0.25,1.7365269461077846,1.9161676646706587,3.712574850299401,0.3592814371257485,0.06,0.0,0.0,0.0,1.1377245508982037,1.1976047904191618,0.23952095808383234,0.29940119760479045,4.131736526946108,1.1976047904191618,0.5389221556886228,50.6
Ruben Aguilar,FRA,MF,Lens,Ligue 1,32,1993,21,18,1503,16.7,2,2,4,2,0,0,5,1,0.24,,1.37,,,,,,,,,,,,13,3,23.1,0.78,0.18,0.15,0.67,72,57.6,80.0,6,3,22.0,1,2.19,28,17,11,0.66,-0.72,1,23,10,5,79,21,22,0,0.7784431137724551,0.23076923076923078,2.5748502994011977,1.377245508982036,4.730538922155689,0.47904191616766467,0.66,0.0,0.0,0.0,1.0179640718562875,1.6766467065868265,0.11976047904191617,0.29940119760479045,0.5988023952095809,1.3173652694610778,1.25748502994012,57.6
Youri Tielemans,BEL,MF,Aston Villa,Premier League,28,1997,20,17,1502,16.7,0,4,4,0,0,0,0,0,0.24,,1.37,,,,,,,,,,,,18,4,22.2,1.08,0.24,0.0,0.0,75,50.6,85.0,12,3,22.0,0,2.0,25,21,4,0.24,0.12,0,22,30,1,33,12,30,0,1.0778443113772456,0.2222222222222222,2.51497005988024,1.3173652694610778,1.9760479041916168,0.0,0.24,0.0,0.0,0.0,1.25748502994012,1.4970059880239521,0.23952095808383234,0.059880239520958084,1.7964071856287427,1.7964071856287427,0.718562874251497,50.6
Frenkie de Jong,NED,MF,Barcelona,La Liga,28,1997,20,16,1502,16.7,1,5,6,1,0,0,4,1,0.36,,1.37,,,,,,,,,,,,7,2,28.6,0.42,0.12,0.14,0.5,75,53.8,88.0,13,4,24.0,1,2.3,40,17,23,1.38,-0.79,1,10,24,2,4,17,16,0,0.4191616766467066,0.2857142857142857,1.9760479041916168,0.5988023952095809,0.23952095808383234,0.4191616766467066,1.38,0.0,0.0,0.0,1.0179640718562875,2.3952095808383236,0.29940119760479045,0.11976047904191617,1.437125748502994,0.9580838323353293,1.0179640718562875,53.8
Pedro Díaz,ESP,MF,Rayo Vallecano,La Liga,27,1998,28,17,1501,16.7,0,0,0,0,0,0,1,0,0.0,,1.37,,,,,,,,,,,,36,5,13.9,2.16,0.3,0.0,0.0,54,53.8,75.0,7,11,20.0,0,1.18,19,28,-9,-0.54,-0.54,0,13,8,0,34,4,21,0,2.155688622754491,0.1388888888888889,1.4970059880239521,0.7784431137724551,2.035928143712575,0.059880239520958084,-0.54,0.0,0.0,0.0,1.6766467065868265,1.1377245508982037,0.0,0.0,0.47904191616766467,1.25748502994012,0.23952095808383234,53.8
Kieran Trippier,ENG,DF,Newcastle United,Premier League,35,1990,19,17,1501,16.7,0,1,1,0,0,0,3,0,0.06,,1.37,,,,,,,,,,,,2,0,0.0,0.12,0.0,0.0,,79,50.5,84.0,11,2,35.0,5,0.95,19,26,-7,-0.42,-0.66,0,22,18,1,92,7,11,0,0.11976047904191617,0.0,1.0778443113772456,1.3173652694610778,5.508982035928144,0.17964071856287425,-0.42,0.0,0.0,0.0,1.5568862275449102,1.1377245508982037,0.059880239520958084,0.059880239520958084,1.0778443113772456,0.6586826347305389,0.4191616766467066,50.5
Nnamdi Collins,GER,DF,Eintracht Frankfurt,Bundesliga,22,2004,23,16,1500,16.7,1,2,3,1,0,0,4,0,0.18,,1.37,,,,,,,,,,,,4,1,25.0,0.24,0.06,0.25,1.0,65,55.6,85.0,12,7,20.0,3,1.57,38,32,6,0.36,0.96,0,22,19,0,4,24,38,0,0.23952095808383234,0.25,3.712574850299401,1.3173652694610778,0.23952095808383234,0.23952095808383234,0.36,0.0,0.0,0.0,1.9161676646706587,2.2754491017964074,0.11976047904191617,0.0,1.1377245508982037,2.2754491017964074,1.437125748502994,55.6
Ola Aina,NGA,DF,Nottingham Forest,Premier League,29,1996,17,17,1498,16.6,0,0,0,0,0,0,3,0,0.0,,1.37,,,,,,,,,,,,11,1,9.1,0.66,0.06,0.0,0.0,88,50.4,88.0,14,0,,0,1.29,22,19,3,0.18,0.91,0,13,13,0,39,26,20,0,0.6626506024096385,0.09090909090909091,2.7710843373493974,0.7831325301204819,2.3493975903614457,0.18072289156626503,0.18,0.0,0.0,0.0,1.1445783132530118,1.325301204819277,0.0,0.0,0.7831325301204819,1.2048192771084336,1.5662650602409638,50.4
Tijjani Reijnders,NED,MF,Manchester City,Premier League,27,1998,26,17,1496,16.6,5,2,7,5,0,0,2,0,0.42,,1.37,,,,,,,,,,,,41,15,36.6,2.47,0.9,0.12,0.33,58,51.9,79.0,6,9,18.0,6,1.96,30,15,15,0.9,-0.46,0,18,15,4,37,11,4,0,2.469879518072289,0.36585365853658536,0.9036144578313252,1.0843373493975903,2.228915662650602,0.12048192771084336,0.9,0.0,0.0,0.0,0.9036144578313252,1.8072289156626504,0.12048192771084336,0.24096385542168672,0.9036144578313252,0.24096385542168672,0.6626506024096385,51.9
Morgan Sanson,FRA,MF,Nice,Ligue 1,31,1994,27,16,1496,16.6,0,2,2,0,0,0,4,0,0.12,,1.37,,,,,,,,,,,,15,4,26.7,0.9,0.24,0.0,0.0,55,55.4,82.0,7,11,17.0,0,0.93,13,36,-23,-1.38,-1.46,0,31,17,2,36,23,19,0,0.9036144578313252,0.26666666666666666,2.5301204819277108,1.8674698795180722,2.1686746987951806,0.24096385542168672,-1.38,0.0,0.0,0.0,2.1686746987951806,0.7831325301204819,0.12048192771084336,0.12048192771084336,1.0240963855421685,1.1445783132530118,1.3855421686746987,55.4
Castrop Jens,KOR,MF,Gladbach,Bundesliga,22,2003,25,19,1495,16.6,3,1,4,3,0,0,2,1,0.24,,1.37,,,,,,,,,,,,29,12,41.4,1.75,0.72,0.1,0.25,60,55.4,73.0,4,6,17.0,1,1.0,21,31,-10,-0.6,-0.3,0,29,26,3,21,15,26,0,1.7469879518072287,0.41379310344827586,2.469879518072289,1.7469879518072287,1.2650602409638554,0.3012048192771084,-0.6,0.0,0.0,0.0,1.8674698795180722,1.2650602409638554,0.06024096385542168,0.18072289156626503,1.5662650602409638,1.5662650602409638,0.9036144578313252,55.4
Jan Virgili,ESP,MF,Mallorca,La Liga,19,2006,24,17,1495,16.6,1,4,5,1,0,0,0,1,0.3,,1.37,,,,,,,,,,,,27,12,44.4,1.63,0.72,0.04,0.08,62,53.6,79.0,4,7,21.0,0,1.13,24,24,0,0.0,0.63,0,14,21,2,32,6,9,0,1.6265060240963853,0.4444444444444444,0.9036144578313252,0.8433734939759036,1.9277108433734937,0.18072289156626503,0.0,0.0,0.0,0.0,1.4457831325301203,1.4457831325301203,0.24096385542168672,0.12048192771084336,1.2650602409638554,0.5421686746987951,0.36144578313253006,53.6
Kaoru Mitoma,JPN,MF,Brighton,Premier League,28,1997,22,16,1492,16.6,3,1,4,3,0,0,3,0,0.24,,1.37,,,,,,,,,,,,25,12,48.0,1.51,0.72,0.12,0.25,68,50.2,83.0,9,6,28.0,0,1.32,19,17,2,0.12,-0.12,0,26,18,4,37,8,10,0,1.506024096385542,0.48,1.0843373493975903,1.5662650602409638,2.228915662650602,0.18072289156626503,0.12,0.0,0.0,0.0,1.0240963855421685,1.1445783132530118,0.06024096385542168,0.24096385542168672,1.0843373493975903,0.6024096385542168,0.48192771084337344,50.2
Carl Starfelt,SWE,DF,Celta Vigo,La Liga,30,1995,19,17,1491,16.6,0,0,0,0,0,0,3,1,0.0,,1.37,,,,,,,,,,,,4,1,25.0,0.24,0.06,0.0,0.0,78,53.4,86.0,14,2,17.0,1,1.37,22,17,5,0.3,0.37,1,19,8,0,0,16,16,1,0.24096385542168672,0.25,1.9277108433734937,1.1445783132530118,0.0,0.36144578313253006,0.3,0.0,0.0,0.0,1.0240963855421685,1.325301204819277,0.0,0.0,0.48192771084337344,0.9638554216867469,0.9638554216867469,53.4
Curtis Jones,ENG,MF,Liverpool,Premier League,25,2001,29,13,1491,16.6,0,1,1,0,0,0,1,0,0.06,,1.37,,,,,,,,,,,,19,6,31.6,1.15,0.36,0.0,0.0,51,50.2,81.0,5,16,28.0,2,1.55,30,28,2,0.12,-0.43,0,11,23,0,8,12,17,0,1.1445783132530118,0.3157894736842105,1.7469879518072287,0.6626506024096385,0.48192771084337344,0.06024096385542168,0.12,0.0,0.0,0.0,1.686746987951807,1.8072289156626504,0.06024096385542168,0.0,1.3855421686746987,1.0240963855421685,0.7228915662650601,50.2
Pathé Ciss,SEN,MF,Rayo Vallecano,La Liga,32,1994,22,15,1488,16.5,2,0,2,2,0,0,5,2,0.12,,1.37,,,,,,,,,,,,15,7,46.7,0.91,0.42,0.13,0.29,68,53.3,88.0,12,7,25.0,0,1.05,14,20,-6,-0.36,-0.16,0,22,8,2,1,22,25,0,0.9090909090909091,0.4666666666666667,2.8484848484848486,1.3333333333333333,0.06060606060606061,0.6666666666666666,-0.36,0.0,0.0,0.0,1.2121212121212122,0.8484848484848485,0.0,0.12121212121212122,0.48484848484848486,1.5151515151515151,1.3333333333333333,53.3
Jaka Bijol,SVN,DF,Leeds United,Premier League,27,1999,20,16,1488,16.5,1,1,2,1,0,0,3,0,0.12,,1.37,,,,,,,,,,,,15,6,40.0,0.91,0.36,0.07,0.17,74,50.1,87.0,13,4,25.0,9,1.2,24,22,2,0.12,0.67,0,15,10,0,1,21,13,0,0.9090909090909091,0.4,2.0606060606060606,0.9090909090909091,0.06060606060606061,0.18181818181818182,0.12,0.0,0.0,0.0,1.3333333333333333,1.4545454545454546,0.06060606060606061,0.0,0.6060606060606061,0.7878787878787878,1.2727272727272727,50.1
Aleksandr Golovin,RUS,MF,Monaco,Ligue 1,29,1996,22,19,1488,16.5,5,5,10,5,0,0,4,1,0.6,,1.37,,,,,,,,,,,,31,18,58.1,1.87,1.09,0.16,0.28,68,55.1,75.0,4,3,24.0,2,1.77,27,17,10,0.6,0.83,1,27,16,2,34,19,16,0,1.878787878787879,0.5806451612903226,2.121212121212121,1.6363636363636365,2.0606060606060606,0.42424242424242425,0.6,0.0,0.0,0.0,1.0303030303030303,1.6363636363636365,0.30303030303030304,0.12121212121212122,0.9696969696969697,0.9696969696969697,1.1515151515151516,55.1
Kingsley Ehizibue,NED,MF,Udinese,Serie A,30,1995,28,16,1486,16.5,0,0,0,0,0,0,4,0,0.0,,1.37,,,,,,,,,,,,4,0,0.0,0.24,0.0,0.0,,53,50.0,83.0,8,12,14.0,5,1.46,19,19,0,0.0,0.3,0,32,19,1,29,13,25,0,0.24242424242424243,0.0,2.303030303030303,1.9393939393939394,1.7575757575757576,0.24242424242424243,0.0,0.0,0.0,0.0,1.1515151515151516,1.1515151515151516,0.0,0.06060606060606061,1.1515151515151516,1.5151515151515151,0.7878787878787878,50.0
Nikola Krstović,MNE,FW,Atalanta,Serie A,26,2000,29,15,1486,16.5,10,4,14,10,0,0,2,0,0.85,,1.37,,,,,,,,,,,,85,28,32.9,5.15,1.7,0.12,0.36,51,50.0,75.0,5,14,26.0,4,1.72,29,13,16,0.97,0.97,0,33,26,23,4,3,9,0,5.151515151515151,0.32941176470588235,0.7272727272727273,2.0,0.24242424242424243,0.12121212121212122,0.97,0.0,0.0,0.0,0.7878787878787878,1.7575757575757576,0.24242424242424243,1.393939393939394,1.5757575757575757,0.5454545454545454,0.18181818181818182,50.0
Emi Buendía,ARG,MF,Aston Villa,Premier League,29,1996,31,18,1485,16.5,5,2,7,5,0,0,6,0,0.42,,1.37,,,,,,,,,,,,43,10,23.3,2.61,0.61,0.12,0.5,48,50.0,65.0,2,13,24.0,1,1.84,15,21,-6,-0.36,-1.09,0,35,34,1,8,8,20,0,2.606060606060606,0.23255813953488372,1.696969696969697,2.121212121212121,0.48484848484848486,0.36363636363636365,-0.36,0.0,0.0,0.0,1.2727272727272727,0.9090909090909091,0.12121212121212122,0.06060606060606061,2.0606060606060606,1.2121212121212122,0.48484848484848486,50.0
Pau Torres,ESP,DF,Aston Villa,Premier League,29,1997,18,16,1478,16.4,0,0,0,0,0,0,0,0,0.0,,1.37,,,,,,,,,,,,7,0,0.0,0.43,0.0,0.0,,82,49.8,88.0,13,2,38.0,9,1.89,24,16,8,0.49,0.61,0,5,5,0,4,11,12,1,0.426829268292683,0.0,1.402439024390244,0.30487804878048785,0.24390243902439027,0.0,0.49,0.0,0.0,0.0,0.9756097560975611,1.4634146341463417,0.0,0.0,0.30487804878048785,0.7317073170731708,0.6707317073170732,49.8
Jan Thielmann,GER,MF,Köln,Bundesliga,23,2002,23,20,1477,16.4,3,1,4,3,0,0,4,0,0.24,,1.37,,,,,,,,,,,,26,10,38.5,1.58,0.61,0.12,0.3,64,54.7,72.0,4,3,15.0,0,1.13,21,28,-7,-0.43,-0.43,0,10,21,4,32,12,11,0,1.5853658536585367,0.38461538461538464,1.402439024390244,0.6097560975609757,1.9512195121951221,0.24390243902439027,-0.43,0.0,0.0,0.0,1.707317073170732,1.2804878048780488,0.06097560975609757,0.24390243902439027,1.2804878048780488,0.6707317073170732,0.7317073170731708,54.7
Alpha Touré,SEN,MF,Metz,Ligue 1,20,2006,28,14,1477,16.4,0,1,1,0,0,0,5,0,0.06,,1.37,,,,,,,,,,,,16,1,6.3,0.97,0.06,0.0,0.0,53,54.7,83.0,7,14,22.0,1,0.5,13,35,-22,-1.34,-0.09,0,27,23,0,12,10,21,0,0.9756097560975611,0.0625,1.8902439024390245,1.6463414634146343,0.7317073170731708,0.30487804878048785,-1.34,0.0,0.0,0.0,2.1341463414634148,0.7926829268292683,0.06097560975609757,0.0,1.402439024390244,1.2804878048780488,0.6097560975609757,54.7
Rodrigo Bentancur,URU,MF,Tottenham Hotspur,Premier League,28,1997,21,18,1476,16.4,1,1,2,1,0,0,5,0,0.12,,1.37,,,,,,,,,,,,10,2,20.0,0.61,0.12,0.1,0.5,70,49.7,79.0,9,3,21.0,1,1.19,22,22,0,0.0,0.66,0,15,3,1,7,26,25,0,0.6097560975609757,0.2,3.1097560975609757,0.9146341463414634,0.426829268292683,0.30487804878048785,0.0,0.0,0.0,0.0,1.3414634146341464,1.3414634146341464,0.06097560975609757,0.06097560975609757,0.1829268292682927,1.524390243902439,1.5853658536585367,49.7
Jan-Niklas Beste,GER,MF,Freiburg,Bundesliga,27,1999,24,17,1473,16.4,1,2,3,1,0,0,5,0,0.18,,1.37,,,,,,,,,,,,22,12,54.5,1.34,0.73,0.05,0.08,61,54.6,78.0,5,7,20.0,1,1.63,28,21,7,0.43,1.23,0,15,32,5,94,16,20,0,1.3414634146341464,0.5454545454545454,2.1951219512195124,0.9146341463414634,5.731707317073171,0.30487804878048785,0.43,0.0,0.0,0.0,1.2804878048780488,1.707317073170732,0.12195121951219513,0.30487804878048785,1.9512195121951221,1.2195121951219514,0.9756097560975611,54.6
Josué Casimir,HAI,MF,Auxerre,Ligue 1,24,2001,27,16,1470,16.3,1,0,1,1,0,1,5,1,0.06,,1.37,,,,,,,,,,,,21,11,52.4,1.29,0.67,0.05,0.09,54,54.4,76.0,4,11,24.0,1,0.78,11,25,-14,-0.86,-0.86,1,32,30,3,54,10,15,0,1.2883435582822085,0.5238095238095238,1.5337423312883436,1.9631901840490797,3.312883435582822,0.49079754601226994,-0.86,0.0,0.0,0.0,1.5337423312883436,0.6748466257668712,0.0,0.18404907975460122,1.840490797546012,0.920245398773006,0.6134969325153374,54.4
Archie Gray,ENG,MF,Tottenham Hotspur,Premier League,20,2006,23,18,1469,16.3,2,2,4,2,0,0,5,0,0.25,,1.37,,,,,,,,,,,,11,5,45.5,0.67,0.31,0.18,0.4,64,49.5,78.0,9,5,12.0,7,0.74,18,28,-10,-0.61,-0.55,0,12,2,0,12,17,8,0,0.6748466257668712,0.45454545454545453,1.5337423312883436,0.7361963190184049,0.7361963190184049,0.3067484662576687,-0.61,0.0,0.0,0.0,1.7177914110429446,1.1042944785276072,0.12269938650306748,0.0,0.12269938650306748,0.49079754601226994,1.0429447852760736,49.5
Luis Henrique,BRA,MF,Inter,Serie A,24,2001,27,17,1469,16.3,1,2,3,1,0,0,1,0,0.18,,1.37,,,,,,,,,,,,15,7,46.7,0.92,0.43,0.07,0.14,54,49.5,74.0,7,10,21.0,6,2.56,31,13,18,1.1,-0.76,0,5,0,1,39,7,15,0,0.920245398773006,0.4666666666666667,1.3496932515337423,0.3067484662576687,2.392638036809816,0.06134969325153374,1.1,0.0,0.0,0.0,0.7975460122699386,1.901840490797546,0.12269938650306748,0.06134969325153374,0.0,0.920245398773006,0.42944785276073616,49.5
Jobe Bellingham,ENG,MF,Dortmund,Bundesliga,20,2005,28,16,1469,16.3,0,1,1,0,0,0,1,1,0.06,,1.37,,,,,,,,,,,,14,4,28.6,0.86,0.25,0.0,0.0,52,54.4,81.0,11,12,15.0,0,2.14,36,19,17,1.04,0.09,0,12,18,0,5,39,21,0,0.8588957055214723,0.2857142857142857,3.680981595092024,0.7361963190184049,0.3067484662576687,0.24539877300613497,1.04,0.0,0.0,0.0,1.165644171779141,2.2085889570552144,0.06134969325153374,0.0,1.1042944785276072,1.2883435582822085,2.392638036809816,54.4
Ander Barrenetxea,ESP,MF,Real Sociedad,La Liga,24,2001,25,18,1469,16.3,3,4,7,3,0,0,3,0,0.43,,1.37,,,,,,,,,,,,29,8,27.6,1.78,0.49,0.1,0.38,59,52.7,70.0,4,7,29.0,0,1.4,25,23,2,0.12,0.19,0,30,24,3,62,15,11,0,1.7791411042944785,0.27586206896551724,1.5950920245398772,1.840490797546012,3.803680981595092,0.18404907975460122,0.12,0.0,0.0,0.0,1.411042944785276,1.5337423312883436,0.24539877300613497,0.18404907975460122,1.4723926380368098,0.6748466257668712,0.920245398773006,52.7
Rayan Cherki,FRA,MF,Manchester City,Premier League,22,2003,27,16,1467,16.3,4,10,14,4,0,0,1,0,0.86,,1.37,,,,,,,,,,,,38,10,26.3,2.33,0.61,0.11,0.4,54,50.9,77.0,3,11,22.0,1,2.11,33,15,18,1.1,-0.04,0,14,30,1,68,7,15,0,2.331288343558282,0.2631578947368421,1.3496932515337423,0.8588957055214723,4.171779141104294,0.06134969325153374,1.1,0.0,0.0,0.0,0.920245398773006,2.0245398773006134,0.6134969325153374,0.06134969325153374,1.840490797546012,0.920245398773006,0.42944785276073616,50.9
Nhoa Sangui,FRA,DF,Paris FC,Ligue 1,20,2006,23,15,1467,16.3,0,0,0,0,0,0,0,0,0.0,,1.37,,,,,,,,,,,,4,1,25.0,0.25,0.06,0.0,0.0,64,54.3,89.0,13,8,16.0,0,1.39,19,26,-7,-0.43,-0.5,0,4,15,2,35,16,13,0,0.24539877300613497,0.25,1.7791411042944785,0.24539877300613497,2.147239263803681,0.0,-0.43,0.0,0.0,0.0,1.5950920245398772,1.165644171779141,0.0,0.12269938650306748,0.920245398773006,0.7975460122699386,0.9815950920245399,54.3
Louis Oppie,GER,MF,St Pauli,Bundesliga,23,2002,21,15,1467,16.3,1,0,1,1,0,0,0,0,0.06,,1.37,,,,,,,,,,,,14,3,21.4,0.86,0.18,0.07,0.33,70,54.3,89.0,14,6,22.0,9,0.62,13,29,-16,-0.98,-0.32,0,14,14,4,52,9,17,0,0.8588957055214723,0.21428571428571427,1.5950920245398772,0.8588957055214723,3.1901840490797544,0.0,-0.98,0.0,0.0,0.0,1.7791411042944785,0.7975460122699386,0.0,0.24539877300613497,0.8588957055214723,1.0429447852760736,0.5521472392638036,54.3
Matteo Cancellieri,ITA,FW,Lazio,Serie A,24,2002,26,17,1466,16.3,4,2,6,4,0,0,4,0,0.37,,1.37,,,,,,,,,,,,36,14,38.9,2.21,0.86,0.11,0.29,56,49.4,74.0,7,9,24.0,1,1.42,21,16,5,0.31,0.37,0,29,58,3,20,23,21,0,2.2085889570552144,0.3888888888888889,2.6993865030674846,1.7791411042944785,1.2269938650306749,0.24539877300613497,0.31,0.0,0.0,0.0,0.9815950920245399,1.2883435582822085,0.12269938650306748,0.18404907975460122,3.558282208588957,1.2883435582822085,1.411042944785276,49.4
Gvidas Gineitis,LTU,MF,Torino,Serie A,22,2004,25,19,1465,16.3,0,1,1,0,0,0,4,0,0.06,,1.37,,,,,,,,,,,,20,4,20.0,1.23,0.25,0.0,0.0,59,49.3,72.0,6,6,17.0,5,1.32,17,26,-9,-0.55,-0.07,0,35,30,0,56,20,24,0,1.2269938650306749,0.2,2.6993865030674846,2.147239263803681,3.4355828220858893,0.24539877300613497,-0.55,0.0,0.0,0.0,1.5950920245398772,1.0429447852760736,0.06134969325153374,0.0,1.840490797546012,1.4723926380368098,1.2269938650306749,49.3
Alessio Zerbin,ITA,MF,Cremonese,Serie A,27,1999,28,15,1464,16.3,0,2,2,0,0,0,1,0,0.12,,1.37,,,,,,,,,,,,19,7,36.8,1.17,0.43,0.0,0.0,52,49.3,75.0,3,13,26.0,1,0.89,9,21,-12,-0.74,-0.2,0,29,17,7,50,3,19,0,1.165644171779141,0.3684210526315789,1.3496932515337423,1.7791411042944785,3.067484662576687,0.06134969325153374,-0.74,0.0,0.0,0.0,1.2883435582822085,0.5521472392638036,0.12269938650306748,0.42944785276073616,1.0429447852760736,1.165644171779141,0.18404907975460122,49.3
Lorenzo Pellegrini,ITA,MF,Roma,Serie A,29,1996,24,20,1463,16.3,4,2,6,2,2,2,2,0,0.25,,1.37,,,,,,,,,,,,32,12,37.5,1.97,0.74,0.06,0.17,61,49.3,67.0,2,4,30.0,3,1.63,22,14,8,0.49,-0.05,0,20,39,5,89,15,5,0,1.9631901840490797,0.375,1.2269938650306749,1.2269938650306749,5.460122699386503,0.12269938650306748,0.49,0.0,0.0,0.0,0.8588957055214723,1.3496932515337423,0.12269938650306748,0.3067484662576687,2.392638036809816,0.3067484662576687,0.920245398773006,49.3
Sam Beukema,NED,DF,Napoli,Serie A,27,1998,21,16,1463,16.3,2,0,2,2,0,0,2,0,0.12,,1.37,,,,,,,,,,,,7,3,42.9,0.43,0.18,0.29,0.67,70,49.3,85.0,13,5,20.0,9,2.0,26,19,7,0.43,-0.05,0,17,5,1,6,13,17,0,0.42944785276073616,0.42857142857142855,1.840490797546012,1.0429447852760736,0.36809815950920244,0.12269938650306748,0.43,0.0,0.0,0.0,1.165644171779141,1.5950920245398772,0.0,0.06134969325153374,0.3067484662576687,1.0429447852760736,0.7975460122699386,49.3
Gianluca Gaetano,ITA,MF,Cagliari,Serie A,25,2000,28,16,1462,16.2,2,3,5,2,0,0,4,0,0.31,,1.37,,,,,,,,,,,,26,8,30.8,1.6,0.49,0.08,0.25,52,49.2,73.0,5,12,24.0,0,1.07,20,24,-4,-0.25,0.35,0,24,24,0,32,14,12,0,1.6049382716049383,0.3076923076923077,1.6049382716049383,1.4814814814814816,1.9753086419753088,0.2469135802469136,-0.25,0.0,0.0,0.0,1.4814814814814816,1.234567901234568,0.1851851851851852,0.0,1.4814814814814816,0.7407407407407408,0.8641975308641976,49.2
Kwasi Sibo,GHA,MF,Oviedo,La Liga,27,1998,22,18,1462,16.2,0,0,0,0,0,0,3,0,0.0,,1.37,,,,,,,,,,,,8,2,25.0,0.49,0.12,0.0,0.0,66,52.4,77.0,9,4,19.0,8,0.95,15,23,-8,-0.49,0.59,0,25,4,0,0,13,19,0,0.4938271604938272,0.25,1.9753086419753088,1.5432098765432098,0.0,0.1851851851851852,-0.49,0.0,0.0,0.0,1.4197530864197532,0.9259259259259259,0.0,0.0,0.2469135802469136,1.1728395061728396,0.8024691358024691,52.4
Roberto Piccoli,ITA,FW,Fiorentina,Serie A,25,2001,29,14,1462,16.2,3,1,4,3,0,0,1,0,0.25,,1.37,,,,,,,,,,,,42,14,33.3,2.59,0.86,0.07,0.21,50,49.2,82.0,8,15,21.0,3,1.17,19,19,0,0.0,0.42,0,28,36,9,4,3,0,0,2.5925925925925926,0.3333333333333333,0.1851851851851852,1.7283950617283952,0.2469135802469136,0.0617283950617284,0.0,0.0,0.0,0.0,1.1728395061728396,1.1728395061728396,0.0617283950617284,0.5555555555555556,2.2222222222222223,0.0,0.1851851851851852,49.2
Nobel Mendy,SEN,DF,Rayo Vallecano,La Liga,21,2004,19,18,1461,16.2,2,0,2,2,0,0,7,2,0.12,,1.37,,,,,,,,,,,,11,3,27.3,0.68,0.18,0.18,0.67,77,52.4,78.0,9,1,51.0,6,1.11,15,21,-6,-0.37,-0.17,1,26,9,1,6,20,9,0,0.6790123456790124,0.2727272727272727,1.7901234567901236,1.6049382716049383,0.3703703703703704,0.8024691358024691,-0.37,0.0,0.0,0.0,1.2962962962962963,0.9259259259259259,0.0,0.0617283950617284,0.5555555555555556,0.5555555555555556,1.234567901234568,52.4
Tyler Adams,USA,MF,Bournemouth,Premier League,27,1999,20,18,1458,16.2,2,1,3,2,0,0,7,0,0.19,,1.37,,,,,,,,,,,,9,6,66.7,0.56,0.37,0.22,0.33,73,49.1,78.0,8,2,24.0,1,1.45,19,25,-6,-0.37,-0.73,0,29,12,1,1,25,20,0,0.5555555555555556,0.6666666666666666,2.7777777777777777,1.7901234567901236,0.0617283950617284,0.4320987654320988,-0.37,0.0,0.0,0.0,1.5432098765432098,1.1728395061728396,0.0617283950617284,0.0617283950617284,0.7407407407407408,1.234567901234568,1.5432098765432098,49.1
Cedric Zesiger,SUI,DF,Augsburg,Bundesliga,27,1998,23,16,1456,16.2,0,0,0,0,0,0,7,0,0.0,,1.37,,,,,,,,,,,,9,1,11.1,0.56,0.06,0.0,0.0,63,53.9,84.0,13,7,16.0,4,1.32,19,33,-14,-0.87,-0.72,0,16,11,0,32,13,22,1,0.5555555555555556,0.1111111111111111,2.160493827160494,0.9876543209876544,1.9753086419753088,0.4320987654320988,-0.87,0.0,0.0,0.0,2.037037037037037,1.1728395061728396,0.0,0.0,0.6790123456790124,1.3580246913580247,0.8024691358024691,53.9
Christian Pulisic,USA,FW,Milan,Serie A,27,1998,26,17,1456,16.2,8,3,11,8,0,1,0,0,0.68,,1.37,,,,,,,,,,,,49,23,46.9,3.03,1.42,0.16,0.35,56,49.0,76.0,4,9,18.0,1,1.88,23,12,11,0.68,0.09,0,10,23,3,32,3,8,0,3.0246913580246915,0.46938775510204084,0.6790123456790124,0.617283950617284,1.9753086419753088,0.0,0.68,0.0,0.0,0.0,0.7407407407407408,1.4197530864197532,0.1851851851851852,0.1851851851851852,1.4197530864197532,0.4938271604938272,0.1851851851851852,49.0
Rahim Bonkano,NIG,DF,Oviedo,La Liga,24,2002,22,15,1455,16.2,0,0,0,0,0,0,2,0,0.0,,1.37,,,,,,,,,,,,2,0,0.0,0.12,0.0,0.0,,66,52.2,88.0,13,7,19.0,7,0.86,9,27,-18,-1.11,-0.71,0,8,6,8,58,21,17,0,0.1234567901234568,0.0,2.345679012345679,0.4938271604938272,3.5802469135802473,0.1234567901234568,-1.11,0.0,0.0,0.0,1.6666666666666667,0.5555555555555556,0.0,0.4938271604938272,0.3703703703703704,1.0493827160493827,1.2962962962962963,52.2
Ernest Poku,NED,MF,Leverkusen,Bundesliga,22,2004,27,16,1455,16.2,5,5,10,5,0,0,0,0,0.62,,1.37,,,,,,,,,,,,27,9,33.3,1.67,0.56,0.19,0.56,54,53.9,73.0,2,11,27.0,2,1.7,32,18,14,0.87,0.5,0,4,17,3,12,8,9,0,1.6666666666666667,0.3333333333333333,1.0493827160493827,0.2469135802469136,0.7407407407407408,0.0,0.87,0.0,0.0,0.0,1.1111111111111112,1.9753086419753088,0.308641975308642,0.1851851851851852,1.0493827160493827,0.5555555555555556,0.4938271604938272,53.9
Vincenzo Grifo,ITA,MF,Freiburg,Bundesliga,33,1993,29,18,1453,16.1,7,3,10,3,4,4,0,0,0.37,,1.37,,,,,,,,,,,,28,11,39.3,1.73,0.68,0.11,0.27,50,53.8,69.0,3,11,19.0,1,1.48,24,26,-2,-0.12,0.02,0,9,9,2,106,15,4,0,1.7391304347826086,0.39285714285714285,1.1801242236024843,0.5590062111801242,6.583850931677018,0.0,-0.12,0.0,0.0,0.0,1.6149068322981366,1.4906832298136645,0.18633540372670807,0.12422360248447203,0.5590062111801242,0.24844720496894407,0.9316770186335402,53.8
Bilal El Khannouss,MAR,MF,Stuttgart,Bundesliga,21,2004,22,17,1452,16.1,4,4,8,4,0,0,5,0,0.5,,1.37,,,,,,,,,,,,36,14,38.9,2.23,0.87,0.11,0.29,66,53.8,80.0,6,5,18.0,1,1.86,30,26,4,0.25,-0.91,0,16,9,1,58,9,21,0,2.2360248447204967,0.3888888888888889,1.8633540372670805,0.9937888198757763,3.602484472049689,0.3105590062111801,0.25,0.0,0.0,0.0,1.6149068322981366,1.8633540372670805,0.24844720496894407,0.06211180124223602,0.5590062111801242,1.3043478260869563,0.5590062111801242,53.8
James Justin,ENG,DF,Leeds United,Premier League,28,1998,24,16,1451,16.1,2,1,3,2,0,0,4,0,0.19,,1.37,,,,,,,,,,,,20,5,25.0,1.24,0.31,0.1,0.4,60,48.9,85.0,12,8,12.0,7,1.38,20,19,1,0.06,0.54,0,11,22,2,31,22,27,0,1.2422360248447204,0.25,3.043478260869565,0.6832298136645962,1.9254658385093166,0.24844720496894407,0.06,0.0,0.0,0.0,1.1801242236024843,1.2422360248447204,0.06211180124223602,0.12422360248447203,1.3664596273291925,1.6770186335403725,1.3664596273291925,48.9
Jorge Herrando,ESP,DF,Osasuna,La Liga,25,2001,26,15,1450,16.1,0,1,1,0,0,0,3,0,0.06,,1.37,,,,,,,,,,,,3,0,0.0,0.19,0.0,0.0,,56,52.0,80.0,9,11,23.0,5,1.27,17,24,-7,-0.43,-0.84,0,23,9,0,2,20,13,0,0.18633540372670807,0.0,2.0496894409937885,1.4285714285714284,0.12422360248447203,0.18633540372670807,-0.43,0.0,0.0,0.0,1.4906832298136645,1.0559006211180124,0.06211180124223602,0.0,0.5590062111801242,0.8074534161490683,1.2422360248447204,52.0
Aitor Paredes,ESP,DF,Athletic Club,La Liga,25,2000,17,16,1450,16.1,1,0,1,1,0,0,4,0,0.06,,1.37,,,,,,,,,,,,12,3,25.0,0.74,0.19,0.08,0.33,85,52.0,90.0,16,1,10.0,10,1.47,22,21,1,0.06,0.94,0,18,7,0,1,24,12,0,0.7453416149068323,0.25,2.2360248447204967,1.1180124223602483,0.06211180124223602,0.24844720496894407,0.06,0.0,0.0,0.0,1.3043478260869563,1.3664596273291925,0.0,0.0,0.43478260869565216,0.7453416149068323,1.4906832298136645,52.0
Fermin López,ESP,MF,Barcelona,La Liga,22,2003,25,15,1449,16.1,5,8,13,5,0,0,3,0,0.81,,1.37,,,,,,,,,,,,56,20,35.7,3.48,1.24,0.09,0.25,58,51.9,75.0,6,10,32.0,1,2.56,47,17,30,1.86,0.25,0,24,17,4,29,6,18,0,3.4782608695652173,0.35714285714285715,1.4906832298136645,1.4906832298136645,1.8012422360248446,0.18633540372670807,1.86,0.0,0.0,0.0,1.0559006211180124,2.919254658385093,0.49689440993788814,0.24844720496894407,1.0559006211180124,1.1180124223602483,0.37267080745341613,51.9
Riccardo Calafiori,ITA,DF,Arsenal,Premier League,23,2002,22,18,1448,16.1,1,2,3,1,0,0,5,0,0.19,,1.37,,,,,,,,,,,,28,6,21.4,1.74,0.37,0.04,0.17,66,48.8,77.0,6,4,14.0,2,2.27,27,8,19,1.18,0.12,0,25,9,2,21,13,18,0,1.7391304347826086,0.21428571428571427,1.9254658385093166,1.5527950310559004,1.3043478260869563,0.3105590062111801,1.18,0.0,0.0,0.0,0.49689440993788814,1.6770186335403725,0.12422360248447203,0.12422360248447203,0.5590062111801242,1.1180124223602483,0.8074534161490683,48.8
Albert Sambi Lokonga,BEL,MF,Hamburger SV,Bundesliga,26,1999,22,17,1447,16.1,5,0,5,5,0,0,2,0,0.31,,1.37,,,,,,,,,,,,15,9,60.0,0.93,0.56,0.33,0.56,66,53.6,81.0,8,5,14.0,1,1.14,23,26,-3,-0.19,0.68,0,18,24,0,12,12,11,0,0.9316770186335402,0.6,1.4285714285714284,1.1180124223602483,0.7453416149068323,0.12422360248447203,-0.19,0.0,0.0,0.0,1.6149068322981366,1.4285714285714284,0.0,0.0,1.4906832298136645,0.6832298136645962,0.7453416149068323,53.6
Wesley Fofana,FRA,DF,Chelsea,Premier League,25,2000,21,16,1446,16.1,0,1,1,0,0,0,6,1,0.06,,1.37,,,,,,,,,,,,8,1,12.5,0.5,0.06,0.0,0.0,69,48.7,82.0,9,5,26.0,5,1.62,23,19,4,0.25,-0.16,1,19,13,1,2,28,11,0,0.49689440993788814,0.125,2.422360248447205,1.1801242236024843,0.12422360248447203,0.5590062111801242,0.25,0.0,0.0,0.0,1.1801242236024843,1.4285714285714284,0.06211180124223602,0.06211180124223602,0.8074534161490683,0.6832298136645962,1.7391304347826086,48.7
Marcus Rashford,ENG,MF,Barcelona,La Liga,28,1997,26,15,1442,16.0,6,6,12,6,0,0,2,0,0.75,,1.37,,,,,,,,,,,,69,26,37.7,4.31,1.62,0.09,0.23,55,51.7,75.0,4,11,29.0,3,2.58,38,20,18,1.12,-1.28,0,6,20,10,90,1,8,0,4.3125,0.37681159420289856,0.5625,0.375,5.625,0.125,1.12,0.0,0.0,0.0,1.25,2.375,0.375,0.625,1.25,0.5,0.0625,51.7
Edoardo Corvi,ITA,GK,Parma,Serie A,25,2001,16,16,1440,16.0,0,0,0,0,0,0,1,0,0.0,18.0,1.13,59.0,43.0,74.6,7.0,4.0,5.0,6.0,37.5,3.0,0.0,0.0,0,0,,0.0,0.0,,,90,48.5,90.0,16,0,,17,1.56,13,18,-5,-0.31,0.33,0,0,5,0,0,0,0,0,0.0,0.0,0.0,0.0,0.0,0.0625,-0.31,0.375,0.0,3.6875,1.125,0.8125,0.0,0.0,0.3125,0.0,0.0,48.5
Vinicius Souza,BRA,MF,Wolfsburg,Bundesliga,26,1999,20,18,1440,16.0,0,0,0,0,0,0,4,0,0.0,,1.37,,,,,,,,,,,,4,1,25.0,0.25,0.06,0.0,0.0,72,53.3,80.0,10,2,3.0,8,0.8,20,33,-13,-0.81,0.04,0,31,20,0,3,21,28,0,0.25,0.25,3.0625,1.9375,0.1875,0.25,-0.81,0.0,0.0,0.0,2.0625,1.25,0.0,0.0,1.25,1.75,1.3125,53.3
Iñaki Peña,ESP,GK,Elche,La Liga,27,1999,16,16,1440,16.0,0,0,0,0,0,0,0,0,0.0,28.0,1.75,81.0,55.0,67.9,3.0,4.0,9.0,4.0,25.0,2.0,0.0,0.0,0,0,,0.0,0.0,,,90,51.6,90.0,16,0,,13,0.81,21,28,-7,-0.44,-0.37,0,0,1,0,0,0,0,0,0.0,0.0,0.0,0.0,0.0,0.0,-0.44,0.25,0.0,5.0625,1.75,1.3125,0.0,0.0,0.0625,0.0,0.0,51.6
Ramy Bensebaini,ALG,DF,Dortmund,Bundesliga,31,1995,20,14,1440,16.0,4,1,5,2,2,2,6,0,0.19,,1.37,,,,,,,,,,,,15,6,40.0,0.94,0.37,0.13,0.33,72,53.3,89.0,13,6,32.0,4,2.0,31,13,18,1.13,0.27,0,28,12,1,11,18,12,0,0.9375,0.4,1.875,1.75,0.6875,0.375,1.13,0.0,0.0,0.0,0.8125,1.9375,0.0625,0.0625,0.75,0.75,1.125,53.3
Kiké,ESP,FW,Espanyol,La Liga,36,1989,30,14,1440,16.0,6,1,7,5,1,1,3,0,0.37,,1.37,,,,,,,,,,,,48,22,45.8,3.0,1.37,0.1,0.23,48,51.6,75.0,4,16,25.0,1,1.17,25,23,2,0.12,0.99,0,29,34,22,14,3,7,0,3.0,0.4583333333333333,0.625,1.8125,0.875,0.1875,0.12,0.0,0.0,0.0,1.4375,1.5625,0.0625,1.375,2.125,0.4375,0.1875,51.6
Lucas Perri,BRA,GK,Leeds United,Premier League,28,1997,16,16,1440,16.0,0,0,0,0,0,0,2,0,0.0,29.0,1.81,63.0,38.0,60.3,4.0,6.0,6.0,3.0,18.8,4.0,0.0,0.0,0,0,,0.0,0.0,,,90,48.5,90.0,16,0,,13,1.13,23,29,-6,-0.37,-0.32,0,1,3,0,0,0,0,0,0.0,0.0,0.0,0.0625,0.0,0.125,-0.37,0.1875,0.0,3.9375,1.8125,1.4375,0.0,0.0,0.1875,0.0,0.0,48.5
Zion Suzuki,JPN,GK,Parma,Serie A,23,2002,16,16,1440,16.0,0,0,0,0,0,0,1,0,0.0,22.0,1.37,69.0,49.0,69.6,2.0,7.0,7.0,4.0,25.0,1.0,1.0,0.0,0,0,,0.0,0.0,,,90,48.5,90.0,16,0,,2,0.81,11,22,-11,-0.69,-0.39,0,0,4,0,0,0,0,0,0.0,0.0,0.0,0.0,0.0,0.0625,-0.69,0.25,1.0,4.3125,1.375,0.6875,0.0,0.0,0.25,0.0,0.0,48.5
Omari Hutchinson,ENG,MF,Nottingham Forest,Premier League,22,2003,26,14,1438,16.0,1,4,5,1,0,0,1,0,0.31,,1.37,,,,,,,,,,,,23,10,43.5,1.44,0.63,0.04,0.1,55,48.4,80.0,8,12,27.0,5,1.12,18,19,-1,-0.06,0.41,0,19,20,6,115,8,8,0,1.4375,0.43478260869565216,1.0,1.1875,7.1875,0.0625,-0.06,0.0,0.0,0.0,1.1875,1.125,0.25,0.375,1.25,0.5,0.5,48.4
Raúl Asencio,ESP,DF,Real Madrid,La Liga,23,2003,20,15,1438,16.0,2,0,2,2,0,0,3,0,0.13,,1.37,,,,,,,,,,,,14,4,28.6,0.88,0.25,0.14,0.5,72,51.5,84.0,11,5,34.0,7,2.25,31,13,18,1.13,-0.07,0,15,17,0,1,8,11,0,0.875,0.2857142857142857,1.1875,0.9375,0.0625,0.1875,1.13,0.0,0.0,0.0,0.8125,1.9375,0.0,0.0,1.0625,0.6875,0.5,51.5
Benedikt Gimber,GER,DF,Heidenheim,Bundesliga,29,1997,21,18,1436,16.0,0,0,0,0,0,0,6,0,0.0,,1.37,,,,,,,,,,,,4,1,25.0,0.25,0.06,0.0,0.0,68,53.2,75.0,10,3,28.0,6,0.62,8,40,-32,-2.01,-1.93,0,27,31,0,5,15,21,0,0.25,0.25,2.25,1.6875,0.3125,0.375,-2.01,0.0,0.0,0.0,2.5,0.5,0.0,0.0,1.9375,1.3125,0.9375,53.2
Jefferson Lerma,COL,MF,Crystal Palace,Premier League,31,1994,26,15,1435,15.9,0,2,2,0,0,0,6,0,0.13,,1.37,,,,,,,,,,,,18,7,38.9,1.13,0.44,0.0,0.0,55,49.8,82.0,12,11,19.0,3,1.35,18,16,2,0.13,0.31,0,20,19,0,11,18,14,1,1.1320754716981132,0.3888888888888889,2.0125786163522013,1.2578616352201257,0.6918238993710691,0.3773584905660377,0.13,0.0,0.0,0.0,1.0062893081761006,1.1320754716981132,0.12578616352201258,0.0,1.1949685534591195,0.8805031446540881,1.1320754716981132,49.8
Noah Okafor,SUI,FW,Leeds United,Premier League,25,2000,26,17,1434,15.9,7,1,8,7,0,0,3,0,0.5,,1.37,,,,,,,,,,,,31,14,45.2,1.95,0.88,0.23,0.5,55,48.3,73.0,1,9,22.0,1,1.27,26,25,1,0.06,0.53,0,18,14,0,33,11,13,0,1.949685534591195,0.45161290322580644,1.5094339622641508,1.1320754716981132,2.0754716981132075,0.18867924528301885,0.06,0.0,0.0,0.0,1.572327044025157,1.6352201257861634,0.06289308176100629,0.0,0.8805031446540881,0.8176100628930817,0.6918238993710691,48.3
Léo Pétrot,FRA,DF,Elche,La Liga,29,1997,28,16,1433,15.9,0,0,0,0,0,0,2,0,0.0,,1.37,,,,,,,,,,,,8,0,0.0,0.5,0.0,0.0,,51,51.4,81.0,10,12,11.0,3,1.14,15,23,-8,-0.5,-0.5,0,17,5,2,15,13,21,0,0.5031446540880503,0.0,2.138364779874214,1.069182389937107,0.9433962264150944,0.12578616352201258,-0.5,0.0,0.0,0.0,1.4465408805031446,0.9433962264150944,0.0,0.12578616352201258,0.31446540880503143,1.320754716981132,0.8176100628930817,51.4
Cenk Özkacar,TUR,DF,Köln,Bundesliga,25,2000,21,16,1433,15.9,0,0,0,0,0,0,2,0,0.0,,1.37,,,,,,,,,,,,10,4,40.0,0.63,0.25,0.0,0.0,68,53.1,81.0,11,5,28.0,9,1.14,21,28,-7,-0.44,-0.44,0,11,5,1,3,19,22,0,0.6289308176100629,0.4,2.5786163522012577,0.6918238993710691,0.18867924528301885,0.12578616352201258,-0.44,0.0,0.0,0.0,1.7610062893081762,1.320754716981132,0.0,0.06289308176100629,0.31446540880503143,1.3836477987421383,1.1949685534591195,53.1
Lucas Høgsberg,DEN,DF,Strasbourg,Ligue 1,19,2006,19,17,1432,15.9,0,0,0,0,0,0,3,1,0.0,,1.37,,,,,,,,,,,,4,1,25.0,0.25,0.06,0.0,0.0,75,54.9,81.0,9,2,24.0,7,1.37,21,25,-4,-0.25,-1.24,1,14,10,1,0,9,7,0,0.25157232704402516,0.25,1.0062893081761006,0.8805031446540881,0.0,0.3773584905660377,-0.25,0.0,0.0,0.0,1.572327044025157,1.320754716981132,0.0,0.06289308176100629,0.6289308176100629,0.44025157232704404,0.5660377358490566,54.9
Gustav Isaksen,DEN,FW,Lazio,Serie A,25,2001,26,17,1432,15.9,4,1,5,4,0,0,0,0,0.31,,1.37,,,,,,,,,,,,41,15,36.6,2.58,0.94,0.1,0.27,55,48.2,71.0,0,9,26.0,3,1.31,12,15,-3,-0.19,-0.6,0,17,50,0,27,7,7,0,2.5786163522012577,0.36585365853658536,0.8805031446540881,1.069182389937107,1.6981132075471699,0.0,-0.19,0.0,0.0,0.0,0.9433962264150944,0.7547169811320754,0.06289308176100629,0.0,3.144654088050314,0.44025157232704404,0.44025157232704404,48.2
Lucas Hernández,FRA,DF,Paris Saint-Germain,Ligue 1,30,1996,20,16,1431,15.9,0,2,2,0,0,0,3,0,0.13,,1.37,,,,,,,,,,,,7,2,28.6,0.44,0.13,0.0,0.0,72,56.8,86.0,13,4,15.0,8,2.5,37,11,26,1.64,0.73,0,17,17,0,12,17,9,0,0.44025157232704404,0.2857142857142857,1.6352201257861634,1.069182389937107,0.7547169811320754,0.18867924528301885,1.64,0.0,0.0,0.0,0.6918238993710691,2.3270440251572326,0.12578616352201258,0.0,1.069182389937107,0.5660377358490566,1.069182389937107,56.8
Abel Bretones,ESP,MF,Osasuna,La Liga,25,2000,23,15,1431,15.9,1,0,1,1,0,0,5,1,0.06,,1.37,,,,,,,,,,,,11,3,27.3,0.69,0.19,0.09,0.33,62,51.3,89.0,11,8,12.0,5,1.3,18,21,-3,-0.19,-0.32,0,15,17,1,24,13,11,0,0.6918238993710691,0.2727272727272727,1.5094339622641508,0.9433962264150944,1.5094339622641508,0.5031446540880503,-0.19,0.0,0.0,0.0,1.320754716981132,1.1320754716981132,0.0,0.06289308176100629,1.069182389937107,0.6918238993710691,0.8176100628930817,51.3
Abdoul Ouattara,FRA,MF,Strasbourg,Ligue 1,20,2005,23,15,1429,15.9,2,0,2,2,0,0,2,0,0.13,,1.37,,,,,,,,,,,,23,9,39.1,1.45,0.57,0.09,0.22,62,54.8,79.0,10,8,30.0,0,1.74,26,20,6,0.38,0.15,0,10,7,1,16,12,12,0,1.4465408805031446,0.391304347826087,1.5094339622641508,0.6289308176100629,1.0062893081761006,0.12578616352201258,0.38,0.0,0.0,0.0,1.2578616352201257,1.6352201257861634,0.0,0.06289308176100629,0.44025157232704404,0.7547169811320754,0.7547169811320754,54.8
Mattéo Guendouzi,FRA,MF,Lazio,Serie A,27,1999,16,16,1428,15.9,2,1,3,2,0,0,5,1,0.19,,1.37,,,,,,,,,,,,16,8,50.0,1.01,0.5,0.13,0.25,89,48.1,89.0,14,0,,0,1.25,13,12,1,0.06,-0.11,0,17,21,0,20,11,8,0,1.0062893081761006,0.5,1.1949685534591195,1.069182389937107,1.2578616352201257,0.5031446540880503,0.06,0.0,0.0,0.0,0.7547169811320754,0.8176100628930817,0.06289308176100629,0.0,1.320754716981132,0.5031446540880503,0.6918238993710691,48.1
Giorgio Scalvini,ITA,DF,Atalanta,Serie A,22,2003,19,18,1425,15.8,3,0,3,3,0,0,2,0,0.19,,1.37,,,,,,,,,,,,18,6,33.3,1.14,0.38,0.17,0.5,75,48.0,78.0,9,1,24.0,5,1.95,25,10,15,0.95,0.89,0,25,6,2,2,28,19,0,1.1392405063291138,0.3333333333333333,2.9746835443037973,1.5822784810126582,0.12658227848101264,0.12658227848101264,0.95,0.0,0.0,0.0,0.6329113924050632,1.5822784810126582,0.0,0.12658227848101264,0.37974683544303794,1.2025316455696202,1.7721518987341771,48.0
Emersonn,BRA,FW,Toulouse,Ligue 1,21,2004,24,18,1424,15.8,4,2,6,4,0,0,5,1,0.38,,1.37,,,,,,,,,,,,45,17,37.8,2.84,1.07,0.09,0.24,59,52.7,69.0,3,6,31.0,0,1.04,17,17,0,0.0,0.07,0,38,8,4,8,7,8,0,2.848101265822785,0.37777777777777777,0.9493670886075949,2.4050632911392404,0.5063291139240506,0.5063291139240506,0.0,0.0,0.0,0.0,1.0759493670886076,1.0759493670886076,0.12658227848101264,0.2531645569620253,0.5063291139240506,0.5063291139240506,0.4430379746835443,52.7
Robin Le Normand,ESP,DF,Atlético Madrid,La Liga,29,1996,22,14,1423,15.8,1,0,1,1,0,0,3,0,0.06,,1.37,,,,,,,,,,,,3,1,33.3,0.19,0.06,0.33,1.0,65,51.0,86.0,12,8,28.0,4,1.77,26,15,11,0.7,0.17,0,15,14,1,3,10,14,0,0.18987341772151897,0.3333333333333333,1.5189873417721518,0.9493670886075949,0.18987341772151897,0.18987341772151897,0.7,0.0,0.0,0.0,0.9493670886075949,1.6455696202531644,0.0,0.06329113924050632,0.8860759493670886,0.8860759493670886,0.6329113924050632,51.0
Lutsharel Geertruida,NED,DF,Sunderland,Premier League,25,2000,25,14,1423,15.8,0,0,0,0,0,0,1,0,0.0,,1.37,,,,,,,,,,,,8,2,25.0,0.51,0.13,0.0,0.0,57,47.9,86.0,11,11,20.0,5,1.24,11,21,-10,-0.63,-0.98,0,14,5,1,7,17,20,0,0.5063291139240506,0.25,2.3417721518987342,0.8860759493670886,0.4430379746835443,0.06329113924050632,-0.63,0.0,0.0,0.0,1.3291139240506329,0.6962025316455696,0.0,0.06329113924050632,0.3164556962025316,1.2658227848101264,1.0759493670886076,47.9
Will Hughes,ENG,MF,Crystal Palace,Premier League,31,1995,29,17,1422,15.8,0,0,0,0,0,0,7,0,0.0,,1.37,,,,,,,,,,,,17,0,0.0,1.08,0.0,0.0,,49,49.4,73.0,7,12,16.0,3,1.34,10,14,-4,-0.25,-0.44,0,21,21,0,40,14,15,0,1.0759493670886076,0.0,1.8354430379746836,1.3291139240506329,2.531645569620253,0.4430379746835443,-0.25,0.0,0.0,0.0,0.8860759493670886,0.6329113924050632,0.0,0.0,1.3291139240506329,0.9493670886075949,0.8860759493670886,49.4
Rodri,ESP,MF,Manchester City,Premier League,29,1996,20,16,1421,15.8,1,0,1,1,0,0,2,0,0.06,,1.37,,,,,,,,,,,,12,2,16.7,0.76,0.13,0.08,0.5,71,49.3,83.0,11,4,22.0,1,1.85,27,14,13,0.82,-0.6,0,13,27,0,4,11,23,0,0.7594936708860759,0.16666666666666666,2.151898734177215,0.8227848101265822,0.2531645569620253,0.12658227848101264,0.82,0.0,0.0,0.0,0.8860759493670886,1.7088607594936709,0.0,0.0,1.7088607594936709,1.4556962025316456,0.6962025316455696,49.3
Rasmus Kristensen,DEN,DF,Eintracht Frankfurt,Bundesliga,28,1997,19,18,1421,15.8,2,0,2,2,0,0,4,0,0.13,,1.37,,,,,,,,,,,,14,5,35.7,0.89,0.32,0.14,0.4,75,52.6,79.0,12,1,7.0,0,1.47,26,28,-2,-0.13,-0.13,0,21,10,3,31,18,32,0,0.8860759493670886,0.35714285714285715,3.1645569620253164,1.3291139240506329,1.9620253164556962,0.2531645569620253,-0.13,0.0,0.0,0.0,1.7721518987341771,1.6455696202531644,0.0,0.18987341772151897,0.6329113924050632,2.0253164556962022,1.1392405063291138,52.6
Jesús Areso,ESP,DF,Athletic Club,La Liga,26,1999,24,13,1418,15.8,0,1,1,0,0,0,3,0,0.06,,1.37,,,,,,,,,,,,3,0,0.0,0.19,0.0,0.0,,59,50.8,84.0,7,11,30.0,6,1.08,15,22,-7,-0.44,-0.12,0,18,5,1,81,20,15,0,0.18987341772151897,0.0,2.2151898734177213,1.1392405063291138,5.1265822784810124,0.18987341772151897,-0.44,0.0,0.0,0.0,1.3924050632911391,0.9493670886075949,0.06329113924050632,0.06329113924050632,0.3164556962025316,0.9493670886075949,1.2658227848101264,50.8
Nico Williams,ESP,MF,Athletic Club,La Liga,23,2002,21,16,1418,15.8,4,2,6,3,1,2,1,0,0.32,,1.37,,,,,,,,,,,,40,13,32.5,2.54,0.83,0.08,0.23,68,50.8,76.0,2,5,40.0,0,1.29,18,23,-5,-0.32,0.14,0,20,25,6,60,6,7,0,2.531645569620253,0.325,0.8227848101265822,1.2658227848101264,3.7974683544303796,0.06329113924050632,-0.32,0.0,0.0,0.0,1.4556962025316456,1.1392405063291138,0.12658227848101264,0.37974683544303794,1.5822784810126582,0.4430379746835443,0.37974683544303794,50.8
Chris Führich,GER,MF,Stuttgart,Bundesliga,28,1998,29,17,1416,15.7,6,6,12,6,0,0,1,0,0.76,,1.37,,,,,,,,,,,,38,20,52.6,2.42,1.27,0.16,0.3,49,52.4,68.0,0,12,22.0,1,1.83,32,23,9,0.57,-0.2,0,4,5,4,64,2,8,0,2.4203821656050954,0.5263157894736842,0.6369426751592357,0.25477707006369427,4.076433121019108,0.06369426751592357,0.57,0.0,0.0,0.0,1.4649681528662422,2.038216560509554,0.3821656050955414,0.25477707006369427,0.3184713375796179,0.5095541401273885,0.12738853503184713,52.4
Łukasz Skorupski,POL,GK,Bologna,Serie A,34,1991,17,17,1412,15.7,0,0,0,0,0,0,1,1,0.0,15.0,0.96,43.0,30.0,69.8,9.0,3.0,5.0,7.0,41.2,2.0,0.0,0.0,0,0,,0.0,0.0,,,83,47.5,83.0,15,0,,3,1.76,22,12,10,0.64,1.04,0,1,8,0,0,0,0,0,0.0,0.0,0.0,0.06369426751592357,0.0,0.25477707006369427,0.64,0.4117647058823529,0.0,2.7388535031847137,0.7643312101910829,1.4012738853503186,0.0,0.0,0.5095541401273885,0.0,0.0,47.5
Henrik Meister,DEN,FW,Pisa,Serie A,22,2003,24,15,1412,15.7,2,0,2,2,0,0,1,0,0.13,,1.37,,,,,,,,,,,,19,7,36.8,1.21,0.45,0.11,0.29,59,47.5,75.0,6,9,31.0,7,0.54,13,25,-12,-0.76,0.62,0,24,17,3,0,0,3,0,1.2101910828025477,0.3684210526315789,0.1910828025477707,1.5286624203821657,0.0,0.06369426751592357,-0.76,0.0,0.0,0.0,1.5923566878980893,0.8280254777070064,0.0,0.1910828025477707,1.0828025477707006,0.1910828025477707,0.0,47.5
Boubacar Kamara,FRA,MF,Aston Villa,Premier League,26,1999,18,17,1411,15.7,1,3,4,1,0,0,5,0,0.26,,1.37,,,,,,,,,,,,7,4,57.1,0.45,0.26,0.14,0.25,78,47.5,82.0,9,1,19.0,0,2.33,26,15,11,0.7,0.99,0,16,30,0,2,15,16,0,0.445859872611465,0.5714285714285714,1.9745222929936306,1.019108280254777,0.12738853503184713,0.3184713375796179,0.7,0.0,0.0,0.0,0.9554140127388535,1.6560509554140128,0.1910828025477707,0.0,1.910828025477707,1.019108280254777,0.9554140127388535,47.5
Mohamed Ali Cho,FRA,FW,Nice,Ligue 1,22,2004,20,17,1411,15.7,4,3,7,4,0,0,1,0,0.45,,1.37,,,,,,,,,,,,25,12,48.0,1.59,0.77,0.16,0.33,71,52.3,77.0,4,3,34.0,0,0.65,20,31,-11,-0.7,0.07,0,14,28,4,37,3,9,0,1.5923566878980893,0.48,0.7643312101910829,0.89171974522293,2.356687898089172,0.06369426751592357,-0.7,0.0,0.0,0.0,1.9745222929936306,1.2738853503184715,0.1910828025477707,0.25477707006369427,1.78343949044586,0.5732484076433121,0.1910828025477707,52.3
Jørgen Strand Larsen,NOR,FW,Wolves,Premier League,26,2000,22,14,1404,15.6,1,1,2,0,1,2,2,0,0.06,,1.37,,,,,,,,,,,,21,7,33.3,1.35,0.45,0.0,0.0,64,47.3,83.0,7,8,31.0,0,0.36,6,26,-20,-1.28,-0.31,0,30,11,9,3,3,2,0,1.3461538461538463,0.3333333333333333,0.32051282051282054,1.9230769230769231,0.19230769230769232,0.12820512820512822,-1.28,0.0,0.0,0.0,1.6666666666666667,0.38461538461538464,0.06410256410256411,0.576923076923077,0.7051282051282052,0.12820512820512822,0.19230769230769232,47.3
Jude Bellingham,ENG,MF,Real Madrid,La Liga,22,2003,21,16,1403,15.6,4,3,7,4,0,0,1,0,0.45,,1.37,,,,,,,,,,,,39,20,51.3,2.5,1.28,0.1,0.2,67,50.3,82.0,11,5,20.0,0,2.19,32,15,17,1.09,-0.14,0,27,34,1,10,12,33,0,2.5,0.5128205128205128,2.8846153846153846,1.7307692307692308,0.6410256410256411,0.06410256410256411,1.09,0.0,0.0,0.0,0.9615384615384616,2.0512820512820515,0.19230769230769232,0.06410256410256411,2.1794871794871797,2.1153846153846154,0.7692307692307693,50.3
Timothy Castagne,BEL,DF,Fulham,Premier League,30,1995,25,15,1403,15.6,0,0,0,0,0,0,3,0,0.0,,1.37,,,,,,,,,,,,10,5,50.0,0.64,0.32,0.0,0.0,56,47.2,85.0,12,10,12.0,8,1.16,21,27,-6,-0.38,-0.56,0,15,6,0,39,23,18,0,0.6410256410256411,0.5,2.628205128205128,0.9615384615384616,2.5,0.19230769230769232,-0.38,0.0,0.0,0.0,1.7307692307692308,1.3461538461538463,0.0,0.0,0.38461538461538464,1.153846153846154,1.4743589743589745,47.2
Lameck Banda,ZAM,MF,Lecce,Serie A,25,2001,27,16,1402,15.6,3,3,6,3,0,0,6,1,0.39,,1.37,,,,,,,,,,,,28,8,28.6,1.8,0.51,0.11,0.38,52,47.2,68.0,2,11,29.0,3,0.93,15,19,-4,-0.26,0.89,0,41,42,2,69,6,16,0,1.794871794871795,0.2857142857142857,1.4102564102564104,2.628205128205128,4.423076923076923,0.576923076923077,-0.26,0.0,0.0,0.0,1.217948717948718,0.9615384615384616,0.19230769230769232,0.12820512820512822,2.6923076923076925,1.0256410256410258,0.38461538461538464,47.2
Patrick Wimmer,AUT,MF,Wolfsburg,Bundesliga,24,2001,22,18,1402,15.6,4,3,7,4,0,0,4,0,0.45,,1.37,,,,,,,,,,,,21,8,38.1,1.35,0.51,0.19,0.5,64,51.9,73.0,3,4,24.0,0,1.05,26,31,-5,-0.32,1.07,0,24,29,1,23,20,15,0,1.3461538461538463,0.38095238095238093,2.2435897435897436,1.5384615384615385,1.4743589743589745,0.25641025641025644,-0.32,0.0,0.0,0.0,1.9871794871794872,1.6666666666666667,0.19230769230769232,0.06410256410256411,1.858974358974359,0.9615384615384616,1.2820512820512822,51.9
Alberto Grassi,ITA,MF,Cremonese,Serie A,31,1995,25,14,1398,15.5,0,0,0,0,0,0,3,0,0.0,,1.37,,,,,,,,,,,,10,3,30.0,0.64,0.19,0.0,0.0,56,47.1,75.0,4,11,32.0,3,0.92,9,27,-18,-1.16,-0.99,0,12,22,0,2,28,8,0,0.6451612903225806,0.3,2.3225806451612905,0.7741935483870968,0.12903225806451613,0.1935483870967742,-1.16,0.0,0.0,0.0,1.7419354838709677,0.5806451612903226,0.0,0.0,1.4193548387096775,0.5161290322580645,1.8064516129032258,47.1
Pavel Šulc,CZE,FW,Lyon,Ligue 1,25,2000,23,16,1398,15.5,11,3,14,11,0,0,2,0,0.9,,1.37,,,,,,,,,,,,41,16,39.0,2.64,1.03,0.27,0.69,61,51.8,80.0,6,7,18.0,1,1.87,24,16,8,0.52,0.03,0,27,14,6,13,6,12,0,2.6451612903225805,0.3902439024390244,1.1612903225806452,1.7419354838709677,0.8387096774193549,0.12903225806451613,0.52,0.0,0.0,0.0,1.032258064516129,1.5483870967741935,0.1935483870967742,0.3870967741935484,0.9032258064516129,0.7741935483870968,0.3870967741935484,51.8
Zé Pedro Figueiredo,POR,DF,Cagliari,Serie A,28,1997,19,16,1396,15.5,0,1,1,0,0,0,4,0,0.06,,1.37,,,,,,,,,,,,3,0,0.0,0.19,0.0,0.0,,73,47.0,84.0,9,3,19.0,4,1.0,16,22,-6,-0.39,0.07,0,24,12,0,4,15,18,0,0.1935483870967742,0.0,2.129032258064516,1.5483870967741935,0.25806451612903225,0.25806451612903225,-0.39,0.0,0.0,0.0,1.4193548387096775,1.032258064516129,0.06451612903225806,0.0,0.7741935483870968,1.1612903225806452,0.967741935483871,47.0
Nayef Aguerd,MAR,DF,Marseille,Ligue 1,30,1996,16,16,1396,15.5,1,0,1,1,0,0,4,0,0.06,,1.37,,,,,,,,,,,,10,2,20.0,0.64,0.13,0.1,0.5,87,51.7,87.0,13,0,,1,1.94,33,17,16,1.03,0.89,0,21,6,0,2,21,16,0,0.6451612903225806,0.2,2.3870967741935485,1.3548387096774193,0.12903225806451613,0.25806451612903225,1.03,0.0,0.0,0.0,1.096774193548387,2.129032258064516,0.0,0.0,0.3870967741935484,1.032258064516129,1.3548387096774193,51.7
Bradley Barcola,FRA,FW,Paris Saint-Germain,Ligue 1,23,2002,23,16,1395,15.5,10,1,11,10,0,0,2,0,0.71,,1.37,,,,,,,,,,,,57,26,45.6,3.68,1.68,0.18,0.38,61,55.4,74.0,5,7,31.0,2,2.35,34,13,21,1.35,0.07,0,16,8,4,22,11,12,0,3.6774193548387095,0.45614035087719296,1.4838709677419355,1.032258064516129,1.4193548387096775,0.12903225806451613,1.35,0.0,0.0,0.0,0.8387096774193549,2.193548387096774,0.06451612903225806,0.25806451612903225,0.5161290322580645,0.7741935483870968,0.7096774193548387,55.4
Jeremy Doku,BEL,MF,Manchester City,Premier League,23,2002,24,15,1393,15.5,2,4,6,2,0,0,0,0,0.39,,1.37,,,,,,,,,,,,26,10,38.5,1.68,0.65,0.08,0.2,58,48.4,78.0,3,9,25.0,1,1.88,36,14,22,1.42,0.57,0,20,47,3,50,9,12,0,1.6774193548387097,0.38461538461538464,1.3548387096774193,1.2903225806451613,3.225806451612903,0.0,1.42,0.0,0.0,0.0,0.9032258064516129,2.3225806451612905,0.25806451612903225,0.1935483870967742,3.032258064516129,0.7741935483870968,0.5806451612903226,48.4
Ozan Kabak,TUR,DF,Hoffenheim,Bundesliga,26,2000,21,14,1391,15.5,4,0,4,4,0,0,3,0,0.26,,1.37,,,,,,,,,,,,28,11,39.3,1.81,0.71,0.14,0.36,66,51.5,90.0,14,7,19.0,3,2.05,33,26,7,0.45,-0.1,0,18,7,0,1,23,15,0,1.8064516129032258,0.39285714285714285,2.4516129032258065,1.1612903225806452,0.06451612903225806,0.1935483870967742,0.45,0.0,0.0,0.0,1.6774193548387097,2.129032258064516,0.0,0.0,0.45161290322580644,0.967741935483871,1.4838709677419355,51.5
Aaron Zehnter,GER,DF,Wolfsburg,Bundesliga,21,2004,19,16,1387,15.4,2,0,2,2,0,0,0,0,0.13,,1.37,,,,,,,,,,,,10,4,40.0,0.65,0.26,0.2,0.5,73,51.4,86.0,10,3,3.0,5,1.11,23,29,-6,-0.39,0.91,0,2,0,0,30,16,10,0,0.6493506493506493,0.4,1.6883116883116882,0.12987012987012986,1.948051948051948,0.0,-0.39,0.0,0.0,0.0,1.883116883116883,1.4935064935064934,0.0,0.0,0.0,0.6493506493506493,1.0389610389610389,51.4
Christian Günter,GER,DF,Freiburg,Bundesliga,33,1993,22,16,1386,15.4,0,3,3,0,0,0,3,0,0.19,,1.37,,,,,,,,,,,,8,0,0.0,0.52,0.0,0.0,,63,51.3,80.0,8,6,17.0,8,1.41,21,26,-5,-0.32,-0.39,0,9,6,4,68,8,11,0,0.5194805194805194,0.0,1.2337662337662338,0.5844155844155844,4.415584415584416,0.19480519480519481,-0.32,0.0,0.0,0.0,1.6883116883116882,1.3636363636363635,0.19480519480519481,0.2597402597402597,0.38961038961038963,0.7142857142857143,0.5194805194805194,51.3
Gabriele Zappa,ITA,DF,Cagliari,Serie A,26,1999,27,16,1386,15.4,0,3,3,0,0,0,2,0,0.19,,1.37,,,,,,,,,,,,9,0,0.0,0.58,0.0,0.0,,51,46.7,76.0,8,11,16.0,3,0.93,15,24,-9,-0.58,-0.3,0,12,5,0,32,16,17,0,0.5844155844155844,0.0,2.142857142857143,0.7792207792207793,2.0779220779220777,0.12987012987012986,-0.58,0.0,0.0,0.0,1.5584415584415585,0.974025974025974,0.19480519480519481,0.0,0.3246753246753247,1.103896103896104,1.0389610389610389,46.7
Sven Botman,NED,DF,Newcastle United,Premier League,26,2000,20,16,1385,15.4,1,1,2,1,0,0,2,0,0.13,,1.37,,,,,,,,,,,,12,4,33.3,0.78,0.26,0.08,0.25,69,46.6,83.0,12,4,15.0,5,1.35,18,21,-3,-0.19,-0.19,0,11,12,0,2,12,10,1,0.7792207792207793,0.3333333333333333,1.4285714285714286,0.7142857142857143,0.12987012987012986,0.12987012987012986,-0.19,0.0,0.0,0.0,1.3636363636363635,1.1688311688311688,0.06493506493506493,0.0,0.7792207792207793,0.6493506493506493,0.7792207792207793,46.6
Alfonso Pedraza,ESP,DF,Villarreal,La Liga,30,1996,23,15,1384,15.4,1,2,3,1,0,0,7,0,0.2,,1.37,,,,,,,,,,,,10,3,30.0,0.65,0.2,0.1,0.33,60,49.6,81.0,9,8,21.0,6,1.83,27,18,9,0.59,-0.12,0,23,20,3,65,21,27,0,0.6493506493506493,0.3,3.116883116883117,1.4935064935064934,4.220779220779221,0.45454545454545453,0.59,0.0,0.0,0.0,1.1688311688311688,1.7532467532467533,0.12987012987012986,0.19480519480519481,1.2987012987012987,1.7532467532467533,1.3636363636363635,49.6
Anton Kade,GER,MF,Augsburg,Bundesliga,22,2004,24,14,1383,15.4,3,0,3,3,0,0,3,0,0.2,,1.37,,,,,,,,,,,,35,15,42.9,2.28,0.98,0.09,0.2,58,51.2,78.0,2,10,29.0,1,1.21,15,28,-13,-0.85,-0.64,0,19,13,9,21,10,10,0,2.2727272727272725,0.42857142857142855,1.2987012987012987,1.2337662337662338,1.3636363636363635,0.19480519480519481,-0.85,0.0,0.0,0.0,1.8181818181818181,0.974025974025974,0.0,0.5844155844155844,0.8441558441558441,0.6493506493506493,0.6493506493506493,51.2
Omar Traoré,GER,DF,Heidenheim,Bundesliga,28,1998,24,15,1381,15.3,0,2,2,0,0,0,2,0,0.13,,1.37,,,,,,,,,,,,10,2,20.0,0.65,0.13,0.0,0.0,58,51.1,78.0,8,9,24.0,5,0.58,18,40,-22,-1.43,-0.68,0,20,18,2,33,15,10,0,0.6535947712418301,0.2,1.6339869281045751,1.3071895424836601,2.156862745098039,0.13071895424836602,-1.43,0.0,0.0,0.0,2.6143790849673203,1.1764705882352942,0.13071895424836602,0.13071895424836602,1.1764705882352942,0.6535947712418301,0.9803921568627451,51.1
Lukas Kübler,GER,DF,Freiburg,Bundesliga,33,1992,19,17,1380,15.3,2,1,3,2,0,0,2,0,0.2,,1.37,,,,,,,,,,,,18,4,22.2,1.17,0.26,0.11,0.5,73,51.1,79.0,8,2,22.0,4,1.53,30,28,2,0.13,0.54,0,16,9,5,25,24,21,0,1.1764705882352942,0.2222222222222222,2.941176470588235,1.0457516339869282,1.6339869281045751,0.13071895424836602,0.13,0.0,0.0,0.0,1.8300653594771241,1.9607843137254901,0.06535947712418301,0.32679738562091504,0.5882352941176471,1.3725490196078431,1.5686274509803921,51.1
Federico Ravaglia,ITA,GK,Bologna,Serie A,26,1999,16,15,1380,15.3,0,0,0,0,0,0,4,0,0.0,27.0,1.76,77.0,52.0,67.5,4.0,3.0,8.0,2.0,13.3,2.0,0.0,0.0,0,0,,0.0,0.0,,,86,46.5,90.0,15,1,30.0,16,0.94,16,27,-11,-0.72,-1.51,0,2,3,0,0,0,1,0,0.0,0.0,0.06535947712418301,0.13071895424836602,0.0,0.26143790849673204,-0.72,0.125,0.0,5.032679738562091,1.7647058823529411,1.0457516339869282,0.0,0.0,0.19607843137254902,0.06535947712418301,0.0,46.5
Hicham Boudaoui,ALG,MF,Nice,Ligue 1,26,1999,21,15,1380,15.3,1,2,3,1,0,0,5,0,0.2,,1.37,,,,,,,,,,,,19,8,42.1,1.24,0.52,0.05,0.13,66,51.1,82.0,10,6,24.0,1,0.95,17,29,-12,-0.78,-0.1,0,17,28,2,15,17,13,0,1.2418300653594772,0.42105263157894735,1.9607843137254901,1.1111111111111112,0.9803921568627451,0.32679738562091504,-0.78,0.0,0.0,0.0,1.8954248366013071,1.1111111111111112,0.13071895424836602,0.13071895424836602,1.8300653594771241,0.8496732026143791,1.1111111111111112,51.1
Carlos Augusto,BRA,MF,Inter,Serie A,27,1999,29,14,1379,15.3,1,1,2,1,0,0,6,0,0.13,,1.37,,,,,,,,,,,,14,4,28.6,0.91,0.26,0.07,0.25,48,46.4,78.0,8,15,19.0,2,2.38,31,13,18,1.17,-0.58,0,24,10,0,40,16,19,0,0.9150326797385621,0.2857142857142857,2.287581699346405,1.5686274509803921,2.6143790849673203,0.39215686274509803,1.17,0.0,0.0,0.0,0.8496732026143791,2.026143790849673,0.06535947712418301,0.0,0.6535947712418301,1.2418300653594772,1.0457516339869282,46.4
Francesco Esposito,ITA,FW,Inter,Serie A,20,2005,31,13,1379,15.3,6,3,9,6,0,0,1,0,0.59,,1.37,,,,,,,,,,,,55,22,40.0,3.59,1.44,0.11,0.27,44,46.4,74.0,4,18,23.0,1,2.42,33,12,21,1.37,-0.21,0,26,41,2,3,5,4,0,3.594771241830065,0.4,0.5882352941176471,1.6993464052287581,0.19607843137254902,0.06535947712418301,1.37,0.0,0.0,0.0,0.7843137254901961,2.156862745098039,0.19607843137254902,0.13071895424836602,2.679738562091503,0.26143790849673204,0.32679738562091504,46.4
Nicolás González,ESP,MF,Manchester City,Premier League,24,2002,22,15,1379,15.3,1,0,1,1,0,0,6,0,0.07,,1.37,,,,,,,,,,,,12,2,16.7,0.78,0.13,0.08,0.5,63,47.9,80.0,9,7,25.0,7,2.23,37,13,24,1.57,0.85,0,28,17,0,2,22,26,0,0.7843137254901961,0.16666666666666666,3.1372549019607843,1.8300653594771241,0.13071895424836602,0.39215686274509803,1.57,0.0,0.0,0.0,0.8496732026143791,2.418300653594771,0.0,0.0,1.1111111111111112,1.6993464052287581,1.4379084967320261,47.9
Kim Min-jae,KOR,DF,Bayern Munich,Bundesliga,29,1996,22,16,1377,15.3,1,1,2,1,0,0,1,0,0.13,,1.37,,,,,,,,,,,,3,2,66.7,0.2,0.13,0.33,0.5,63,51.0,83.0,9,6,8.0,5,2.59,50,15,35,2.29,-0.77,0,9,2,0,0,29,15,0,0.19607843137254902,0.6666666666666666,2.8758169934640523,0.5882352941176471,0.0,0.06535947712418301,2.29,0.0,0.0,0.0,0.9803921568627451,3.2679738562091503,0.06535947712418301,0.0,0.13071895424836602,0.9803921568627451,1.8954248366013071,51.0
Julian Niehues,GER,MF,Heidenheim,Bundesliga,25,2001,23,17,1377,15.3,3,0,3,3,0,0,1,0,0.2,,1.37,,,,,,,,,,,,18,5,27.8,1.18,0.33,0.17,0.6,60,51.0,71.0,4,6,28.0,7,0.78,24,30,-6,-0.39,1.44,0,10,9,2,3,23,10,0,1.1764705882352942,0.2777777777777778,2.156862745098039,0.6535947712418301,0.19607843137254902,0.06535947712418301,-0.39,0.0,0.0,0.0,1.9607843137254901,1.5686274509803921,0.0,0.13071895424836602,0.5882352941176471,0.6535947712418301,1.5032679738562091,51.0
Randal Kolo Muani,FRA,FW,Tottenham Hotspur,Premier League,27,1998,25,17,1377,15.3,1,1,2,1,0,0,2,0,0.13,,1.37,,,,,,,,,,,,16,3,18.8,1.05,0.2,0.06,0.33,55,46.4,69.0,3,8,26.0,2,0.64,14,28,-14,-0.92,-1.08,0,36,13,1,9,2,15,0,1.0457516339869282,0.1875,1.1111111111111112,2.3529411764705883,0.5882352941176471,0.13071895424836602,-0.92,0.0,0.0,0.0,1.8300653594771241,0.9150326797385621,0.06535947712418301,0.06535947712418301,0.8496732026143791,0.9803921568627451,0.13071895424836602,46.4
Saša Lukić,SRB,MF,Fulham,Premier League,29,1996,22,16,1374,15.3,1,2,3,1,0,0,7,0,0.2,,1.37,,,,,,,,,,,,14,3,21.4,0.92,0.2,0.07,0.33,62,46.3,77.0,8,6,24.0,3,1.23,14,17,-3,-0.2,-0.2,0,43,21,1,53,11,23,0,0.9150326797385621,0.21428571428571427,2.2222222222222223,2.810457516339869,3.464052287581699,0.45751633986928103,-0.2,0.0,0.0,0.0,1.1111111111111112,0.9150326797385621,0.13071895424836602,0.06535947712418301,1.3725490196078431,1.5032679738562091,0.7189542483660131,46.3
Aleksandar Pavlovic,GER,MF,Bayern Munich,Bundesliga,21,2004,22,14,1372,15.2,3,1,4,3,0,0,2,0,0.26,,1.37,,,,,,,,,,,,9,5,55.6,0.59,0.33,0.33,0.6,62,50.8,83.0,8,8,26.0,6,2.5,55,21,34,2.23,-0.89,0,18,9,0,9,12,15,0,0.5921052631578948,0.5555555555555556,1.7763157894736843,1.1842105263157896,0.5921052631578948,0.13157894736842105,2.23,0.0,0.0,0.0,1.381578947368421,3.618421052631579,0.06578947368421052,0.0,0.5921052631578948,0.986842105263158,0.7894736842105263,50.8
Junior Diaz,CIV,DF,Brest,Ligue 1,22,2003,17,15,1371,15.2,0,0,0,0,0,0,4,0,0.0,,1.37,,,,,,,,,,,,5,0,0.0,0.33,0.0,0.0,,81,52.5,89.0,14,2,18.0,11,1.41,21,20,1,0.07,0.57,0,7,9,0,0,22,15,0,0.32894736842105265,0.0,2.4342105263157894,0.46052631578947373,0.0,0.2631578947368421,0.07,0.0,0.0,0.0,1.3157894736842106,1.381578947368421,0.0,0.0,0.5921052631578948,0.986842105263158,1.4473684210526316,52.5
Bryan Gil,ESP,MF,Girona,La Liga,25,2001,24,17,1370,15.2,0,3,3,0,0,0,4,0,0.2,,1.37,,,,,,,,,,,,20,5,25.0,1.31,0.33,0.0,0.0,57,49.1,72.0,1,7,22.0,1,1.29,17,18,-1,-0.07,0.63,0,17,33,6,41,9,18,0,1.3157894736842106,0.25,1.7763157894736843,1.118421052631579,2.697368421052632,0.2631578947368421,-0.07,0.0,0.0,0.0,1.1842105263157896,1.118421052631579,0.19736842105263158,0.39473684210526316,2.1710526315789473,1.1842105263157896,0.5921052631578948,49.1
Mateus Mane,POR,MF,Wolves,Premier League,18,2007,22,14,1369,15.2,2,1,3,2,0,0,0,0,0.2,,1.37,,,,,,,,,,,,30,12,40.0,1.97,0.79,0.07,0.17,62,46.1,85.0,11,8,23.0,0,0.68,13,24,-11,-0.72,0.74,0,23,37,1,56,3,11,0,1.973684210526316,0.4,0.9210526315789475,1.5131578947368423,3.68421052631579,0.0,-0.72,0.0,0.0,0.0,1.5789473684210527,0.8552631578947368,0.06578947368421052,0.06578947368421052,2.4342105263157894,0.7236842105263158,0.19736842105263158,46.1
Matteo Ruggeri,ITA,DF,Atlético Madrid,La Liga,23,2002,21,16,1369,15.2,0,3,3,0,0,0,4,0,0.2,,1.37,,,,,,,,,,,,4,2,50.0,0.26,0.13,0.0,0.0,65,49.1,78.0,9,5,24.0,10,1.67,27,18,9,0.59,-0.04,0,24,1,1,68,15,20,0,0.2631578947368421,0.5,2.3026315789473686,1.5789473684210527,4.473684210526316,0.2631578947368421,0.59,0.0,0.0,0.0,1.1842105263157896,1.7763157894736843,0.19736842105263158,0.06578947368421052,0.06578947368421052,1.3157894736842106,0.986842105263158,49.1
André Silva,POR,FW,Elche,La Liga,30,1995,24,16,1367,15.2,7,0,7,6,1,1,2,0,0.4,,1.37,,,,,,,,,,,,40,19,47.5,2.63,1.25,0.15,0.32,57,49.0,78.0,7,8,15.0,2,0.83,14,28,-14,-0.92,-1.3,0,17,31,4,2,2,3,0,2.6315789473684212,0.475,0.32894736842105265,1.118421052631579,0.13157894736842105,0.13157894736842105,-0.92,0.0,0.0,0.0,1.842105263157895,0.9210526315789475,0.0,0.2631578947368421,2.0394736842105265,0.19736842105263158,0.13157894736842105,49.0
Jacob Murphy,ENG,FW,Newcastle United,Premier League,31,1995,28,15,1364,15.2,3,1,4,3,0,0,2,0,0.26,,1.37,,,,,,,,,,,,40,12,30.0,2.64,0.79,0.08,0.25,49,45.9,72.0,1,13,22.0,3,1.25,22,16,6,0.4,0.9,0,8,9,5,109,3,10,0,2.6315789473684212,0.3,0.8552631578947368,0.5263157894736842,7.171052631578948,0.13157894736842105,0.4,0.0,0.0,0.0,1.0526315789473684,1.4473684210526316,0.06578947368421052,0.32894736842105265,0.5921052631578948,0.6578947368421053,0.19736842105263158,45.9
Afonso Moreira,POR,MF,Lyon,Ligue 1,21,2005,23,14,1362,15.1,3,7,10,3,0,0,3,0,0.66,,1.37,,,,,,,,,,,,30,11,36.7,1.98,0.73,0.1,0.27,59,50.4,88.0,9,9,15.0,2,2.0,27,13,14,0.93,0.86,0,21,40,4,85,9,18,0,1.9867549668874174,0.36666666666666664,1.7880794701986755,1.390728476821192,5.629139072847682,0.19867549668874174,0.93,0.0,0.0,0.0,0.8609271523178809,1.7880794701986755,0.4635761589403974,0.26490066225165565,2.6490066225165565,1.1920529801324504,0.5960264900662252,50.4
Diego López,ESP,MF,Valencia,La Liga,23,2002,27,15,1362,15.1,3,0,3,3,0,0,2,0,0.2,,1.37,,,,,,,,,,,,23,7,30.4,1.52,0.46,0.13,0.43,50,48.8,76.0,5,12,19.0,2,1.19,12,23,-11,-0.73,-0.66,0,14,30,3,28,11,10,0,1.5231788079470199,0.30434782608695654,1.390728476821192,0.9271523178807948,1.8543046357615895,0.13245033112582782,-0.73,0.0,0.0,0.0,1.5231788079470199,0.794701986754967,0.0,0.19867549668874174,1.9867549668874174,0.6622516556291391,0.728476821192053,48.8
Chemsdine Talbi,MAR,MF,Sunderland,Premier League,20,2005,25,14,1362,15.1,4,1,5,4,0,0,0,0,0.33,,1.37,,,,,,,,,,,,22,9,40.9,1.45,0.59,0.18,0.44,54,45.9,77.0,1,11,25.0,2,1.44,20,13,7,0.46,1.08,0,5,1,1,41,3,5,0,1.456953642384106,0.4090909090909091,0.5298013245033113,0.33112582781456956,2.7152317880794703,0.0,0.46,0.0,0.0,0.0,0.8609271523178809,1.3245033112582782,0.06622516556291391,0.06622516556291391,0.06622516556291391,0.33112582781456956,0.19867549668874174,45.9
Zian Flemming,NED,FW,Burnley,Premier League,27,1998,24,16,1362,15.1,9,0,9,7,2,2,3,0,0.46,,1.37,,,,,,,,,,,,43,19,44.2,2.84,1.26,0.16,0.37,57,45.9,79.0,5,8,13.0,3,0.71,19,27,-8,-0.53,0.87,0,38,22,2,6,6,6,0,2.847682119205298,0.4418604651162791,0.794701986754967,2.5165562913907285,0.3973509933774835,0.19867549668874174,-0.53,0.0,0.0,0.0,1.7880794701986755,1.2582781456953642,0.0,0.13245033112582782,1.456953642384106,0.3973509933774835,0.3973509933774835,45.9
Boubacar Traoré,MLI,MF,Metz,Ligue 1,24,2001,19,16,1361,15.1,1,0,1,1,0,0,3,0,0.07,,1.37,,,,,,,,,,,,18,3,16.7,1.19,0.2,0.06,0.33,72,50.4,82.0,6,3,17.0,0,0.47,13,32,-19,-1.26,0.09,0,29,5,0,2,15,26,0,1.1920529801324504,0.16666666666666666,2.7152317880794703,1.9205298013245033,0.13245033112582782,0.19867549668874174,-1.26,0.0,0.0,0.0,2.119205298013245,0.8609271523178809,0.0,0.0,0.33112582781456956,1.7218543046357617,0.9933774834437087,50.4
Hjalmar Ekdal,SWE,DF,Burnley,Premier League,27,1998,17,15,1359,15.1,0,0,0,0,0,0,0,0,0.0,,1.37,,,,,,,,,,,,5,1,20.0,0.33,0.07,0.0,0.0,80,45.8,89.0,13,2,9.0,13,0.59,12,30,-18,-1.19,-0.35,0,5,5,2,1,10,14,0,0.33112582781456956,0.2,1.589403973509934,0.33112582781456956,0.06622516556291391,0.0,-1.19,0.0,0.0,0.0,1.9867549668874174,0.794701986754967,0.0,0.13245033112582782,0.33112582781456956,0.9271523178807948,0.6622516556291391,45.8
Fabiano Parisi,ITA,MF,Fiorentina,Serie A,25,2000,20,16,1359,15.1,1,1,2,1,0,0,5,0,0.13,,1.37,,,,,,,,,,,,22,6,27.3,1.46,0.4,0.05,0.17,68,45.8,80.0,6,4,21.0,8,1.25,22,20,2,0.13,0.64,0,11,55,1,35,17,13,1,1.456953642384106,0.2727272727272727,1.9867549668874174,0.728476821192053,2.3178807947019866,0.33112582781456956,0.13,0.0,0.0,0.0,1.3245033112582782,1.456953642384106,0.06622516556291391,0.06622516556291391,3.642384105960265,0.8609271523178809,1.1258278145695364,45.8
Beto,GNB,FW,Everton,Premier League,28,1998,33,14,1357,15.1,8,1,9,8,0,0,2,0,0.6,,1.37,,,,,,,,,,,,38,16,42.1,2.52,1.06,0.21,0.5,41,45.7,72.0,1,19,18.0,0,1.42,22,16,6,0.4,0.68,0,29,11,8,2,1,5,0,2.5165562913907285,0.42105263157894735,0.3973509933774835,1.9205298013245033,0.13245033112582782,0.13245033112582782,0.4,0.0,0.0,0.0,1.0596026490066226,1.456953642384106,0.06622516556291391,0.5298013245033113,0.728476821192053,0.33112582781456956,0.06622516556291391,45.7
Amir Rrahmani,KVX,DF,Napoli,Serie A,32,1994,16,16,1356,15.1,1,1,2,1,0,0,2,0,0.13,,1.37,,,,,,,,,,,,8,1,12.5,0.53,0.07,0.13,1.0,85,45.7,85.0,12,0,,3,2.0,22,12,10,0.66,0.38,0,17,14,2,1,17,12,0,0.5298013245033113,0.125,1.9205298013245033,1.1258278145695364,0.06622516556291391,0.13245033112582782,0.66,0.0,0.0,0.0,0.794701986754967,1.456953642384106,0.06622516556291391,0.13245033112582782,0.9271523178807948,0.794701986754967,1.1258278145695364,45.7
Pape Matar Sarr,SEN,MF,Tottenham Hotspur,Premier League,23,2002,23,13,1356,15.1,2,3,5,2,0,0,2,0,0.33,,1.37,,,,,,,,,,,,16,6,37.5,1.06,0.4,0.13,0.33,59,45.7,89.0,11,10,21.0,2,1.0,20,22,-2,-0.13,0.37,0,26,13,3,7,13,21,0,1.0596026490066226,0.375,2.251655629139073,1.7218543046357617,0.4635761589403974,0.13245033112582782,-0.13,0.0,0.0,0.0,1.456953642384106,1.3245033112582782,0.19867549668874174,0.19867549668874174,0.8609271523178809,1.390728476821192,0.8609271523178809,45.7
Petar Sucic,CRO,MF,Inter,Serie A,22,2003,29,16,1354,15.0,1,2,3,1,0,0,5,0,0.2,,1.37,,,,,,,,,,,,18,4,22.2,1.2,0.27,0.06,0.25,47,45.6,72.0,5,13,16.0,3,2.28,32,15,17,1.13,-0.65,0,23,22,0,23,7,16,0,1.2,0.2222222222222222,1.5333333333333334,1.5333333333333334,1.5333333333333334,0.3333333333333333,1.13,0.0,0.0,0.0,1.0,2.1333333333333333,0.13333333333333333,0.0,1.4666666666666666,1.0666666666666667,0.4666666666666667,45.6
Thierry Correia,POR,DF,Valencia,La Liga,27,1999,21,16,1353,15.0,0,1,1,0,0,0,5,0,0.07,,1.37,,,,,,,,,,,,5,1,20.0,0.33,0.07,0.0,0.0,64,48.5,77.0,8,5,23.0,2,0.76,10,24,-14,-0.93,-1.06,0,28,24,3,41,17,20,0,0.3333333333333333,0.2,2.466666666666667,1.8666666666666667,2.7333333333333334,0.3333333333333333,-0.93,0.0,0.0,0.0,1.6,0.6666666666666666,0.06666666666666667,0.2,1.6,1.3333333333333333,1.1333333333333333,48.5
Marvin Pieringer,GER,FW,Heidenheim,Bundesliga,26,1999,23,16,1352,15.0,4,1,5,3,1,1,2,0,0.27,,1.37,,,,,,,,,,,,24,7,29.2,1.6,0.47,0.13,0.43,59,50.1,75.0,5,7,21.0,0,0.7,20,33,-13,-0.87,0.47,0,33,26,9,17,8,13,0,1.6,0.2916666666666667,1.4,2.2,1.1333333333333333,0.13333333333333333,-0.87,0.0,0.0,0.0,2.2,1.3333333333333333,0.06666666666666667,0.6,1.7333333333333334,0.8666666666666667,0.5333333333333333,50.1
Matías Dituro,ARG,GK,Elche,La Liga,38,1987,15,15,1350,15.0,0,0,0,0,0,0,1,0,0.0,19.0,1.27,64.0,48.0,75.0,4.0,7.0,4.0,3.0,20.0,3.0,0.0,1.0,0,0,,0.0,0.0,,,90,48.4,90.0,15,0,,16,1.27,18,19,-1,-0.07,0.37,0,0,6,0,0,1,0,0,0.0,0.0,0.06666666666666667,0.0,0.0,0.06666666666666667,-0.07,0.2,0.0,4.266666666666667,1.2666666666666666,1.2,0.0,0.0,0.4,0.0,0.06666666666666667,48.4
Javi López,ESP,DF,Oviedo,La Liga,24,2002,19,16,1349,15.0,0,1,1,0,0,0,3,0,0.07,,1.37,,,,,,,,,,,,6,1,16.7,0.4,0.07,0.0,0.0,71,48.4,82.0,10,3,11.0,7,1.0,15,21,-6,-0.4,0.72,0,32,26,1,39,14,20,0,0.4,0.16666666666666666,2.2666666666666666,2.1333333333333333,2.6,0.2,-0.4,0.0,0.0,0.0,1.4,1.0,0.06666666666666667,0.06666666666666667,1.7333333333333334,1.3333333333333333,0.9333333333333333,48.4
Karl Etta Eyong,CMR,FW,Levante,La Liga,22,2003,24,15,1347,15.0,5,2,7,5,0,1,2,0,0.47,,1.37,,,,,,,,,,,,34,14,41.2,2.27,0.94,0.15,0.36,56,48.3,79.0,6,9,18.0,2,0.92,19,30,-11,-0.73,-0.49,0,24,30,6,13,4,11,0,2.2666666666666666,0.4117647058823529,1.0,1.6,0.8666666666666667,0.13333333333333333,-0.73,0.0,0.0,0.0,2.0,1.2666666666666666,0.13333333333333333,0.4,2.0,0.7333333333333333,0.26666666666666666,48.3
Ian Maatsen,NED,DF,Aston Villa,Premier League,24,2002,26,14,1346,15.0,0,1,1,0,0,0,2,0,0.07,,1.37,,,,,,,,,,,,18,5,27.8,1.2,0.33,0.0,0.0,52,45.3,81.0,6,12,18.0,7,1.69,23,21,2,0.13,-0.09,0,14,17,1,49,14,27,0,1.2,0.2777777777777778,2.7333333333333334,0.9333333333333333,3.2666666666666666,0.13333333333333333,0.13,0.0,0.0,0.0,1.4,1.5333333333333334,0.06666666666666667,0.06666666666666667,1.1333333333333333,1.8,0.9333333333333333,45.3
Julian Brandt,GER,MF,Dortmund,Bundesliga,29,1996,25,14,1345,14.9,7,3,10,7,0,0,0,0,0.67,,1.37,,,,,,,,,,,,32,16,50.0,2.14,1.07,0.22,0.44,54,49.8,83.0,5,11,16.0,3,2.12,35,17,18,1.2,0.41,0,6,5,7,22,5,7,0,2.1476510067114094,0.5,0.8053691275167785,0.40268456375838924,1.4765100671140938,0.0,1.2,0.0,0.0,0.0,1.1409395973154361,2.348993288590604,0.20134228187919462,0.4697986577181208,0.33557046979865773,0.4697986577181208,0.33557046979865773,49.8
Daouda Guindo,MLI,DF,Brest,Ligue 1,23,2002,21,15,1338,14.9,0,0,0,0,0,0,4,1,0.0,,1.37,,,,,,,,,,,,17,4,23.5,1.14,0.27,0.0,0.0,64,51.3,81.0,10,6,19.0,4,1.33,17,20,-3,-0.2,0.01,0,24,14,1,23,19,26,0,1.1409395973154361,0.23529411764705882,3.0201342281879193,1.610738255033557,1.5436241610738255,0.4697986577181208,-0.2,0.0,0.0,0.0,1.342281879194631,1.1409395973154361,0.0,0.06711409395973154,0.9395973154362416,1.74496644295302,1.2751677852348993,51.3
Martín Payero,ARG,MF,Cremonese,Serie A,27,1998,23,15,1337,14.9,1,0,1,1,0,0,8,0,0.07,,1.37,,,,,,,,,,,,21,7,33.3,1.41,0.47,0.05,0.14,58,45.0,74.0,4,8,29.0,3,1.04,17,12,5,0.34,1.77,0,34,29,2,30,9,9,0,1.4093959731543624,0.3333333333333333,1.2080536912751678,2.2818791946308723,2.013422818791946,0.5369127516778524,0.34,0.0,0.0,0.0,0.8053691275167785,1.1409395973154361,0.0,0.1342281879194631,1.9463087248322146,0.6040268456375839,0.6040268456375839,45.0
Patrick Dorgu,DEN,MF,Manchester Utd,Premier League,21,2004,22,14,1335,14.8,3,3,6,3,0,0,5,0,0.4,,1.37,,,,,,,,,,,,20,7,35.0,1.35,0.47,0.15,0.43,61,44.9,86.0,10,8,17.0,1,1.59,18,20,-2,-0.13,-0.96,0,19,42,7,54,14,30,0,1.3513513513513513,0.35,2.972972972972973,1.2837837837837838,3.6486486486486487,0.33783783783783783,-0.13,0.0,0.0,0.0,1.3513513513513513,1.2162162162162162,0.2027027027027027,0.47297297297297297,2.8378378378378377,2.0270270270270268,0.9459459459459459,44.9
Héctor Bellerín,ESP,DF,Real Betis,La Liga,31,1995,20,15,1334,14.8,1,3,4,1,0,0,2,0,0.27,,1.37,,,,,,,,,,,,4,4,100.0,0.27,0.27,0.25,0.25,67,47.8,80.0,9,5,26.0,3,1.4,23,19,4,0.27,0.08,0,13,3,1,25,10,8,0,0.27027027027027023,1.0,1.2162162162162162,0.8783783783783783,1.689189189189189,0.13513513513513511,0.27,0.0,0.0,0.0,1.2837837837837838,1.554054054054054,0.2027027027027027,0.06756756756756756,0.2027027027027027,0.5405405405405405,0.6756756756756757,47.8
Lyle Foster,RSA,FW,Burnley,Premier League,25,2000,24,15,1330,14.8,3,2,5,3,0,0,4,0,0.34,,1.37,,,,,,,,,,,,19,6,31.6,1.29,0.41,0.16,0.5,55,44.8,75.0,3,9,22.0,2,0.58,11,30,-19,-1.29,-0.52,0,22,13,11,6,4,11,0,1.2837837837837838,0.3157894736842105,1.0135135135135134,1.4864864864864864,0.4054054054054054,0.27027027027027023,-1.29,0.0,0.0,0.0,2.0270270270270268,0.7432432432432432,0.13513513513513511,0.7432432432432432,0.8783783783783783,0.7432432432432432,0.27027027027027023,44.8
Leander Dendoncker,BEL,MF,Oviedo,La Liga,31,1995,19,15,1330,14.8,1,0,1,1,0,0,2,0,0.07,,1.37,,,,,,,,,,,,9,4,44.4,0.61,0.27,0.11,0.25,70,47.7,86.0,8,4,11.0,5,0.79,7,25,-18,-1.22,-0.85,0,12,3,1,5,11,25,0,0.6081081081081081,0.4444444444444444,2.4324324324324325,0.8108108108108107,0.33783783783783783,0.13513513513513511,-1.22,0.0,0.0,0.0,1.689189189189189,0.47297297297297297,0.0,0.06756756756756756,0.2027027027027027,1.689189189189189,0.7432432432432432,47.7
Rico Henry,JAM,DF,Brentford,Premier League,28,1997,25,14,1328,14.8,0,1,1,0,0,0,2,0,0.07,,1.37,,,,,,,,,,,,5,0,0.0,0.34,0.0,0.0,,53,44.7,80.0,6,11,19.0,4,1.64,28,22,6,0.41,0.52,0,15,17,2,26,7,11,0,0.33783783783783783,0.0,1.2162162162162162,1.0135135135135134,1.7567567567567566,0.13513513513513511,0.41,0.0,0.0,0.0,1.4864864864864864,1.8918918918918919,0.06756756756756756,0.13513513513513511,1.1486486486486487,0.7432432432432432,0.47297297297297297,44.7
Valentino Livramento,ENG,DF,Newcastle United,Premier League,23,2002,17,14,1328,14.8,0,1,1,0,0,0,1,0,0.07,,1.37,,,,,,,,,,,,3,0,0.0,0.2,0.0,0.0,,78,44.7,88.0,12,3,33.0,0,1.47,22,14,8,0.54,1.15,0,7,16,2,36,2,14,0,0.2027027027027027,0.0,1.081081081081081,0.47297297297297297,2.4324324324324325,0.06756756756756756,0.54,0.0,0.0,0.0,0.9459459459459459,1.4864864864864864,0.06756756756756756,0.13513513513513511,1.081081081081081,0.9459459459459459,0.13513513513513511,44.7
Aurele Amenda,SUI,DF,Eintracht Frankfurt,Bundesliga,22,2003,20,14,1327,14.7,0,0,0,0,0,0,4,0,0.0,,1.37,,,,,,,,,,,,8,1,12.5,0.54,0.07,0.0,0.0,66,49.1,90.0,14,6,11.0,7,1.3,22,26,-4,-0.27,-0.4,0,14,9,0,3,25,9,1,0.54421768707483,0.125,2.312925170068027,0.9523809523809524,0.20408163265306123,0.272108843537415,-0.27,0.0,0.0,0.0,1.7687074829931975,1.4965986394557824,0.0,0.0,0.6122448979591837,0.6122448979591837,1.7006802721088436,49.1
Lovro Majer,CRO,MF,Wolfsburg,Bundesliga,28,1998,25,16,1327,14.7,2,3,5,2,0,0,5,0,0.34,,1.37,,,,,,,,,,,,26,6,23.1,1.76,0.41,0.08,0.33,53,49.1,70.0,1,9,23.0,3,0.68,20,29,-9,-0.61,0.44,0,29,22,4,22,8,16,0,1.7687074829931975,0.23076923076923078,1.6326530612244898,1.9727891156462587,1.4965986394557824,0.3401360544217687,-0.61,0.0,0.0,0.0,1.9727891156462587,1.3605442176870748,0.20408163265306123,0.272108843537415,1.4965986394557824,1.08843537414966,0.54421768707483,49.1
Ivan Smolčić,CRO,DF,Como,Serie A,25,2000,23,16,1327,14.7,0,1,1,0,0,0,8,0,0.07,,1.37,,,,,,,,,,,,10,4,40.0,0.68,0.27,0.0,0.0,58,44.7,75.0,5,7,19.0,9,1.87,19,9,10,0.68,-0.36,0,22,16,0,26,19,21,0,0.6802721088435374,0.4,2.7210884353741496,1.4965986394557824,1.7687074829931975,0.54421768707483,0.68,0.0,0.0,0.0,0.6122448979591837,1.2925170068027212,0.06802721088435375,0.0,1.08843537414966,1.4285714285714286,1.2925170068027212,44.7
Mert Kömür,GER,MF,Augsburg,Bundesliga,20,2005,25,15,1327,14.7,2,3,5,2,0,0,1,0,0.34,,1.37,,,,,,,,,,,,37,13,35.1,2.51,0.88,0.05,0.15,53,49.1,75.0,6,10,20.0,4,1.24,18,25,-7,-0.47,0.12,0,24,17,2,56,7,12,0,2.5170068027210886,0.35135135135135137,1.2925170068027212,1.6326530612244898,3.8095238095238098,0.06802721088435375,-0.47,0.0,0.0,0.0,1.7006802721088436,1.2244897959183674,0.20408163265306123,0.1360544217687075,1.1564625850340136,0.8163265306122449,0.4761904761904762,49.1
Jack Hinshelwood,ENG,MF,Brighton,Premier League,21,2005,22,15,1324,14.7,1,3,4,1,0,0,0,0,0.27,,1.37,,,,,,,,,,,,26,8,30.8,1.77,0.54,0.04,0.13,60,44.6,73.0,4,7,32.0,2,1.36,17,18,-1,-0.07,-0.45,0,29,9,2,6,6,11,1,1.7687074829931975,0.3076923076923077,1.1564625850340136,1.9727891156462587,0.40816326530612246,0.0,-0.07,0.0,0.0,0.0,1.2244897959183674,1.1564625850340136,0.20408163265306123,0.1360544217687075,0.6122448979591837,0.7482993197278912,0.40816326530612246,44.6
Bashir Humphreys,ENG,DF,Burnley,Premier League,23,2003,16,14,1323,14.7,0,0,0,0,0,0,5,0,0.0,,1.37,,,,,,,,,,,,8,2,25.0,0.54,0.14,0.0,0.0,83,44.5,89.0,12,2,40.0,5,0.56,13,28,-15,-1.02,-0.04,0,13,8,1,16,8,16,0,0.54421768707483,0.25,1.6326530612244898,0.8843537414965987,1.08843537414966,0.3401360544217687,-1.02,0.0,0.0,0.0,1.9047619047619049,0.8843537414965987,0.0,0.06802721088435375,0.54421768707483,1.08843537414966,0.54421768707483,44.5
Ilia Gruev,BUL,MF,Leeds United,Premier League,25,2000,23,15,1323,14.7,0,3,3,0,0,0,3,0,0.2,,1.37,,,,,,,,,,,,7,1,14.3,0.48,0.07,0.0,0.0,58,44.5,79.0,6,8,17.0,10,1.52,17,22,-5,-0.34,-0.23,0,16,9,0,16,14,13,0,0.4761904761904762,0.14285714285714285,1.836734693877551,1.08843537414966,1.08843537414966,0.20408163265306123,-0.34,0.0,0.0,0.0,1.4965986394557824,1.1564625850340136,0.20408163265306123,0.0,0.6122448979591837,0.8843537414965987,0.9523809523809524,44.5
Patrizio Masini,ITA,MF,Genoa,Serie A,25,2001,25,12,1317,14.6,0,1,1,0,0,0,5,0,0.07,,1.37,,,,,,,,,,,,16,4,25.0,1.09,0.27,0.0,0.0,53,44.3,88.0,11,13,20.0,7,1.12,15,21,-6,-0.41,-0.41,0,37,40,0,13,26,37,0,1.095890410958904,0.25,4.315068493150685,2.5342465753424657,0.8904109589041096,0.3424657534246575,-0.41,0.0,0.0,0.0,1.4383561643835616,1.0273972602739727,0.0684931506849315,0.0,2.73972602739726,2.5342465753424657,1.7808219178082192,44.3
Maxence Caqueret,FRA,MF,Como,Serie A,26,2000,26,16,1316,14.6,2,4,6,2,0,0,2,0,0.41,,1.37,,,,,,,,,,,,16,4,25.0,1.09,0.27,0.13,0.5,51,44.3,68.0,1,10,24.0,7,1.73,27,10,17,1.16,0.51,0,19,20,1,31,11,21,0,1.095890410958904,0.25,2.191780821917808,1.3013698630136987,2.1232876712328768,0.136986301369863,1.16,0.0,0.0,0.0,0.684931506849315,1.8493150684931507,0.273972602739726,0.0684931506849315,1.36986301369863,1.4383561643835616,0.7534246575342466,44.3
Lewis Miley,ENG,MF,Newcastle United,Premier League,19,2006,21,13,1316,14.6,1,4,5,1,0,0,0,0,0.34,,1.37,,,,,,,,,,,,12,4,33.3,0.82,0.27,0.08,0.25,63,44.3,88.0,11,8,22.0,5,1.29,22,20,2,0.14,0.41,0,4,4,2,36,18,17,0,0.8219178082191781,0.3333333333333333,2.397260273972603,0.273972602739726,2.4657534246575343,0.0,0.14,0.0,0.0,0.0,1.36986301369863,1.5068493150684932,0.273972602739726,0.136986301369863,0.273972602739726,1.1643835616438356,1.2328767123287672,44.3
Ludovic Blas,FRA,MF,Rennes,Ligue 1,28,1997,28,12,1315,14.6,5,4,9,3,2,2,1,0,0.48,,1.37,,,,,,,,,,,,42,13,31.0,2.87,0.89,0.07,0.23,47,48.7,79.0,2,16,23.0,1,1.82,26,24,2,0.14,-0.45,0,21,26,5,78,12,9,0,2.8767123287671232,0.30952380952380953,1.4383561643835616,1.4383561643835616,5.342465753424658,0.0684931506849315,0.14,0.0,0.0,0.0,1.6438356164383563,1.7808219178082192,0.273972602739726,0.3424657534246575,1.7808219178082192,0.6164383561643836,0.8219178082191781,48.7
Arturo Calabresi,ITA,DF,Pisa,Serie A,30,1996,23,15,1315,14.6,0,0,0,0,0,0,6,0,0.0,,1.37,,,,,,,,,,,,4,1,25.0,0.27,0.07,0.0,0.0,57,44.3,74.0,3,8,25.0,9,0.7,14,24,-10,-0.68,0.73,0,27,21,1,17,18,10,0,0.273972602739726,0.25,1.9178082191780823,1.8493150684931507,1.1643835616438356,0.4109589041095891,-0.68,0.0,0.0,0.0,1.6438356164383563,0.9589041095890412,0.0,0.0684931506849315,1.4383561643835616,0.684931506849315,1.2328767123287672,44.3
Oliver Burke,SCO,FW,Union Berlin,Bundesliga,29,1997,25,17,1312,14.6,5,1,6,5,0,0,3,0,0.41,,1.37,,,,,,,,,,,,29,13,44.8,1.99,0.89,0.17,0.38,52,48.6,71.0,2,8,14.0,4,0.88,15,26,-11,-0.75,-0.3,0,10,8,5,26,4,4,0,1.9863013698630136,0.4482758620689655,0.547945205479452,0.684931506849315,1.7808219178082192,0.20547945205479454,-0.75,0.0,0.0,0.0,1.7808219178082192,1.0273972602739727,0.0684931506849315,0.3424657534246575,0.547945205479452,0.273972602739726,0.273972602739726,48.6
Miguel Román,ESP,MF,Celta Vigo,La Liga,23,2002,19,14,1311,14.6,1,0,1,1,0,0,3,0,0.07,,1.37,,,,,,,,,,,,9,2,22.2,0.62,0.14,0.11,0.5,69,47.0,88.0,10,5,17.0,7,1.63,18,13,5,0.34,0.4,0,20,11,0,21,12,17,0,0.6164383561643836,0.2222222222222222,1.9863013698630136,1.36986301369863,1.4383561643835616,0.20547945205479454,0.34,0.0,0.0,0.0,0.8904109589041096,1.2328767123287672,0.0,0.0,0.7534246575342466,1.1643835616438356,0.8219178082191781,47.0
Martin Vitík,CZE,DF,Bologna,Serie A,23,2003,18,14,1311,14.6,0,0,0,0,0,0,3,0,0.0,,1.37,,,,,,,,,,,,8,2,25.0,0.55,0.14,0.0,0.0,73,44.1,81.0,11,4,43.0,12,1.67,17,18,-1,-0.07,-0.29,0,23,4,0,2,8,22,0,0.547945205479452,0.25,2.0547945205479454,1.5753424657534247,0.136986301369863,0.20547945205479454,-0.07,0.0,0.0,0.0,1.2328767123287672,1.1643835616438356,0.0,0.0,0.273972602739726,1.5068493150684932,0.547945205479452,44.1
Pablo Martínez,ESP,MF,Levante,La Liga,28,1998,20,14,1309,14.5,1,2,3,1,0,0,2,0,0.21,,1.37,,,,,,,,,,,,24,4,16.7,1.65,0.28,0.04,0.25,65,46.9,82.0,6,6,28.0,1,1.2,15,19,-4,-0.28,0.39,0,22,10,3,51,17,7,0,1.6551724137931034,0.16666666666666666,1.6551724137931034,1.5172413793103448,3.5172413793103448,0.13793103448275862,-0.28,0.0,0.0,0.0,1.3103448275862069,1.0344827586206897,0.13793103448275862,0.20689655172413793,0.6896551724137931,0.4827586206896552,1.1724137931034482,46.9
Henrikh Mkhitaryan,ARM,MF,Inter,Serie A,37,1989,25,14,1308,14.5,2,1,3,2,0,0,3,0,0.21,,1.37,,,,,,,,,,,,35,9,25.7,2.41,0.62,0.06,0.22,52,44.0,74.0,5,11,24.0,3,2.36,37,11,26,1.79,0.54,0,23,14,3,39,15,25,0,2.413793103448276,0.2571428571428571,2.7586206896551726,1.5862068965517242,2.689655172413793,0.20689655172413793,1.79,0.0,0.0,0.0,0.7586206896551724,2.5517241379310347,0.06896551724137931,0.20689655172413793,0.9655172413793104,1.7241379310344827,1.0344827586206897,44.0
Eli Junior Kroupi,FRA,MF,Bournemouth,Premier League,19,2006,28,16,1307,14.5,10,0,10,9,1,1,4,0,0.62,,1.37,,,,,,,,,,,,38,17,44.7,2.62,1.17,0.24,0.53,47,44.0,70.0,0,12,16.0,5,1.39,25,19,6,0.41,0.74,0,19,9,4,9,8,6,0,2.6206896551724137,0.4473684210526316,0.9655172413793104,1.3103448275862069,0.6206896551724138,0.27586206896551724,0.41,0.0,0.0,0.0,1.3103448275862069,1.7241379310344827,0.0,0.27586206896551724,0.6206896551724138,0.41379310344827586,0.5517241379310345,44.0
Mamadou Sarr,SEN,DF,Strasbourg,Ligue 1,20,2005,15,15,1305,14.5,0,0,0,0,0,0,3,0,0.0,,1.37,,,,,,,,,,,,1,0,0.0,0.07,0.0,0.0,,87,50.0,87.0,14,0,,0,1.47,21,16,5,0.34,0.07,0,16,11,0,0,5,13,0,0.06896551724137931,0.0,1.2413793103448276,1.103448275862069,0.0,0.20689655172413793,0.34,0.0,0.0,0.0,1.103448275862069,1.4482758620689655,0.0,0.0,0.7586206896551724,0.896551724137931,0.3448275862068966,50.0
Joško Gvardiol,CRO,DF,Manchester City,Premier League,24,2002,16,15,1302,14.5,2,2,4,2,0,0,2,0,0.28,,1.37,,,,,,,,,,,,16,5,31.3,1.11,0.35,0.13,0.4,81,45.2,85.0,12,1,34.0,1,2.25,35,13,22,1.52,0.72,0,16,7,0,2,14,13,0,1.103448275862069,0.3125,1.8620689655172413,1.103448275862069,0.13793103448275862,0.13793103448275862,1.52,0.0,0.0,0.0,0.896551724137931,2.413793103448276,0.13793103448275862,0.0,0.4827586206896552,0.896551724137931,0.9655172413793104,45.2
Unai López,ESP,MF,Rayo Vallecano,La Liga,30,1995,22,16,1301,14.5,0,3,3,0,0,0,7,1,0.21,,1.37,,,,,,,,,,,,19,4,21.1,1.31,0.28,0.0,0.0,59,46.6,74.0,4,6,20.0,4,1.32,14,10,4,0.28,1.06,1,27,12,1,50,16,14,0,1.3103448275862069,0.21052631578947367,2.0689655172413794,1.8620689655172413,3.4482758620689653,0.6896551724137931,0.28,0.0,0.0,0.0,0.6896551724137931,0.9655172413793104,0.20689655172413793,0.06896551724137931,0.8275862068965517,0.9655172413793104,1.103448275862069,46.6
Darlin Yongwa,CMR,DF,Lorient,Ligue 1,25,2000,22,14,1301,14.5,0,1,1,0,0,0,3,1,0.07,,1.37,,,,,,,,,,,,10,2,20.0,0.69,0.14,0.0,0.0,59,48.2,84.0,12,8,16.0,2,1.05,18,20,-2,-0.14,-0.01,0,14,22,1,37,11,24,0,0.6896551724137931,0.2,2.413793103448276,0.9655172413793104,2.5517241379310347,0.41379310344827586,-0.14,0.0,0.0,0.0,1.3793103448275863,1.2413793103448276,0.06896551724137931,0.06896551724137931,1.5172413793103448,1.6551724137931034,0.7586206896551724,48.2
Marius Bülter,GER,FW,Köln,Bundesliga,33,1993,28,14,1299,14.4,3,4,7,3,0,0,3,0,0.48,,1.37,,,,,,,,,,,,35,13,37.1,2.42,0.9,0.09,0.23,46,48.1,74.0,6,14,19.0,0,1.0,26,20,6,0.42,1.25,0,14,24,6,57,6,2,0,2.4305555555555554,0.37142857142857144,0.5555555555555556,0.9722222222222222,3.958333333333333,0.20833333333333331,0.42,0.0,0.0,0.0,1.3888888888888888,1.8055555555555556,0.2777777777777778,0.41666666666666663,1.6666666666666665,0.1388888888888889,0.41666666666666663,48.1
Martial Godo,CIV,MF,Strasbourg,Ligue 1,23,2003,24,15,1299,14.4,8,1,9,8,0,0,2,0,0.62,,1.37,,,,,,,,,,,,36,14,38.9,2.49,0.97,0.22,0.57,54,49.8,78.0,6,9,14.0,2,1.54,31,17,14,0.97,1.31,0,14,25,8,24,12,13,0,2.5,0.3888888888888889,1.7361111111111112,0.9722222222222222,1.6666666666666665,0.1388888888888889,0.97,0.0,0.0,0.0,1.1805555555555556,2.1527777777777777,0.06944444444444445,0.5555555555555556,1.7361111111111112,0.9027777777777778,0.8333333333333333,49.8
Igor Matanovic,CRO,FW,Freiburg,Bundesliga,23,2003,27,11,1297,14.4,8,1,9,7,1,2,0,0,0.56,,1.37,,,,,,,,,,,,47,16,34.0,3.26,1.11,0.15,0.44,48,48.0,85.0,7,16,22.0,1,1.59,20,20,0,0.0,0.26,0,38,20,6,0,8,10,0,3.263888888888889,0.3404255319148936,1.25,2.638888888888889,0.0,0.0,0.0,0.0,0.0,0.0,1.3888888888888888,1.3888888888888888,0.06944444444444445,0.41666666666666663,1.3888888888888888,0.6944444444444444,0.5555555555555556,48.0
William Mikelbrencis,FRA,MF,Hamburger SV,Bundesliga,22,2004,24,14,1296,14.4,0,4,4,0,0,0,3,0,0.28,,1.37,,,,,,,,,,,,12,6,50.0,0.83,0.42,0.0,0.0,54,48.0,81.0,5,10,16.0,6,1.08,16,32,-16,-1.11,-1.18,0,17,5,5,51,6,21,0,0.8333333333333333,0.5,1.875,1.1805555555555556,3.5416666666666665,0.20833333333333331,-1.11,0.0,0.0,0.0,2.2222222222222223,1.1111111111111112,0.2777777777777778,0.3472222222222222,0.3472222222222222,1.4583333333333333,0.41666666666666663,48.0
Nicolás Tagliafico,ARG,DF,Lyon,Ligue 1,33,1992,19,14,1296,14.4,0,3,3,0,0,0,5,2,0.21,,1.37,,,,,,,,,,,,15,1,6.7,1.04,0.07,0.0,0.0,68,48.0,85.0,8,5,21.0,3,1.47,21,14,7,0.49,-0.03,1,36,31,2,20,17,13,0,1.0416666666666667,0.06666666666666667,2.0833333333333335,2.5,1.3888888888888888,0.7638888888888888,0.49,0.0,0.0,0.0,0.9722222222222222,1.4583333333333333,0.20833333333333331,0.1388888888888889,2.1527777777777777,0.9027777777777778,1.1805555555555556,48.0
Eduardo Camavinga,FRA,MF,Real Madrid,La Liga,23,2002,23,14,1295,14.4,1,0,1,1,0,0,1,0,0.07,,1.37,,,,,,,,,,,,11,2,18.2,0.76,0.14,0.09,0.5,56,46.4,76.0,6,9,25.0,1,2.26,32,12,20,1.39,0.43,0,29,27,1,2,14,32,0,0.7638888888888888,0.18181818181818182,3.194444444444444,2.013888888888889,0.1388888888888889,0.06944444444444445,1.39,0.0,0.0,0.0,0.8333333333333333,2.2222222222222223,0.0,0.06944444444444445,1.875,2.2222222222222223,0.9722222222222222,46.4
Carlos Baleba,CMR,MF,Brighton,Premier League,22,2004,26,19,1295,14.4,0,0,0,0,0,0,5,0,0.0,,1.37,,,,,,,,,,,,15,1,6.7,1.04,0.07,0.0,0.0,50,43.6,63.0,2,7,13.0,1,1.42,14,18,-4,-0.28,-0.82,0,26,16,0,0,25,15,0,1.0416666666666667,0.06666666666666667,2.7777777777777777,1.8055555555555556,0.0,0.3472222222222222,-0.28,0.0,0.0,0.0,1.25,0.9722222222222222,0.0,0.0,1.1111111111111112,1.0416666666666667,1.7361111111111112,43.6
Raphinha,BRA,MF,Barcelona,La Liga,29,1996,20,17,1291,14.3,11,3,14,8,3,3,4,0,0.77,,1.37,,,,,,,,,,,,58,19,32.8,4.04,1.32,0.14,0.42,65,46.3,71.0,4,3,28.0,1,2.75,41,9,32,2.23,0.91,0,10,9,2,67,5,5,0,4.055944055944056,0.3275862068965517,0.6993006993006993,0.6993006993006993,4.685314685314685,0.2797202797202797,2.23,0.0,0.0,0.0,0.6293706293706294,2.867132867132867,0.2097902097902098,0.13986013986013984,0.6293706293706294,0.34965034965034963,0.34965034965034963,46.3
Mamadou Coulibaly,FRA,MF,Monaco,Ligue 1,22,2004,22,15,1291,14.3,3,3,6,3,0,0,5,1,0.42,,1.37,,,,,,,,,,,,10,4,40.0,0.7,0.28,0.3,0.75,59,47.8,75.0,5,7,23.0,3,1.68,25,27,-2,-0.14,-0.71,0,29,14,3,12,19,20,0,0.6993006993006993,0.4,2.727272727272727,2.027972027972028,0.8391608391608392,0.5594405594405594,-0.14,0.0,0.0,0.0,1.8881118881118881,1.7482517482517481,0.2097902097902098,0.2097902097902098,0.979020979020979,1.3986013986013985,1.3286713286713285,47.8
Nuno Tavares,POR,DF,Lazio,Serie A,26,2000,20,15,1286,14.3,0,0,0,0,0,0,3,0,0.0,,1.37,,,,,,,,,,,,15,1,6.7,1.05,0.07,0.0,0.0,64,43.3,80.0,9,5,16.0,9,1.35,17,13,4,0.28,0.28,0,14,19,4,92,16,18,0,1.048951048951049,0.06666666666666667,2.3776223776223775,0.979020979020979,6.433566433566433,0.2097902097902098,0.28,0.0,0.0,0.0,0.9090909090909091,1.1888111888111887,0.0,0.2797202797202797,1.3286713286713285,1.2587412587412588,1.1188811188811187,43.3
Toma Bašić,CRO,MF,Lazio,Serie A,29,1996,18,18,1285,14.3,2,2,4,2,0,0,0,1,0.28,,1.37,,,,,,,,,,,,28,11,39.3,1.96,0.77,0.07,0.18,71,43.3,71.0,5,0,,3,1.56,15,10,5,0.35,0.4,0,18,15,0,35,7,12,0,1.958041958041958,0.39285714285714285,1.3286713286713285,1.2587412587412588,2.4475524475524475,0.2097902097902098,0.35,0.0,0.0,0.0,0.6993006993006993,1.048951048951049,0.13986013986013984,0.0,1.048951048951049,0.8391608391608392,0.4895104895104895,43.3
Anthony Elanga,SWE,FW,Newcastle United,Premier League,23,2002,29,14,1283,14.3,0,1,1,0,0,0,0,0,0.07,,1.37,,,,,,,,,,,,16,4,25.0,1.12,0.28,0.0,0.0,44,43.2,70.0,2,15,20.0,0,1.14,20,27,-7,-0.49,-0.7,0,8,22,2,79,3,11,0,1.1188811188811187,0.25,0.979020979020979,0.5594405594405594,5.524475524475524,0.0,-0.49,0.0,0.0,0.0,1.8881118881118881,1.3986013986013985,0.06993006993006992,0.13986013986013984,1.5384615384615383,0.7692307692307692,0.2097902097902098,43.2
Marius Marin,ROU,MF,Pisa,Serie A,27,1998,23,18,1281,14.2,0,0,0,0,0,0,7,0,0.0,,1.37,,,,,,,,,,,,3,0,0.0,0.21,0.0,0.0,,56,43.1,66.0,4,5,19.0,4,0.65,7,22,-15,-1.05,0.07,0,36,20,0,18,14,26,0,0.21126760563380284,0.0,2.8169014084507045,2.535211267605634,1.267605633802817,0.49295774647887325,-1.05,0.0,0.0,0.0,1.5492957746478875,0.49295774647887325,0.0,0.0,1.4084507042253522,1.8309859154929577,0.9859154929577465,43.1
Alessandro Zanoli,ITA,MF,Udinese,Serie A,25,2000,19,16,1280,14.2,1,2,3,1,0,0,1,0,0.21,,1.37,,,,,,,,,,,,3,1,33.3,0.21,0.07,0.33,1.0,67,43.1,75.0,1,3,26.0,1,1.16,16,18,-2,-0.14,0.02,0,16,5,1,40,7,18,0,0.21126760563380284,0.3333333333333333,1.7605633802816902,1.1267605633802817,2.8169014084507045,0.07042253521126761,-0.14,0.0,0.0,0.0,1.267605633802817,1.1267605633802817,0.14084507042253522,0.07042253521126761,0.35211267605633806,1.267605633802817,0.49295774647887325,43.1
Louis Leroux,FRA,MF,Nantes,Ligue 1,20,2006,19,14,1279,14.2,1,1,2,1,0,0,2,0,0.14,,1.37,,,,,,,,,,,,13,3,23.1,0.91,0.21,0.08,0.33,67,49.0,81.0,7,5,28.0,2,0.89,12,20,-8,-0.56,0.32,0,11,13,1,28,4,17,0,0.9154929577464789,0.23076923076923078,1.4788732394366197,0.7746478873239437,1.971830985915493,0.14084507042253522,-0.56,0.0,0.0,0.0,1.4084507042253522,0.8450704225352114,0.07042253521126761,0.07042253521126761,0.9154929577464789,1.1971830985915493,0.28169014084507044,49.0
Habib Diarra,SEN,MF,Sunderland,Premier League,22,2004,16,14,1278,14.2,2,1,3,1,1,1,4,0,0.14,,1.37,,,,,,,,,,,,21,8,38.1,1.48,0.56,0.05,0.13,80,43.0,86.0,8,2,36.0,0,1.31,15,15,0,0.0,0.21,0,17,24,1,23,4,6,0,1.4788732394366197,0.38095238095238093,0.7042253521126761,1.1971830985915493,1.619718309859155,0.28169014084507044,0.0,0.0,0.0,0.0,1.0563380281690142,1.0563380281690142,0.07042253521126761,0.07042253521126761,1.6901408450704227,0.4225352112676057,0.28169014084507044,43.0
Bradley Locko,FRA,DF,Brest,Ligue 1,23,2002,20,14,1277,14.2,0,2,2,0,0,0,0,0,0.14,,1.37,,,,,,,,,,,,2,1,50.0,0.14,0.07,0.0,0.0,64,48.9,84.0,8,6,18.0,1,1.1,20,23,-3,-0.21,-0.01,0,11,18,2,34,9,28,0,0.14084507042253522,0.5,2.6056338028169015,0.7746478873239437,2.3943661971830985,0.0,-0.21,0.0,0.0,0.0,1.619718309859155,1.4084507042253522,0.14084507042253522,0.14084507042253522,1.267605633802817,1.971830985915493,0.6338028169014085,48.9
Manu Morlanes,ESP,MF,Mallorca,La Liga,27,1999,25,16,1277,14.2,2,0,2,2,0,0,4,1,0.14,,1.37,,,,,,,,,,,,9,3,33.3,0.63,0.21,0.22,0.67,51,45.8,70.0,1,9,18.0,2,1.16,19,23,-4,-0.28,0.02,1,17,7,0,5,14,21,0,0.6338028169014085,0.3333333333333333,2.4647887323943665,1.1971830985915493,0.35211267605633806,0.49295774647887325,-0.28,0.0,0.0,0.0,1.619718309859155,1.3380281690140845,0.0,0.0,0.49295774647887325,1.4788732394366197,0.9859154929577465,45.8
Bafodé Diakité,FRA,DF,Bournemouth,Premier League,25,2001,18,15,1277,14.2,0,0,0,0,0,0,1,0,0.0,,1.37,,,,,,,,,,,,1,0,0.0,0.07,0.0,0.0,,71,43.0,84.0,13,3,6.0,14,1.28,21,27,-6,-0.42,-0.74,0,8,4,2,1,10,15,0,0.07042253521126761,0.0,1.7605633802816902,0.5633802816901409,0.07042253521126761,0.07042253521126761,-0.42,0.0,0.0,0.0,1.9014084507042255,1.4788732394366197,0.0,0.14084507042253522,0.28169014084507044,1.0563380281690142,0.7042253521126761,43.0
Ferran Jutglà,ESP,FW,Celta Vigo,La Liga,27,1999,23,17,1276,14.2,7,2,9,7,0,0,4,0,0.63,,1.37,,,,,,,,,,,,39,23,59.0,2.75,1.62,0.18,0.3,55,45.7,69.0,2,6,18.0,5,1.3,19,19,0,0.0,-0.24,0,19,23,4,13,7,2,0,2.746478873239437,0.5897435897435898,0.6338028169014085,1.3380281690140845,0.9154929577464789,0.28169014084507044,0.0,0.0,0.0,0.0,1.3380281690140845,1.3380281690140845,0.14084507042253522,0.28169014084507044,1.619718309859155,0.14084507042253522,0.49295774647887325,45.7
Jonathan Rowe,ENG,MF,Bologna,Serie A,22,2003,23,14,1275,14.2,2,1,3,2,0,0,2,0,0.21,,1.37,,,,,,,,,,,,38,13,34.2,2.68,0.92,0.05,0.15,55,42.9,73.0,1,9,29.0,8,1.26,16,15,1,0.07,-0.04,0,19,37,4,46,6,12,0,2.676056338028169,0.34210526315789475,1.267605633802817,1.3380281690140845,3.23943661971831,0.14084507042253522,0.07,0.0,0.0,0.0,1.0563380281690142,1.1267605633802817,0.07042253521126761,0.28169014084507044,2.6056338028169015,0.8450704225352114,0.4225352112676057,42.9
Phillip Tietz,GER,FW,Mainz 05,Bundesliga,28,1997,15,15,1274,14.2,3,1,4,3,0,1,2,0,0.28,,1.37,,,,,,,,,,,,40,19,47.5,2.83,1.34,0.08,0.16,85,47.2,85.0,8,0,,0,1.73,22,17,5,0.35,1.24,0,25,14,12,4,6,3,0,2.8169014084507045,0.475,0.6338028169014085,1.7605633802816902,0.28169014084507044,0.14084507042253522,0.35,0.0,0.0,0.0,1.1971830985915493,1.5492957746478875,0.07042253521126761,0.8450704225352114,0.9859154929577465,0.21126760563380284,0.4225352112676057,47.2
Ngal'Ayel Mukau,COD,MF,Lille,Ligue 1,21,2004,26,15,1273,14.1,1,0,1,1,0,0,3,0,0.07,,1.37,,,,,,,,,,,,18,4,22.2,1.27,0.28,0.06,0.25,49,47.1,73.0,2,11,16.0,1,1.81,22,19,3,0.21,-0.54,0,21,17,4,1,10,15,0,1.2765957446808511,0.2222222222222222,1.773049645390071,1.4893617021276595,0.07092198581560284,0.2127659574468085,0.21,0.0,0.0,0.0,1.3475177304964538,1.5602836879432624,0.0,0.28368794326241137,1.2056737588652482,1.0638297872340425,0.7092198581560284,47.1
Jackson Irvine,AUS,MF,St Pauli,Bundesliga,33,1993,20,14,1272,14.1,0,0,0,0,0,0,2,1,0.0,,1.37,,,,,,,,,,,,16,3,18.8,1.13,0.21,0.0,0.0,64,47.1,84.0,9,6,16.0,2,0.95,14,15,-1,-0.07,1.44,1,15,12,1,9,26,11,0,1.1347517730496455,0.1875,2.624113475177305,1.0638297872340425,0.6382978723404256,0.3546099290780142,-0.07,0.0,0.0,0.0,1.0638297872340425,0.9929078014184397,0.0,0.07092198581560284,0.851063829787234,0.7801418439716312,1.8439716312056738,47.1
Achraf Hakimi,MAR,DF,Paris Saint-Germain,Ligue 1,27,1998,16,13,1271,14.1,2,1,3,2,0,0,3,1,0.21,,1.37,,,,,,,,,,,,23,7,30.4,1.63,0.5,0.09,0.29,79,50.4,89.0,12,3,39.0,1,2.13,27,15,12,0.85,-0.95,0,9,17,4,42,11,12,0,1.6312056737588654,0.30434782608695654,1.6312056737588654,0.6382978723404256,2.978723404255319,0.425531914893617,0.85,0.0,0.0,0.0,1.0638297872340425,1.9148936170212767,0.07092198581560284,0.28368794326241137,1.2056737588652482,0.851063829787234,0.7801418439716312,50.4
Matteo Prati,ITA,MF,Cagliari,Serie A,22,2003,20,15,1268,14.1,1,0,1,1,0,0,4,0,0.07,,1.37,,,,,,,,,,,,19,1,5.3,1.35,0.07,0.05,1.0,63,42.7,74.0,5,5,30.0,2,1.05,13,20,-7,-0.5,-0.13,0,17,3,0,13,15,12,0,1.3475177304964538,0.05263157894736842,1.9148936170212767,1.2056737588652482,0.9219858156028369,0.28368794326241137,-0.5,0.0,0.0,0.0,1.4184397163120568,0.9219858156028369,0.0,0.0,0.2127659574468085,0.851063829787234,1.0638297872340425,42.7
Senny Mayulu,FRA,MF,Paris Saint-Germain,Ligue 1,19,2006,20,17,1267,14.1,3,4,7,3,0,0,2,0,0.5,,1.37,,,,,,,,,,,,24,7,29.2,1.7,0.5,0.13,0.43,63,50.3,70.0,3,3,28.0,0,2.1,29,11,18,1.28,-0.09,0,20,18,1,19,6,23,0,1.702127659574468,0.2916666666666667,2.0567375886524824,1.4184397163120568,1.3475177304964538,0.14184397163120568,1.28,0.0,0.0,0.0,0.7801418439716312,2.0567375886524824,0.28368794326241137,0.07092198581560284,1.2765957446808511,1.6312056737588654,0.425531914893617,50.3
Unai Núñez,ESP,DF,Hellas Verona,Serie A,29,1997,17,15,1265,14.1,0,0,0,0,0,0,6,0,0.0,,1.37,,,,,,,,,,,,7,1,14.3,0.5,0.07,0.0,0.0,74,42.6,82.0,12,2,21.0,1,0.71,12,26,-14,-1.0,0.01,0,27,10,0,11,23,18,1,0.49645390070921985,0.14285714285714285,2.9078014184397163,1.9148936170212767,0.7801418439716312,0.425531914893617,-1.0,0.0,0.0,0.0,1.8439716312056738,0.851063829787234,0.0,0.0,0.7092198581560284,1.2765957446808511,1.6312056737588654,42.6
Armel Bella Kotchap,GER,DF,Hellas Verona,Serie A,24,2001,17,13,1264,14.0,0,0,0,0,0,0,3,0,0.0,,1.37,,,,,,,,,,,,3,0,0.0,0.21,0.0,0.0,,74,42.6,86.0,10,4,37.0,4,0.59,13,26,-13,-0.93,0.13,0,22,15,0,1,29,10,0,0.21428571428571427,0.0,2.7857142857142856,1.5714285714285714,0.07142857142857142,0.21428571428571427,-0.93,0.0,0.0,0.0,1.8571428571428572,0.9285714285714286,0.0,0.0,1.0714285714285714,0.7142857142857143,2.0714285714285716,42.6
Tolu Arokodare,NGA,FW,Wolves,Premier League,25,2000,28,12,1264,14.0,3,1,4,3,0,1,1,0,0.28,,1.37,,,,,,,,,,,,38,13,34.2,2.71,0.93,0.08,0.23,45,42.6,81.0,7,16,18.0,2,0.61,15,26,-11,-0.78,0.59,0,17,13,6,0,5,3,0,2.7142857142857144,0.34210526315789475,0.5714285714285714,1.2142857142857142,0.0,0.07142857142857142,-0.78,0.0,0.0,0.0,1.8571428571428572,1.0714285714285714,0.07142857142857142,0.42857142857142855,0.9285714285714286,0.21428571428571427,0.35714285714285715,42.6
Warmed Omari,COM,DF,Hamburger SV,Bundesliga,25,2000,16,13,1262,14.0,0,0,0,0,0,0,0,0,0.0,,1.37,,,,,,,,,,,,3,1,33.3,0.21,0.07,0.0,0.0,79,46.7,87.0,10,3,45.0,0,0.94,12,23,-11,-0.78,-0.53,0,13,9,0,3,18,13,0,0.21428571428571427,0.3333333333333333,2.2142857142857144,0.9285714285714286,0.21428571428571427,0.0,-0.78,0.0,0.0,0.0,1.6428571428571428,0.8571428571428571,0.0,0.0,0.6428571428571429,0.9285714285714286,1.2857142857142858,46.7
Vitaly Janelt,GER,MF,Brentford,Premier League,27,1998,22,13,1261,14.0,1,4,5,1,0,0,7,0,0.36,,1.37,,,,,,,,,,,,12,3,25.0,0.86,0.21,0.08,0.33,57,42.5,83.0,10,9,20.0,2,1.5,24,16,8,0.57,0.78,0,17,12,0,53,26,16,0,0.8571428571428571,0.25,3.0,1.2142857142857142,3.7857142857142856,0.5,0.57,0.0,0.0,0.0,1.1428571428571428,1.7142857142857142,0.2857142857142857,0.0,0.8571428571428571,1.1428571428571428,1.8571428571428572,42.5
Junior Mwanga,FRA,MF,Nantes,Ligue 1,22,2003,15,15,1260,14.0,1,1,2,1,0,0,2,1,0.14,,1.37,,,,,,,,,,,,9,3,33.3,0.64,0.21,0.11,0.33,84,48.3,84.0,12,0,,0,0.73,15,27,-12,-0.86,-0.26,0,15,14,0,5,8,14,0,0.6428571428571429,0.3333333333333333,1.5714285714285714,1.0714285714285714,0.35714285714285715,0.35714285714285715,-0.86,0.0,0.0,0.0,1.9285714285714286,1.0714285714285714,0.07142857142857142,0.0,1.0,1.0,0.5714285714285714,48.3
Chrislain Matsima,FRA,DF,Augsburg,Bundesliga,23,2002,14,14,1260,14.0,1,1,2,1,0,0,5,0,0.14,,1.37,,,,,,,,,,,,6,1,16.7,0.43,0.07,0.17,1.0,90,46.7,90.0,14,0,,0,0.93,17,28,-11,-0.79,-0.47,0,8,4,0,4,29,9,0,0.42857142857142855,0.16666666666666666,2.7142857142857144,0.5714285714285714,0.2857142857142857,0.35714285714285715,-0.79,0.0,0.0,0.0,2.0,1.2142857142857142,0.07142857142857142,0.0,0.2857142857142857,0.6428571428571429,2.0714285714285716,46.7
Carlos Vicente,ESP,MF,Alavés,La Liga,26,1999,21,11,1258,14.0,5,0,5,2,3,3,1,0,0.14,,1.37,,,,,,,,,,,,12,6,50.0,0.86,0.43,0.17,0.33,60,45.1,79.0,6,10,39.0,0,1.05,12,19,-7,-0.5,-0.27,0,12,42,10,128,7,18,0,0.8571428571428571,0.5,1.7857142857142858,0.8571428571428571,9.142857142857142,0.07142857142857142,-0.5,0.0,0.0,0.0,1.3571428571428572,0.8571428571428571,0.0,0.7142857142857143,3.0,1.2857142857142858,0.5,45.1
Khvicha Kvaratskhelia,GEO,FW,Paris Saint-Germain,Ligue 1,25,2001,24,15,1257,14.0,5,4,9,5,0,0,1,0,0.64,,1.37,,,,,,,,,,,,60,25,41.7,4.3,1.79,0.08,0.2,52,49.9,68.0,3,9,26.0,1,2.21,25,11,14,1.0,-0.64,0,17,24,4,40,8,12,0,4.285714285714286,0.4166666666666667,1.4285714285714286,1.2142857142857142,2.857142857142857,0.07142857142857142,1.0,0.0,0.0,0.0,0.7857142857142857,1.7857142857142858,0.2857142857142857,0.2857142857142857,1.7142857142857142,0.8571428571428571,0.5714285714285714,49.9
Lamine Sy,MTN,DF,Auxerre,Ligue 1,23,2002,20,14,1254,13.9,0,0,0,0,0,0,1,0,0.0,,1.37,,,,,,,,,,,,9,1,11.1,0.65,0.07,0.0,0.0,63,46.4,84.0,10,6,13.0,10,0.8,13,17,-4,-0.29,0.34,0,17,13,2,36,16,24,0,0.6474820143884892,0.1111111111111111,2.8776978417266186,1.223021582733813,2.5899280575539567,0.07194244604316546,-0.29,0.0,0.0,0.0,1.223021582733813,0.935251798561151,0.0,0.14388489208633093,0.935251798561151,1.7266187050359711,1.1510791366906474,46.4
Lee Kang-in,KOR,MF,Paris Saint-Germain,Ligue 1,25,2001,23,15,1254,13.9,2,3,5,2,0,0,3,0,0.36,,1.37,,,,,,,,,,,,32,12,37.5,2.3,0.86,0.06,0.17,55,49.8,70.0,4,8,26.0,1,2.17,32,12,20,1.44,0.23,0,17,19,2,78,1,7,0,2.302158273381295,0.375,0.5755395683453237,1.223021582733813,5.611510791366906,0.2158273381294964,1.44,0.0,0.0,0.0,0.8633093525179856,2.302158273381295,0.2158273381294964,0.14388489208633093,1.3669064748201438,0.5035971223021583,0.07194244604316546,49.8
Frank Magri,CMR,FW,Toulouse,Ligue 1,26,1999,17,16,1253,13.9,5,1,6,5,0,1,3,0,0.43,,1.37,,,,,,,,,,,,33,12,36.4,2.37,0.86,0.15,0.42,74,46.4,77.0,3,1,28.0,0,1.53,18,17,1,0.07,0.2,0,28,22,3,15,3,3,0,2.3741007194244603,0.36363636363636365,0.4316546762589928,2.014388489208633,1.079136690647482,0.2158273381294964,0.07,0.0,0.0,0.0,1.223021582733813,1.2949640287769784,0.07194244604316546,0.2158273381294964,1.5827338129496402,0.2158273381294964,0.2158273381294964,46.4
Ermedin Demirović,BIH,FW,Stuttgart,Bundesliga,28,1998,21,15,1252,13.9,9,3,12,8,1,1,4,0,0.79,,1.37,,,,,,,,,,,,31,16,51.6,2.23,1.15,0.26,0.5,60,46.4,79.0,7,6,10.0,0,2.0,29,15,14,1.01,0.63,0,30,20,8,1,2,9,0,2.2302158273381294,0.5161290322580645,0.7913669064748201,2.158273381294964,0.07194244604316546,0.28776978417266186,1.01,0.0,0.0,0.0,1.079136690647482,2.0863309352517985,0.2158273381294964,0.5755395683453237,1.4388489208633093,0.6474820143884892,0.14388489208633093,46.4
Dermane Karim,TOG,MF,Lorient,Ligue 1,22,2003,26,14,1252,13.9,1,2,3,1,0,0,3,0,0.22,,1.37,,,,,,,,,,,,15,2,13.3,1.08,0.14,0.07,0.5,48,46.4,72.0,2,12,20.0,1,1.42,16,23,-7,-0.5,-0.69,0,18,37,0,16,10,14,0,1.079136690647482,0.13333333333333333,1.7266187050359711,1.2949640287769784,1.1510791366906474,0.2158273381294964,-0.5,0.0,0.0,0.0,1.6546762589928057,1.1510791366906474,0.14388489208633093,0.0,2.661870503597122,1.0071942446043165,0.7194244604316546,46.4
Jean Mattéo Bahoya,FRA,MF,Eintracht Frankfurt,Bundesliga,20,2005,24,14,1251,13.9,3,4,7,3,0,0,1,0,0.5,,1.37,,,,,,,,,,,,25,8,32.0,1.8,0.58,0.12,0.38,52,46.3,72.0,4,10,24.0,2,1.38,21,26,-5,-0.36,-0.55,0,12,21,2,31,11,12,0,1.7985611510791366,0.32,1.6546762589928057,0.8633093525179856,2.2302158273381294,0.07194244604316546,-0.36,0.0,0.0,0.0,1.870503597122302,1.5107913669064748,0.28776978417266186,0.14388489208633093,1.5107913669064748,0.8633093525179856,0.7913669064748201,46.3
Jamil Siebert,GER,DF,Lecce,Serie A,24,2002,16,13,1251,13.9,1,0,1,1,0,0,3,0,0.07,,1.37,,,,,,,,,,,,6,2,33.3,0.43,0.14,0.17,0.5,78,42.1,89.0,12,3,31.0,17,0.69,5,25,-20,-1.44,-1.23,0,18,6,0,4,11,12,0,0.4316546762589928,0.3333333333333333,1.6546762589928057,1.2949640287769784,0.28776978417266186,0.2158273381294964,-1.44,0.0,0.0,0.0,1.7985611510791366,0.3597122302158273,0.0,0.0,0.4316546762589928,0.8633093525179856,0.7913669064748201,42.1
Martim Neto,POR,MF,Elche,La Liga,23,2003,23,14,1248,13.9,2,5,7,2,0,0,2,0,0.5,,1.37,,,,,,,,,,,,12,4,33.3,0.87,0.29,0.17,0.5,54,44.7,69.0,1,9,32.0,5,0.87,16,20,-4,-0.29,-0.05,0,18,10,0,28,2,9,0,0.8633093525179856,0.3333333333333333,0.7913669064748201,1.2949640287769784,2.014388489208633,0.14388489208633093,-0.29,0.0,0.0,0.0,1.4388489208633093,1.1510791366906474,0.3597122302158273,0.0,0.7194244604316546,0.6474820143884892,0.14388489208633093,44.7
Soumaïla Coulibaly,FRA,DF,Brest,Ligue 1,22,2003,15,14,1248,13.9,0,0,0,0,0,0,3,0,0.0,,1.37,,,,,,,,,,,,6,2,33.3,0.43,0.14,0.0,0.0,83,47.8,88.0,12,1,15.0,4,0.87,14,25,-11,-0.79,-1.12,0,25,16,1,1,13,12,1,0.4316546762589928,0.3333333333333333,1.7985611510791366,1.7985611510791366,0.07194244604316546,0.2158273381294964,-0.79,0.0,0.0,0.0,1.7985611510791366,1.0071942446043165,0.0,0.07194244604316546,1.1510791366906474,0.8633093525179856,0.935251798561151,47.8
Jens Odgaard,DEN,MF,Bologna,Serie A,27,1999,23,15,1246,13.8,5,1,6,5,0,0,1,0,0.43,,1.37,,,,,,,,,,,,33,13,39.4,2.38,0.94,0.15,0.38,54,42.0,75.0,4,8,15.0,7,1.61,22,20,2,0.14,0.09,0,26,27,3,13,4,10,0,2.391304347826087,0.3939393939393939,1.0144927536231882,1.8840579710144927,0.9420289855072463,0.07246376811594203,0.14,0.0,0.0,0.0,1.4492753623188406,1.5942028985507246,0.07246376811594203,0.21739130434782608,1.9565217391304346,0.7246376811594203,0.2898550724637681,42.0
Lucas Beltrán,ARG,FW,Valencia,La Liga,25,2001,25,14,1242,13.8,1,2,3,1,0,0,1,0,0.22,,1.37,,,,,,,,,,,,33,9,27.3,2.39,0.65,0.03,0.11,50,44.5,70.0,2,11,23.0,0,1.0,15,19,-4,-0.29,0.18,0,23,39,3,10,4,9,0,2.391304347826087,0.2727272727272727,0.9420289855072463,1.6666666666666665,0.7246376811594203,0.07246376811594203,-0.29,0.0,0.0,0.0,1.3768115942028984,1.0869565217391304,0.14492753623188406,0.21739130434782608,2.826086956521739,0.6521739130434783,0.2898550724637681,44.5
Daniel Elfadli,LBY,DF,Hamburger SV,Bundesliga,29,1997,20,15,1241,13.8,0,0,0,0,0,0,6,1,0.0,,1.37,,,,,,,,,,,,4,1,25.0,0.29,0.07,0.0,0.0,62,46.0,77.0,8,5,18.0,5,1.05,15,21,-6,-0.44,0.12,1,20,15,0,0,20,14,0,0.2898550724637681,0.25,2.463768115942029,1.4492753623188406,0.0,0.6521739130434783,-0.44,0.0,0.0,0.0,1.5217391304347825,1.0869565217391304,0.0,0.0,1.0869565217391304,1.0144927536231882,1.4492753623188406,46.0
Tom Louchet,FRA,MF,Nice,Ligue 1,22,2003,24,13,1241,13.8,3,2,5,3,0,0,1,1,0.36,,1.37,,,,,,,,,,,,21,6,28.6,1.52,0.44,0.14,0.5,52,46.0,78.0,3,11,20.0,3,1.13,14,26,-12,-0.87,-0.25,0,16,11,0,41,9,15,0,1.5217391304347825,0.2857142857142857,1.7391304347826086,1.1594202898550725,2.971014492753623,0.2898550724637681,-0.87,0.0,0.0,0.0,1.8840579710144927,1.0144927536231882,0.14492753623188406,0.0,0.7971014492753623,1.0869565217391304,0.6521739130434783,46.0
Mathías Olivera,URU,DF,Napoli,Serie A,28,1997,22,13,1241,13.8,0,0,0,0,0,0,3,0,0.0,,1.37,,,,,,,,,,,,8,3,37.5,0.58,0.22,0.0,0.0,56,41.8,78.0,6,9,26.0,9,2.05,17,13,4,0.29,-0.28,0,15,8,0,6,13,21,0,0.5797101449275363,0.375,2.463768115942029,1.0869565217391304,0.43478260869565216,0.21739130434782608,0.29,0.0,0.0,0.0,0.9420289855072463,1.2318840579710144,0.0,0.0,0.5797101449275363,1.5217391304347825,0.9420289855072463,41.8
Raoul Bellanova,ITA,MF,Atalanta,Serie A,25,2000,21,13,1241,13.8,0,1,1,0,0,0,1,0,0.07,,1.37,,,,,,,,,,,,13,5,38.5,0.94,0.36,0.0,0.0,59,41.8,78.0,9,8,28.0,2,1.38,17,20,-3,-0.22,-1.21,0,3,9,2,79,8,9,0,0.9420289855072463,0.38461538461538464,1.2318840579710144,0.21739130434782608,5.72463768115942,0.07246376811594203,-0.22,0.0,0.0,0.0,1.4492753623188406,1.2318840579710144,0.07246376811594203,0.14492753623188406,0.6521739130434783,0.6521739130434783,0.5797101449275363,41.8
Lewis Ferguson,SCO,MF,Bologna,Serie A,26,1999,22,13,1238,13.8,1,0,1,1,0,0,7,1,0.07,,1.37,,,,,,,,,,,,11,2,18.2,0.8,0.15,0.09,0.5,56,41.7,84.0,10,9,16.0,9,1.05,15,21,-6,-0.44,-0.9,1,30,21,3,17,10,12,0,0.7971014492753623,0.18181818181818182,1.5942028985507246,2.1739130434782608,1.2318840579710144,0.7246376811594203,-0.44,0.0,0.0,0.0,1.5217391304347825,1.0869565217391304,0.0,0.21739130434782608,1.5217391304347825,0.8695652173913043,0.7246376811594203,41.7
Nuno Mendes,POR,DF,Paris Saint-Germain,Ligue 1,23,2002,19,13,1237,13.7,4,5,9,3,1,1,1,0,0.58,,1.37,,,,,,,,,,,,29,14,48.3,2.11,1.02,0.1,0.21,65,49.1,85.0,10,6,23.0,4,2.21,29,12,17,1.24,-0.17,0,12,24,3,43,14,20,0,2.1167883211678835,0.4827586206896552,2.4817518248175183,0.8759124087591241,3.1386861313868613,0.07299270072992702,1.24,0.0,0.0,0.0,0.8759124087591241,2.1167883211678835,0.36496350364963503,0.21897810218978103,1.7518248175182483,1.4598540145985401,1.0218978102189782,49.1
Jonathan Burkardt,GER,FW,Eintracht Frankfurt,Bundesliga,25,2000,18,14,1233,13.7,10,0,10,8,2,2,1,0,0.58,,1.37,,,,,,,,,,,,36,18,50.0,2.63,1.31,0.22,0.44,69,45.7,81.0,4,4,25.0,0,1.56,30,14,16,1.17,2.27,0,12,14,1,4,1,2,0,2.6277372262773726,0.5,0.21897810218978103,0.8759124087591241,0.29197080291970806,0.07299270072992702,1.17,0.0,0.0,0.0,1.0218978102189782,2.18978102189781,0.0,0.07299270072992702,1.0218978102189782,0.14598540145985403,0.07299270072992702,45.7
Javi Galán,ESP,DF,Osasuna,La Liga,31,1994,14,14,1230,13.7,0,1,1,0,0,0,2,0,0.07,,1.37,,,,,,,,,,,,4,1,25.0,0.29,0.07,0.0,0.0,88,44.1,88.0,12,0,,0,1.5,18,18,0,0.0,0.06,0,23,28,0,52,23,25,0,0.29197080291970806,0.25,3.5036496350364965,1.6788321167883213,3.7956204379562046,0.14598540145985403,0.0,0.0,0.0,0.0,1.3138686131386863,1.3138686131386863,0.07299270072992702,0.0,2.0437956204379564,1.8248175182481752,1.6788321167883213,44.1
Andre-Frank Zambo Anguissa,CMR,MF,Napoli,Serie A,30,1995,17,14,1227,13.6,4,1,5,4,0,0,1,0,0.37,,1.37,,,,,,,,,,,,23,9,39.1,1.69,0.66,0.17,0.44,72,41.3,81.0,11,3,31.0,0,2.06,18,14,4,0.29,-0.27,0,18,17,0,15,13,14,0,1.6911764705882353,0.391304347826087,1.9852941176470589,1.3235294117647058,1.1029411764705883,0.07352941176470588,0.29,0.0,0.0,0.0,1.0294117647058825,1.3235294117647058,0.07352941176470588,0.0,1.25,1.0294117647058825,0.9558823529411765,41.3
Mathias Honsak,AUT,MF,Heidenheim,Bundesliga,29,1996,25,15,1223,13.6,2,1,3,2,0,0,1,0,0.22,,1.37,,,,,,,,,,,,31,8,25.8,2.28,0.59,0.06,0.25,49,45.3,67.0,1,10,21.0,2,0.56,11,30,-19,-1.4,-0.55,0,11,15,9,25,16,12,0,2.2794117647058822,0.25806451612903225,2.058823529411765,0.8088235294117647,1.8382352941176472,0.07352941176470588,-1.4,0.0,0.0,0.0,2.2058823529411766,0.8088235294117647,0.07352941176470588,0.6617647058823529,1.1029411764705883,0.8823529411764706,1.1764705882352942,45.3
Alex Baena,ESP,MF,Atlético Madrid,La Liga,24,2001,22,16,1221,13.6,2,2,4,2,0,0,4,0,0.29,,1.37,,,,,,,,,,,,23,6,26.1,1.7,0.44,0.09,0.33,56,43.8,67.0,3,6,24.0,2,1.77,20,10,10,0.74,0.22,0,23,24,8,101,9,9,0,1.6911764705882353,0.2608695652173913,1.3235294117647058,1.6911764705882353,7.426470588235294,0.29411764705882354,0.74,0.0,0.0,0.0,0.7352941176470589,1.4705882352941178,0.14705882352941177,0.5882352941176471,1.7647058823529411,0.6617647058823529,0.6617647058823529,43.8
Alexander Prass,AUT,MF,Hoffenheim,Bundesliga,24,2001,28,12,1221,13.6,3,2,5,3,0,0,3,0,0.37,,1.37,,,,,,,,,,,,17,10,58.8,1.25,0.74,0.18,0.3,44,45.2,80.0,4,16,16.0,2,1.89,25,22,3,0.22,-0.51,0,24,21,2,45,6,22,0,1.25,0.5882352941176471,2.058823529411765,1.7647058823529411,3.308823529411765,0.22058823529411764,0.22,0.0,0.0,0.0,1.6176470588235294,1.8382352941176472,0.14705882352941177,0.14705882352941177,1.5441176470588236,1.6176470588235294,0.4411764705882353,45.2
Alejandro Garnacho,ARG,MF,Chelsea,Premier League,21,2004,22,14,1221,13.6,1,4,5,1,0,0,2,0,0.37,,1.37,,,,,,,,,,,,31,7,22.6,2.29,0.52,0.03,0.14,56,41.1,68.0,4,8,33.0,8,1.45,20,18,2,0.15,-0.32,0,8,23,1,60,4,12,0,2.2794117647058822,0.22580645161290322,1.1764705882352942,0.5882352941176471,4.411764705882353,0.14705882352941177,0.15,0.0,0.0,0.0,1.3235294117647058,1.4705882352941178,0.29411764705882354,0.07352941176470588,1.6911764705882353,0.8823529411764706,0.29411764705882354,41.1
Tommaso Pobega,ITA,MF,Bologna,Serie A,26,1999,23,14,1220,13.6,2,1,3,2,0,0,1,1,0.22,,1.37,,,,,,,,,,,,23,9,39.1,1.7,0.66,0.09,0.22,53,41.1,76.0,7,9,18.0,6,1.61,18,17,1,0.07,-0.03,0,28,12,0,2,18,17,0,1.6911764705882353,0.391304347826087,2.573529411764706,2.058823529411765,0.14705882352941177,0.29411764705882354,0.07,0.0,0.0,0.0,1.25,1.3235294117647058,0.07352941176470588,0.0,0.8823529411764706,1.25,1.3235294117647058,41.1
Serge Gnabry,GER,MF,Bayern Munich,Bundesliga,30,1995,21,16,1219,13.5,8,6,14,8,0,0,1,0,1.03,,1.37,,,,,,,,,,,,50,17,34.0,3.69,1.26,0.16,0.47,58,45.1,68.0,1,5,26.0,4,2.71,48,14,34,2.51,-0.29,0,9,6,6,21,4,10,0,3.7037037037037037,0.34,1.037037037037037,0.6666666666666666,1.5555555555555556,0.07407407407407407,2.51,0.0,0.0,0.0,1.037037037037037,3.5555555555555554,0.4444444444444444,0.4444444444444444,0.4444444444444444,0.7407407407407407,0.2962962962962963,45.1
Kenneth Taylor,NED,MF,Lazio,Serie A,23,2002,14,14,1218,13.5,3,2,5,3,0,0,4,0,0.37,,1.37,,,,,,,,,,,,16,6,37.5,1.18,0.44,0.19,0.5,87,41.0,87.0,8,0,,0,1.57,13,14,-1,-0.07,-0.33,0,13,12,0,9,9,11,0,1.1851851851851851,0.375,1.4814814814814814,0.9629629629629629,0.6666666666666666,0.2962962962962963,-0.07,0.0,0.0,0.0,1.037037037037037,0.9629629629629629,0.14814814814814814,0.0,0.8888888888888888,0.8148148148148148,0.6666666666666666,41.0
Takefusa Kubo,JPN,MF,Real Sociedad,La Liga,24,2001,19,13,1216,13.5,2,4,6,2,0,0,1,0,0.44,,1.37,,,,,,,,,,,,25,12,48.0,1.85,0.89,0.08,0.17,64,43.6,79.0,3,6,31.0,1,1.11,15,18,-3,-0.22,-0.45,0,7,39,10,32,7,15,0,1.8518518518518519,0.48,1.6296296296296295,0.5185185185185185,2.3703703703703702,0.07407407407407407,-0.22,0.0,0.0,0.0,1.3333333333333333,1.1111111111111112,0.2962962962962963,0.7407407407407407,2.888888888888889,1.1111111111111112,0.5185185185185185,43.6
Luca Pellegrini,ITA,DF,Lazio,Serie A,27,1999,21,14,1215,13.5,0,0,0,0,0,0,6,0,0.0,,1.37,,,,,,,,,,,,5,3,60.0,0.37,0.22,0.0,0.0,58,40.9,73.0,2,7,27.0,7,1.43,12,13,-1,-0.07,-0.33,0,21,11,0,48,14,13,0,0.37037037037037035,0.6,2.0,1.5555555555555556,3.5555555555555554,0.4444444444444444,-0.07,0.0,0.0,0.0,0.9629629629629629,0.8888888888888888,0.0,0.0,0.8148148148148148,0.9629629629629629,1.037037037037037,40.9
Jean-Ricner Bellegarde,HAI,MF,Wolves,Premier League,27,1998,24,15,1212,13.5,1,1,2,1,0,0,5,0,0.15,,1.37,,,,,,,,,,,,21,7,33.3,1.56,0.52,0.05,0.14,51,40.8,68.0,1,9,21.0,0,0.46,10,29,-19,-1.41,-0.49,0,19,39,0,24,9,15,0,1.5555555555555556,0.3333333333333333,1.7777777777777777,1.4074074074074074,1.7777777777777777,0.37037037037037035,-1.41,0.0,0.0,0.0,2.1481481481481484,0.7407407407407407,0.07407407407407407,0.0,2.888888888888889,1.1111111111111112,0.6666666666666666,40.8
Kobbie Mainoo,ENG,MF,Manchester Utd,Premier League,21,2005,23,11,1212,13.5,0,2,2,0,0,0,1,0,0.15,,1.37,,,,,,,,,,,,8,2,25.0,0.59,0.15,0.0,0.0,53,40.8,89.0,9,12,20.0,4,2.13,27,17,10,0.74,0.59,0,8,16,1,13,10,14,0,0.5925925925925926,0.25,1.7777777777777777,0.5925925925925926,0.9629629629629629,0.07407407407407407,0.74,0.0,0.0,0.0,1.2592592592592593,2.0,0.14814814814814814,0.07407407407407407,1.1851851851851851,1.037037037037037,0.7407407407407407,40.8
Przemysław Frankowski,POL,MF,Rennes,Ligue 1,31,1995,19,15,1210,13.4,1,2,3,1,0,0,5,0,0.22,,1.37,,,,,,,,,,,,9,3,33.3,0.67,0.22,0.11,0.33,64,44.8,75.0,5,4,21.0,1,1.68,20,16,4,0.3,-0.13,0,13,10,1,82,9,25,0,0.6716417910447761,0.3333333333333333,2.5373134328358207,0.9701492537313433,6.119402985074626,0.3731343283582089,0.3,0.0,0.0,0.0,1.1940298507462686,1.4925373134328357,0.14925373134328357,0.07462686567164178,0.7462686567164178,1.8656716417910448,0.6716417910447761,44.8
Joshua King,ENG,MF,Fulham,Premier League,19,2007,27,15,1208,13.4,1,2,3,1,0,0,3,0,0.22,,1.37,,,,,,,,,,,,24,10,41.7,1.79,0.75,0.04,0.1,45,40.7,65.0,0,12,19.0,3,1.37,13,18,-5,-0.37,-0.47,0,11,25,2,11,3,10,0,1.791044776119403,0.4166666666666667,0.9701492537313433,0.8208955223880596,0.8208955223880596,0.22388059701492538,-0.37,0.0,0.0,0.0,1.3432835820895521,0.9701492537313433,0.14925373134328357,0.14925373134328357,1.8656716417910448,0.7462686567164178,0.22388059701492538,40.7
Ricardo Rodríguez,SUI,DF,Real Betis,La Liga,33,1992,18,14,1206,13.4,0,1,1,0,0,0,0,0,0.07,,1.37,,,,,,,,,,,,2,0,0.0,0.15,0.0,0.0,,67,43.2,84.0,11,4,9.0,10,1.83,24,15,9,0.67,0.79,0,7,5,0,14,6,6,0,0.14925373134328357,0.0,0.8955223880597015,0.5223880597014925,1.044776119402985,0.0,0.67,0.0,0.0,0.0,1.1194029850746268,1.791044776119403,0.07462686567164178,0.0,0.3731343283582089,0.44776119402985076,0.44776119402985076,43.2
Lennart Karl,GER,MF,Bayern Munich,Bundesliga,18,2008,24,15,1206,13.4,5,4,9,5,0,0,1,0,0.67,,1.37,,,,,,,,,,,,39,20,51.3,2.91,1.49,0.13,0.25,50,44.7,67.0,4,9,22.0,4,2.54,47,13,34,2.54,-0.23,0,5,11,4,25,9,14,0,2.9104477611940296,0.5128205128205128,1.716417910447761,0.3731343283582089,1.8656716417910448,0.07462686567164178,2.54,0.0,0.0,0.0,0.9701492537313433,3.507462686567164,0.29850746268656714,0.29850746268656714,0.8208955223880596,1.044776119402985,0.6716417910447761,44.7
Igor Carioca,BRA,DF,Lorient,Ligue 1,29,1996,15,13,1206,13.4,1,0,1,1,0,0,1,0,0.07,,1.37,,,,,,,,,,,,8,1,12.5,0.6,0.07,0.13,1.0,80,44.7,89.0,11,2,27.0,10,1.53,21,22,-1,-0.07,0.11,0,9,18,1,20,13,19,0,0.5970149253731343,0.125,2.388059701492537,0.6716417910447761,1.4925373134328357,0.07462686567164178,-0.07,0.0,0.0,0.0,1.6417910447761193,1.5671641791044775,0.0,0.07462686567164178,1.3432835820895521,1.417910447761194,0.9701492537313433,44.7
Robert Lewandowski,POL,FW,Barcelona,La Liga,37,1988,25,12,1206,13.4,12,1,13,11,1,3,2,0,0.9,,1.37,,,,,,,,,,,,55,26,47.3,4.1,1.94,0.2,0.42,48,43.2,76.0,6,13,22.0,3,2.56,44,13,31,2.31,1.01,0,11,15,13,0,2,3,0,4.104477611940299,0.4727272727272727,0.3731343283582089,0.8208955223880596,0.0,0.14925373134328357,2.31,0.0,0.0,0.0,0.9701492537313433,3.2835820895522385,0.07462686567164178,0.9701492537313433,1.1194029850746268,0.22388059701492538,0.14925373134328357,43.2
Clemens Riedel,GER,DF,Espanyol,La Liga,22,2003,17,14,1203,13.4,0,1,1,0,0,0,5,0,0.07,,1.37,,,,,,,,,,,,3,1,33.3,0.22,0.07,0.0,0.0,71,43.1,81.0,9,3,23.0,10,1.06,17,20,-3,-0.22,0.23,0,22,7,2,3,10,13,0,0.22388059701492538,0.3333333333333333,1.716417910447761,1.6417910447761193,0.22388059701492538,0.3731343283582089,-0.22,0.0,0.0,0.0,1.4925373134328357,1.2686567164179103,0.07462686567164178,0.14925373134328357,0.5223880597014925,0.9701492537313433,0.7462686567164178,43.1
Harry Maguire,ENG,DF,Manchester Utd,Premier League,33,1993,18,14,1203,13.4,1,1,2,1,0,0,3,1,0.15,,1.37,,,,,,,,,,,,10,2,20.0,0.75,0.15,0.1,0.5,67,40.5,82.0,8,4,13.0,3,1.89,25,14,11,0.82,0.72,0,13,14,0,2,9,9,0,0.7462686567164178,0.2,1.3432835820895521,0.9701492537313433,0.14925373134328357,0.44776119402985076,0.82,0.0,0.0,0.0,1.044776119402985,1.8656716417910448,0.07462686567164178,0.0,1.044776119402985,0.6716417910447761,0.6716417910447761,40.5
Youssef Lekhedim,ESP,DF,Alavés,La Liga,20,2005,22,12,1201,13.3,0,1,1,0,0,0,6,0,0.07,,1.37,,,,,,,,,,,,10,2,20.0,0.75,0.15,0.0,0.0,55,43.0,84.0,7,10,19.0,7,1.13,19,19,0,0.0,0.62,0,22,12,0,57,12,8,0,0.7518796992481203,0.2,1.5037593984962405,1.6541353383458646,4.285714285714286,0.45112781954887216,0.0,0.0,0.0,0.0,1.4285714285714286,1.4285714285714286,0.07518796992481203,0.0,0.9022556390977443,0.6015037593984962,0.9022556390977443,43.0
Francesco Acerbi,ITA,DF,Inter,Serie A,38,1988,16,13,1198,13.3,0,1,1,0,0,0,3,0,0.08,,1.37,,,,,,,,,,,,3,1,33.3,0.23,0.08,0.0,0.0,75,40.3,87.0,10,3,22.0,15,2.13,30,17,13,0.98,-0.85,0,15,12,3,2,17,9,0,0.22556390977443608,0.3333333333333333,1.9548872180451127,1.1278195488721805,0.15037593984962405,0.22556390977443608,0.98,0.0,0.0,0.0,1.2781954887218046,2.255639097744361,0.07518796992481203,0.22556390977443608,0.9022556390977443,0.6766917293233082,1.2781954887218046,40.3
Dehmaine Assoumani,FRA,MF,Nantes,Ligue 1,21,2005,24,14,1197,13.3,1,0,1,1,0,0,4,1,0.08,,1.37,,,,,,,,,,,,27,7,25.9,2.03,0.53,0.04,0.14,50,45.9,72.0,1,10,19.0,0,0.79,14,17,-3,-0.23,0.92,0,23,19,0,82,16,18,0,2.0300751879699246,0.25925925925925924,2.556390977443609,1.7293233082706767,6.165413533834586,0.5263157894736842,-0.23,0.0,0.0,0.0,1.2781954887218046,1.0526315789473684,0.0,0.0,1.4285714285714286,1.3533834586466165,1.2030075187969924,45.9
Nabil Bentaleb,ALG,MF,Lille,Ligue 1,31,1994,24,12,1197,13.3,2,2,4,1,1,1,3,0,0.23,,1.37,,,,,,,,,,,,17,5,29.4,1.28,0.38,0.06,0.2,50,44.3,85.0,9,12,15.0,1,2.04,29,18,11,0.83,0.59,0,13,18,0,21,14,8,0,1.2781954887218046,0.29411764705882354,1.6541353383458646,0.9774436090225563,1.5789473684210527,0.22556390977443608,0.83,0.0,0.0,0.0,1.3533834586466165,2.180451127819549,0.15037593984962405,0.0,1.3533834586466165,0.6015037593984962,1.0526315789473684,44.3
Denzel Dumfries,NED,MF,Inter,Serie A,30,1996,17,14,1196,13.3,3,1,4,3,0,0,2,0,0.3,,1.37,,,,,,,,,,,,19,5,26.3,1.43,0.38,0.16,0.6,70,40.3,79.0,7,3,29.0,1,2.06,33,14,19,1.43,-0.09,0,20,11,2,29,7,8,0,1.4285714285714286,0.2631578947368421,1.1278195488721805,1.5037593984962405,2.180451127819549,0.15037593984962405,1.43,0.0,0.0,0.0,1.0526315789473684,2.481203007518797,0.07518796992481203,0.15037593984962405,0.8270676691729323,0.6015037593984962,0.5263157894736842,40.3
Rayan Philippe,FRA,FW,Hamburger SV,Bundesliga,25,2000,25,12,1194,13.3,5,0,5,5,0,1,2,0,0.38,,1.37,,,,,,,,,,,,34,14,41.2,2.56,1.06,0.15,0.36,48,44.2,74.0,1,13,23.0,3,0.96,13,16,-3,-0.23,0.49,0,23,9,2,30,3,13,0,2.556390977443609,0.4117647058823529,1.2030075187969924,1.7293233082706767,2.255639097744361,0.15037593984962405,-0.23,0.0,0.0,0.0,1.2030075187969924,0.9774436090225563,0.0,0.15037593984962405,0.6766917293233082,0.9774436090225563,0.22556390977443608,44.2
Martin Baturina,CRO,MF,Como,Serie A,23,2003,24,13,1193,13.3,6,3,9,6,0,0,0,0,0.68,,1.37,,,,,,,,,,,,20,7,35.0,1.51,0.53,0.3,0.86,50,40.2,75.0,5,11,19.0,8,1.58,26,16,10,0.75,-0.21,0,13,37,0,63,5,9,0,1.5037593984962405,0.35,1.0526315789473684,0.9774436090225563,4.7368421052631575,0.0,0.75,0.0,0.0,0.0,1.2030075187969924,1.9548872180451127,0.22556390977443608,0.0,2.781954887218045,0.6766917293233082,0.37593984962406013,40.2
Alessandro Deiola,ITA,MF,Cagliari,Serie A,30,1995,16,13,1190,13.2,0,2,2,0,0,0,3,0,0.15,,1.37,,,,,,,,,,,,16,5,31.3,1.21,0.38,0.0,0.0,74,40.1,85.0,9,3,30.0,4,1.19,16,17,-1,-0.08,0.58,0,19,11,4,1,12,20,0,1.2121212121212122,0.3125,2.4242424242424243,1.4393939393939394,0.07575757575757576,0.2272727272727273,-0.08,0.0,0.0,0.0,1.2878787878787878,1.2121212121212122,0.15151515151515152,0.30303030303030304,0.8333333333333334,1.5151515151515151,0.9090909090909092,40.1
Patrick Osterhage,GER,MF,Freiburg,Bundesliga,26,2000,20,13,1189,13.2,1,0,1,1,0,0,4,0,0.08,,1.37,,,,,,,,,,,,7,2,28.6,0.53,0.15,0.14,0.5,59,44.0,82.0,6,7,18.0,2,1.7,15,17,-2,-0.15,-0.03,0,13,13,2,9,15,7,0,0.5303030303030303,0.2857142857142857,1.6666666666666667,0.9848484848484849,0.6818181818181819,0.30303030303030304,-0.15,0.0,0.0,0.0,1.2878787878787878,1.1363636363636365,0.0,0.15151515151515152,0.9848484848484849,0.5303030303030303,1.1363636363636365,44.0
Fredrik Oppegard,NOR,MF,Auxerre,Ligue 1,23,2002,22,14,1188,13.2,0,0,0,0,0,0,1,1,0.0,,1.37,,,,,,,,,,,,10,2,20.0,0.76,0.15,0.0,0.0,54,44.0,76.0,7,8,16.0,7,0.82,11,18,-7,-0.53,-0.11,0,8,8,2,48,14,20,0,0.7575757575757576,0.2,2.5757575757575757,0.6060606060606061,3.6363636363636367,0.30303030303030304,-0.53,0.0,0.0,0.0,1.3636363636363638,0.8333333333333334,0.0,0.15151515151515152,0.6060606060606061,1.5151515151515151,1.0606060606060606,44.0
Saud Abdulhamid,KSA,MF,Lens,Ligue 1,26,1999,22,12,1188,13.2,2,3,5,2,0,0,3,0,0.38,,1.37,,,,,,,,,,,,7,3,42.9,0.53,0.23,0.29,0.67,54,45.5,86.0,8,10,16.0,6,1.86,28,17,11,0.83,-0.24,0,21,13,1,43,9,20,0,0.5303030303030303,0.42857142857142855,2.1969696969696972,1.590909090909091,3.257575757575758,0.2272727272727273,0.83,0.0,0.0,0.0,1.2878787878787878,2.121212121212121,0.2272727272727273,0.07575757575757576,0.9848484848484849,1.5151515151515151,0.6818181818181819,45.5
Amos Pieper,GER,DF,Werder Bremen,Bundesliga,28,1998,15,15,1187,13.2,0,0,0,0,0,0,4,0,0.0,,1.37,,,,,,,,,,,,8,2,25.0,0.61,0.15,0.0,0.0,79,44.0,79.0,12,0,,3,0.93,16,24,-8,-0.61,-0.01,0,8,13,0,7,24,21,0,0.6060606060606061,0.25,3.409090909090909,0.6060606060606061,0.5303030303030303,0.30303030303030304,-0.61,0.0,0.0,0.0,1.8181818181818183,1.2121212121212122,0.0,0.0,0.9848484848484849,1.590909090909091,1.8181818181818183,44.0
Oliver Nielsen,DEN,DF,Lazio,Serie A,22,2003,21,10,1186,13.2,0,0,0,0,0,0,2,0,0.0,,1.37,,,,,,,,,,,,3,1,33.3,0.23,0.08,0.0,0.0,56,39.9,89.0,9,11,27.0,12,1.62,17,12,5,0.38,0.43,0,10,7,0,1,12,5,0,0.2272727272727273,0.3333333333333333,1.2878787878787878,0.7575757575757576,0.07575757575757576,0.15151515151515152,0.38,0.0,0.0,0.0,0.9090909090909092,1.2878787878787878,0.0,0.0,0.5303030303030303,0.3787878787878788,0.9090909090909092,39.9
Pascal Groß,GER,MF,Brighton,Premier League,34,1991,14,13,1186,13.2,1,3,4,1,0,0,2,0,0.3,,1.37,,,,,,,,,,,,11,4,36.4,0.83,0.3,0.09,0.25,85,39.9,90.0,11,1,20.0,0,1.57,15,10,5,0.38,0.33,0,12,12,4,84,9,15,0,0.8333333333333334,0.36363636363636365,1.8181818181818183,0.9090909090909092,6.363636363636364,0.15151515151515152,0.38,0.0,0.0,0.0,0.7575757575757576,1.1363636363636365,0.2272727272727273,0.30303030303030304,0.9090909090909092,1.1363636363636365,0.6818181818181819,39.9
Mbwana Samatta,TAN,FW,Le Havre,Ligue 1,33,1992,23,13,1185,13.2,1,1,2,1,0,0,4,0,0.15,,1.37,,,,,,,,,,,,37,13,35.1,2.81,0.99,0.03,0.08,52,43.9,68.0,1,10,30.0,0,0.91,11,15,-4,-0.3,0.23,0,29,13,7,6,3,5,0,2.803030303030303,0.35135135135135137,0.6060606060606061,2.1969696969696972,0.4545454545454546,0.30303030303030304,-0.3,0.0,0.0,0.0,1.1363636363636365,0.8333333333333334,0.07575757575757576,0.5303030303030303,0.9848484848484849,0.3787878787878788,0.2272727272727273,43.9
Hwang Hee-chan,KOR,FW,Wolves,Premier League,30,1996,22,15,1185,13.2,2,1,3,1,1,1,3,0,0.15,,1.37,,,,,,,,,,,,16,6,37.5,1.22,0.46,0.06,0.17,54,39.9,70.0,0,7,19.0,6,0.36,8,24,-16,-1.22,-0.16,0,23,15,7,17,7,3,0,1.2121212121212122,0.375,0.7575757575757576,1.7424242424242424,1.2878787878787878,0.2272727272727273,-1.22,0.0,0.0,0.0,1.8181818181818183,0.6060606060606061,0.07575757575757576,0.5303030303030303,1.1363636363636365,0.2272727272727273,0.5303030303030303,39.9
Oriol Rey,ESP,MF,Levante,La Liga,28,1998,18,13,1184,13.2,0,0,0,0,0,0,3,0,0.0,,1.37,,,,,,,,,,,,6,1,16.7,0.46,0.08,0.0,0.0,66,42.4,83.0,8,5,20.0,8,0.94,18,22,-4,-0.3,0.31,0,22,12,0,6,10,11,0,0.4545454545454546,0.16666666666666666,1.590909090909091,1.6666666666666667,0.4545454545454546,0.2272727272727273,-0.3,0.0,0.0,0.0,1.6666666666666667,1.3636363636363638,0.0,0.0,0.9090909090909092,0.8333333333333334,0.7575757575757576,42.4
Azzedine Ounahi,MAR,MF,Girona,La Liga,26,2000,17,13,1183,13.1,4,2,6,4,0,0,5,0,0.46,,1.37,,,,,,,,,,,,36,13,36.1,2.74,0.99,0.11,0.31,70,42.4,83.0,5,4,28.0,0,1.24,17,14,3,0.23,1.07,0,13,44,0,20,14,9,0,2.7480916030534353,0.3611111111111111,1.7557251908396947,0.9923664122137404,1.5267175572519085,0.3816793893129771,0.23,0.0,0.0,0.0,1.0687022900763359,1.297709923664122,0.15267175572519084,0.0,3.3587786259541987,0.6870229007633588,1.0687022900763359,42.4
Kervin Arriaga,HON,MF,Levante,La Liga,28,1998,21,12,1181,13.1,1,1,2,1,0,0,6,1,0.15,,1.37,,,,,,,,,,,,9,3,33.3,0.69,0.23,0.11,0.33,56,42.3,83.0,8,9,21.0,4,1.05,15,23,-8,-0.61,-0.22,1,19,18,1,4,11,18,0,0.6870229007633588,0.3333333333333333,2.213740458015267,1.450381679389313,0.3053435114503817,0.6870229007633588,-0.61,0.0,0.0,0.0,1.7557251908396947,1.1450381679389314,0.07633587786259542,0.07633587786259542,1.3740458015267176,1.3740458015267176,0.8396946564885497,42.3
Hugo Sotelo,ESP,MF,Celta Vigo,La Liga,22,2003,17,14,1178,13.1,0,2,2,0,0,0,3,0,0.15,,1.37,,,,,,,,,,,,2,1,50.0,0.15,0.08,0.0,0.0,69,42.2,78.0,7,3,29.0,10,1.29,24,20,4,0.31,0.31,0,24,13,0,40,12,14,0,0.15267175572519084,0.5,1.984732824427481,1.83206106870229,3.053435114503817,0.22900763358778625,0.31,0.0,0.0,0.0,1.5267175572519085,1.83206106870229,0.15267175572519084,0.0,0.9923664122137404,1.0687022900763359,0.916030534351145,42.2
Mariano Troilo,ARG,DF,Parma,Serie A,22,2003,16,13,1175,13.1,1,0,1,1,0,0,7,2,0.08,,1.37,,,,,,,,,,,,8,2,25.0,0.61,0.15,0.13,0.5,73,39.6,83.0,9,3,31.0,12,1.06,10,20,-10,-0.77,-0.47,1,22,18,0,1,10,13,0,0.6106870229007634,0.25,1.7557251908396947,1.6793893129770994,0.07633587786259542,0.9923664122137404,-0.77,0.0,0.0,0.0,1.5267175572519085,0.7633587786259542,0.0,0.0,1.3740458015267176,0.9923664122137404,0.7633587786259542,39.6
Dan Ndoye,SUI,MF,Nottingham Forest,Premier League,25,2000,24,14,1173,13.0,1,1,2,1,0,0,1,0,0.15,,1.37,,,,,,,,,,,,15,4,26.7,1.15,0.31,0.07,0.25,49,39.5,71.0,3,10,18.0,3,1.08,15,17,-2,-0.15,0.2,0,16,22,9,41,10,11,0,1.1538461538461537,0.26666666666666666,1.6153846153846154,1.2307692307692308,3.1538461538461537,0.07692307692307693,-0.15,0.0,0.0,0.0,1.3076923076923077,1.1538461538461537,0.07692307692307693,0.6923076923076923,1.6923076923076923,0.8461538461538461,0.7692307692307693,39.5
Gennaro Borrelli,ITA,FW,Cagliari,Serie A,26,2000,25,12,1171,13.0,3,1,4,3,0,0,4,0,0.31,,1.37,,,,,,,,,,,,23,7,30.4,1.77,0.54,0.13,0.43,47,39.4,73.0,3,13,23.0,1,1.12,14,24,-10,-0.77,-0.57,0,43,46,5,2,3,6,0,1.7692307692307692,0.30434782608695654,0.6923076923076923,3.3076923076923075,0.15384615384615385,0.3076923076923077,-0.77,0.0,0.0,0.0,1.8461538461538463,1.0769230769230769,0.07692307692307693,0.38461538461538464,3.5384615384615383,0.46153846153846156,0.23076923076923078,39.4
Karim Adeyemi,GER,MF,Dortmund,Bundesliga,24,2002,26,15,1170,13.0,7,3,10,7,0,0,5,0,0.77,,1.37,,,,,,,,,,,,31,14,45.2,2.38,1.08,0.23,0.5,45,43.3,69.0,0,11,12.0,1,2.23,26,13,13,1.0,0.0,0,21,25,5,10,8,4,0,2.3846153846153846,0.45161290322580644,0.9230769230769231,1.6153846153846154,0.7692307692307693,0.38461538461538464,1.0,0.0,0.0,0.0,1.0,2.0,0.23076923076923078,0.38461538461538464,1.9230769230769231,0.3076923076923077,0.6153846153846154,43.3
Mads Hermansen,DEN,GK,West Ham United,Premier League,25,2000,13,13,1170,13.0,0,0,0,0,0,0,0,0,0.0,20.0,1.54,61.0,40.0,67.2,4.0,4.0,5.0,6.0,46.2,0.0,0.0,0.0,0,0,,0.0,0.0,,,90,39.4,90.0,13,0,,20,1.23,15,20,-5,-0.38,0.22,0,0,2,0,0,0,0,0,0.0,0.0,0.0,0.0,0.0,0.0,-0.38,0.46153846153846156,0.0,4.6923076923076925,1.5384615384615385,1.1538461538461537,0.0,0.0,0.15384615384615385,0.0,0.0,39.4
Matthijs de Ligt,NED,DF,Manchester Utd,Premier League,26,1999,13,13,1170,13.0,1,0,1,1,0,0,0,0,0.08,,1.37,,,,,,,,,,,,11,3,27.3,0.85,0.23,0.09,0.33,90,39.4,90.0,13,0,,0,1.62,21,20,1,0.08,-0.52,0,6,5,0,4,11,13,0,0.8461538461538461,0.2727272727272727,1.8461538461538463,0.46153846153846156,0.3076923076923077,0.0,0.08,0.0,0.0,0.0,1.5384615384615385,1.6153846153846154,0.0,0.0,0.38461538461538464,1.0,0.8461538461538461,39.4
Stole Dimitrievski,MKD,GK,Valencia,La Liga,32,1993,13,13,1170,13.0,0,0,0,0,0,0,0,0,0.0,16.0,1.23,43.0,30.0,69.8,6.0,1.0,6.0,4.0,30.8,3.0,0.0,0.0,0,0,,0.0,0.0,,,90,41.9,90.0,13,0,,15,1.46,17,16,1,0.08,0.8,0,0,3,0,0,0,0,0,0.0,0.0,0.0,0.0,0.0,0.0,0.08,0.3076923076923077,0.0,3.3076923076923075,1.2307692307692308,1.3076923076923077,0.0,0.0,0.23076923076923078,0.0,0.0,41.9
Lukas Ullrich,GER,DF,Gladbach,Bundesliga,22,2004,21,13,1170,13.0,0,0,0,0,0,0,2,0,0.0,,1.37,,,,,,,,,,,,10,2,20.0,0.77,0.15,0.0,0.0,56,43.3,78.0,4,8,20.0,9,0.71,14,28,-14,-1.08,-1.08,0,16,10,1,35,20,14,0,0.7692307692307693,0.2,2.6153846153846154,1.2307692307692308,2.6923076923076925,0.15384615384615385,-1.08,0.0,0.0,0.0,2.1538461538461537,1.0769230769230769,0.0,0.07692307692307693,0.7692307692307693,1.0769230769230769,1.5384615384615385,43.3
Maxim De Cuyper,BEL,DF,Brighton,Premier League,25,2000,25,14,1168,13.0,2,0,2,2,0,0,2,0,0.15,,1.37,,,,,,,,,,,,11,6,54.5,0.85,0.46,0.18,0.33,47,39.3,69.0,4,11,18.0,6,1.44,17,19,-2,-0.15,-0.55,0,16,18,1,57,9,9,0,0.8461538461538461,0.5454545454545454,1.3846153846153846,1.2307692307692308,4.384615384615385,0.15384615384615385,-0.15,0.0,0.0,0.0,1.4615384615384615,1.3076923076923077,0.0,0.07692307692307693,1.3846153846153846,0.6923076923076923,0.6923076923076923,39.3
Pablo Durán,ESP,FW,Celta Vigo,La Liga,24,2001,24,14,1168,13.0,2,2,4,2,0,0,0,0,0.31,,1.37,,,,,,,,,,,,29,11,37.9,2.23,0.85,0.07,0.18,49,41.9,67.0,2,10,23.0,3,1.42,15,20,-5,-0.39,-0.88,0,13,10,15,11,3,9,0,2.230769230769231,0.3793103448275862,0.9230769230769231,1.0,0.8461538461538461,0.0,-0.39,0.0,0.0,0.0,1.5384615384615385,1.1538461538461537,0.15384615384615385,1.1538461538461537,0.7692307692307693,0.6923076923076923,0.23076923076923078,41.9
Adam Dźwigała,POL,DF,St Pauli,Bundesliga,30,1995,17,13,1167,13.0,1,1,2,1,0,0,5,0,0.15,,1.37,,,,,,,,,,,,4,2,50.0,0.31,0.15,0.25,0.5,69,43.2,79.0,5,4,35.0,8,1.06,11,22,-11,-0.85,-0.03,0,19,6,0,1,21,26,0,0.3076923076923077,0.5,3.6153846153846154,1.4615384615384615,0.07692307692307693,0.38461538461538464,-0.85,0.0,0.0,0.0,1.6923076923076923,0.8461538461538461,0.07692307692307693,0.0,0.46153846153846156,2.0,1.6153846153846154,43.2
Martin Ødegaard,NOR,MF,Arsenal,Premier League,27,1998,21,14,1166,13.0,1,5,6,1,0,0,0,0,0.46,,1.37,,,,,,,,,,,,20,7,35.0,1.54,0.54,0.05,0.14,56,39.3,70.0,6,7,27.0,0,2.05,26,13,13,1.0,-0.19,0,9,7,2,21,7,7,0,1.5384615384615385,0.35,1.0769230769230769,0.6923076923076923,1.6153846153846154,0.0,1.0,0.0,0.0,0.0,1.0,2.0,0.38461538461538464,0.15384615384615385,0.5384615384615384,0.5384615384615384,0.5384615384615384,39.3
Christian Kofane,CMR,FW,Leverkusen,Bundesliga,19,2006,27,11,1161,12.9,5,3,8,5,0,0,3,0,0.62,,1.37,,,,,,,,,,,,45,19,42.2,3.49,1.47,0.11,0.26,43,43.0,76.0,2,16,21.0,2,1.7,29,15,14,1.09,0.79,0,28,14,3,0,2,7,0,3.488372093023256,0.4222222222222222,0.6976744186046512,2.1705426356589146,0.0,0.23255813953488372,1.09,0.0,0.0,0.0,1.1627906976744187,2.248062015503876,0.23255813953488372,0.23255813953488372,1.0852713178294573,0.5426356589147286,0.15503875968992248,43.0
Isaac Romero,ESP,FW,Sevilla,La Liga,25,2000,23,13,1161,12.9,4,0,4,4,0,1,5,1,0.31,,1.37,,,,,,,,,,,,34,13,38.2,2.64,1.01,0.12,0.31,50,41.6,72.0,1,10,23.0,4,1.0,15,18,-3,-0.23,0.26,0,21,20,4,7,5,8,0,2.635658914728682,0.38235294117647056,1.0077519379844961,1.627906976744186,0.5426356589147286,0.6201550387596899,-0.23,0.0,0.0,0.0,1.3953488372093024,1.1627906976744187,0.0,0.31007751937984496,1.5503875968992247,0.6201550387596899,0.38759689922480617,41.6
Dani Calvo,ESP,DF,Oviedo,La Liga,32,1994,15,12,1161,12.9,0,0,0,0,0,0,3,0,0.0,,1.37,,,,,,,,,,,,1,0,0.0,0.08,0.0,0.0,,77,41.6,90.0,12,3,27.0,15,1.13,8,16,-8,-0.62,0.26,0,9,4,0,1,7,10,0,0.07751937984496124,0.0,1.317829457364341,0.6976744186046512,0.07751937984496124,0.23255813953488372,-0.62,0.0,0.0,0.0,1.2403100775193798,0.6201550387596899,0.0,0.0,0.31007751937984496,0.7751937984496123,0.5426356589147286,41.6
András Schäfer,HUN,MF,Union Berlin,Bundesliga,27,1999,24,13,1161,12.9,1,0,1,1,0,0,2,1,0.08,,1.37,,,,,,,,,,,,23,8,34.8,1.78,0.62,0.04,0.13,48,43.0,73.0,5,11,19.0,1,0.96,14,18,-4,-0.31,0.51,0,31,20,0,16,19,20,0,1.7829457364341086,0.34782608695652173,3.0232558139534884,2.4031007751937983,1.2403100775193798,0.38759689922480617,-0.31,0.0,0.0,0.0,1.3953488372093024,1.0852713178294573,0.0,0.0,1.5503875968992247,1.5503875968992247,1.4728682170542635,43.0
José María Giménez,URU,DF,Atlético Madrid,La Liga,31,1995,15,12,1159,12.9,0,1,1,0,0,0,3,0,0.08,,1.37,,,,,,,,,,,,13,3,23.1,1.01,0.23,0.0,0.0,77,41.5,90.0,12,3,26.0,4,2.0,20,14,6,0.47,-0.25,0,19,10,1,0,15,12,0,1.0077519379844961,0.23076923076923078,2.093023255813953,1.4728682170542635,0.0,0.23255813953488372,0.47,0.0,0.0,0.0,1.0852713178294573,1.5503875968992247,0.07751937984496124,0.07751937984496124,0.7751937984496123,0.9302325581395349,1.1627906976744187,41.5
Freddie Potts,ENG,MF,West Ham United,Premier League,22,2003,21,12,1159,12.9,0,1,1,0,0,0,1,0,0.08,,1.37,,,,,,,,,,,,3,1,33.3,0.23,0.08,0.0,0.0,55,39.0,77.0,4,9,26.0,8,1.0,16,24,-8,-0.62,-0.17,0,15,14,0,34,15,18,0,0.23255813953488372,0.3333333333333333,2.558139534883721,1.1627906976744187,2.635658914728682,0.07751937984496124,-0.62,0.0,0.0,0.0,1.8604651162790697,1.2403100775193798,0.07751937984496124,0.0,1.0852713178294573,1.3953488372093024,1.1627906976744187,39.0
Gianluca Scamacca,ITA,FW,Atalanta,Serie A,27,1999,21,14,1159,12.9,8,1,9,6,2,2,2,0,0.54,,1.37,,,,,,,,,,,,53,19,35.8,4.12,1.48,0.11,0.32,55,39.0,66.0,4,7,33.0,5,1.33,17,11,6,0.47,-0.03,0,22,18,7,0,3,4,0,4.108527131782946,0.3584905660377358,0.5426356589147286,1.7054263565891472,0.0,0.15503875968992248,0.47,0.0,0.0,0.0,0.8527131782945736,1.317829457364341,0.07751937984496124,0.5426356589147286,1.3953488372093024,0.31007751937984496,0.23255813953488372,39.0
Sidiki Cherif,FRA,FW,Angers,Ligue 1,19,2006,19,14,1157,12.9,4,0,4,4,0,0,3,0,0.31,,1.37,,,,,,,,,,,,28,12,42.9,2.18,0.93,0.14,0.33,61,42.9,70.0,2,5,36.0,0,1.21,13,16,-3,-0.23,0.41,0,15,16,11,6,6,3,0,2.1705426356589146,0.42857142857142855,0.6976744186046512,1.1627906976744187,0.46511627906976744,0.23255813953488372,-0.23,0.0,0.0,0.0,1.2403100775193798,1.0077519379844961,0.0,0.8527131782945736,1.2403100775193798,0.23255813953488372,0.46511627906976744,42.9
Yassine Kechta,MAR,MF,Le Havre,Ligue 1,24,2002,26,12,1154,12.8,1,1,2,1,0,0,3,0,0.16,,1.37,,,,,,,,,,,,17,7,41.2,1.33,0.55,0.06,0.14,44,42.7,73.0,1,14,20.0,3,1.04,12,19,-7,-0.55,-0.2,0,33,15,3,24,17,16,0,1.328125,0.4117647058823529,2.578125,2.578125,1.875,0.234375,-0.55,0.0,0.0,0.0,1.484375,0.9375,0.078125,0.234375,1.171875,1.25,1.328125,42.7
Jean-Daniel Akpa-Akpro,CIV,MF,Hellas Verona,Serie A,33,1992,17,13,1153,12.8,1,0,1,1,0,0,8,0,0.08,,1.37,,,,,,,,,,,,11,3,27.3,0.86,0.23,0.09,0.33,68,38.8,75.0,5,4,44.0,1,0.47,8,15,-7,-0.55,0.74,0,34,10,0,15,17,27,0,0.859375,0.2727272727272727,3.4375,2.65625,1.171875,0.625,-0.55,0.0,0.0,0.0,1.171875,0.625,0.0,0.0,0.78125,2.109375,1.328125,38.8
Dimitri Foulquier,FRA,DF,Valencia,La Liga,33,1993,15,12,1150,12.8,0,0,0,0,0,0,1,0,0.0,,1.37,,,,,,,,,,,,6,1,16.7,0.47,0.08,0.0,0.0,77,41.2,88.0,11,3,32.0,3,1.27,16,21,-5,-0.39,-0.01,0,16,7,0,11,8,9,0,0.46875,0.16666666666666666,1.328125,1.25,0.859375,0.078125,-0.39,0.0,0.0,0.0,1.640625,1.25,0.0,0.0,0.546875,0.703125,0.625,41.2
Samuele Ricci,ITA,MF,Milan,Serie A,24,2001,27,10,1150,12.8,1,3,4,1,0,0,1,0,0.31,,1.37,,,,,,,,,,,,18,6,33.3,1.41,0.47,0.06,0.17,43,38.7,78.0,5,17,22.0,6,2.26,17,13,4,0.31,-0.53,0,12,29,1,25,8,8,0,1.40625,0.3333333333333333,1.25,0.9375,1.953125,0.078125,0.31,0.0,0.0,0.0,1.015625,1.328125,0.234375,0.078125,2.265625,0.625,0.625,38.7
Alfonso Espino,URU,DF,Rayo Vallecano,La Liga,34,1992,24,11,1149,12.8,2,0,2,2,0,0,2,0,0.16,,1.37,,,,,,,,,,,,18,8,44.4,1.41,0.63,0.11,0.25,48,41.2,81.0,6,13,20.0,5,1.29,10,20,-10,-0.78,-0.84,0,17,24,8,40,13,23,0,1.40625,0.4444444444444444,2.8125,1.328125,3.125,0.15625,-0.78,0.0,0.0,0.0,1.5625,0.78125,0.0,0.625,1.875,1.796875,1.015625,41.2
Jacob Ramsey,ENG,MF,Newcastle United,Premier League,24,2001,23,12,1149,12.8,2,1,3,2,0,0,5,1,0.23,,1.37,,,,,,,,,,,,14,4,28.6,1.1,0.31,0.14,0.5,50,38.7,73.0,4,11,25.0,5,1.13,19,24,-5,-0.39,-0.49,1,15,13,2,7,8,11,0,1.09375,0.2857142857142857,1.484375,1.171875,0.546875,0.625,-0.39,0.0,0.0,0.0,1.875,1.484375,0.078125,0.15625,1.015625,0.859375,0.625,38.7
Pablo Marín,ESP,MF,Real Sociedad,La Liga,22,2003,27,12,1148,12.8,0,1,1,0,0,0,1,0,0.08,,1.37,,,,,,,,,,,,12,4,33.3,0.94,0.31,0.0,0.0,43,41.1,72.0,3,15,19.0,4,1.44,21,26,-5,-0.39,-0.72,0,17,16,2,11,6,13,0,0.9375,0.3333333333333333,1.484375,1.328125,0.859375,0.078125,-0.39,0.0,0.0,0.0,2.03125,1.640625,0.078125,0.15625,1.25,1.015625,0.46875,41.1
Filip Ugrinic,SUI,MF,Valencia,La Liga,27,1999,20,13,1148,12.8,0,3,3,0,0,0,3,0,0.24,,1.37,,,,,,,,,,,,16,2,12.5,1.25,0.16,0.0,0.0,57,41.1,76.0,2,7,24.0,4,1.05,12,19,-7,-0.55,-0.27,0,15,12,4,44,8,11,0,1.25,0.125,1.484375,1.171875,3.4375,0.234375,-0.55,0.0,0.0,0.0,1.484375,0.9375,0.234375,0.3125,0.9375,0.859375,0.625,41.1
Olasagasti,ESP,MF,Levante,La Liga,25,2000,26,11,1146,12.7,1,2,3,1,0,0,2,1,0.24,,1.37,,,,,,,,,,,,20,6,30.0,1.57,0.47,0.05,0.17,44,41.1,79.0,5,15,18.0,2,0.92,17,21,-4,-0.31,0.29,0,17,18,0,63,12,10,0,1.5748031496062993,0.3,1.7322834645669292,1.3385826771653544,4.960629921259843,0.3937007874015748,-0.31,0.0,0.0,0.0,1.6535433070866143,1.3385826771653544,0.15748031496062992,0.0,1.4173228346456694,0.7874015748031497,0.9448818897637796,41.1
Thibault De Smet,BEL,DF,Paris FC,Ligue 1,27,1998,17,13,1144,12.7,0,1,1,0,0,0,6,2,0.08,,1.37,,,,,,,,,,,,4,0,0.0,0.31,0.0,0.0,,67,42.4,82.0,5,4,20.0,5,1.18,20,22,-2,-0.16,0.07,2,11,13,1,26,10,11,0,0.31496062992125984,0.0,1.6535433070866143,0.8661417322834646,2.047244094488189,0.9448818897637796,-0.16,0.0,0.0,0.0,1.7322834645669292,1.5748031496062993,0.07874015748031496,0.07874015748031496,1.0236220472440944,0.8661417322834646,0.7874015748031497,42.4
Ruben Vargas,SUI,MF,Sevilla,La Liga,27,1998,17,14,1142,12.7,3,5,8,2,1,1,1,0,0.55,,1.37,,,,,,,,,,,,27,6,22.2,2.13,0.47,0.07,0.33,67,40.9,76.0,2,3,28.0,0,1.12,14,22,-8,-0.63,-0.41,0,10,12,6,56,6,11,0,2.125984251968504,0.2222222222222222,1.3385826771653544,0.7874015748031497,4.409448818897638,0.07874015748031496,-0.63,0.0,0.0,0.0,1.7322834645669292,1.1023622047244095,0.3937007874015748,0.4724409448818898,0.9448818897637796,0.8661417322834646,0.4724409448818898,40.9
Nicolás Valentini,ARG,DF,Hellas Verona,Serie A,25,2001,17,12,1140,12.7,0,0,0,0,0,0,4,0,0.0,,1.37,,,,,,,,,,,,10,4,40.0,0.79,0.32,0.0,0.0,67,38.4,88.0,11,5,17.0,6,0.76,9,20,-11,-0.87,0.21,0,19,7,0,11,12,14,0,0.7874015748031497,0.4,2.047244094488189,1.4960629921259843,0.8661417322834646,0.31496062992125984,-0.87,0.0,0.0,0.0,1.5748031496062993,0.7086614173228347,0.0,0.0,0.5511811023622047,1.1023622047244095,0.9448818897637796,38.4
Jeong Woo-yeong,KOR,MF,Union Berlin,Bundesliga,26,1999,26,13,1139,12.7,3,1,4,3,0,0,0,0,0.32,,1.37,,,,,,,,,,,,21,7,33.3,1.66,0.55,0.14,0.43,44,42.2,69.0,2,13,19.0,2,1.08,13,22,-9,-0.71,-0.19,0,12,20,4,31,8,7,0,1.6535433070866143,0.3333333333333333,1.1811023622047245,0.9448818897637796,2.440944881889764,0.0,-0.71,0.0,0.0,0.0,1.7322834645669292,1.0236220472440944,0.07874015748031496,0.31496062992125984,1.5748031496062993,0.5511811023622047,0.6299212598425197,42.2
Kyle Walker-Peters,ENG,DF,West Ham United,Premier League,29,1997,20,12,1139,12.7,1,0,1,1,0,0,2,0,0.08,,1.37,,,,,,,,,,,,5,3,60.0,0.4,0.24,0.2,0.33,57,38.4,86.0,10,8,14.0,13,1.0,15,22,-7,-0.55,-0.06,0,9,22,1,15,8,26,0,0.3937007874015748,0.6,2.677165354330709,0.7086614173228347,1.1811023622047245,0.15748031496062992,-0.55,0.0,0.0,0.0,1.7322834645669292,1.1811023622047245,0.0,0.07874015748031496,1.7322834645669292,2.047244094488189,0.6299212598425197,38.4
Jean-Luc Dompé,FRA,FW,Hamburger SV,Bundesliga,30,1995,20,12,1138,12.6,3,0,3,2,1,1,0,0,0.16,,1.37,,,,,,,,,,,,25,12,48.0,1.98,0.95,0.08,0.17,57,42.1,81.0,5,8,21.0,2,1.05,16,14,2,0.16,1.14,0,2,9,4,82,0,5,0,1.9841269841269842,0.48,0.39682539682539686,0.15873015873015872,6.507936507936508,0.0,0.16,0.0,0.0,0.0,1.1111111111111112,1.2698412698412698,0.0,0.31746031746031744,0.7142857142857143,0.39682539682539686,0.0,42.1
Nahuel Molina,ARG,DF,Atlético Madrid,La Liga,28,1998,22,12,1137,12.6,2,1,3,2,0,0,4,0,0.24,,1.37,,,,,,,,,,,,11,3,27.3,0.87,0.24,0.18,0.67,52,40.8,83.0,10,10,14.0,9,1.95,17,15,2,0.16,-0.77,0,12,3,2,41,14,21,0,0.873015873015873,0.2727272727272727,2.7777777777777777,0.9523809523809524,3.253968253968254,0.31746031746031744,0.16,0.0,0.0,0.0,1.1904761904761905,1.3492063492063493,0.07936507936507936,0.15873015873015872,0.2380952380952381,1.6666666666666667,1.1111111111111112,40.8
Bryan Zaragoza,ESP,FW,Celta Vigo,La Liga,24,2001,19,13,1131,12.6,1,1,2,0,1,1,1,0,0.08,,1.37,,,,,,,,,,,,26,12,46.2,2.07,0.95,0.0,0.0,60,40.5,76.0,4,6,24.0,2,1.47,16,12,4,0.32,0.32,0,7,17,6,67,2,5,0,2.0634920634920637,0.46153846153846156,0.5555555555555556,0.5555555555555556,5.317460317460317,0.07936507936507936,0.32,0.0,0.0,0.0,0.9523809523809524,1.2698412698412698,0.07936507936507936,0.4761904761904762,1.3492063492063493,0.39682539682539686,0.15873015873015872,40.5
Andrew Omobamidele,IRL,DF,Strasbourg,Ligue 1,23,2002,21,11,1131,12.6,0,0,0,0,0,0,4,0,0.0,,1.37,,,,,,,,,,,,2,1,50.0,0.16,0.08,0.0,0.0,54,43.3,80.0,6,10,25.0,2,1.43,16,15,1,0.08,-0.41,0,9,9,0,0,12,4,0,0.15873015873015872,0.5,1.2698412698412698,0.7142857142857143,0.0,0.31746031746031744,0.08,0.0,0.0,0.0,1.1904761904761905,1.2698412698412698,0.0,0.0,0.7142857142857143,0.31746031746031744,0.9523809523809524,43.3
Rav van den Berg,NED,DF,Köln,Bundesliga,21,2004,14,12,1131,12.6,0,1,1,0,0,0,0,1,0.08,,1.37,,,,,,,,,,,,1,0,0.0,0.08,0.0,0.0,,81,41.9,87.0,9,2,42.0,6,0.93,17,21,-4,-0.32,-0.15,0,10,3,1,1,14,8,0,0.07936507936507936,0.0,1.746031746031746,0.7936507936507937,0.07936507936507936,0.2380952380952381,-0.32,0.0,0.0,0.0,1.6666666666666667,1.3492063492063493,0.07936507936507936,0.07936507936507936,0.2380952380952381,0.6349206349206349,1.1111111111111112,41.9
Kristjan Asllani,ALB,MF,Torino,Serie A,24,2002,15,13,1129,12.5,0,0,0,0,0,1,3,0,0.0,,1.37,,,,,,,,,,,,20,4,20.0,1.59,0.32,0.0,0.0,75,38.0,82.0,5,2,29.0,4,1.27,13,20,-7,-0.56,-0.07,0,7,14,0,52,12,14,0,1.6,0.2,2.08,0.56,4.16,0.24,-0.56,0.0,0.0,0.0,1.6,1.04,0.0,0.0,1.12,1.12,0.96,38.0
Toti Gomes,POR,DF,Wolves,Premier League,27,1999,15,14,1129,12.5,0,0,0,0,0,0,2,1,0.0,,1.37,,,,,,,,,,,,4,1,25.0,0.32,0.08,0.0,0.0,75,38.0,81.0,9,1,1.0,6,0.27,6,28,-22,-1.75,-1.02,0,10,10,0,10,9,8,0,0.32,0.25,1.36,0.8,0.8,0.4,-1.75,0.0,0.0,0.0,2.24,0.48,0.0,0.0,0.8,0.64,0.72,38.0
Tim Iroegbunam,ENG,MF,Everton,Premier League,22,2003,24,13,1127,12.5,0,2,2,0,0,0,8,0,0.16,,1.37,,,,,,,,,,,,9,1,11.1,0.72,0.08,0.0,0.0,47,37.9,77.0,5,11,11.0,6,1.5,12,11,1,0.08,0.08,0,22,19,0,3,19,37,0,0.72,0.1111111111111111,4.48,1.76,0.24,0.64,0.08,0.0,0.0,0.0,0.88,0.96,0.16,0.0,1.52,2.96,1.52,37.9
Jhon Arias,COL,FW,Wolves,Premier League,28,1997,23,14,1124,12.5,1,0,1,1,0,0,1,0,0.08,,1.37,,,,,,,,,,,,16,3,18.8,1.28,0.24,0.06,0.33,49,37.8,71.0,2,9,15.0,1,0.35,11,21,-10,-0.8,0.52,0,26,9,3,30,7,27,0,1.28,0.1875,2.72,2.08,2.4,0.08,-0.8,0.0,0.0,0.0,1.68,0.88,0.0,0.24,0.72,2.16,0.56,37.8
Antonee Robinson,USA,DF,Fulham,Premier League,28,1997,17,13,1122,12.5,0,0,0,0,0,0,3,0,0.0,,1.37,,,,,,,,,,,,2,0,0.0,0.16,0.0,0.0,,66,37.8,81.0,8,4,19.0,5,1.35,10,14,-4,-0.32,-0.37,0,10,5,2,65,19,20,0,0.16,0.0,3.12,0.8,5.2,0.24,-0.32,0.0,0.0,0.0,1.12,0.8,0.0,0.16,0.4,1.6,1.52,37.8
Tom Bischof,GER,DF,Bayern Munich,Bundesliga,20,2005,24,12,1122,12.5,2,3,5,2,0,0,2,0,0.4,,1.37,,,,,,,,,,,,27,7,25.9,2.17,0.56,0.07,0.29,47,41.6,82.0,8,12,11.0,2,2.63,47,12,35,2.81,0.24,0,14,7,1,24,11,13,0,2.16,0.25925925925925924,1.92,1.12,1.92,0.16,2.81,0.0,0.0,0.0,0.96,3.76,0.24,0.08,0.56,1.04,0.88,41.6
Amine Gouiri,ALG,FW,Marseille,Ligue 1,26,2000,19,13,1121,12.5,7,3,10,7,0,0,0,0,0.8,,1.37,,,,,,,,,,,,33,15,45.5,2.65,1.2,0.21,0.47,59,41.5,75.0,3,6,25.0,1,1.68,24,21,3,0.24,-0.61,0,10,10,2,36,3,8,0,2.64,0.45454545454545453,0.88,0.8,2.88,0.0,0.24,0.0,0.0,0.0,1.68,1.92,0.24,0.16,0.8,0.64,0.24,41.5
Christopher Nkunku,FRA,FW,Milan,Serie A,28,1997,27,12,1120,12.4,5,3,8,2,3,3,0,0,0.4,,1.37,,,,,,,,,,,,21,11,52.4,1.69,0.88,0.1,0.18,41,37.7,73.0,3,15,16.0,1,1.96,23,9,14,1.13,0.78,0,8,19,7,8,1,2,0,1.6935483870967742,0.5238095238095238,0.24193548387096772,0.6451612903225806,0.6451612903225806,0.0,1.13,0.0,0.0,0.0,0.7258064516129032,1.8548387096774193,0.24193548387096772,0.564516129032258,1.532258064516129,0.16129032258064516,0.08064516129032258,37.7
Miguel Gutiérrez,ESP,MF,Napoli,Serie A,24,2001,23,11,1120,12.4,1,1,2,1,0,0,0,0,0.16,,1.37,,,,,,,,,,,,12,4,33.3,0.96,0.32,0.08,0.25,49,37.7,79.0,6,12,21.0,6,1.87,16,16,0,0.0,-0.73,0,14,24,1,39,6,16,0,0.9677419354838709,0.3333333333333333,1.7741935483870968,1.129032258064516,3.1451612903225805,0.0,0.0,0.0,0.0,0.0,1.2903225806451613,1.2903225806451613,0.08064516129032258,0.08064516129032258,1.9354838709677418,1.2903225806451613,0.48387096774193544,37.7
Adrien Tameze,CMR,DF,Torino,Serie A,32,1994,23,12,1119,12.4,0,0,0,0,0,0,3,0,0.0,,1.37,,,,,,,,,,,,5,0,0.0,0.4,0.0,0.0,,49,37.7,77.0,5,11,18.0,10,1.13,13,26,-13,-1.05,-0.85,0,16,7,0,14,19,12,0,0.4032258064516129,0.0,2.5,1.2903225806451613,1.129032258064516,0.24193548387096772,-1.05,0.0,0.0,0.0,2.096774193548387,1.0483870967741935,0.0,0.0,0.564516129032258,0.9677419354838709,1.532258064516129,37.7
Elvis Rexhbeçaj,KVX,MF,Augsburg,Bundesliga,28,1997,26,10,1118,12.4,2,0,2,2,0,0,4,0,0.16,,1.37,,,,,,,,,,,,11,5,45.5,0.89,0.4,0.18,0.4,43,41.4,71.0,3,16,26.0,2,1.31,20,21,-1,-0.08,0.77,0,13,16,1,16,4,8,0,0.8870967741935484,0.45454545454545453,0.9677419354838709,1.0483870967741935,1.2903225806451613,0.3225806451612903,-0.08,0.0,0.0,0.0,1.6935483870967742,1.6129032258064515,0.0,0.08064516129032258,1.2903225806451613,0.6451612903225806,0.3225806451612903,41.4
Pablo Torre,ESP,MF,Mallorca,La Liga,23,2003,28,13,1117,12.4,3,3,6,3,0,0,3,0,0.48,,1.37,,,,,,,,,,,,15,8,53.3,1.21,0.64,0.2,0.38,40,40.0,67.0,1,15,16.0,3,1.07,16,21,-5,-0.4,-0.19,0,23,26,1,63,7,9,0,1.2096774193548387,0.5333333333333333,1.2903225806451613,1.8548387096774193,5.080645161290322,0.24193548387096772,-0.4,0.0,0.0,0.0,1.6935483870967742,1.2903225806451613,0.24193548387096772,0.08064516129032258,2.096774193548387,0.7258064516129032,0.564516129032258,40.0
Arnaud Kalimuendo,FRA,FW,Eintracht Frankfurt,Bundesliga,24,2002,15,13,1116,12.4,6,1,7,6,0,0,3,0,0.56,,1.37,,,,,,,,,,,,28,16,57.1,2.26,1.29,0.21,0.38,74,41.3,81.0,8,2,30.0,0,1.13,21,23,-2,-0.16,-0.16,0,7,16,5,13,3,3,0,2.258064516129032,0.5714285714285714,0.48387096774193544,0.564516129032258,1.0483870967741935,0.24193548387096772,-0.16,0.0,0.0,0.0,1.8548387096774193,1.6935483870967742,0.08064516129032258,0.4032258064516129,1.2903225806451613,0.24193548387096772,0.24193548387096772,41.3
Ellyes Skhiri,TUN,MF,Eintracht Frankfurt,Bundesliga,30,1995,21,12,1114,12.4,0,0,0,0,0,0,2,1,0.0,,1.37,,,,,,,,,,,,7,0,0.0,0.57,0.0,0.0,,53,41.3,80.0,6,9,17.0,5,1.52,18,28,-10,-0.81,-1.26,1,9,9,0,2,18,3,0,0.564516129032258,0.0,1.6935483870967742,0.7258064516129032,0.16129032258064516,0.4032258064516129,-0.81,0.0,0.0,0.0,2.258064516129032,1.4516129032258065,0.0,0.0,0.7258064516129032,0.24193548387096772,1.4516129032258065,41.3
Abdoulaye Faye,SEN,DF,Lorient,Ligue 1,21,2004,13,12,1113,12.4,0,0,0,0,0,0,7,0,0.0,,1.37,,,,,,,,,,,,7,1,14.3,0.57,0.08,0.0,0.0,86,41.2,89.0,11,1,45.0,0,1.23,17,24,-7,-0.57,-0.74,0,22,14,0,3,24,19,0,0.564516129032258,0.14285714285714285,3.467741935483871,1.7741935483870968,0.24193548387096772,0.564516129032258,-0.57,0.0,0.0,0.0,1.9354838709677418,1.3709677419354838,0.0,0.0,1.129032258064516,1.532258064516129,1.9354838709677418,41.2
Lucas,BRA,MF,Burnley,Premier League,25,2001,16,12,1113,12.4,0,0,0,0,0,0,0,1,0.0,,1.37,,,,,,,,,,,,11,1,9.1,0.89,0.08,0.0,0.0,70,37.5,86.0,11,4,20.0,12,0.44,12,25,-13,-1.05,-0.08,0,11,3,4,47,14,19,0,0.8870967741935484,0.09090909090909091,2.661290322580645,0.8870967741935484,3.790322580645161,0.24193548387096772,-1.05,0.0,0.0,0.0,2.0161290322580645,0.9677419354838709,0.0,0.3225806451612903,0.24193548387096772,1.532258064516129,1.129032258064516,37.5
Ansgar Knauff,GER,MF,Eintracht Frankfurt,Bundesliga,24,2002,24,11,1112,12.4,4,1,5,4,0,0,3,0,0.4,,1.37,,,,,,,,,,,,31,13,41.9,2.51,1.05,0.13,0.31,46,41.2,74.0,1,13,23.0,0,1.42,24,23,1,0.08,0.25,0,23,11,5,33,8,10,0,2.5,0.41935483870967744,1.4516129032258065,1.8548387096774193,2.661290322580645,0.24193548387096772,0.08,0.0,0.0,0.0,1.8548387096774193,1.9354838709677418,0.08064516129032258,0.4032258064516129,0.8870967741935484,0.8064516129032258,0.6451612903225806,41.2
Giovani Lo Celso,ARG,MF,Real Betis,La Liga,30,1996,18,11,1111,12.3,2,2,4,2,0,0,3,0,0.32,,1.37,,,,,,,,,,,,27,10,37.0,2.19,0.81,0.07,0.2,62,39.8,79.0,2,7,35.0,2,1.5,18,13,5,0.41,0.3,0,7,40,4,50,5,11,0,2.195121951219512,0.37037037037037035,1.3008130081300813,0.5691056910569106,4.0650406504065035,0.24390243902439024,0.41,0.0,0.0,0.0,1.056910569105691,1.4634146341463414,0.16260162601626016,0.3252032520325203,3.252032520325203,0.8943089430894309,0.4065040650406504,39.8
Ebenezer Akinsanmiro,NGA,MF,Pisa,Serie A,21,2004,19,11,1110,12.3,0,1,1,0,0,0,2,0,0.08,,1.37,,,,,,,,,,,,11,3,27.3,0.89,0.24,0.0,0.0,58,37.4,78.0,7,8,31.0,6,0.63,8,21,-13,-1.05,0.06,0,25,23,1,9,19,19,0,0.8943089430894309,0.2727272727272727,3.089430894308943,2.0325203252032518,0.7317073170731707,0.16260162601626016,-1.05,0.0,0.0,0.0,1.7073170731707317,0.6504065040650406,0.08130081300813008,0.08130081300813008,1.8699186991869918,1.5447154471544715,1.5447154471544715,37.4
Sergi Altimira,ESP,MF,Real Betis,La Liga,24,2001,22,12,1110,12.3,1,1,2,1,0,0,3,0,0.16,,1.37,,,,,,,,,,,,5,2,40.0,0.41,0.16,0.2,0.5,50,39.8,74.0,5,10,22.0,8,1.45,12,19,-7,-0.57,-1.32,0,12,20,0,3,19,30,0,0.4065040650406504,0.4,3.9837398373983737,0.975609756097561,0.24390243902439024,0.24390243902439024,-0.57,0.0,0.0,0.0,1.5447154471544715,0.975609756097561,0.08130081300813008,0.0,1.6260162601626016,2.4390243902439024,1.5447154471544715,39.8
Suat Serdar,GER,MF,Hellas Verona,Serie A,29,1997,20,12,1108,12.3,2,0,2,2,0,0,3,0,0.16,,1.37,,,,,,,,,,,,19,7,36.8,1.54,0.57,0.11,0.29,55,37.3,78.0,4,8,21.0,0,0.55,8,24,-16,-1.3,-0.48,0,19,12,1,7,10,20,0,1.5447154471544715,0.3684210526315789,2.4390243902439024,1.5447154471544715,0.5691056910569106,0.24390243902439024,-1.3,0.0,0.0,0.0,1.951219512195122,0.6504065040650406,0.0,0.08130081300813008,0.975609756097561,1.6260162601626016,0.8130081300813008,37.3
Gonçalo Ramos,POR,FW,Paris Saint-Germain,Ligue 1,24,2001,26,11,1102,12.2,6,1,7,5,1,2,2,0,0.49,,1.37,,,,,,,,,,,,52,24,46.2,4.25,1.96,0.1,0.21,42,43.7,78.0,5,15,16.0,2,2.19,26,11,15,1.23,-0.17,0,18,16,4,1,3,11,0,4.262295081967213,0.46153846153846156,1.1475409836065575,1.4754098360655739,0.0819672131147541,0.1639344262295082,1.23,0.0,0.0,0.0,0.9016393442622951,2.1311475409836067,0.0819672131147541,0.3278688524590164,1.3114754098360657,0.9016393442622951,0.24590163934426232,43.7
Prosper Peter,NGA,FW,Angers,Ligue 1,18,2007,26,11,1101,12.2,5,0,5,5,0,0,0,0,0.41,,1.37,,,,,,,,,,,,22,14,63.6,1.8,1.14,0.23,0.36,42,40.8,74.0,5,15,19.0,1,1.15,12,22,-10,-0.82,-0.59,0,29,26,13,0,4,3,0,1.8032786885245902,0.6363636363636364,0.5737704918032788,2.377049180327869,0.0,0.0,-0.82,0.0,0.0,0.0,1.8032786885245902,0.9836065573770493,0.0,1.0655737704918034,2.1311475409836067,0.24590163934426232,0.3278688524590164,40.8
Dženan Pejčinović,GER,FW,Wolfsburg,Bundesliga,21,2005,26,12,1101,12.2,7,0,7,7,0,0,1,0,0.57,,1.37,,,,,,,,,,,,35,15,42.9,2.86,1.23,0.2,0.47,42,40.8,75.0,4,14,14.0,3,0.77,15,34,-19,-1.55,-1.22,0,17,7,4,3,2,8,0,2.8688524590163937,0.42857142857142855,0.819672131147541,1.3934426229508197,0.24590163934426232,0.0819672131147541,-1.55,0.0,0.0,0.0,2.7868852459016393,1.2295081967213115,0.0,0.3278688524590164,0.5737704918032788,0.6557377049180328,0.1639344262295082,40.8
Emmanuel Agbadou,CIV,DF,Wolves,Premier League,28,1997,14,12,1101,12.2,0,0,0,0,0,0,1,1,0.0,,1.37,,,,,,,,,,,,10,3,30.0,0.82,0.25,0.0,0.0,79,37.1,85.0,11,2,38.0,4,0.14,6,27,-21,-1.72,-0.95,0,10,5,1,13,14,21,0,0.819672131147541,0.3,2.8688524590163937,0.819672131147541,1.0655737704918034,0.3278688524590164,-1.72,0.0,0.0,0.0,2.2131147540983607,0.49180327868852464,0.0,0.0819672131147541,0.4098360655737705,1.7213114754098362,1.1475409836065575,37.1
Dwight McNeil,ENG,MF,Everton,Premier League,26,1999,20,13,1101,12.2,0,1,1,0,0,0,1,0,0.08,,1.37,,,,,,,,,,,,23,5,21.7,1.88,0.41,0.0,0.0,55,37.1,77.0,3,7,14.0,11,1.6,14,7,7,0.57,0.86,0,10,6,1,39,9,13,0,1.8852459016393444,0.21739130434782608,1.8032786885245902,0.819672131147541,3.19672131147541,0.0819672131147541,0.57,0.0,0.0,0.0,0.5737704918032788,1.1475409836065575,0.0819672131147541,0.0819672131147541,0.49180327868852464,1.0655737704918034,0.7377049180327869,37.1
Martijn Kaars,NED,FW,St Pauli,Bundesliga,27,1999,25,12,1097,12.2,3,0,3,2,1,1,1,0,0.16,,1.37,,,,,,,,,,,,20,9,45.0,1.64,0.74,0.1,0.22,44,40.6,68.0,1,13,22.0,3,0.8,8,21,-13,-1.07,-0.39,0,7,6,4,10,0,5,0,1.639344262295082,0.45,0.4098360655737705,0.5737704918032788,0.819672131147541,0.0819672131147541,-1.07,0.0,0.0,0.0,1.7213114754098362,0.6557377049180328,0.0,0.3278688524590164,0.49180327868852464,0.4098360655737705,0.0,40.6
Adam Daghim,DEN,MF,Wolfsburg,Bundesliga,20,2005,23,9,1097,12.2,2,3,5,2,0,0,1,0,0.41,,1.37,,,,,,,,,,,,19,5,26.3,1.56,0.41,0.11,0.4,48,40.6,84.0,5,14,25.0,1,0.57,14,30,-16,-1.31,-0.81,0,14,21,3,16,9,18,0,1.557377049180328,0.2631578947368421,2.2131147540983607,1.1475409836065575,1.3114754098360657,0.0819672131147541,-1.31,0.0,0.0,0.0,2.459016393442623,1.1475409836065575,0.24590163934426232,0.24590163934426232,1.7213114754098362,1.4754098360655739,0.7377049180327869,40.6
David Brooks,WAL,MF,Bournemouth,Premier League,28,1997,27,12,1097,12.2,1,2,3,1,0,0,7,0,0.25,,1.37,,,,,,,,,,,,43,12,27.9,3.53,0.98,0.02,0.08,41,36.9,67.0,0,15,19.0,1,1.44,19,19,0,0.0,0.0,0,11,12,2,54,3,11,0,3.5245901639344264,0.27906976744186046,1.1475409836065575,0.9016393442622951,4.426229508196721,0.5737704918032788,0.0,0.0,0.0,0.0,1.557377049180328,1.557377049180328,0.1639344262295082,0.1639344262295082,0.9836065573770493,0.9016393442622951,0.24590163934426232,36.9
Éder Militão,BRA,DF,Real Madrid,La Liga,28,1998,15,13,1095,12.2,2,1,3,2,0,0,2,0,0.25,,1.37,,,,,,,,,,,,20,9,45.0,1.64,0.74,0.1,0.22,73,39.2,78.0,9,2,39.0,2,2.0,25,9,16,1.32,0.25,0,14,12,0,1,10,15,0,1.639344262295082,0.45,2.0491803278688527,1.1475409836065575,0.0819672131147541,0.1639344262295082,1.32,0.0,0.0,0.0,0.7377049180327869,2.0491803278688527,0.0819672131147541,0.0,0.9836065573770493,1.2295081967213115,0.819672131147541,39.2
Derry Scherhant,GER,MF,Freiburg,Bundesliga,23,2002,27,10,1094,12.2,4,1,5,4,0,0,2,0,0.41,,1.37,,,,,,,,,,,,32,12,37.5,2.63,0.99,0.13,0.33,41,40.5,74.0,1,17,21.0,3,1.44,20,20,0,0.0,0.22,0,14,30,3,69,7,7,0,2.6229508196721314,0.375,1.1475409836065575,1.1475409836065575,5.6557377049180335,0.1639344262295082,0.0,0.0,0.0,0.0,1.639344262295082,1.639344262295082,0.0819672131147541,0.24590163934426232,2.459016393442623,0.5737704918032788,0.5737704918032788,40.5
Francisco Perez,ESP,MF,Rayo Vallecano,La Liga,23,2002,25,10,1094,12.2,2,1,3,2,0,0,4,0,0.25,,1.37,,,,,,,,,,,,15,8,53.3,1.23,0.66,0.13,0.25,44,39.2,67.0,0,15,28.0,3,1.12,11,16,-5,-0.41,-0.2,0,13,14,5,40,2,9,0,1.2295081967213115,0.5333333333333333,0.9016393442622951,1.0655737704918034,3.278688524590164,0.3278688524590164,-0.41,0.0,0.0,0.0,1.3114754098360657,0.9016393442622951,0.0819672131147541,0.4098360655737705,1.1475409836065575,0.7377049180327869,0.1639344262295082,39.2
Jean-Philippe Krasso,CIV,FW,Paris FC,Ligue 1,28,1997,25,12,1092,12.1,2,2,4,1,1,1,0,0,0.25,,1.37,,,,,,,,,,,,27,10,37.0,2.23,0.82,0.04,0.1,44,40.4,70.0,1,13,19.0,0,1.12,15,17,-2,-0.16,0.06,0,20,19,10,4,1,8,0,2.231404958677686,0.37037037037037035,0.7438016528925621,1.6528925619834711,0.3305785123966942,0.0,-0.16,0.0,0.0,0.0,1.4049586776859504,1.2396694214876034,0.1652892561983471,0.8264462809917356,1.5702479338842976,0.6611570247933884,0.08264462809917356,40.4
Fabian Schär,SUI,DF,Newcastle United,Premier League,34,1991,16,11,1091,12.1,0,0,0,0,0,0,1,0,0.0,,1.37,,,,,,,,,,,,17,4,23.5,1.4,0.33,0.0,0.0,68,36.7,88.0,9,5,25.0,3,1.75,16,13,3,0.25,0.53,0,15,7,1,4,16,9,0,1.4049586776859504,0.23529411764705882,2.066115702479339,1.2396694214876034,0.3305785123966942,0.08264462809917356,0.25,0.0,0.0,0.0,1.0743801652892562,1.322314049586777,0.0,0.08264462809917356,0.578512396694215,0.7438016528925621,1.322314049586777,36.7
Nikolas Nartey,DEN,MF,Stuttgart,Bundesliga,26,2000,25,12,1091,12.1,3,2,5,3,0,0,2,0,0.41,,1.37,,,,,,,,,,,,20,10,50.0,1.65,0.82,0.15,0.3,44,40.4,72.0,2,13,17.0,3,2.12,29,11,18,1.48,1.37,0,17,19,1,14,10,11,0,1.6528925619834711,0.5,1.7355371900826446,1.4049586776859504,1.15702479338843,0.1652892561983471,1.48,0.0,0.0,0.0,0.9090909090909092,2.396694214876033,0.1652892561983471,0.08264462809917356,1.5702479338842976,0.9090909090909092,0.8264462809917356,40.4
Thiago Almada,ARG,MF,Atlético Madrid,La Liga,24,2001,22,13,1090,12.1,3,1,4,3,0,0,1,0,0.33,,1.37,,,,,,,,,,,,19,10,52.6,1.57,0.83,0.16,0.3,50,39.1,68.0,3,9,22.0,4,1.77,16,15,1,0.08,-0.87,0,8,15,2,29,7,16,0,1.5702479338842976,0.5263157894736842,1.9008264462809918,0.6611570247933884,2.396694214876033,0.08264462809917356,0.08,0.0,0.0,0.0,1.2396694214876034,1.322314049586777,0.08264462809917356,0.1652892561983471,1.2396694214876034,1.322314049586777,0.578512396694215,39.1
Eray Cömert,SUI,DF,Valencia,La Liga,28,1998,14,12,1088,12.1,2,0,2,2,0,0,2,0,0.17,,1.37,,,,,,,,,,,,9,3,33.3,0.74,0.25,0.22,0.67,78,39.0,87.0,9,2,24.0,14,1.14,16,17,-1,-0.08,0.5,0,6,10,1,1,19,13,0,0.7438016528925621,0.3333333333333333,2.644628099173554,0.49586776859504134,0.08264462809917356,0.1652892561983471,-0.08,0.0,0.0,0.0,1.4049586776859504,1.322314049586777,0.0,0.08264462809917356,0.8264462809917356,1.0743801652892562,1.5702479338842976,39.0
Kauã Santos,BRA,GK,Eintracht Frankfurt,Bundesliga,23,2003,13,13,1084,12.0,0,0,0,0,0,0,0,0,0.0,32.0,2.66,68.0,37.0,54.4,3.0,4.0,6.0,2.0,15.4,1.0,0.0,0.0,0,0,,0.0,0.0,,,83,40.1,83.0,12,0,,9,1.0,27,32,-5,-0.42,-0.58,0,0,3,0,0,0,1,0,0.0,0.0,0.08333333333333333,0.0,0.0,0.0,-0.42,0.15384615384615385,0.0,5.666666666666667,2.6666666666666665,2.25,0.0,0.0,0.25,0.08333333333333333,0.0,40.1
Antonio Rüdiger,GER,DF,Real Madrid,La Liga,33,1993,13,12,1084,12.0,1,0,1,1,0,0,0,0,0.08,,1.37,,,,,,,,,,,,11,1,9.1,0.91,0.08,0.09,1.0,83,38.9,85.0,9,1,67.0,3,2.15,27,12,15,1.25,0.14,0,9,1,1,2,3,4,0,0.9166666666666666,0.09090909090909091,0.5833333333333334,0.75,0.16666666666666666,0.0,1.25,0.0,0.0,0.0,1.0,2.25,0.0,0.08333333333333333,0.08333333333333333,0.3333333333333333,0.25,38.9
Philipp Lienhart,AUT,DF,Freiburg,Bundesliga,29,1996,16,12,1082,12.0,0,0,0,0,0,0,4,1,0.0,,1.37,,,,,,,,,,,,6,1,16.7,0.5,0.08,0.0,0.0,68,40.1,81.0,8,4,28.0,2,1.63,22,18,4,0.33,0.78,1,6,7,2,12,12,11,0,0.5,0.16666666666666666,1.9166666666666667,0.5,1.0,0.5833333333333334,0.33,0.0,0.0,0.0,1.5,1.8333333333333333,0.0,0.16666666666666666,0.5833333333333334,0.9166666666666666,1.0,40.1
Mohammed Salisu,GHA,DF,Monaco,Ligue 1,27,1999,12,12,1080,12.0,1,0,1,1,0,0,3,0,0.08,,1.37,,,,,,,,,,,,8,2,25.0,0.67,0.17,0.13,0.5,90,40.0,90.0,12,0,,3,1.17,15,21,-6,-0.5,-1.22,0,17,3,4,0,19,11,1,0.6666666666666666,0.25,2.5,1.4166666666666667,0.0,0.25,-0.5,0.0,0.0,0.0,1.75,1.25,0.0,0.3333333333333333,0.25,0.9166666666666666,1.5833333333333333,40.0
Stefan Posch,AUT,DF,Mainz 05,Bundesliga,28,1997,12,12,1080,12.0,0,0,0,0,0,0,4,0,0.0,,1.37,,,,,,,,,,,,7,2,28.6,0.58,0.17,0.0,0.0,90,40.0,90.0,12,0,,0,1.83,18,14,4,0.33,1.06,0,7,11,1,9,12,20,0,0.5833333333333334,0.2857142857142857,2.6666666666666665,0.5833333333333334,0.75,0.3333333333333333,0.33,0.0,0.0,0.0,1.1666666666666667,1.5,0.0,0.08333333333333333,0.9166666666666666,1.6666666666666667,1.0,40.0
Justin Bijlow,NED,GK,Genoa,Serie A,28,1998,12,12,1080,12.0,0,0,0,0,0,0,0,0,0.0,17.0,1.42,47.0,34.0,72.3,6.0,1.0,5.0,3.0,25.0,4.0,0.0,0.0,0,0,,0.0,0.0,,,90,36.4,90.0,12,0,,0,1.58,18,17,1,0.08,0.42,0,0,1,0,0,0,0,0,0.0,0.0,0.0,0.0,0.0,0.0,0.08,0.25,0.0,3.9166666666666665,1.4166666666666667,1.5,0.0,0.0,0.08333333333333333,0.0,0.0,36.4
Sam Johnstone,ENG,GK,Wolves,Premier League,33,1993,12,12,1080,12.0,0,0,0,0,0,0,0,0,0.0,24.0,2.0,62.0,39.0,62.9,0.0,2.0,10.0,0.0,0.0,1.0,0.0,0.0,0,0,,0.0,0.0,,,90,36.4,90.0,12,0,,18,0.17,6,24,-18,-1.5,-0.6,0,0,0,0,0,0,1,1,0.0,0.0,0.08333333333333333,0.0,0.0,0.0,-1.5,0.0,0.0,5.166666666666667,2.0,0.5,0.0,0.0,0.0,0.08333333333333333,0.0,36.4
Obed Nkambadio,FRA,GK,Paris FC,Ligue 1,23,2003,12,12,1080,12.0,0,0,0,0,0,0,0,0,0.0,21.0,1.75,44.0,26.0,56.8,3.0,3.0,6.0,1.0,8.3,2.0,1.0,1.0,0,0,,0.0,0.0,,,90,40.0,90.0,12,0,,17,1.0,18,21,-3,-0.25,-0.08,0,0,0,0,0,0,0,0,0.0,0.0,0.0,0.0,0.0,0.0,-0.25,0.08333333333333333,0.5,3.6666666666666665,1.75,1.5,0.0,0.0,0.0,0.0,0.0,40.0
Tim Siersleben,GER,DF,Heidenheim,Bundesliga,26,2000,14,12,1079,12.0,0,0,0,0,0,0,2,0,0.0,,1.37,,,,,,,,,,,,5,3,60.0,0.42,0.25,0.0,0.0,77,40.0,85.0,9,2,28.0,13,0.71,16,28,-12,-1.0,0.17,0,13,13,1,13,21,16,0,0.4166666666666667,0.6,3.0833333333333335,1.0833333333333333,1.0833333333333333,0.16666666666666666,-1.0,0.0,0.0,0.0,2.3333333333333335,1.3333333333333333,0.0,0.08333333333333333,1.0833333333333333,1.3333333333333333,1.75,40.0
Honest Ahanor,ITA,DF,Atalanta,Serie A,18,2008,18,12,1079,12.0,0,0,0,0,0,0,1,1,0.0,,1.37,,,,,,,,,,,,10,2,20.0,0.83,0.17,0.0,0.0,60,36.3,70.0,7,6,39.0,13,1.72,16,11,5,0.42,-0.11,0,17,22,0,1,15,15,0,0.8333333333333334,0.2,2.5,1.4166666666666667,0.08333333333333333,0.3333333333333333,0.42,0.0,0.0,0.0,0.9166666666666666,1.3333333333333333,0.0,0.0,1.8333333333333333,1.25,1.25,36.3
Lukáš Hrádecký,FIN,GK,Monaco,Ligue 1,36,1989,13,13,1079,12.0,0,0,0,0,0,0,0,0,0.0,18.0,1.5,54.0,38.0,70.4,6.0,1.0,6.0,2.0,15.4,2.0,0.0,1.0,0,0,,0.0,0.0,,,83,40.0,83.0,11,0,,0,1.46,16,18,-2,-0.17,-0.67,0,0,0,0,0,0,1,0,0.0,0.0,0.08333333333333333,0.0,0.0,0.0,-0.17,0.15384615384615385,0.0,4.5,1.5,1.3333333333333333,0.0,0.0,0.0,0.08333333333333333,0.0,40.0
Alexis Sánchez,CHI,FW,Sevilla,La Liga,37,1988,22,10,1078,12.0,3,1,4,2,1,1,1,0,0.25,,1.37,,,,,,,,,,,,21,7,33.3,1.75,0.58,0.1,0.29,49,38.6,76.0,3,12,27.0,2,1.05,16,29,-13,-1.09,-1.14,0,12,21,9,21,4,10,0,1.75,0.3333333333333333,1.1666666666666667,1.0,1.75,0.08333333333333333,-1.09,0.0,0.0,0.0,2.4166666666666665,1.3333333333333333,0.08333333333333333,0.75,1.75,0.8333333333333334,0.3333333333333333,38.6
Boulaye Dia,SEN,FW,Lazio,Serie A,29,1996,22,12,1078,12.0,1,1,2,1,0,0,1,0,0.17,,1.37,,,,,,,,,,,,11,6,54.5,0.92,0.5,0.09,0.17,49,36.3,73.0,2,10,21.0,5,1.45,13,8,5,0.42,0.47,0,16,12,2,0,3,7,0,0.9166666666666666,0.5454545454545454,0.8333333333333334,1.3333333333333333,0.0,0.08333333333333333,0.42,0.0,0.0,0.0,0.6666666666666666,1.0833333333333333,0.08333333333333333,0.16666666666666666,1.0,0.5833333333333334,0.25,36.3
Juan Rodríguez,URU,DF,Cagliari,Serie A,20,2005,13,13,1078,12.0,0,0,0,0,0,0,3,0,0.0,,1.37,,,,,,,,,,,,1,1,100.0,0.08,0.08,0.0,0.0,83,36.3,83.0,8,0,,15,0.69,9,18,-9,-0.75,-0.51,0,14,6,0,4,13,22,0,0.08333333333333333,1.0,2.9166666666666665,1.1666666666666667,0.3333333333333333,0.25,-0.75,0.0,0.0,0.0,1.5,0.75,0.0,0.0,0.5,1.8333333333333333,1.0833333333333333,36.3
Samuel Mbangula,BEL,MF,Werder Bremen,Bundesliga,22,2004,22,12,1077,12.0,3,2,5,3,0,0,0,0,0.42,,1.37,,,,,,,,,,,,15,7,46.7,1.25,0.58,0.2,0.43,49,39.9,72.0,1,10,22.0,3,0.95,14,20,-6,-0.5,0.16,0,4,22,3,21,3,10,0,1.25,0.4666666666666667,1.0833333333333333,0.3333333333333333,1.75,0.0,-0.5,0.0,0.0,0.0,1.6666666666666667,1.1666666666666667,0.16666666666666666,0.25,1.8333333333333333,0.8333333333333334,0.25,39.9
Wilson Isidor,HAI,FW,Sunderland,Premier League,25,2000,28,11,1076,12.0,5,0,5,5,0,0,1,0,0.42,,1.37,,,,,,,,,,,,39,15,38.5,3.26,1.25,0.13,0.33,38,36.2,71.0,0,17,17.0,3,1.39,16,16,0,0.0,0.19,0,14,4,10,0,0,6,0,3.25,0.38461538461538464,0.5,1.1666666666666667,0.0,0.08333333333333333,0.0,0.0,0.0,0.0,1.3333333333333333,1.3333333333333333,0.0,0.8333333333333334,0.3333333333333333,0.5,0.0,36.2
Andrey Santos,BRA,MF,Chelsea,Premier League,21,2004,24,11,1075,11.9,0,0,0,0,0,0,4,0,0.0,,1.37,,,,,,,,,,,,9,1,11.1,0.75,0.08,0.0,0.0,45,36.2,70.0,3,13,23.0,8,1.5,17,16,1,0.08,-0.39,0,12,20,1,2,18,15,0,0.7563025210084033,0.1111111111111111,2.773109243697479,1.0084033613445378,0.1680672268907563,0.3361344537815126,0.08,0.0,0.0,0.0,1.3445378151260503,1.4285714285714286,0.0,0.08403361344537814,1.680672268907563,1.2605042016806722,1.5126050420168067,36.2
Mostafa Mohamed,EGY,FW,Nantes,Ligue 1,28,1997,21,12,1075,11.9,4,0,4,4,0,0,1,0,0.33,,1.37,,,,,,,,,,,,33,7,21.2,2.76,0.59,0.12,0.57,51,41.2,75.0,2,9,19.0,6,0.57,7,20,-13,-1.09,-0.62,0,16,26,4,8,7,5,0,2.773109243697479,0.21212121212121213,1.0084033613445378,1.3445378151260503,0.6722689075630252,0.08403361344537814,-1.09,0.0,0.0,0.0,1.680672268907563,0.5882352941176471,0.0,0.3361344537815126,2.1848739495798317,0.42016806722689076,0.5882352941176471,41.2
Callum Wilson,ENG,FW,West Ham United,Premier League,34,1992,27,10,1074,11.9,5,1,6,5,0,0,0,0,0.5,,1.37,,,,,,,,,,,,32,12,37.5,2.68,1.01,0.16,0.42,40,36.2,67.0,1,17,24.0,5,1.15,18,19,-1,-0.08,0.68,0,10,12,8,4,3,1,0,2.6890756302521006,0.375,0.3361344537815126,0.8403361344537815,0.3361344537815126,0.0,-0.08,0.0,0.0,0.0,1.5966386554621848,1.5126050420168067,0.08403361344537814,0.6722689075630252,1.0084033613445378,0.08403361344537814,0.25210084033613445,36.2
Abdukodir Khusanov,UZB,DF,Manchester City,Premier League,22,2004,17,11,1072,11.9,0,0,0,0,0,0,2,0,0.0,,1.37,,,,,,,,,,,,4,1,25.0,0.34,0.08,0.0,0.0,63,37.2,83.0,8,6,27.0,9,1.94,17,9,8,0.67,-0.72,0,11,5,0,2,23,16,0,0.3361344537815126,0.25,3.277310924369748,0.9243697478991596,0.1680672268907563,0.1680672268907563,0.67,0.0,0.0,0.0,0.7563025210084033,1.4285714285714286,0.0,0.0,0.42016806722689076,1.3445378151260503,1.9327731092436975,37.2
Abdel Abqar,MAR,DF,Getafe,La Liga,27,1999,17,13,1072,11.9,0,2,2,0,0,0,7,1,0.17,,1.37,,,,,,,,,,,,7,1,14.3,0.59,0.08,0.0,0.0,63,38.4,73.0,5,4,30.0,0,1.18,13,12,1,0.08,0.4,0,22,30,1,1,16,15,0,0.5882352941176471,0.14285714285714285,2.6050420168067228,1.8487394957983192,0.08403361344537814,0.8403361344537815,0.08,0.0,0.0,0.0,1.0084033613445378,1.0924369747899159,0.1680672268907563,0.08403361344537814,2.5210084033613445,1.2605042016806722,1.3445378151260503,38.4
Javi Rueda,ESP,MF,Celta Vigo,La Liga,23,2002,21,11,1070,11.9,2,4,6,2,0,0,4,0,0.5,,1.37,,,,,,,,,,,,11,3,27.3,0.93,0.25,0.18,0.67,51,38.4,75.0,4,10,24.0,7,1.43,13,11,2,0.17,0.06,0,22,14,3,17,15,10,0,0.9243697478991596,0.2727272727272727,2.100840336134454,1.8487394957983192,1.4285714285714286,0.3361344537815126,0.17,0.0,0.0,0.0,0.9243697478991596,1.0924369747899159,0.3361344537815126,0.25210084033613445,1.1764705882352942,0.8403361344537815,1.2605042016806722,38.4
Santiago Hidalgo,ARG,FW,Toulouse,Ligue 1,21,2005,25,11,1070,11.9,4,5,9,4,0,0,4,0,0.76,,1.37,,,,,,,,,,,,28,10,35.7,2.36,0.84,0.14,0.4,43,39.6,72.0,3,14,20.0,4,1.36,24,11,13,1.09,1.87,0,33,25,7,10,6,14,0,2.3529411764705883,0.35714285714285715,1.680672268907563,2.773109243697479,0.8403361344537815,0.3361344537815126,1.09,0.0,0.0,0.0,0.9243697478991596,2.0168067226890756,0.42016806722689076,0.5882352941176471,2.100840336134454,1.1764705882352942,0.5042016806722689,39.6
Denis Suárez,ESP,MF,Alavés,La Liga,32,1994,23,11,1067,11.9,1,2,3,1,0,0,6,0,0.25,,1.37,,,,,,,,,,,,6,3,50.0,0.51,0.25,0.17,0.33,46,38.2,72.0,0,12,23.0,2,0.96,16,16,0,0.0,0.57,0,18,20,0,21,7,10,0,0.5042016806722689,0.5,1.4285714285714286,1.5126050420168067,1.7647058823529411,0.5042016806722689,0.0,0.0,0.0,0.0,1.3445378151260503,1.3445378151260503,0.1680672268907563,0.0,1.680672268907563,0.8403361344537815,0.5882352941176471,38.2
Thomas Lemar,FRA,MF,Girona,La Liga,30,1995,21,12,1066,11.8,3,1,4,3,0,0,2,0,0.34,,1.37,,,,,,,,,,,,16,8,50.0,1.35,0.68,0.19,0.38,51,38.2,71.0,1,9,24.0,1,1.14,14,14,0,0.0,0.63,0,17,18,0,42,3,10,0,1.3559322033898304,0.5,1.1016949152542372,1.4406779661016949,3.559322033898305,0.1694915254237288,0.0,0.0,0.0,0.0,1.1864406779661016,1.1864406779661016,0.0847457627118644,0.0,1.5254237288135593,0.847457627118644,0.2542372881355932,38.2
Riccardo Sottil,ITA,FW,Lecce,Serie A,26,1999,21,13,1066,11.8,1,2,3,1,0,0,1,0,0.25,,1.37,,,,,,,,,,,,20,3,15.0,1.69,0.25,0.05,0.33,51,35.9,66.0,0,8,25.0,4,0.86,6,14,-8,-0.68,0.08,0,10,27,4,100,2,2,0,1.694915254237288,0.15,0.3389830508474576,0.847457627118644,8.47457627118644,0.0847457627118644,-0.68,0.0,0.0,0.0,1.1864406779661016,0.5084745762711864,0.1694915254237288,0.3389830508474576,2.2881355932203387,0.1694915254237288,0.1694915254237288,35.9
Samir Chergui,ALG,DF,Paris FC,Ligue 1,27,1999,14,12,1064,11.8,1,0,1,1,0,0,1,0,0.08,,1.37,,,,,,,,,,,,12,4,33.3,1.02,0.34,0.08,0.25,76,39.4,87.0,10,2,12.0,2,1.21,19,22,-3,-0.25,-0.09,0,13,4,1,6,9,12,0,1.0169491525423728,0.3333333333333333,1.7796610169491525,1.1016949152542372,0.5084745762711864,0.0847457627118644,-0.25,0.0,0.0,0.0,1.8644067796610169,1.6101694915254237,0.0,0.0847457627118644,0.3389830508474576,1.0169491525423728,0.7627118644067796,39.4
Rémy Labeau Lascary,GLP,MF,Brest,Ligue 1,23,2003,23,11,1063,11.8,5,1,6,5,0,0,2,0,0.51,,1.37,,,,,,,,,,,,28,14,50.0,2.37,1.19,0.18,0.36,46,40.7,71.0,3,12,24.0,0,1.52,18,18,0,0.0,0.35,0,25,15,8,11,4,9,0,2.3728813559322033,0.5,1.1016949152542372,2.11864406779661,0.9322033898305084,0.1694915254237288,0.0,0.0,0.0,0.0,1.5254237288135593,1.5254237288135593,0.0847457627118644,0.6779661016949152,1.271186440677966,0.7627118644067796,0.3389830508474576,40.7
Martin Satriano,URU,FW,Getafe,La Liga,25,2001,12,12,1063,11.8,4,1,5,4,0,0,4,0,0.42,,1.37,,,,,,,,,,,,22,11,50.0,1.86,0.93,0.18,0.36,89,38.1,89.0,8,0,,0,1.67,12,7,5,0.42,0.94,0,15,16,2,13,8,11,0,1.8644067796610169,0.5,1.6101694915254237,1.271186440677966,1.1016949152542372,0.3389830508474576,0.42,0.0,0.0,0.0,0.5932203389830508,1.0169491525423728,0.0847457627118644,0.1694915254237288,1.3559322033898304,0.9322033898305084,0.6779661016949152,38.1
Pape Demba Diop,SEN,MF,Toulouse,Ligue 1,22,2003,13,12,1062,11.8,1,2,3,1,0,0,2,0,0.25,,1.37,,,,,,,,,,,,27,11,40.7,2.29,0.93,0.04,0.09,82,39.3,85.0,6,1,45.0,0,1.08,14,18,-4,-0.34,-0.5,0,12,15,0,14,27,18,0,2.2881355932203387,0.4074074074074074,3.813559322033898,1.0169491525423728,1.1864406779661016,0.1694915254237288,-0.34,0.0,0.0,0.0,1.5254237288135593,1.1864406779661016,0.1694915254237288,0.0,1.271186440677966,1.5254237288135593,2.2881355932203387,39.3
Daniel Parejo,ESP,MF,Villarreal,La Liga,37,1989,25,12,1060,11.8,0,0,0,0,0,0,2,0,0.0,,1.37,,,,,,,,,,,,2,0,0.0,0.17,0.0,0.0,,42,38.0,73.0,2,13,14.0,5,1.92,16,19,-3,-0.25,-1.45,0,11,20,0,29,14,20,0,0.1694915254237288,0.0,2.8813559322033897,0.9322033898305084,2.4576271186440675,0.1694915254237288,-0.25,0.0,0.0,0.0,1.6101694915254237,1.3559322033898304,0.0,0.0,1.694915254237288,1.694915254237288,1.1864406779661016,38.0
Kevin Stöger,AUT,MF,Gladbach,Bundesliga,32,1993,25,11,1056,11.7,1,1,2,1,0,1,2,0,0.17,,1.37,,,,,,,,,,,,16,6,37.5,1.36,0.51,0.06,0.17,42,39.1,75.0,2,14,17.0,5,0.88,11,23,-12,-1.02,-0.91,0,20,19,0,49,11,18,0,1.3675213675213675,0.375,2.4786324786324787,1.7094017094017095,4.188034188034188,0.17094017094017094,-1.02,0.0,0.0,0.0,1.965811965811966,0.9401709401709403,0.08547008547008547,0.0,1.623931623931624,1.5384615384615385,0.9401709401709403,39.1
Désiré Doué,FRA,FW,Paris Saint-Germain,Ligue 1,20,2005,19,13,1056,11.7,5,2,7,5,0,1,0,0,0.6,,1.37,,,,,,,,,,,,44,16,36.4,3.75,1.36,0.11,0.31,56,41.9,66.0,0,6,34.0,0,2.32,26,13,13,1.11,-0.37,0,22,24,0,50,8,15,0,3.760683760683761,0.36363636363636365,1.965811965811966,1.8803418803418805,4.273504273504273,0.0,1.11,0.0,0.0,0.0,1.1111111111111112,2.2222222222222223,0.17094017094017094,0.0,2.0512820512820515,1.2820512820512822,0.6837606837606838,41.9
Jordy Makengo,FRA,DF,Freiburg,Bundesliga,24,2001,18,11,1056,11.7,0,0,0,0,0,0,1,0,0.0,,1.37,,,,,,,,,,,,0,0,,0.0,0.0,,,59,39.1,85.0,8,7,17.0,8,1.44,14,17,-3,-0.26,-0.2,0,10,8,2,31,10,9,0,0.0,0.0,1.623931623931624,0.8547008547008548,2.64957264957265,0.08547008547008547,-0.26,0.0,0.0,0.0,1.4529914529914532,1.1965811965811965,0.0,0.17094017094017094,0.6837606837606838,0.7692307692307693,0.8547008547008548,39.1
Paulo Dybala,ARG,FW,Roma,Serie A,32,1993,17,12,1054,11.7,2,2,4,2,0,1,0,0,0.34,,1.37,,,,,,,,,,,,36,14,38.9,3.07,1.2,0.06,0.14,62,35.5,75.0,4,5,30.0,2,1.65,13,8,5,0.43,-0.14,0,11,25,1,73,3,5,0,3.076923076923077,0.3888888888888889,0.6837606837606838,0.9401709401709403,6.239316239316239,0.0,0.43,0.0,0.0,0.0,0.6837606837606838,1.1111111111111112,0.17094017094017094,0.08547008547008547,2.1367521367521367,0.4273504273504274,0.25641025641025644,35.5
Donyell Malen,NED,FW,Roma,Serie A,27,1999,13,13,1054,11.7,10,0,10,8,2,2,1,0,0.68,,1.37,,,,,,,,,,,,53,21,39.6,4.53,1.79,0.15,0.38,81,35.5,81.0,6,0,,0,1.46,21,15,6,0.51,0.0,0,9,13,13,3,1,1,0,4.52991452991453,0.39622641509433965,0.17094017094017094,0.7692307692307693,0.25641025641025644,0.08547008547008547,0.51,0.0,0.0,0.0,1.2820512820512822,1.794871794871795,0.0,1.1111111111111112,1.1111111111111112,0.08547008547008547,0.08547008547008547,35.5
Tyrone Mings,ENG,DF,Aston Villa,Premier League,33,1993,14,12,1054,11.7,0,0,0,0,0,0,0,0,0.0,,1.37,,,,,,,,,,,,8,1,12.5,0.68,0.09,0.0,0.0,75,35.5,85.0,11,2,17.0,5,1.21,11,18,-7,-0.6,-1.21,0,6,6,0,3,9,2,0,0.6837606837606838,0.125,0.9401709401709403,0.5128205128205129,0.25641025641025644,0.0,-0.6,0.0,0.0,0.0,1.5384615384615385,0.9401709401709403,0.0,0.0,0.5128205128205129,0.17094017094017094,0.7692307692307693,35.5
M'Bala Nzola,ANG,FW,Pisa,Serie A,29,1996,16,11,1052,11.7,3,0,3,1,2,3,1,1,0.09,,1.37,,,,,,,,,,,,28,7,25.0,2.4,0.6,0.04,0.14,66,35.4,82.0,4,5,30.0,0,0.69,5,15,-10,-0.86,0.36,0,18,17,11,7,1,2,0,2.393162393162393,0.25,0.25641025641025644,1.5384615384615385,0.5982905982905983,0.3418803418803419,-0.86,0.0,0.0,0.0,1.2820512820512822,0.4273504273504274,0.0,0.9401709401709403,1.4529914529914532,0.17094017094017094,0.08547008547008547,35.4
Ruben Loftus-Cheek,ENG,MF,Milan,Serie A,30,1996,25,11,1050,11.7,3,1,4,3,0,0,1,0,0.34,,1.37,,,,,,,,,,,,29,6,20.7,2.49,0.51,0.1,0.5,42,35.4,70.0,3,14,20.0,2,1.96,19,8,11,0.94,0.47,0,22,17,1,10,4,7,0,2.4786324786324787,0.20689655172413793,0.9401709401709403,1.8803418803418805,0.8547008547008548,0.08547008547008547,0.94,0.0,0.0,0.0,0.6837606837606838,1.623931623931624,0.08547008547008547,0.08547008547008547,1.4529914529914532,0.5982905982905983,0.3418803418803419,35.4
Lucas Gourna-Douath,FRA,MF,Le Havre,Ligue 1,22,2003,12,12,1049,11.7,0,0,0,0,0,0,3,0,0.0,,1.37,,,,,,,,,,,,8,2,25.0,0.69,0.17,0.0,0.0,87,38.9,87.0,9,0,,0,0.92,8,14,-6,-0.51,-0.13,0,17,28,1,5,14,7,0,0.6837606837606838,0.25,1.794871794871795,1.4529914529914532,0.4273504273504274,0.25641025641025644,-0.51,0.0,0.0,0.0,1.1965811965811965,0.6837606837606838,0.0,0.08547008547008547,2.393162393162393,0.5982905982905983,1.1965811965811965,38.9
Arthur,BRA,MF,Leverkusen,Bundesliga,23,2003,16,13,1048,11.6,1,3,4,1,0,0,2,0,0.34,,1.37,,,,,,,,,,,,10,2,20.0,0.86,0.17,0.1,0.5,66,38.8,73.0,7,3,32.0,3,1.81,23,16,7,0.6,-0.05,0,17,9,3,29,18,11,0,0.8620689655172414,0.2,2.5,1.4655172413793105,2.5,0.1724137931034483,0.6,0.0,0.0,0.0,1.3793103448275863,1.9827586206896552,0.25862068965517243,0.25862068965517243,0.7758620689655172,0.9482758620689655,1.5517241379310345,38.8
Marcus Edwards,ENG,MF,Burnley,Premier League,27,1998,21,11,1047,11.6,1,3,4,1,0,0,0,0,0.34,,1.37,,,,,,,,,,,,22,6,27.3,1.89,0.52,0.05,0.17,50,35.3,79.0,2,10,18.0,10,0.48,14,18,-4,-0.34,1.01,0,7,17,1,17,3,6,0,1.896551724137931,0.2727272727272727,0.7758620689655172,0.603448275862069,1.4655172413793105,0.0,-0.34,0.0,0.0,0.0,1.5517241379310345,1.206896551724138,0.25862068965517243,0.08620689655172414,1.4655172413793105,0.5172413793103449,0.25862068965517243,35.3
Sead Kolašinac,BIH,DF,Atalanta,Serie A,32,1993,16,13,1047,11.6,0,0,0,0,0,0,3,0,0.0,,1.37,,,,,,,,,,,,3,0,0.0,0.26,0.0,0.0,,65,35.3,72.0,3,3,38.0,6,1.88,18,11,7,0.6,0.18,0,17,9,0,3,8,16,0,0.25862068965517243,0.0,2.0689655172413794,1.4655172413793105,0.25862068965517243,0.25862068965517243,0.6,0.0,0.0,0.0,0.9482758620689655,1.5517241379310345,0.0,0.0,0.7758620689655172,1.3793103448275863,0.6896551724137931,35.3
Kevin Danso,AUT,DF,Tottenham Hotspur,Premier League,27,1998,19,12,1044,11.6,0,0,0,0,0,0,5,0,0.0,,1.37,,,,,,,,,,,,4,1,25.0,0.34,0.09,0.0,0.0,55,35.2,83.0,9,7,8.0,10,1.21,14,22,-8,-0.69,-0.55,0,13,9,0,6,15,9,0,0.3448275862068966,0.25,2.0689655172413794,1.120689655172414,0.5172413793103449,0.4310344827586207,-0.69,0.0,0.0,0.0,1.896551724137931,1.206896551724138,0.0,0.0,0.7758620689655172,0.7758620689655172,1.293103448275862,35.2
Manolis Saliakas,GRE,MF,St Pauli,Bundesliga,29,1996,16,11,1044,11.6,1,3,4,1,0,0,3,0,0.34,,1.37,,,,,,,,,,,,15,3,20.0,1.29,0.26,0.07,0.33,65,38.7,82.0,4,5,27.0,8,1.19,12,20,-8,-0.69,0.23,0,4,6,4,39,12,19,0,1.293103448275862,0.2,2.6724137931034484,0.3448275862068966,3.3620689655172415,0.25862068965517243,-0.69,0.0,0.0,0.0,1.7241379310344829,1.0344827586206897,0.25862068965517243,0.3448275862068966,0.5172413793103449,1.6379310344827587,1.0344827586206897,38.7
Abdelhamid Ait Boudlal,MAR,DF,Rennes,Ligue 1,20,2006,16,13,1043,11.6,2,1,3,2,0,0,2,1,0.26,,1.37,,,,,,,,,,,,8,3,37.5,0.69,0.26,0.25,0.67,65,38.6,77.0,10,3,13.0,5,1.94,26,19,7,0.6,0.39,0,7,3,0,2,15,8,0,0.6896551724137931,0.375,1.9827586206896552,0.603448275862069,0.1724137931034483,0.4310344827586207,0.6,0.0,0.0,0.0,1.6379310344827587,2.241379310344828,0.08620689655172414,0.0,0.25862068965517243,0.6896551724137931,1.293103448275862,38.6
Antoine Griezmann,FRA,FW,Atlético Madrid,La Liga,35,1991,27,8,1042,11.6,6,1,7,6,0,0,1,0,0.6,,1.37,,,,,,,,,,,,36,19,52.8,3.11,1.64,0.17,0.32,39,37.3,65.0,1,19,28.0,1,1.89,24,15,9,0.78,0.26,0,2,6,14,52,3,7,0,3.103448275862069,0.5277777777777778,0.8620689655172414,0.1724137931034483,4.482758620689656,0.08620689655172414,0.78,0.0,0.0,0.0,1.293103448275862,2.0689655172413794,0.08620689655172414,1.206896551724138,0.5172413793103449,0.603448275862069,0.25862068965517243,37.3
Chema,ESP,MF,Stuttgart,Bundesliga,20,2005,22,11,1042,11.6,2,0,2,2,0,0,4,0,0.17,,1.37,,,,,,,,,,,,12,4,33.3,1.04,0.35,0.17,0.5,47,38.6,84.0,6,11,10.0,8,1.91,26,20,6,0.52,-0.24,0,14,8,1,0,24,13,0,1.0344827586206897,0.3333333333333333,3.189655172413793,1.206896551724138,0.0,0.3448275862068966,0.52,0.0,0.0,0.0,1.7241379310344829,2.241379310344828,0.0,0.08620689655172414,0.6896551724137931,1.120689655172414,2.0689655172413794,38.6
Borja Mayoral,ESP,FW,Getafe,La Liga,29,1997,14,12,1041,11.6,4,1,5,4,0,1,0,0,0.43,,1.37,,,,,,,,,,,,14,7,50.0,1.21,0.61,0.29,0.57,74,37.3,81.0,6,2,34.0,2,1.0,9,15,-6,-0.52,-0.57,0,6,7,10,6,4,5,0,1.206896551724138,0.5,0.7758620689655172,0.5172413793103449,0.5172413793103449,0.0,-0.52,0.0,0.0,0.0,1.293103448275862,0.7758620689655172,0.08620689655172414,0.8620689655172414,0.603448275862069,0.4310344827586207,0.3448275862068966,37.3
Joel Roca,ESP,MF,Girona,La Liga,20,2005,25,11,1041,11.6,2,1,3,2,0,0,3,1,0.26,,1.37,,,,,,,,,,,,34,11,32.4,2.94,0.95,0.06,0.18,42,37.3,68.0,3,14,21.0,2,1.24,12,20,-8,-0.69,-0.49,0,10,30,3,24,2,9,0,2.931034482758621,0.3235294117647059,0.9482758620689655,0.8620689655172414,2.0689655172413794,0.5172413793103449,-0.69,0.0,0.0,0.0,1.7241379310344829,1.0344827586206897,0.08620689655172414,0.25862068965517243,2.586206896551724,0.7758620689655172,0.1724137931034483,37.3
Amine Adli,MAR,MF,Bournemouth,Premier League,25,2000,27,10,1040,11.6,3,1,4,3,0,0,2,0,0.35,,1.37,,,,,,,,,,,,19,9,47.4,1.64,0.78,0.16,0.33,39,35.0,73.0,2,17,18.0,5,1.41,17,16,1,0.09,0.13,0,26,23,4,39,5,16,0,1.6379310344827587,0.47368421052631576,1.8103448275862069,2.241379310344828,3.3620689655172415,0.1724137931034483,0.09,0.0,0.0,0.0,1.3793103448275863,1.4655172413793105,0.08620689655172414,0.3448275862068966,1.9827586206896552,1.3793103448275863,0.4310344827586207,35.0
Stefan Bell,GER,DF,Mainz 05,Bundesliga,34,1991,18,13,1039,11.5,2,1,3,2,0,0,4,0,0.26,,1.37,,,,,,,,,,,,12,5,41.7,1.04,0.43,0.17,0.4,58,38.5,71.0,6,5,24.0,4,1.06,18,21,-3,-0.26,0.07,0,15,8,1,1,19,6,0,1.0434782608695652,0.4166666666666667,2.1739130434782608,1.3043478260869565,0.08695652173913043,0.34782608695652173,-0.26,0.0,0.0,0.0,1.826086956521739,1.565217391304348,0.08695652173913043,0.08695652173913043,0.6956521739130435,0.5217391304347826,1.6521739130434783,38.5
Ali Abdi,TUN,MF,Nice,Ligue 1,32,1993,18,12,1035,11.5,2,0,2,2,0,0,4,1,0.17,,1.37,,,,,,,,,,,,9,2,22.2,0.78,0.17,0.22,1.0,58,38.3,74.0,6,6,24.0,2,0.67,17,16,1,0.09,1.33,1,18,16,0,30,10,8,0,0.782608695652174,0.2222222222222222,1.565217391304348,1.565217391304348,2.608695652173913,0.6086956521739131,0.09,0.0,0.0,0.0,1.391304347826087,1.4782608695652173,0.0,0.0,1.391304347826087,0.6956521739130435,0.8695652173913043,38.3
Alidu Seidu,GHA,DF,Rennes,Ligue 1,25,2000,18,11,1034,11.5,0,1,1,0,0,0,1,0,0.09,,1.37,,,,,,,,,,,,5,1,20.0,0.44,0.09,0.0,0.0,57,38.3,77.0,6,7,26.0,10,1.5,22,20,2,0.17,-0.31,0,11,25,3,9,16,21,0,0.43478260869565216,0.2,3.217391304347826,0.9565217391304348,0.782608695652174,0.08695652173913043,0.17,0.0,0.0,0.0,1.7391304347826086,1.9130434782608696,0.08695652173913043,0.2608695652173913,2.1739130434782608,1.826086956521739,1.391304347826087,38.3
João Neves,POR,MF,Paris Saint-Germain,Ligue 1,21,2004,15,11,1034,11.5,5,1,6,5,0,0,0,0,0.52,,1.37,,,,,,,,,,,,22,6,27.3,1.91,0.52,0.23,0.83,69,41.0,83.0,7,4,31.0,2,2.47,29,11,18,1.57,0.42,0,12,10,0,2,4,12,0,1.9130434782608696,0.2727272727272727,1.391304347826087,1.0434782608695652,0.17391304347826086,0.0,1.57,0.0,0.0,0.0,0.9565217391304348,2.5217391304347827,0.08695652173913043,0.0,0.8695652173913043,1.0434782608695652,0.34782608695652173,41.0
César Azpilicueta,ESP,DF,Sevilla,La Liga,36,1989,15,15,1033,11.5,0,1,1,0,0,0,4,0,0.09,,1.37,,,,,,,,,,,,1,0,0.0,0.09,0.0,0.0,,69,37.0,69.0,8,0,,1,1.2,15,13,2,0.17,0.89,0,22,8,1,11,22,17,0,0.08695652173913043,0.0,3.391304347826087,1.9130434782608696,0.9565217391304348,0.34782608695652173,0.17,0.0,0.0,0.0,1.1304347826086956,1.3043478260869565,0.08695652173913043,0.08695652173913043,0.6956521739130435,1.4782608695652173,1.9130434782608696,37.0
Gerard Moreno,ESP,FW,Villarreal,La Liga,34,1992,17,13,1032,11.5,8,0,8,6,2,2,0,0,0.52,,1.37,,,,,,,,,,,,31,14,45.2,2.7,1.22,0.19,0.43,61,37.0,70.0,2,4,32.0,1,2.12,25,11,14,1.22,0.91,0,10,12,4,9,2,8,0,2.6956521739130435,0.45161290322580644,0.8695652173913043,0.8695652173913043,0.782608695652174,0.0,1.22,0.0,0.0,0.0,0.9565217391304348,2.1739130434782608,0.0,0.34782608695652173,1.0434782608695652,0.6956521739130435,0.17391304347826086,37.0
Salomón Rondón,VEN,FW,Oviedo,La Liga,36,1989,16,13,1032,11.5,2,0,2,2,0,1,2,0,0.17,,1.37,,,,,,,,,,,,24,5,20.8,2.09,0.44,0.08,0.4,65,37.0,75.0,4,3,18.0,1,0.69,6,17,-11,-0.96,-0.29,0,11,21,12,2,1,0,0,2.0869565217391304,0.20833333333333334,0.08695652173913043,0.9565217391304348,0.17391304347826086,0.17391304347826086,-0.96,0.0,0.0,0.0,1.4782608695652173,0.5217391304347826,0.0,1.0434782608695652,1.826086956521739,0.0,0.08695652173913043,37.0
Nicolò Savona,ITA,DF,Nottingham Forest,Premier League,23,2003,14,11,1028,11.4,2,0,2,2,0,0,2,0,0.18,,1.37,,,,,,,,,,,,5,3,60.0,0.44,0.26,0.4,0.67,73,34.6,85.0,9,3,31.0,4,0.93,13,18,-5,-0.44,-0.25,0,12,5,1,27,5,12,0,0.43859649122807015,0.6,1.4912280701754386,1.0526315789473684,2.3684210526315788,0.17543859649122806,-0.44,0.0,0.0,0.0,1.5789473684210527,1.1403508771929824,0.0,0.08771929824561403,0.43859649122807015,1.0526315789473684,0.43859649122807015,34.6
Beñat Turrientes,ESP,MF,Real Sociedad,La Liga,24,2002,21,12,1027,11.4,0,3,3,0,0,0,5,0,0.26,,1.37,,,,,,,,,,,,18,6,33.3,1.58,0.53,0.0,0.0,49,36.8,67.0,2,9,24.0,9,1.57,18,14,4,0.35,0.5,0,21,15,0,8,6,22,0,1.5789473684210527,0.3333333333333333,2.456140350877193,1.8421052631578947,0.7017543859649122,0.43859649122807015,0.35,0.0,0.0,0.0,1.2280701754385965,1.5789473684210527,0.2631578947368421,0.0,1.3157894736842104,1.9298245614035088,0.5263157894736842,36.8
Lucas Beraldo,BRA,DF,Paris Saint-Germain,Ligue 1,22,2003,14,12,1027,11.4,1,0,1,1,0,0,2,0,0.09,,1.37,,,,,,,,,,,,9,2,22.2,0.79,0.18,0.11,0.5,73,40.8,82.0,8,2,25.0,13,2.36,26,11,15,1.31,-0.01,0,12,2,0,0,12,12,0,0.7894736842105263,0.2222222222222222,2.1052631578947367,1.0526315789473684,0.0,0.17543859649122806,1.31,0.0,0.0,0.0,0.9649122807017544,2.280701754385965,0.0,0.0,0.17543859649122806,1.0526315789473684,1.0526315789473684,40.8
Yannick Gerhardt,GER,MF,Wolfsburg,Bundesliga,32,1994,16,12,1026,11.4,1,0,1,1,0,0,1,0,0.09,,1.37,,,,,,,,,,,,10,1,10.0,0.88,0.09,0.1,1.0,64,38.0,81.0,4,4,13.0,10,1.13,16,29,-13,-1.14,-0.5,0,20,14,0,7,9,8,0,0.8771929824561403,0.1,1.4912280701754386,1.7543859649122806,0.6140350877192983,0.08771929824561403,-1.14,0.0,0.0,0.0,2.543859649122807,1.4035087719298245,0.0,0.0,1.2280701754385965,0.7017543859649122,0.7894736842105263,38.0
Mika Biereth,DEN,FW,Monaco,Ligue 1,23,2003,28,12,1024,11.4,2,2,4,2,0,0,0,0,0.35,,1.37,,,,,,,,,,,,19,7,36.8,1.67,0.62,0.11,0.29,37,37.9,67.0,1,16,14.0,2,1.64,18,21,-3,-0.26,-0.8,0,16,14,8,9,0,7,0,1.6666666666666665,0.3684210526315789,0.6140350877192983,1.4035087719298245,0.7894736842105263,0.0,-0.26,0.0,0.0,0.0,1.8421052631578947,1.5789473684210527,0.17543859649122806,0.7017543859649122,1.2280701754385965,0.6140350877192983,0.0,37.9
Valentín Castellanos,ARG,FW,West Ham United,Premier League,27,1998,13,13,1024,11.4,4,0,4,4,0,0,3,0,0.35,,1.37,,,,,,,,,,,,30,13,43.3,2.64,1.14,0.13,0.31,79,34.5,79.0,3,0,,0,1.46,17,13,4,0.35,1.32,0,22,11,7,5,2,5,0,2.631578947368421,0.43333333333333335,0.6140350877192983,1.9298245614035088,0.43859649122807015,0.2631578947368421,0.35,0.0,0.0,0.0,1.1403508771929824,1.4912280701754386,0.0,0.6140350877192983,0.9649122807017544,0.43859649122807015,0.17543859649122806,34.5
Amin Sarr,SWE,FW,Hellas Verona,Serie A,25,2001,31,9,1023,11.4,0,1,1,0,0,0,2,1,0.09,,1.37,,,,,,,,,,,,17,5,29.4,1.5,0.44,0.0,0.0,33,34.4,66.0,0,22,19.0,0,0.55,7,32,-25,-2.2,-1.83,1,24,20,7,10,4,8,0,1.4912280701754386,0.29411764705882354,1.0526315789473684,2.1052631578947367,0.8771929824561403,0.43859649122807015,-2.2,0.0,0.0,0.0,2.807017543859649,0.6140350877192983,0.08771929824561403,0.6140350877192983,1.7543859649122806,0.7017543859649122,0.3508771929824561,34.4
Lorenz Assignon,TOG,DF,Stuttgart,Bundesliga,25,2000,21,11,1019,11.3,0,0,0,0,0,0,3,1,0.0,,1.37,,,,,,,,,,,,12,4,33.3,1.06,0.35,0.0,0.0,49,37.7,82.0,4,10,12.0,5,2.05,27,12,15,1.32,1.06,0,18,7,1,34,12,15,0,1.0619469026548671,0.3333333333333333,2.389380530973451,1.5929203539823007,3.0088495575221237,0.5309734513274336,1.32,0.0,0.0,0.0,1.0619469026548671,2.389380530973451,0.0,0.08849557522123894,0.6194690265486725,1.327433628318584,1.0619469026548671,37.7
Jordan Zemura,ZIM,MF,Udinese,Serie A,26,1999,15,12,1017,11.3,0,1,1,0,0,0,3,0,0.09,,1.37,,,,,,,,,,,,5,1,20.0,0.44,0.09,0.0,0.0,68,34.2,81.0,8,3,15.0,7,1.27,14,15,-1,-0.09,0.1,0,22,11,2,33,6,17,0,0.44247787610619466,0.2,2.0353982300884956,1.9469026548672566,2.9203539823008846,0.2654867256637168,-0.09,0.0,0.0,0.0,1.327433628318584,1.238938053097345,0.08849557522123894,0.17699115044247787,0.9734513274336283,1.5044247787610618,0.5309734513274336,34.2
Krépin Diatta,SEN,MF,Monaco,Ligue 1,27,1999,18,10,1013,11.3,0,1,1,0,0,0,2,0,0.09,,1.37,,,,,,,,,,,,7,1,14.3,0.62,0.09,0.0,0.0,56,37.5,78.0,6,8,29.0,0,1.72,21,17,4,0.36,0.2,0,8,10,4,39,15,16,0,0.6194690265486725,0.14285714285714285,2.743362831858407,0.7079646017699115,3.451327433628318,0.17699115044247787,0.36,0.0,0.0,0.0,1.5044247787610618,1.8584070796460175,0.08849557522123894,0.35398230088495575,0.8849557522123893,1.415929203539823,1.327433628318584,37.5
Hugo Álvarez,ESP,FW,Celta Vigo,La Liga,22,2003,21,11,1011,11.2,3,1,4,3,0,0,2,0,0.36,,1.37,,,,,,,,,,,,7,4,57.1,0.62,0.36,0.43,0.75,48,36.2,71.0,4,10,23.0,6,1.43,20,17,3,0.27,0.22,0,15,11,2,20,8,7,0,0.625,0.5714285714285714,1.3392857142857144,1.3392857142857144,1.7857142857142858,0.17857142857142858,0.27,0.0,0.0,0.0,1.517857142857143,1.7857142857142858,0.08928571428571429,0.17857142857142858,0.9821428571428572,0.625,0.7142857142857143,36.2
Jacob Bruun Larsen,DEN,MF,Burnley,Premier League,27,1998,25,10,1011,11.2,0,1,1,0,0,0,0,0,0.09,,1.37,,,,,,,,,,,,16,4,25.0,1.42,0.36,0.0,0.0,40,34.0,67.0,0,15,23.0,4,0.6,12,29,-17,-1.51,-0.78,0,1,0,3,40,6,3,0,1.4285714285714286,0.25,0.8035714285714286,0.08928571428571429,3.5714285714285716,0.0,-1.51,0.0,0.0,0.0,2.5892857142857144,1.0714285714285714,0.08928571428571429,0.26785714285714285,0.0,0.26785714285714285,0.5357142857142857,34.0
Destiny Udogie,ITA,DF,Tottenham Hotspur,Premier League,23,2002,16,10,1008,11.2,0,1,1,0,0,0,3,0,0.09,,1.37,,,,,,,,,,,,3,1,33.3,0.27,0.09,0.0,0.0,63,33.9,84.0,6,6,29.0,1,0.81,14,21,-7,-0.62,-0.44,0,14,18,3,22,4,14,0,0.26785714285714285,0.3333333333333333,1.6071428571428572,1.25,1.9642857142857144,0.26785714285714285,-0.62,0.0,0.0,0.0,1.8750000000000002,1.25,0.08928571428571429,0.26785714285714285,1.6071428571428572,1.25,0.35714285714285715,33.9
Mikel Merino,ESP,MF,Arsenal,Premier League,29,1996,21,10,1007,11.2,4,3,7,4,0,0,1,0,0.63,,1.37,,,,,,,,,,,,21,8,38.1,1.88,0.71,0.19,0.5,48,33.9,77.0,5,11,22.0,2,2.19,22,9,13,1.16,0.06,0,21,20,3,4,9,13,0,1.8750000000000002,0.38095238095238093,1.9642857142857144,1.8750000000000002,0.35714285714285715,0.08928571428571429,1.16,0.0,0.0,0.0,0.8035714285714286,1.9642857142857144,0.26785714285714285,0.26785714285714285,1.7857142857142858,1.1607142857142858,0.8035714285714286,33.9
Facundo Medina,ARG,DF,Marseille,Ligue 1,26,1999,13,12,1005,11.2,0,1,1,0,0,0,5,0,0.09,,1.37,,,,,,,,,,,,4,1,25.0,0.36,0.09,0.0,0.0,77,37.2,83.0,9,1,6.0,3,1.77,21,18,3,0.27,-0.53,0,18,8,0,9,12,11,1,0.35714285714285715,0.25,2.053571428571429,1.6071428571428572,0.8035714285714286,0.44642857142857145,0.27,0.0,0.0,0.0,1.6071428571428572,1.8750000000000002,0.08928571428571429,0.0,0.7142857142857143,0.9821428571428572,1.0714285714285714,37.2
Aaron Ramsdale,ENG,GK,Newcastle United,Premier League,27,1998,12,11,1004,11.2,0,0,0,0,0,0,2,0,0.0,17.0,1.52,38.0,24.0,63.2,4.0,2.0,5.0,1.0,9.1,3.0,0.0,0.0,0,0,,0.0,0.0,,,84,33.8,90.0,11,1,14.0,21,1.17,16,17,-1,-0.09,0.0,0,0,1,0,0,0,0,0,0.0,0.0,0.0,0.0,0.0,0.17857142857142858,-0.09,0.08333333333333333,0.0,3.3928571428571432,1.517857142857143,1.4285714285714286,0.0,0.0,0.08928571428571429,0.0,0.0,33.8
Nahuel Estévez,ARG,MF,Parma,Serie A,30,1995,29,9,1004,11.2,0,0,0,0,0,0,2,0,0.0,,1.37,,,,,,,,,,,,9,1,11.1,0.81,0.09,0.0,0.0,35,33.8,76.0,5,20,16.0,2,1.07,5,9,-4,-0.36,0.19,0,10,12,0,41,5,9,0,0.8035714285714286,0.1111111111111111,1.25,0.8928571428571429,3.660714285714286,0.17857142857142858,-0.36,0.0,0.0,0.0,0.8035714285714286,0.44642857142857145,0.0,0.0,1.0714285714285714,0.8035714285714286,0.44642857142857145,33.8
Abde Rebbach,ALG,MF,Alavés,La Liga,27,1998,24,9,1002,11.1,1,1,2,1,0,0,5,0,0.18,,1.37,,,,,,,,,,,,28,9,32.1,2.51,0.81,0.04,0.11,42,35.9,71.0,3,15,24.0,7,1.0,13,13,0,0.0,0.55,0,28,21,3,74,11,13,0,2.5225225225225225,0.32142857142857145,2.1621621621621623,2.5225225225225225,6.666666666666667,0.45045045045045046,0.0,0.0,0.0,0.0,1.1711711711711712,1.1711711711711712,0.0900900900900901,0.2702702702702703,1.8918918918918919,1.1711711711711712,0.990990990990991,35.9
Alberto Moreno,ESP,DF,Como,Serie A,33,1992,15,11,1002,11.1,1,1,2,1,0,0,2,0,0.18,,1.37,,,,,,,,,,,,9,3,33.3,0.81,0.27,0.11,0.33,67,33.7,84.0,6,4,20.0,18,1.93,22,8,14,1.26,0.57,0,15,6,2,26,4,10,0,0.8108108108108109,0.3333333333333333,1.2612612612612613,1.3513513513513513,2.3423423423423424,0.1801801801801802,1.26,0.0,0.0,0.0,0.7207207207207208,1.981981981981982,0.0900900900900901,0.1801801801801802,0.5405405405405406,0.9009009009009009,0.3603603603603604,33.7
Domingos André Ribeiro Almeida,POR,MF,Valencia,La Liga,25,2000,19,11,1001,11.1,0,1,1,0,0,0,0,0,0.09,,1.37,,,,,,,,,,,,9,3,33.3,0.81,0.27,0.0,0.0,53,35.9,75.0,3,8,22.0,11,0.95,12,14,-2,-0.18,0.32,0,11,21,0,64,8,10,0,0.8108108108108109,0.3333333333333333,1.6216216216216217,0.990990990990991,5.765765765765766,0.0,-0.18,0.0,0.0,0.0,1.2612612612612613,1.0810810810810811,0.0900900900900901,0.0,1.8918918918918919,0.9009009009009009,0.7207207207207208,35.9
Clément Lenglet,FRA,DF,Atlético Madrid,La Liga,30,1995,13,13,994,11.0,0,1,1,0,0,0,5,1,0.09,,1.37,,,,,,,,,,,,3,0,0.0,0.27,0.0,0.0,,76,35.6,76.0,8,0,,14,1.46,16,10,6,0.54,-0.11,1,18,5,0,2,12,6,0,0.2727272727272727,0.0,1.6363636363636365,1.6363636363636365,0.18181818181818182,0.7272727272727273,0.54,0.0,0.0,0.0,0.9090909090909091,1.4545454545454546,0.09090909090909091,0.0,0.45454545454545453,0.5454545454545454,1.0909090909090908,35.6
Cyril Ngonge,BEL,FW,Torino,Serie A,25,2000,20,11,994,11.0,1,1,2,1,0,0,2,0,0.18,,1.37,,,,,,,,,,,,24,12,50.0,2.17,1.09,0.04,0.08,50,33.5,72.0,2,9,22.0,1,1.0,9,20,-11,-1.0,-0.72,0,20,18,6,19,2,4,0,2.1818181818181817,0.5,0.5454545454545454,1.8181818181818181,1.7272727272727273,0.18181818181818182,-1.0,0.0,0.0,0.0,1.8181818181818181,0.8181818181818182,0.09090909090909091,0.5454545454545454,1.6363636363636365,0.36363636363636365,0.18181818181818182,33.5
Niccolò Pisilli,ITA,MF,Roma,Serie A,21,2004,20,9,993,11.0,1,2,3,1,0,0,3,0,0.27,,1.37,,,,,,,,,,,,13,4,30.8,1.18,0.36,0.08,0.25,50,33.4,87.0,8,11,19.0,13,1.7,20,15,5,0.45,-0.09,0,14,4,2,6,17,10,0,1.1818181818181819,0.3076923076923077,2.4545454545454546,1.2727272727272727,0.5454545454545454,0.2727272727272727,0.45,0.0,0.0,0.0,1.3636363636363635,1.8181818181818181,0.18181818181818182,0.18181818181818182,0.36363636363636365,0.9090909090909091,1.5454545454545454,33.4
Noni Madueke,ENG,FW,Arsenal,Premier League,24,2002,22,14,993,11.0,2,1,3,2,0,0,0,0,0.27,,1.37,,,,,,,,,,,,19,6,31.6,1.72,0.54,0.11,0.33,45,33.4,62.0,0,8,16.0,5,1.77,20,9,11,1.0,-0.19,0,13,14,2,70,4,10,0,1.7272727272727273,0.3157894736842105,1.2727272727272727,1.1818181818181819,6.363636363636363,0.0,1.0,0.0,0.0,0.0,0.8181818181818182,1.8181818181818181,0.09090909090909091,0.18181818181818182,1.2727272727272727,0.9090909090909091,0.36363636363636365,33.4
Hannibal Mejbri,TUN,MF,Burnley,Premier League,23,2003,23,12,990,11.0,1,3,4,1,0,0,7,0,0.36,,1.37,,,,,,,,,,,,14,4,28.6,1.27,0.36,0.07,0.25,43,33.3,71.0,3,11,13.0,2,0.78,12,22,-10,-0.91,0.14,0,17,36,3,25,7,13,0,1.2727272727272727,0.2857142857142857,1.8181818181818181,1.5454545454545454,2.272727272727273,0.6363636363636364,-0.91,0.0,0.0,0.0,2.0,1.0909090909090908,0.2727272727272727,0.2727272727272727,3.272727272727273,1.1818181818181819,0.6363636363636364,33.3
Matvei Safonov,RUS,GK,Paris Saint-Germain,Ligue 1,27,1999,11,11,990,11.0,0,0,0,0,0,0,0,0,0.0,12.0,1.09,31.0,20.0,61.3,8.0,0.0,3.0,5.0,45.5,0.0,1.0,0.0,0,0,,0.0,0.0,,,90,39.3,90.0,11,0,,14,2.18,29,12,17,1.55,0.37,0,0,1,0,0,0,0,0,0.0,0.0,0.0,0.0,0.0,0.0,1.55,0.45454545454545453,1.0,2.8181818181818183,1.0909090909090908,2.6363636363636362,0.0,0.0,0.09090909090909091,0.0,0.0,39.3
Michael Amir Murillo,PAN,DF,Marseille,Ligue 1,30,1996,16,11,989,11.0,2,1,3,2,0,0,4,0,0.27,,1.37,,,,,,,,,,,,9,2,22.2,0.82,0.18,0.22,1.0,62,36.6,80.0,7,5,21.0,2,2.0,26,13,13,1.18,0.92,0,22,16,2,28,6,13,0,0.8181818181818182,0.2222222222222222,1.7272727272727273,2.0,2.5454545454545454,0.36363636363636365,1.18,0.0,0.0,0.0,1.1818181818181819,2.3636363636363638,0.09090909090909091,0.18181818181818182,1.4545454545454546,1.1818181818181819,0.5454545454545454,36.6
Zaid Romero,ARG,DF,Getafe,La Liga,26,1999,11,11,989,11.0,0,0,0,0,0,0,5,1,0.0,,1.37,,,,,,,,,,,,6,0,0.0,0.55,0.0,0.0,,90,35.4,90.0,10,0,,0,1.82,12,6,6,0.55,1.1,1,7,6,0,3,25,15,0,0.5454545454545454,0.0,3.6363636363636362,0.6363636363636364,0.2727272727272727,0.7272727272727273,0.55,0.0,0.0,0.0,0.5454545454545454,1.0909090909090908,0.0,0.0,0.5454545454545454,1.3636363636363635,2.272727272727273,35.4
Federico Gatti,ITA,DF,Juventus,Serie A,27,1998,18,11,988,11.0,2,0,2,2,0,0,3,0,0.18,,1.37,,,,,,,,,,,,12,6,50.0,1.09,0.55,0.17,0.33,55,33.3,79.0,6,7,17.0,8,2.11,10,10,0,0.0,-1.27,0,14,6,0,2,11,8,0,1.0909090909090908,0.5,1.7272727272727273,1.2727272727272727,0.18181818181818182,0.2727272727272727,0.0,0.0,0.0,0.0,0.9090909090909091,0.9090909090909091,0.0,0.0,0.5454545454545454,0.7272727272727273,1.0,33.3
Yan Couto,BRA,MF,Dortmund,Bundesliga,23,2002,17,11,987,11.0,1,2,3,1,0,0,4,0,0.27,,1.37,,,,,,,,,,,,8,3,37.5,0.73,0.27,0.13,0.33,58,36.6,80.0,5,6,17.0,11,2.35,24,13,11,1.0,0.0,0,14,13,2,54,9,15,0,0.7272727272727273,0.375,2.1818181818181817,1.2727272727272727,4.909090909090909,0.36363636363636365,1.0,0.0,0.0,0.0,1.1818181818181819,2.1818181818181817,0.18181818181818182,0.18181818181818182,1.1818181818181819,1.3636363636363635,0.8181818181818182,36.6
Wilson Odobert,FRA,MF,Tottenham Hotspur,Premier League,21,2004,24,10,985,10.9,0,2,2,0,0,0,0,0,0.18,,1.37,,,,,,,,,,,,21,8,38.1,1.92,0.73,0.0,0.0,41,33.2,68.0,1,14,22.0,2,1.08,16,13,3,0.27,0.91,0,2,10,2,28,0,8,0,1.926605504587156,0.38095238095238093,0.7339449541284403,0.18348623853211007,2.568807339449541,0.0,0.27,0.0,0.0,0.0,1.1926605504587156,1.4678899082568806,0.18348623853211007,0.18348623853211007,0.9174311926605504,0.7339449541284403,0.0,33.2
Antonio Sánchez,ESP,MF,Mallorca,La Liga,29,1997,26,9,985,10.9,0,0,0,0,0,0,4,1,0.0,,1.37,,,,,,,,,,,,6,3,50.0,0.55,0.27,0.0,0.0,38,35.3,75.0,1,17,18.0,4,1.15,13,21,-8,-0.73,-0.68,1,14,10,1,27,15,9,0,0.5504587155963303,0.5,2.2018348623853212,1.2844036697247705,2.477064220183486,0.6422018348623852,-0.73,0.0,0.0,0.0,1.926605504587156,1.1926605504587156,0.0,0.09174311926605504,0.9174311926605504,0.8256880733944953,1.3761467889908257,35.3
Williot Swedberg,SWE,FW,Celta Vigo,La Liga,22,2004,23,10,984,10.9,4,3,7,4,0,0,2,0,0.64,,1.37,,,,,,,,,,,,20,11,55.0,1.83,1.01,0.2,0.36,43,35.3,60.0,0,13,29.0,2,1.39,15,14,1,0.09,-0.06,0,25,31,6,7,2,12,0,1.8348623853211008,0.55,1.2844036697247705,2.293577981651376,0.6422018348623852,0.18348623853211007,0.09,0.0,0.0,0.0,1.2844036697247705,1.3761467889908257,0.27522935779816515,0.5504587155963303,2.8440366972477062,1.1009174311926606,0.18348623853211007,35.3
Jonas Hofmann,GER,MF,Leverkusen,Bundesliga,33,1992,22,11,984,10.9,2,2,4,2,0,0,3,0,0.37,,1.37,,,,,,,,,,,,22,7,31.8,2.01,0.64,0.09,0.29,45,36.4,72.0,3,11,18.0,5,1.68,20,10,10,0.91,0.44,0,4,9,2,36,2,10,0,2.018348623853211,0.3181818181818182,1.1009174311926606,0.36697247706422015,3.3027522935779814,0.27522935779816515,0.91,0.0,0.0,0.0,0.9174311926605504,1.8348623853211008,0.18348623853211007,0.18348623853211007,0.8256880733944953,0.9174311926605504,0.18348623853211007,36.4
Hamari Traoré,MLI,DF,Paris FC,Ligue 1,34,1992,14,12,983,10.9,0,1,1,0,0,0,3,0,0.09,,1.37,,,,,,,,,,,,4,0,0.0,0.37,0.0,0.0,,70,36.4,78.0,6,2,23.0,1,1.21,14,15,-1,-0.09,0.17,0,19,4,1,21,17,18,0,0.36697247706422015,0.0,3.2110091743119265,1.7431192660550459,1.926605504587156,0.27522935779816515,-0.09,0.0,0.0,0.0,1.3761467889908257,1.2844036697247705,0.09174311926605504,0.09174311926605504,0.36697247706422015,1.6513761467889907,1.5596330275229358,36.4
Moi Gómez,ESP,MF,Osasuna,La Liga,31,1994,20,10,980,10.9,0,1,1,0,0,0,2,0,0.09,,1.37,,,,,,,,,,,,11,2,18.2,1.01,0.18,0.0,0.0,49,35.1,79.0,3,10,19.0,9,1.0,13,13,0,0.0,0.05,0,15,20,0,24,9,6,0,1.0091743119266054,0.18181818181818182,1.3761467889908257,1.3761467889908257,2.2018348623853212,0.18348623853211007,0.0,0.0,0.0,0.0,1.1926605504587156,1.1926605504587156,0.09174311926605504,0.0,1.8348623853211008,0.5504587155963303,0.8256880733944953,35.1
Romano Floriani,ITA,MF,Cremonese,Serie A,23,2003,24,10,980,10.9,0,0,0,0,0,0,2,0,0.0,,1.37,,,,,,,,,,,,5,1,20.0,0.46,0.09,0.0,0.0,41,33.0,74.0,3,14,17.0,8,0.75,11,16,-5,-0.46,0.26,0,19,5,2,24,5,10,0,0.4587155963302752,0.2,1.3761467889908257,1.7431192660550459,2.2018348623853212,0.18348623853211007,-0.46,0.0,0.0,0.0,1.4678899082568806,1.0091743119266054,0.0,0.18348623853211007,0.4587155963302752,0.9174311926605504,0.4587155963302752,33.0
Devyne Rensch,NED,MF,Roma,Serie A,23,2003,20,11,979,10.9,0,4,4,0,0,0,0,0,0.37,,1.37,,,,,,,,,,,,4,1,25.0,0.37,0.09,0.0,0.0,49,33.0,78.0,4,9,14.0,11,1.9,15,14,1,0.09,-0.63,0,4,14,2,18,12,15,0,0.36697247706422015,0.25,2.477064220183486,0.36697247706422015,1.6513761467889907,0.0,0.09,0.0,0.0,0.0,1.2844036697247705,1.3761467889908257,0.36697247706422015,0.18348623853211007,1.2844036697247705,1.3761467889908257,1.1009174311926606,33.0
Soungoutou Magassa,FRA,MF,West Ham United,Premier League,22,2003,21,11,978,10.9,1,0,1,1,0,0,4,0,0.09,,1.37,,,,,,,,,,,,7,2,28.6,0.64,0.18,0.14,0.5,47,32.9,74.0,2,10,17.0,8,0.76,11,23,-12,-1.1,-0.88,0,17,17,0,9,17,23,0,0.6422018348623852,0.2857142857142857,3.6697247706422016,1.5596330275229358,0.8256880733944953,0.36697247706422015,-1.1,0.0,0.0,0.0,2.110091743119266,1.0091743119266054,0.0,0.0,1.5596330275229358,2.110091743119266,1.5596330275229358,32.9
Bamba Dieng,SEN,FW,Lorient,Ligue 1,26,2000,18,12,976,10.8,9,1,10,8,1,1,2,0,0.83,,1.37,,,,,,,,,,,,36,20,55.6,3.32,1.84,0.22,0.4,54,36.1,71.0,0,6,20.0,5,1.67,16,10,6,0.55,1.08,0,14,9,7,2,1,2,0,3.333333333333333,0.5555555555555556,0.27777777777777773,1.2962962962962963,0.18518518518518517,0.18518518518518517,0.55,0.0,0.0,0.0,0.9259259259259258,1.4814814814814814,0.09259259259259259,0.6481481481481481,0.8333333333333333,0.18518518518518517,0.09259259259259259,36.1
Semih Kılıçsoy,TUR,FW,Cagliari,Serie A,20,2005,22,11,975,10.8,4,0,4,4,0,0,1,0,0.37,,1.37,,,,,,,,,,,,17,8,47.1,1.57,0.74,0.24,0.5,44,32.8,72.0,1,11,16.0,11,1.05,10,15,-5,-0.46,-0.06,0,14,15,2,1,1,4,0,1.574074074074074,0.47058823529411764,0.4629629629629629,1.2962962962962963,0.09259259259259259,0.09259259259259259,-0.46,0.0,0.0,0.0,1.3888888888888888,0.9259259259259258,0.0,0.18518518518518517,1.3888888888888888,0.37037037037037035,0.09259259259259259,32.8
Djaoui Cissé,FRA,MF,Rennes,Ligue 1,22,2004,22,12,973,10.8,0,0,0,0,0,0,3,0,0.0,,1.37,,,,,,,,,,,,24,6,25.0,2.22,0.55,0.0,0.0,44,36.0,60.0,0,10,25.0,7,1.77,18,14,4,0.37,0.01,0,18,10,0,27,5,21,0,2.222222222222222,0.25,2.4074074074074074,1.6666666666666665,2.5,0.27777777777777773,0.37,0.0,0.0,0.0,1.2962962962962963,1.6666666666666665,0.0,0.0,0.9259259259259258,1.9444444444444444,0.4629629629629629,36.0
Lucas Ahijado,ESP,DF,Oviedo,La Liga,31,1995,15,10,972,10.8,0,1,1,0,0,0,2,0,0.09,,1.37,,,,,,,,,,,,8,2,25.0,0.74,0.19,0.0,0.0,65,34.8,83.0,7,5,29.0,9,0.6,8,20,-12,-1.11,-0.52,0,10,3,2,15,15,27,0,0.7407407407407407,0.25,3.888888888888889,0.9259259259259258,1.3888888888888888,0.18518518518518517,-1.11,0.0,0.0,0.0,1.8518518518518516,0.7407407407407407,0.09259259259259259,0.18518518518518517,0.27777777777777773,2.5,1.3888888888888888,34.8
Shuto Machino,JPN,FW,Gladbach,Bundesliga,26,1999,28,8,970,10.8,3,1,4,3,0,0,1,0,0.37,,1.37,,,,,,,,,,,,23,11,47.8,2.13,1.02,0.13,0.27,35,35.9,78.0,2,20,17.0,1,1.07,11,29,-18,-1.67,-1.88,0,8,9,7,9,3,4,0,2.1296296296296293,0.4782608695652174,0.6481481481481481,0.7407407407407407,0.8333333333333333,0.09259259259259259,-1.67,0.0,0.0,0.0,2.685185185185185,1.0185185185185184,0.09259259259259259,0.6481481481481481,0.8333333333333333,0.37037037037037035,0.27777777777777773,35.9
Cheikh Niasse,SEN,MF,Hellas Verona,Serie A,26,2000,19,11,970,10.8,0,1,1,0,0,0,1,0,0.09,,1.37,,,,,,,,,,,,6,1,16.7,0.56,0.09,0.0,0.0,51,32.7,77.0,2,8,15.0,13,0.63,10,20,-10,-0.93,0.11,0,20,15,2,14,15,14,0,0.5555555555555555,0.16666666666666666,2.685185185185185,1.8518518518518516,1.2962962962962963,0.09259259259259259,-0.93,0.0,0.0,0.0,1.8518518518518516,0.9259259259259258,0.09259259259259259,0.18518518518518517,1.3888888888888888,1.2962962962962963,1.3888888888888888,32.7
Mathys Tel,FRA,MF,Tottenham Hotspur,Premier League,20,2005,26,9,969,10.8,3,0,3,3,0,0,0,0,0.28,,1.37,,,,,,,,,,,,27,7,25.9,2.51,0.65,0.11,0.43,37,32.6,75.0,2,17,17.0,7,0.81,20,20,0,0.0,0.49,0,12,18,3,66,1,10,0,2.5,0.25925925925925924,1.0185185185185184,1.111111111111111,6.111111111111111,0.0,0.0,0.0,0.0,0.0,1.8518518518518516,1.8518518518518516,0.0,0.27777777777777773,1.6666666666666665,0.9259259259259258,0.09259259259259259,32.6
Cheikh Tidiane Sabaly,SEN,MF,Metz,Ligue 1,27,1999,14,12,967,10.7,0,2,2,0,0,0,2,0,0.19,,1.37,,,,,,,,,,,,8,4,50.0,0.74,0.37,0.0,0.0,69,35.8,79.0,6,2,13.0,0,0.79,8,24,-16,-1.49,-0.29,0,14,16,5,14,3,13,0,0.7476635514018692,0.5,1.4953271028037385,1.3084112149532712,1.3084112149532712,0.1869158878504673,-1.49,0.0,0.0,0.0,2.2429906542056077,0.7476635514018692,0.1869158878504673,0.4672897196261683,1.4953271028037385,1.2149532710280375,0.28037383177570097,35.8
Kassoum Ouattara,FRA,MF,Monaco,Ligue 1,21,2004,15,12,967,10.7,0,3,3,0,0,0,3,0,0.28,,1.37,,,,,,,,,,,,12,0,0.0,1.12,0.0,0.0,,64,35.8,75.0,5,3,23.0,7,1.4,18,20,-2,-0.19,-0.65,0,22,10,1,50,19,19,0,1.1214953271028039,0.0,3.551401869158879,2.0560747663551404,4.672897196261682,0.28037383177570097,-0.19,0.0,0.0,0.0,1.869158878504673,1.6822429906542058,0.28037383177570097,0.09345794392523366,0.9345794392523366,1.7757009345794394,1.7757009345794394,35.8
Sekou Mara,FRA,FW,Auxerre,Ligue 1,23,2002,23,11,966,10.7,0,1,1,0,0,0,0,0,0.09,,1.37,,,,,,,,,,,,25,8,32.0,2.33,0.75,0.0,0.0,42,35.8,69.0,1,12,18.0,2,0.74,10,15,-5,-0.47,0.0,0,25,22,2,0,2,6,0,2.336448598130841,0.32,0.7476635514018692,2.336448598130841,0.0,0.0,-0.47,0.0,0.0,0.0,1.4018691588785048,0.9345794392523366,0.09345794392523366,0.1869158878504673,2.0560747663551404,0.5607476635514019,0.1869158878504673,35.8
Daniele Ghilardi,ITA,DF,Roma,Serie A,23,2003,19,8,965,10.7,0,0,0,0,0,0,1,0,0.0,,1.37,,,,,,,,,,,,1,0,0.0,0.09,0.0,0.0,,51,32.5,84.0,7,11,26.0,14,1.79,17,14,3,0.28,-0.35,0,20,16,0,3,19,13,0,0.09345794392523366,0.0,2.990654205607477,1.869158878504673,0.28037383177570097,0.09345794392523366,0.28,0.0,0.0,0.0,1.3084112149532712,1.5887850467289721,0.0,0.0,1.4953271028037385,1.2149532710280375,1.7757009345794394,32.5
Fodé Doucouré,MLI,MF,Le Havre,Ligue 1,25,2001,22,11,965,10.7,2,1,3,2,0,0,2,0,0.28,,1.37,,,,,,,,,,,,18,7,38.9,1.68,0.65,0.11,0.29,44,35.7,65.0,0,11,23.0,5,0.91,12,14,-2,-0.19,0.38,0,12,4,2,65,8,19,0,1.6822429906542058,0.3888888888888889,2.5233644859813085,1.1214953271028039,6.074766355140187,0.1869158878504673,-0.19,0.0,0.0,0.0,1.3084112149532712,1.1214953271028039,0.09345794392523366,0.1869158878504673,0.3738317757009346,1.7757009345794394,0.7476635514018692,35.7
Alieu Fadera,GAM,FW,Sassuolo,Serie A,24,2001,26,8,963,10.7,2,1,3,2,0,0,4,0,0.28,,1.37,,,,,,,,,,,,13,4,30.8,1.21,0.37,0.15,0.5,37,32.4,67.0,0,18,24.0,4,1.54,12,11,1,0.09,0.27,0,34,36,8,24,5,20,0,1.2149532710280375,0.3076923076923077,2.336448598130841,3.1775700934579443,2.2429906542056077,0.3738317757009346,0.09,0.0,0.0,0.0,1.0280373831775702,1.1214953271028039,0.09345794392523366,0.7476635514018692,3.3644859813084116,1.869158878504673,0.4672897196261683,32.4
Lisandro Martínez,ARG,DF,Manchester Utd,Premier League,28,1998,15,10,963,10.7,0,0,0,0,0,0,0,1,0.0,,1.37,,,,,,,,,,,,4,0,0.0,0.37,0.0,0.0,,64,32.4,86.0,8,5,20.0,1,1.8,19,13,6,0.56,0.25,0,9,2,0,2,11,8,1,0.3738317757009346,0.0,1.7757009345794394,0.8411214953271029,0.1869158878504673,0.28037383177570097,0.56,0.0,0.0,0.0,1.2149532710280375,1.7757009345794394,0.0,0.0,0.1869158878504673,0.7476635514018692,1.0280373831775702,32.4
Dominic Solanke,ENG,FW,Tottenham Hotspur,Premier League,28,1997,14,10,962,10.7,3,0,3,3,0,0,1,0,0.28,,1.37,,,,,,,,,,,,20,11,55.0,1.87,1.03,0.15,0.27,69,32.4,87.0,7,4,23.0,0,0.71,11,21,-10,-0.94,-0.89,0,10,8,3,2,3,14,0,1.869158878504673,0.55,1.5887850467289721,0.9345794392523366,0.1869158878504673,0.09345794392523366,-0.94,0.0,0.0,0.0,1.9626168224299068,1.0280373831775702,0.0,0.28037383177570097,0.7476635514018692,1.3084112149532712,0.28037383177570097,32.4
Joaquín Martínez Gauna,ESP,MF,Sevilla,La Liga,22,2003,14,9,961,10.7,1,3,4,1,0,0,1,0,0.37,,1.37,,,,,,,,,,,,10,4,40.0,0.94,0.37,0.1,0.25,69,34.4,87.0,7,5,35.0,11,0.93,16,17,-1,-0.09,0.45,0,9,10,4,62,4,13,0,0.9345794392523366,0.4,1.5887850467289721,0.8411214953271029,5.794392523364486,0.09345794392523366,-0.09,0.0,0.0,0.0,1.5887850467289721,1.4953271028037385,0.28037383177570097,0.3738317757009346,0.9345794392523366,1.2149532710280375,0.3738317757009346,34.4
Ezequiél Fernández,ARG,MF,Leverkusen,Bundesliga,23,2002,18,12,959,10.7,0,1,1,0,0,0,4,1,0.09,,1.37,,,,,,,,,,,,11,1,9.1,1.03,0.09,0.0,0.0,53,35.5,67.0,2,6,25.0,3,1.94,20,19,1,0.09,-0.84,1,13,21,1,4,13,16,0,1.0280373831775702,0.09090909090909091,2.710280373831776,1.2149532710280375,0.3738317757009346,0.6542056074766356,0.09,0.0,0.0,0.0,1.7757009345794394,1.869158878504673,0.09345794392523366,0.09345794392523366,1.9626168224299068,1.4953271028037385,1.2149532710280375,35.5
Unai Elgezabal,ESP,DF,Levante,La Liga,32,1993,12,11,958,10.6,1,0,1,1,0,0,2,0,0.09,,1.37,,,,,,,,,,,,3,1,33.3,0.28,0.09,0.33,1.0,80,34.3,85.0,8,1,26.0,4,0.42,15,24,-9,-0.85,-0.55,0,11,6,0,0,4,4,1,0.2830188679245283,0.3333333333333333,0.7547169811320755,1.0377358490566038,0.0,0.18867924528301888,-0.85,0.0,0.0,0.0,2.2641509433962264,1.4150943396226416,0.0,0.0,0.5660377358490566,0.37735849056603776,0.37735849056603776,34.3
Hannes Behrens,GER,DF,Heidenheim,Bundesliga,21,2005,12,11,958,10.6,1,2,3,1,0,0,0,0,0.28,,1.37,,,,,,,,,,,,6,3,50.0,0.56,0.28,0.17,0.33,80,35.5,86.0,9,1,14.0,0,0.5,15,23,-8,-0.75,0.54,0,3,22,1,41,10,14,1,0.5660377358490566,0.5,2.2641509433962264,0.2830188679245283,3.867924528301887,0.0,-0.75,0.0,0.0,0.0,2.169811320754717,1.4150943396226416,0.18867924528301888,0.09433962264150944,2.0754716981132075,1.3207547169811322,0.9433962264150944,35.5
Ronald Araújo,URU,DF,Barcelona,La Liga,27,1999,20,10,958,10.6,3,0,3,3,0,0,2,0,0.28,,1.37,,,,,,,,,,,,10,5,50.0,0.94,0.47,0.3,0.6,48,34.3,79.0,7,10,17.0,5,2.55,28,13,15,1.41,-0.51,0,16,2,0,5,10,9,0,0.9433962264150944,0.5,1.7924528301886793,1.509433962264151,0.4716981132075472,0.18867924528301888,1.41,0.0,0.0,0.0,1.2264150943396226,2.6415094339622645,0.0,0.0,0.18867924528301888,0.8490566037735849,0.9433962264150944,34.3
Odilon Kossounou,CIV,DF,Atalanta,Serie A,25,2001,17,10,955,10.6,1,0,1,1,0,0,1,0,0.09,,1.37,,,,,,,,,,,,5,1,20.0,0.47,0.09,0.2,1.0,56,32.2,76.0,5,7,28.0,9,1.59,15,11,4,0.38,-0.16,0,16,3,0,2,10,13,0,0.4716981132075472,0.2,2.169811320754717,1.509433962264151,0.18867924528301888,0.09433962264150944,0.38,0.0,0.0,0.0,1.0377358490566038,1.4150943396226416,0.0,0.0,0.2830188679245283,1.2264150943396226,0.9433962264150944,32.2
Chancel Mbemba,COD,DF,Lille,Ligue 1,31,1994,13,9,954,10.6,0,0,0,0,0,0,3,0,0.0,,1.37,,,,,,,,,,,,7,3,42.9,0.66,0.28,0.0,0.0,73,35.3,90.0,9,4,36.0,12,2.23,22,15,7,0.66,0.25,0,10,6,0,0,13,8,1,0.6603773584905661,0.42857142857142855,1.9811320754716981,0.9433962264150944,0.0,0.2830188679245283,0.66,0.0,0.0,0.0,1.4150943396226416,2.0754716981132075,0.0,0.0,0.5660377358490566,0.7547169811320755,1.2264150943396226,35.3
Sean Longstaff,ENG,MF,Leeds United,Premier League,28,1997,19,10,953,10.6,1,2,3,1,0,0,2,0,0.28,,1.37,,,,,,,,,,,,13,2,15.4,1.23,0.19,0.08,0.5,50,32.1,84.0,7,9,12.0,6,1.21,10,19,-9,-0.85,-0.94,0,10,17,1,50,10,23,0,1.2264150943396226,0.15384615384615385,3.1132075471698113,0.9433962264150944,4.716981132075472,0.18867924528301888,-0.85,0.0,0.0,0.0,1.7924528301886793,0.9433962264150944,0.18867924528301888,0.09433962264150944,1.6037735849056605,2.169811320754717,0.9433962264150944,32.1
Eric Bailly,CIV,DF,Oviedo,La Liga,32,1994,11,11,953,10.6,1,0,1,1,0,0,3,0,0.09,,1.37,,,,,,,,,,,,4,1,25.0,0.38,0.09,0.25,1.0,87,34.2,87.0,10,0,,13,1.09,12,16,-4,-0.38,0.6,0,13,6,0,1,13,7,0,0.37735849056603776,0.25,1.8867924528301887,1.2264150943396226,0.09433962264150944,0.2830188679245283,-0.38,0.0,0.0,0.0,1.509433962264151,1.1320754716981132,0.0,0.0,0.5660377358490566,0.6603773584905661,1.2264150943396226,34.2
Joël Schmied,SUI,DF,Köln,Bundesliga,27,1998,13,11,952,10.6,0,0,0,0,0,0,4,0,0.0,,1.37,,,,,,,,,,,,4,0,0.0,0.38,0.0,0.0,,73,35.3,81.0,7,2,32.0,2,1.15,16,21,-5,-0.47,-0.37,0,13,5,0,5,10,9,0,0.37735849056603776,0.0,1.7924528301886793,1.2264150943396226,0.4716981132075472,0.37735849056603776,-0.47,0.0,0.0,0.0,1.9811320754716981,1.509433962264151,0.0,0.0,0.4716981132075472,0.8490566037735849,0.9433962264150944,35.3
Gabriel Martinelli,BRA,FW,Arsenal,Premier League,24,2001,27,10,952,10.6,1,3,4,1,0,0,2,0,0.38,,1.37,,,,,,,,,,,,26,11,42.3,2.46,1.04,0.04,0.09,35,32.1,61.0,1,17,20.0,4,2.11,20,7,13,1.23,0.16,0,8,13,5,31,1,8,0,2.452830188679245,0.4230769230769231,0.8490566037735849,0.7547169811320755,2.9245283018867925,0.18867924528301888,1.23,0.0,0.0,0.0,0.6603773584905661,1.8867924528301887,0.2830188679245283,0.4716981132075472,1.2264150943396226,0.7547169811320755,0.09433962264150944,32.1
Pathé Mboup,SEN,MF,Brest,Ligue 1,22,2003,24,8,950,10.6,1,0,1,1,0,0,6,0,0.09,,1.37,,,,,,,,,,,,20,10,50.0,1.89,0.95,0.05,0.1,40,36.4,70.0,1,16,24.0,2,1.25,11,15,-4,-0.38,-0.27,0,32,16,5,7,12,15,0,1.8867924528301887,0.5,2.547169811320755,3.018867924528302,0.6603773584905661,0.5660377358490566,-0.38,0.0,0.0,0.0,1.4150943396226416,1.0377358490566038,0.0,0.4716981132075472,1.509433962264151,1.4150943396226416,1.1320754716981132,36.4
Andrew Robertson,SCO,DF,Liverpool,Premier League,32,1994,21,8,949,10.5,0,0,0,0,0,0,0,0,0.0,,1.37,,,,,,,,,,,,8,2,25.0,0.76,0.19,0.0,0.0,45,32.0,81.0,4,13,23.0,12,1.62,17,12,5,0.47,0.21,0,4,1,5,44,6,10,0,0.7619047619047619,0.25,1.5238095238095237,0.38095238095238093,4.190476190476191,0.0,0.47,0.0,0.0,0.0,1.1428571428571428,1.619047619047619,0.0,0.47619047619047616,0.09523809523809523,0.9523809523809523,0.5714285714285714,32.0
Ifechukwu Ogbus,SUI,DF,Freiburg,Bundesliga,20,2005,14,11,944,10.5,0,0,0,0,0,0,1,0,0.0,,1.37,,,,,,,,,,,,5,2,40.0,0.48,0.19,0.0,0.0,67,35.0,82.0,9,3,15.0,4,1.43,10,19,-9,-0.86,-1.11,0,5,6,0,3,7,13,0,0.47619047619047616,0.4,1.9047619047619047,0.47619047619047616,0.2857142857142857,0.09523809523809523,-0.86,0.0,0.0,0.0,1.8095238095238095,0.9523809523809523,0.0,0.0,0.5714285714285714,1.2380952380952381,0.6666666666666666,35.0
Nicolás Domínguez,ARG,MF,Nottingham Forest,Premier League,27,1998,22,14,944,10.5,1,1,2,1,0,0,2,0,0.19,,1.37,,,,,,,,,,,,16,5,31.3,1.53,0.48,0.06,0.2,43,31.8,62.0,1,8,10.0,4,1.18,11,17,-6,-0.57,-0.44,0,13,8,0,13,4,23,0,1.5238095238095237,0.3125,2.5714285714285716,1.2380952380952381,1.2380952380952381,0.19047619047619047,-0.57,0.0,0.0,0.0,1.619047619047619,1.0476190476190477,0.09523809523809523,0.0,0.7619047619047619,2.1904761904761907,0.38095238095238093,31.8
Takumi Minamino,JPN,MF,Monaco,Ligue 1,31,1995,15,11,944,10.5,3,2,5,3,0,0,4,0,0.48,,1.37,,,,,,,,,,,,21,7,33.3,2.0,0.67,0.14,0.43,63,35.0,78.0,1,4,22.0,1,1.53,17,14,3,0.29,0.08,0,10,8,3,8,3,3,0,2.0,0.3333333333333333,0.5714285714285714,0.9523809523809523,0.7619047619047619,0.38095238095238093,0.29,0.0,0.0,0.0,1.3333333333333333,1.619047619047619,0.19047619047619047,0.2857142857142857,0.7619047619047619,0.2857142857142857,0.2857142857142857,35.0
Morato,BRA,DF,Nottingham Forest,Premier League,24,2001,16,10,944,10.5,0,0,0,0,0,0,4,0,0.0,,1.37,,,,,,,,,,,,4,1,25.0,0.38,0.1,0.0,0.0,59,31.8,89.0,9,6,10.0,16,1.19,5,17,-12,-1.14,-1.28,0,11,7,1,1,8,16,0,0.38095238095238093,0.25,2.2857142857142856,1.0476190476190477,0.09523809523809523,0.38095238095238093,-1.14,0.0,0.0,0.0,1.619047619047619,0.47619047619047616,0.0,0.09523809523809523,0.6666666666666666,1.5238095238095237,0.7619047619047619,31.8
Himad Abdelli,ALG,MF,Angers,Ligue 1,26,1999,13,11,943,10.5,2,0,2,0,2,2,1,0,0.0,,1.37,,,,,,,,,,,,11,5,45.5,1.05,0.48,0.0,0.0,73,34.9,81.0,4,2,25.0,0,1.38,12,13,-1,-0.1,0.57,0,16,12,1,9,13,17,0,1.0476190476190477,0.45454545454545453,2.857142857142857,1.5238095238095237,0.8571428571428571,0.09523809523809523,-0.1,0.0,0.0,0.0,1.2380952380952381,1.1428571428571428,0.0,0.09523809523809523,1.1428571428571428,1.619047619047619,1.2380952380952381,34.9
Oscar Højlund,DEN,MF,Eintracht Frankfurt,Bundesliga,21,2005,22,10,942,10.5,1,1,2,1,0,0,3,1,0.19,,1.37,,,,,,,,,,,,5,2,40.0,0.48,0.19,0.2,0.5,43,34.9,70.0,0,12,20.0,3,1.27,13,20,-7,-0.67,-0.92,1,23,4,1,2,7,16,0,0.47619047619047616,0.4,2.1904761904761907,2.1904761904761907,0.19047619047619047,0.5714285714285714,-0.67,0.0,0.0,0.0,1.9047619047619047,1.2380952380952381,0.09523809523809523,0.09523809523809523,0.38095238095238093,1.5238095238095237,0.6666666666666666,34.9
Luca Netz,GER,MF,Gladbach,Bundesliga,22,2003,15,10,940,10.4,0,2,2,0,0,0,1,0,0.19,,1.37,,,,,,,,,,,,2,0,0.0,0.19,0.0,0.0,,63,34.8,86.0,7,5,17.0,5,0.93,14,10,4,0.38,1.3,0,8,2,0,26,7,10,0,0.1923076923076923,0.0,1.6346153846153846,0.7692307692307692,2.5,0.09615384615384615,0.38,0.0,0.0,0.0,0.9615384615384615,1.346153846153846,0.1923076923076923,0.0,0.1923076923076923,0.9615384615384615,0.673076923076923,34.8
Lazar Samardzic,SRB,MF,Atalanta,Serie A,24,2002,23,10,940,10.4,2,1,3,2,0,0,1,0,0.29,,1.37,,,,,,,,,,,,22,7,31.8,2.11,0.67,0.09,0.29,41,31.6,70.0,3,13,18.0,10,1.61,16,13,3,0.29,-0.29,0,16,9,1,64,9,7,0,2.1153846153846154,0.3181818181818182,1.5384615384615383,1.5384615384615383,6.153846153846153,0.09615384615384615,0.29,0.0,0.0,0.0,1.25,1.5384615384615383,0.09615384615384615,0.09615384615384615,0.8653846153846153,0.673076923076923,0.8653846153846153,31.6
Marcão,BRA,DF,Sevilla,La Liga,29,1996,13,11,938,10.4,1,0,1,1,0,0,5,1,0.1,,1.37,,,,,,,,,,,,10,2,20.0,0.96,0.19,0.1,0.5,72,33.6,84.0,9,2,8.0,2,1.23,13,15,-2,-0.19,0.29,1,22,21,1,1,4,4,0,0.9615384615384615,0.2,0.7692307692307692,2.1153846153846154,0.09615384615384615,0.7692307692307692,-0.19,0.0,0.0,0.0,1.4423076923076923,1.25,0.0,0.09615384615384615,2.019230769230769,0.3846153846153846,0.3846153846153846,33.6
Tosin Aiyegun,BEN,MF,Lorient,Ligue 1,27,1998,23,10,935,10.4,4,0,4,4,0,1,1,0,0.39,,1.37,,,,,,,,,,,,25,10,40.0,2.41,0.96,0.16,0.4,41,34.6,67.0,1,13,20.0,3,1.04,11,14,-3,-0.29,-0.24,0,11,12,3,6,1,5,0,2.4038461538461537,0.4,0.5769230769230769,1.0576923076923077,0.5769230769230769,0.09615384615384615,-0.29,0.0,0.0,0.0,1.346153846153846,1.0576923076923077,0.0,0.28846153846153844,1.1538461538461537,0.4807692307692307,0.09615384615384615,34.6
Juan Foyth,ARG,DF,Villarreal,La Liga,28,1998,13,12,934,10.4,0,0,0,0,0,0,2,0,0.0,,1.37,,,,,,,,,,,,2,0,0.0,0.19,0.0,0.0,,72,33.5,77.0,8,1,11.0,2,2.15,22,9,13,1.25,0.91,0,8,1,0,0,15,13,0,0.1923076923076923,0.0,2.692307692307692,0.7692307692307692,0.0,0.1923076923076923,1.25,0.0,0.0,0.0,0.8653846153846153,2.1153846153846154,0.0,0.0,0.09615384615384615,1.25,1.4423076923076923,33.5
Duván Zapata,COL,FW,Torino,Serie A,35,1991,24,9,934,10.4,3,1,4,3,0,1,0,0,0.39,,1.37,,,,,,,,,,,,28,15,53.6,2.7,1.45,0.11,0.2,39,31.4,68.0,1,15,22.0,5,1.17,16,18,-2,-0.19,0.47,0,12,22,7,7,1,2,0,2.692307692307692,0.5357142857142857,0.28846153846153844,1.1538461538461537,0.673076923076923,0.0,-0.19,0.0,0.0,0.0,1.7307692307692306,1.5384615384615383,0.09615384615384615,0.673076923076923,2.1153846153846154,0.1923076923076923,0.09615384615384615,31.4
Kareem Tunde,ESP,MF,Levante,La Liga,20,2005,15,13,934,10.4,0,1,1,0,0,0,3,0,0.1,,1.37,,,,,,,,,,,,15,2,13.3,1.45,0.19,0.0,0.0,62,33.5,70.0,2,2,10.0,0,1.13,9,14,-5,-0.48,0.0,0,14,18,1,8,12,11,0,1.4423076923076923,0.13333333333333333,2.2115384615384617,1.346153846153846,0.7692307692307692,0.28846153846153844,-0.48,0.0,0.0,0.0,1.346153846153846,0.8653846153846153,0.09615384615384615,0.09615384615384615,1.7307692307692306,1.0576923076923077,1.1538461538461537,33.5
Jorge Cuenca,ESP,DF,Fulham,Premier League,26,1999,14,11,933,10.4,0,0,0,0,0,0,5,0,0.0,,1.37,,,,,,,,,,,,1,0,0.0,0.1,0.0,0.0,,67,31.4,84.0,7,3,3.0,14,1.71,9,11,-2,-0.19,-0.15,0,9,1,1,2,15,10,0,0.09615384615384615,0.0,2.4038461538461537,0.8653846153846153,0.1923076923076923,0.4807692307692307,-0.19,0.0,0.0,0.0,1.0576923076923077,0.8653846153846153,0.0,0.09615384615384615,0.09615384615384615,0.9615384615384615,1.4423076923076923,31.4
Tiago Tomás,POR,MF,Stuttgart,Bundesliga,23,2002,23,9,931,10.3,4,3,7,4,0,0,3,0,0.68,,1.37,,,,,,,,,,,,31,9,29.0,3.0,0.87,0.13,0.44,40,34.5,72.0,0,14,20.0,0,1.87,26,21,5,0.48,-0.28,0,12,26,3,10,4,7,0,3.0097087378640777,0.2903225806451613,1.0679611650485437,1.1650485436893203,0.9708737864077669,0.2912621359223301,0.48,0.0,0.0,0.0,2.0388349514563107,2.524271844660194,0.2912621359223301,0.2912621359223301,2.524271844660194,0.6796116504854368,0.3883495145631068,34.5
Ao Tanaka,JPN,MF,Leeds United,Premier League,27,1998,23,9,931,10.3,2,0,2,2,0,0,1,0,0.19,,1.37,,,,,,,,,,,,14,4,28.6,1.35,0.39,0.14,0.5,40,31.3,74.0,0,14,19.0,9,1.39,17,16,1,0.1,0.45,0,11,7,0,27,15,10,0,1.3592233009708736,0.2857142857142857,2.4271844660194173,1.0679611650485437,2.6213592233009706,0.0970873786407767,0.1,0.0,0.0,0.0,1.5533980582524272,1.6504854368932038,0.0,0.0,0.6796116504854368,0.9708737864077669,1.4563106796116503,31.3
Marc Pubill,ESP,DF,Atlético Madrid,La Liga,22,2003,13,10,931,10.3,0,1,1,0,0,0,1,0,0.1,,1.37,,,,,,,,,,,,8,2,25.0,0.77,0.19,0.0,0.0,72,33.4,88.0,9,3,19.0,15,2.23,19,7,12,1.16,0.82,0,9,8,1,4,15,7,0,0.7766990291262136,0.25,2.1359223300970873,0.8737864077669902,0.3883495145631068,0.0970873786407767,1.16,0.0,0.0,0.0,0.6796116504854368,1.8446601941747571,0.0970873786407767,0.0970873786407767,0.7766990291262136,0.6796116504854368,1.4563106796116503,33.4
Axel Tuanzebe,COD,DF,Burnley,Premier League,28,1997,11,11,931,10.3,1,0,1,1,0,0,1,0,0.1,,1.37,,,,,,,,,,,,2,1,50.0,0.19,0.1,0.5,1.0,85,31.3,85.0,9,0,,0,0.73,13,22,-9,-0.87,0.19,0,10,2,1,1,9,6,1,0.1941747572815534,0.5,1.4563106796116503,0.9708737864077669,0.0970873786407767,0.0970873786407767,-0.87,0.0,0.0,0.0,2.1359223300970873,1.262135922330097,0.0,0.0970873786407767,0.1941747572815534,0.5825242718446602,0.8737864077669902,31.3
Florian Neuhaus,GER,MF,Gladbach,Bundesliga,29,1997,17,11,930,10.3,0,1,1,0,0,0,0,0,0.1,,1.37,,,,,,,,,,,,22,6,27.3,2.13,0.58,0.0,0.0,55,34.4,71.0,0,6,25.0,9,1.29,19,9,10,0.97,2.19,0,9,9,0,9,9,7,0,2.1359223300970873,0.2727272727272727,1.5533980582524272,0.8737864077669902,0.8737864077669902,0.0,0.97,0.0,0.0,0.0,0.8737864077669902,1.8446601941747571,0.0970873786407767,0.0,0.8737864077669902,0.6796116504854368,0.8737864077669902,34.4
Conor Bradley,NIR,DF,Liverpool,Premier League,22,2003,15,12,929,10.3,0,1,1,0,0,0,5,0,0.1,,1.37,,,,,,,,,,,,6,0,0.0,0.58,0.0,0.0,,62,31.3,70.0,3,3,29.0,1,1.47,11,13,-2,-0.19,-0.77,0,18,20,1,23,12,15,0,0.5825242718446602,0.0,2.6213592233009706,1.7475728155339805,2.233009708737864,0.48543689320388345,-0.19,0.0,0.0,0.0,1.262135922330097,1.0679611650485437,0.0970873786407767,0.0970873786407767,1.9417475728155338,1.4563106796116503,1.1650485436893203,31.3
Wout Faes,BEL,DF,Monaco,Ligue 1,28,1998,11,11,928,10.3,0,0,0,0,0,0,3,0,0.0,,1.37,,,,,,,,,,,,5,1,20.0,0.48,0.1,0.0,0.0,84,34.4,84.0,10,0,,1,2.09,21,15,6,0.58,0.53,0,13,3,0,1,13,8,0,0.48543689320388345,0.2,2.0388349514563107,1.262135922330097,0.0970873786407767,0.2912621359223301,0.58,0.0,0.0,0.0,1.4563106796116503,2.0388349514563107,0.0,0.0,0.2912621359223301,0.7766990291262136,1.262135922330097,34.4
Lucas Bergvall,SWE,MF,Tottenham Hotspur,Premier League,20,2006,20,11,926,10.3,1,3,4,1,0,0,2,0,0.39,,1.37,,,,,,,,,,,,11,5,45.5,1.07,0.49,0.09,0.2,46,31.2,66.0,0,9,22.0,3,1.0,13,17,-4,-0.39,-0.08,0,23,6,3,18,3,13,0,1.0679611650485437,0.45454545454545453,1.5533980582524272,2.233009708737864,1.7475728155339805,0.1941747572815534,-0.39,0.0,0.0,0.0,1.6504854368932038,1.262135922330097,0.2912621359223301,0.2912621359223301,0.5825242718446602,1.262135922330097,0.2912621359223301,31.2
Khalis Merah,FRA,MF,Lyon,Ligue 1,19,2007,19,12,924,10.3,0,1,1,0,0,0,2,0,0.1,,1.37,,,,,,,,,,,,4,3,75.0,0.39,0.29,0.0,0.0,49,34.2,68.0,0,7,15.0,11,2.21,15,7,8,0.78,0.42,0,10,15,0,9,4,10,0,0.3883495145631068,0.75,1.3592233009708736,0.9708737864077669,0.8737864077669902,0.1941747572815534,0.78,0.0,0.0,0.0,0.6796116504854368,1.4563106796116503,0.0970873786407767,0.0,1.4563106796116503,0.9708737864077669,0.3883495145631068,34.2
Adam Karabec,CZE,MF,Lyon,Ligue 1,22,2003,21,11,922,10.2,1,0,1,1,0,0,3,0,0.1,,1.37,,,,,,,,,,,,9,5,55.6,0.88,0.49,0.11,0.2,44,34.1,74.0,0,10,11.0,9,1.95,11,8,3,0.29,-0.31,0,14,20,3,80,1,3,0,0.8823529411764707,0.5555555555555556,0.3921568627450981,1.3725490196078431,7.843137254901961,0.29411764705882354,0.29,0.0,0.0,0.0,0.7843137254901962,1.0784313725490198,0.0,0.29411764705882354,1.9607843137254903,0.29411764705882354,0.09803921568627452,34.1
David Neres,BRA,FW,Napoli,Serie A,29,1997,16,10,922,10.2,3,3,6,3,0,0,3,0,0.59,,1.37,,,,,,,,,,,,17,4,23.5,1.66,0.39,0.18,0.75,58,31.0,77.0,1,6,26.0,1,2.0,16,7,9,0.88,0.61,0,19,7,0,53,1,5,0,1.6666666666666667,0.23529411764705882,0.5882352941176471,1.8627450980392157,5.196078431372549,0.29411764705882354,0.88,0.0,0.0,0.0,0.6862745098039216,1.5686274509803924,0.29411764705882354,0.0,0.6862745098039216,0.4901960784313726,0.09803921568627452,31.0
Sambou Soumano,SEN,FW,Lorient,Ligue 1,25,2001,29,8,922,10.2,4,2,6,4,0,1,2,0,0.59,,1.37,,,,,,,,,,,,28,10,35.7,2.73,0.98,0.14,0.4,32,34.1,66.0,0,21,19.0,0,1.31,15,15,0,0.0,0.2,0,15,18,9,0,4,4,0,2.7450980392156863,0.35714285714285715,0.7843137254901962,1.4705882352941178,0.0,0.19607843137254904,0.0,0.0,0.0,0.0,1.4705882352941178,1.4705882352941178,0.19607843137254904,0.8823529411764707,1.7647058823529413,0.3921568627450981,0.3921568627450981,34.1
Fisayo Dele-Bashiru,NGA,MF,Lazio,Serie A,25,2001,19,9,922,10.2,0,0,0,0,0,0,0,0,0.0,,1.37,,,,,,,,,,,,7,1,14.3,0.68,0.1,0.0,0.0,49,31.0,73.0,5,10,26.0,1,1.32,12,9,3,0.29,0.25,0,6,2,2,7,3,12,0,0.6862745098039216,0.14285714285714285,1.4705882352941178,0.5882352941176471,0.6862745098039216,0.0,0.29,0.0,0.0,0.0,0.8823529411764707,1.1764705882352942,0.0,0.19607843137254904,0.19607843137254904,1.1764705882352942,0.29411764705882354,31.0
Roberto Navarro,ESP,MF,Athletic Club,La Liga,24,2002,25,7,921,10.2,5,1,6,5,0,0,1,0,0.59,,1.37,,,,,,,,,,,,15,8,53.3,1.47,0.78,0.33,0.63,37,33.0,64.0,1,18,26.0,3,1.24,16,15,1,0.1,0.72,0,14,14,4,49,7,7,0,1.4705882352941178,0.5333333333333333,1.3725490196078431,1.3725490196078431,4.803921568627452,0.09803921568627452,0.1,0.0,0.0,0.0,1.4705882352941178,1.5686274509803924,0.09803921568627452,0.3921568627450981,1.3725490196078431,0.6862745098039216,0.6862745098039216,33.0
Caleb Ekuban,GHA,FW,Genoa,Serie A,32,1994,28,6,920,10.2,4,1,5,4,0,0,0,0,0.49,,1.37,,,,,,,,,,,,26,10,38.5,2.54,0.98,0.15,0.4,33,31.0,64.0,0,22,24.0,1,1.14,12,15,-3,-0.29,-0.16,0,15,27,6,5,5,1,0,2.5490196078431375,0.38461538461538464,0.5882352941176471,1.4705882352941178,0.4901960784313726,0.0,-0.29,0.0,0.0,0.0,1.4705882352941178,1.1764705882352942,0.09803921568627452,0.5882352941176471,2.647058823529412,0.09803921568627452,0.4901960784313726,31.0
Justin Kluivert,NED,MF,Bournemouth,Premier League,26,1999,18,10,919,10.2,2,0,2,2,0,0,4,0,0.2,,1.37,,,,,,,,,,,,16,4,25.0,1.57,0.39,0.13,0.5,51,30.9,72.0,0,8,25.0,0,1.22,16,18,-2,-0.2,-0.28,0,15,9,1,40,4,7,0,1.5686274509803924,0.25,1.0784313725490198,1.4705882352941178,3.9215686274509807,0.3921568627450981,-0.2,0.0,0.0,0.0,1.7647058823529413,1.5686274509803924,0.0,0.09803921568627452,0.8823529411764707,0.6862745098039216,0.3921568627450981,30.9
Kevin De Bruyne,BEL,MF,Napoli,Serie A,34,1991,14,11,919,10.2,4,0,4,1,3,3,1,0,0.1,,1.37,,,,,,,,,,,,24,9,37.5,2.35,0.88,0.04,0.11,66,30.9,75.0,4,3,33.0,0,2.21,16,8,8,0.78,0.48,0,8,5,3,49,5,5,0,2.3529411764705883,0.375,0.9803921568627452,0.7843137254901962,4.803921568627452,0.09803921568627452,0.78,0.0,0.0,0.0,0.7843137254901962,1.5686274509803924,0.0,0.29411764705882354,0.4901960784313726,0.4901960784313726,0.4901960784313726,30.9
Youssef El-Arabi,MAR,FW,Nantes,Ligue 1,39,1987,22,11,917,10.2,3,0,3,3,0,1,0,0,0.29,,1.37,,,,,,,,,,,,15,9,60.0,1.47,0.88,0.2,0.33,42,35.1,69.0,1,11,14.0,7,0.64,12,13,-1,-0.1,0.97,0,21,22,9,2,4,9,0,1.4705882352941178,0.6,1.2745098039215688,2.058823529411765,0.19607843137254904,0.0,-0.1,0.0,0.0,0.0,1.2745098039215688,1.1764705882352942,0.0,0.8823529411764707,2.1568627450980395,0.8823529411764707,0.3921568627450981,35.1
Junior Dina Ebimbe,CMR,MF,Brest,Ligue 1,25,2000,23,12,915,10.2,4,0,4,4,0,0,2,0,0.39,,1.37,,,,,,,,,,,,22,7,31.8,2.16,0.69,0.18,0.57,40,35.1,65.0,0,11,13.0,2,1.17,11,14,-3,-0.3,-0.14,0,20,14,2,2,3,10,0,2.1568627450980395,0.3181818181818182,1.2745098039215688,1.9607843137254903,0.19607843137254904,0.19607843137254904,-0.3,0.0,0.0,0.0,1.3725490196078431,1.0784313725490198,0.0,0.19607843137254904,1.3725490196078431,0.9803921568627452,0.29411764705882354,35.1
Federico Bernardeschi,ITA,MF,Bologna,Serie A,32,1994,25,8,913,10.1,2,2,4,1,1,1,2,0,0.3,,1.37,,,,,,,,,,,,28,8,28.6,2.76,0.79,0.04,0.13,37,30.7,70.0,0,17,21.0,2,1.6,12,5,7,0.69,0.87,0,11,10,1,38,3,6,0,2.7722772277227725,0.2857142857142857,0.8910891089108911,1.0891089108910892,3.7623762376237626,0.19801980198019803,0.69,0.0,0.0,0.0,0.49504950495049505,1.188118811881188,0.19801980198019803,0.09900990099009901,0.9900990099009901,0.594059405940594,0.297029702970297,30.7
Marc Casado,ESP,MF,Barcelona,La Liga,22,2003,20,9,911,10.1,0,1,1,0,0,0,1,0,0.1,,1.37,,,,,,,,,,,,9,0,0.0,0.89,0.0,0.0,,46,32.7,78.0,5,11,19.0,11,2.85,25,8,17,1.68,-0.09,0,22,18,0,0,7,8,0,0.8910891089108911,0.0,1.4851485148514851,2.1782178217821784,0.0,0.09900990099009901,1.68,0.0,0.0,0.0,0.7920792079207921,2.4752475247524752,0.09900990099009901,0.0,1.7821782178217822,0.7920792079207921,0.6930693069306931,32.7
Kevin,BRA,MF,Fulham,Premier League,23,2003,23,8,908,10.1,1,1,2,1,0,0,1,0,0.2,,1.37,,,,,,,,,,,,22,9,40.9,2.18,0.89,0.05,0.11,39,30.6,69.0,0,15,24.0,1,1.39,12,14,-2,-0.2,-0.15,0,12,15,2,40,9,8,0,2.1782178217821784,0.4090909090909091,1.6831683168316833,1.188118811881188,3.9603960396039604,0.09900990099009901,-0.2,0.0,0.0,0.0,1.3861386138613863,1.188118811881188,0.09900990099009901,0.19801980198019803,1.4851485148514851,0.7920792079207921,0.8910891089108911,30.6
Kamaldeen Sulemana,GHA,MF,Atalanta,Serie A,24,2002,23,8,904,10.0,2,1,3,2,0,0,3,0,0.3,,1.37,,,,,,,,,,,,21,9,42.9,2.09,0.9,0.1,0.22,39,30.4,69.0,1,15,23.0,6,1.61,17,10,7,0.7,0.3,0,11,14,4,19,2,5,0,2.1,0.42857142857142855,0.7,1.1,1.9,0.3,0.7,0.0,0.0,0.0,1.0,1.7,0.1,0.4,1.4,0.5,0.2,30.4
Giorgi Gocholeishvili,GEO,MF,Hamburger SV,Bundesliga,25,2001,22,9,901,10.0,0,2,2,0,0,0,3,1,0.2,,1.37,,,,,,,,,,,,14,2,14.3,1.4,0.2,0.0,0.0,41,33.4,78.0,1,13,15.0,5,1.32,9,12,-3,-0.3,0.3,1,13,18,3,19,6,14,0,1.4,0.14285714285714285,2.0,1.3,1.9,0.6,-0.3,0.0,0.0,0.0,1.2,0.9,0.2,0.3,1.8,1.4,0.6,33.4
Tomoya Ando,JPN,DF,St Pauli,Bundesliga,27,1999,11,10,900,10.0,0,1,1,0,0,0,3,0,0.1,,1.37,,,,,,,,,,,,6,2,33.3,0.6,0.2,0.0,0.0,82,33.3,87.0,8,1,27.0,2,0.82,9,20,-11,-1.1,-0.4,0,9,5,0,4,12,15,0,0.6,0.3333333333333333,2.7,0.9,0.4,0.3,-1.1,0.0,0.0,0.0,2.0,0.9,0.1,0.0,0.5,1.5,1.2,33.3
