Player,Nation,Pos,Squad,Comp,Age,Born,MP,Starts,Min,90s,Gls,Ast,G+A,G-PK,PK,PKatt,CrdY,CrdR,xG,npxG,xAG,npxG+xAG,PrgC,PrgP,PrgR,Gls_90,Ast_90,G+A_90,G-PK_90,G+A-PK_90,xG_90,xAG_90,xG+xAG_90,npxG_90,npxG+xAG_90
Max Aarons,ENG,DF,Bournemouth,Premier League,23,2000,20,13,1237,13.7,0,1,1,0,0,0,1,0,0.0,0.0,0.8,0.9,22.0,43.0,26.0,0.0,0.07,0.07,0.0,0.07,0.0,0.06,0.06,0.0,0.06
Brenden Aaronson,USA,MF,Union Berlin,Bundesliga,22,2000,30,14,1267,14.1,2,2,4,2,0,0,3,1,2.0,2.0,1.9,3.8,37.0,56.0,91.0,0.14,0.14,0.28,0.14,0.28,0.14,0.13,0.27,0.14,0.27
Yunis Abdelhamid,MAR,DF,Reims,Ligue 1,35,1987,31,31,2781,30.9,4,0,4,3,1,1,5,0,3.4,2.6,0.3,2.9,36.0,137.0,9.0,0.13,0.0,0.13,0.1,0.1,0.11,0.01,0.12,0.09,0.09
Salis Abdul Samed,GHA,MF,Lens,Ligue 1,23,2000,27,17,1519,16.9,0,0,0,0,0,0,2,0,0.8,0.8,0.5,1.3,9.0,78.0,20.0,0.0,0.0,0.0,0.0,0.0,0.05,0.03,0.08,0.05,0.08
Laurent Abergel,FRA,MF,Lorient,Ligue 1,30,1993,33,32,2860,31.8,2,1,3,2,0,0,4,0,1.1,1.1,2.2,3.3,38.0,194.0,51.0,0.06,0.03,0.09,0.06,0.09,0.04,0.07,0.1,0.04,0.1
Matthis Abline,FRA,FW,Nantes,Ligue 1,20,2003,22,12,1044,11.6,5,0,5,5,0,0,1,0,3.8,3.8,2.0,5.8,28.0,20.0,87.0,0.43,0.0,0.43,0.43,0.43,0.33,0.17,0.5,0.33,0.5
Abner,BRA,DF,Betis,La Liga,23,2000,23,15,1400,15.6,0,1,1,0,0,0,3,0,0.1,0.1,1.0,1.1,14.0,33.0,58.0,0.0,0.06,0.06,0.0,0.06,0.01,0.06,0.07,0.01,0.07
Zakaria Aboukhlal,MAR,MF,Toulouse,Ligue 1,23,2000,13,9,754,8.4,3,0,3,2,1,1,2,0,2.8,2.0,0.2,2.2,23.0,20.0,75.0,0.36,0.0,0.36,0.24,0.24,0.33,0.02,0.36,0.24,0.26
Abdel Abqar,MAR,DF,Alavés,La Liga,24,1999,27,27,2312,25.7,0,0,0,0,0,0,10,0,0.5,0.5,0.2,0.6,7.0,49.0,1.0,0.0,0.0,0.0,0.0,0.0,0.02,0.01,0.02,0.02,0.02
Francesco Acerbi,ITA,DF,Inter,Serie A,35,1988,29,26,2388,26.5,3,1,4,3,0,0,1,0,1.6,1.6,1.8,3.4,21.0,87.0,24.0,0.11,0.04,0.15,0.11,0.15,0.06,0.07,0.13,0.06,0.13
Marcos Acuña,ARG,DF,Sevilla,La Liga,31,1991,21,18,1292,14.4,1,2,3,1,0,0,7,0,0.3,0.3,1.5,1.8,23.0,59.0,42.0,0.07,0.14,0.21,0.07,0.21,0.02,0.11,0.13,0.02,0.13
Bénie Adama Traore,CIV,FW,Nantes,Ligue 1,20,2002,14,4,504,5.6,0,1,1,0,0,0,1,1,0.7,0.7,0.9,1.6,23.0,15.0,45.0,0.0,0.18,0.18,0.0,0.18,0.13,0.16,0.29,0.13,0.29
Akor Adams,NGA,FW,Montpellier,Ligue 1,23,2000,32,27,2252,25.0,8,1,9,8,0,0,2,0,12.4,12.4,1.9,14.3,40.0,17.0,127.0,0.32,0.04,0.36,0.32,0.36,0.5,0.07,0.57,0.5,0.57
Sargis Adamyan,ARM,FW,Köln,Bundesliga,30,1993,20,8,801,8.9,1,2,3,1,0,0,2,0,4.1,4.1,2.0,6.1,15.0,18.0,42.0,0.11,0.22,0.34,0.11,0.34,0.46,0.23,0.69,0.46,0.69
Tosin Adarabioyo,ENG,DF,Fulham,Premier League,25,1997,20,18,1617,18.0,2,0,2,2,0,0,2,0,0.7,0.7,0.1,0.8,10.0,62.0,5.0,0.11,0.0,0.11,0.11,0.11,0.04,0.01,0.05,0.04,0.05
Elijah Adebayo,ENG,FW,Luton Town,Premier League,25,1998,27,16,1419,15.8,10,0,10,10,0,0,1,0,5.9,5.9,0.7,6.6,16.0,23.0,110.0,0.63,0.0,0.63,0.63,0.63,0.37,0.04,0.42,0.37,0.42
Karim Adeyemi,GER,FW,Dortmund,Bundesliga,21,2002,21,10,913,10.1,3,1,4,3,0,0,6,1,3.5,3.5,2.0,5.5,52.0,26.0,96.0,0.3,0.1,0.39,0.3,0.39,0.34,0.2,0.54,0.34,0.54
Simon Adingra,CIV,FW,Brighton,Premier League,21,2002,31,25,2222,24.7,6,1,7,6,0,0,3,0,4.3,4.3,3.7,8.0,111.0,50.0,278.0,0.24,0.04,0.28,0.24,0.28,0.17,0.15,0.32,0.17,0.32
Nathaniel Adjei,GHA,DF,Lorient,Ligue 1,20,2002,15,14,1243,13.8,0,0,0,0,0,0,2,0,0.4,0.4,0.1,0.5,10.0,34.0,4.0,0.0,0.0,0.0,0.0,0.0,0.03,0.01,0.03,0.03,0.03
Amine Adli,MAR,MF,Leverkusen,Bundesliga,23,2000,23,8,898,10.0,4,6,10,4,0,0,5,0,3.3,3.3,2.3,5.6,32.0,39.0,131.0,0.4,0.6,1.0,0.4,1.0,0.33,0.23,0.56,0.33,0.56
Yacine Adli,FRA,MF,Milan,Serie A,23,2000,24,17,1407,15.6,1,2,3,1,0,0,3,0,0.3,0.3,2.2,2.5,30.0,125.0,26.0,0.06,0.13,0.19,0.06,0.19,0.02,0.14,0.16,0.02,0.16
Michel Aebischer,SUI,MF,Bologna,Serie A,26,1997,36,26,2230,24.8,0,1,1,0,0,0,8,0,1.1,1.1,1.5,2.6,26.0,125.0,55.0,0.0,0.04,0.04,0.0,0.04,0.04,0.06,0.11,0.04,0.11
Emmanuel Agbadou,CIV,DF,Reims,Ligue 1,26,1997,32,29,2596,28.8,1,1,2,1,0,0,1,0,2.4,2.4,1.5,3.8,42.0,179.0,19.0,0.03,0.03,0.07,0.03,0.07,0.08,0.05,0.13,0.08,0.13
Lucien Agoume,FRA,MF,Sevilla,La Liga,21,2002,12,9,777,8.6,0,0,0,0,0,0,3,0,0.9,0.9,0.6,1.5,7.0,35.0,9.0,0.0,0.0,0.0,0.0,0.0,0.1,0.07,0.17,0.1,0.17
Felix Agu,GER,DF,Werder Bremen,Bundesliga,23,1999,24,19,1614,17.9,0,0,0,0,0,0,2,0,0.9,0.9,0.6,1.5,32.0,32.0,90.0,0.0,0.0,0.0,0.0,0.0,0.05,0.04,0.08,0.05,0.08
Nayef Aguerd,MAR,DF,West Ham,Premier League,27,1996,21,21,1857,20.6,1,0,1,1,0,0,3,1,1.5,1.5,0.3,1.8,10.0,68.0,3.0,0.05,0.0,0.05,0.05,0.05,0.07,0.01,0.09,0.07,0.09
Ruben Aguilar,FRA,DF,Lens,Ligue 1,30,1993,25,22,1922,21.4,1,3,4,1,0,0,3,0,1.4,1.4,2.9,4.3,36.0,110.0,162.0,0.05,0.14,0.19,0.05,0.19,0.07,0.14,0.2,0.07,0.2
Anel Ahmedhodžić,BIH,DF,Sheffield Utd,Premier League,24,1999,31,29,2649,29.4,2,0,2,2,0,0,11,1,3.1,3.1,0.8,4.0,15.0,43.0,21.0,0.07,0.0,0.07,0.07,0.07,0.11,0.03,0.14,0.11,0.14
Ola Aina,NGA,DF,Nott'ham Forest,Premier League,26,1996,22,20,1692,18.8,1,1,2,1,0,0,3,0,0.3,0.3,0.9,1.2,53.0,68.0,38.0,0.05,0.05,0.11,0.05,0.11,0.01,0.05,0.06,0.01,0.06
Rayan Aït-Nouri,ALG,DF,Wolves,Premier League,22,2001,33,29,2329,25.9,2,1,3,2,0,0,7,0,3.3,3.3,2.4,5.6,67.0,99.0,99.0,0.08,0.04,0.12,0.08,0.12,0.13,0.09,0.22,0.13,0.22
Tosin Aiyegun,BEN,MF,Lorient,Ligue 1,25,1998,19,10,902,10.0,2,0,2,2,0,0,0,1,1.8,1.8,0.3,2.1,17.0,16.0,52.0,0.2,0.0,0.2,0.2,0.2,0.18,0.03,0.21,0.18,0.21
Kristoffer Ajer,NOR,DF,Brentford,Premier League,25,1998,28,21,1832,20.4,2,1,3,2,0,0,5,0,1.3,1.3,2.3,3.6,22.0,61.0,31.0,0.1,0.05,0.15,0.1,0.15,0.06,0.11,0.18,0.06,0.18
Ludovic Ajorque,FRA,FW,Mainz 05,Bundesliga,29,1994,26,15,1360,15.1,2,0,2,2,0,2,4,0,5.3,3.7,1.0,4.7,5.0,21.0,88.0,0.13,0.0,0.13,0.13,0.13,0.35,0.06,0.41,0.25,0.31
Manuel Akanji,SUI,DF,Manchester City,Premier League,28,1995,30,28,2511,27.9,2,0,2,2,0,0,4,1,1.9,1.9,0.5,2.4,46.0,148.0,36.0,0.07,0.0,0.07,0.07,0.07,0.07,0.02,0.09,0.07,0.09
Nathan Aké,NED,DF,Manchester City,Premier League,28,1995,29,24,2042,22.7,2,2,4,2,0,0,0,0,2.5,2.5,1.2,3.7,24.0,116.0,18.0,0.09,0.09,0.18,0.09,0.18,0.11,0.05,0.16,0.11,0.16
Ilias Akhomach,MAR,MF,Villarreal,La Liga,19,2004,31,17,1511,16.8,2,2,4,2,0,0,4,0,3.2,3.2,2.6,5.7,68.0,45.0,160.0,0.12,0.12,0.24,0.12,0.24,0.19,0.15,0.34,0.19,0.34
Sergio Akieme,ESP,DF,Almería,La Liga,25,1997,19,19,1675,18.6,2,0,2,2,0,0,2,0,1.2,1.2,2.2,3.3,27.0,28.0,72.0,0.11,0.0,0.11,0.11,0.11,0.06,0.12,0.18,0.06,0.18
Sergio Akieme,ESP,DF,Reims,Ligue 1,25,1997,13,8,818,9.1,2,0,2,2,0,0,2,0,1.4,1.4,0.4,1.8,20.0,20.0,34.0,0.22,0.0,0.22,0.22,0.22,0.16,0.04,0.2,0.16,0.2
Maghnes Akliouche,FRA,MF,Monaco,Ligue 1,21,2002,28,18,1613,17.9,7,4,11,7,0,0,5,0,5.4,5.4,3.5,8.9,46.0,93.0,135.0,0.39,0.22,0.61,0.39,0.61,0.3,0.19,0.49,0.3,0.49
Jean-Daniel Akpa-Akpro,CIV,MF,Monza,Serie A,30,1992,19,8,705,7.8,0,0,0,0,0,0,5,0,0.5,0.5,0.1,0.6,11.0,10.0,12.0,0.0,0.0,0.0,0.0,0.0,0.07,0.01,0.08,0.07,0.08
Kevin Akpoguma,NGA,DF,Hoffenheim,Bundesliga,28,1995,17,11,1097,12.2,0,0,0,0,0,0,7,0,0.3,0.3,0.3,0.6,10.0,55.0,9.0,0.0,0.0,0.0,0.0,0.0,0.02,0.02,0.05,0.02,0.05
David Alaba,AUT,DF,Real Madrid,La Liga,31,1992,14,14,1154,12.8,0,1,1,0,0,0,2,0,1.0,1.0,0.7,1.6,9.0,51.0,13.0,0.0,0.08,0.08,0.0,0.08,0.08,0.05,0.13,0.08,0.13
Luis Alberto,ESP,MF,Lazio,Serie A,30,1992,33,29,2311,25.7,5,7,12,5,0,0,7,0,4.7,4.7,4.7,9.4,83.0,212.0,124.0,0.19,0.27,0.47,0.19,0.47,0.18,0.18,0.37,0.18,0.37
Raúl Albiol,ESP,DF,Villarreal,La Liga,37,1985,26,24,2031,22.6,0,1,1,0,0,0,6,0,0.4,0.4,0.8,1.3,8.0,62.0,0.0,0.0,0.04,0.04,0.0,0.04,0.02,0.04,0.06,0.02,0.06
Rubén Alcaraz,ESP,MF,Cádiz,La Liga,32,1991,36,36,3134,34.8,3,1,4,1,2,2,14,0,3.3,1.7,1.4,3.1,27.0,154.0,37.0,0.09,0.03,0.11,0.03,0.06,0.09,0.04,0.13,0.05,0.09
Omar Alderete,PAR,DF,Getafe,La Liga,26,1996,31,24,2195,24.4,0,1,1,0,0,0,8,1,1.2,1.2,1.0,2.2,23.0,98.0,9.0,0.0,0.04,0.04,0.0,0.04,0.05,0.04,0.09,0.05,0.09
Iván Alejo,ESP,MF,Cádiz,La Liga,28,1995,30,21,1692,18.8,0,2,2,0,0,0,17,0,0.5,0.5,1.3,1.8,48.0,31.0,104.0,0.0,0.11,0.11,0.0,0.11,0.03,0.07,0.1,0.03,0.1
Carles Aleñá,ESP,MF,Getafe,La Liga,25,1998,29,10,1020,11.3,1,1,2,1,0,0,6,0,1.2,1.2,1.6,2.8,12.0,23.0,45.0,0.09,0.09,0.18,0.09,0.18,0.11,0.14,0.25,0.11,0.25
Trent Alexander-Arnold,ENG,DF,Liverpool,Premier League,24,1998,28,25,2155,23.9,3,4,7,3,0,0,6,0,2.6,2.3,7.2,9.5,45.0,205.0,97.0,0.13,0.17,0.29,0.13,0.29,0.11,0.3,0.41,0.1,0.4
Mohamed Ali Cho,FRA,FW,Nice,Ligue 1,19,2004,17,11,861,9.6,1,2,3,1,0,0,2,0,1.1,1.1,2.0,3.1,48.0,25.0,77.0,0.1,0.21,0.31,0.1,0.31,0.12,0.21,0.32,0.12,0.32
Faride Alidou,GER,FW,Köln,Bundesliga,22,2001,26,14,1282,14.2,4,0,4,4,0,0,4,0,3.0,3.0,0.6,3.6,51.0,33.0,95.0,0.28,0.0,0.28,0.28,0.28,0.21,0.04,0.26,0.21,0.26
Nabil Alioui,FRA,MF,Le Havre,Ligue 1,24,1999,18,12,1009,11.2,4,1,5,4,0,0,1,0,2.4,2.4,2.2,4.6,22.0,43.0,72.0,0.36,0.09,0.45,0.36,0.45,0.21,0.19,0.41,0.21,0.41
Alisson,BRA,GK,Liverpool,Premier League,30,1992,28,28,2520,28.0,0,0,0,0,0,0,1,0,0.0,0.0,0.0,0.0,0.0,5.0,0.0,0.0,0.0,0.0,0.0,0.0,0.0,0.0,0.0,0.0,0.0
Jim Allevinah,GAB,MF,Clermont Foot,Ligue 1,28,1995,29,22,1861,20.7,2,1,3,2,0,0,1,0,2.6,2.6,1.2,3.8,87.0,52.0,120.0,0.1,0.05,0.15,0.1,0.15,0.12,0.06,0.18,0.12,0.18
Domingos André Ribeiro Almeida,POR,FW,Valencia,La Liga,23,2000,18,12,965,10.7,2,1,3,2,0,0,0,0,0.6,0.6,1.2,1.8,24.0,50.0,33.0,0.19,0.09,0.28,0.19,0.28,0.05,0.11,0.17,0.05,0.17
Miguel Almirón,PAR,FW,Newcastle Utd,Premier League,29,1994,33,23,1937,21.5,3,1,4,3,0,0,2,0,4.5,4.5,2.6,7.2,78.0,78.0,162.0,0.14,0.05,0.19,0.14,0.19,0.21,0.12,0.33,0.21,0.33
Pontus Almqvist,SWE,FW,Lecce,Serie A,24,1999,30,25,2107,23.4,2,1,3,2,0,0,5,0,2.3,2.3,2.7,5.0,72.0,32.0,137.0,0.09,0.04,0.13,0.09,0.13,0.1,0.12,0.22,0.1,0.22
Adrià Altimira,ESP,DF,Villarreal,La Liga,22,2001,11,10,775,8.6,0,0,0,0,0,0,3,0,0.0,0.0,0.1,0.1,10.0,29.0,15.0,0.0,0.0,0.0,0.0,0.0,0.0,0.01,0.02,0.0,0.02
Sergi Altimira,ESP,MF,Betis,La Liga,21,2001,14,6,568,6.3,1,0,1,1,0,0,1,0,0.2,0.2,0.3,0.5,10.0,31.0,8.0,0.16,0.0,0.16,0.16,0.16,0.03,0.04,0.07,0.03,0.07
Edson Álvarez,MEX,MF,West Ham,Premier League,25,1997,31,28,2377,26.4,1,1,2,1,0,0,11,0,1.3,1.3,0.6,1.9,20.0,91.0,26.0,0.04,0.04,0.08,0.04,0.08,0.05,0.02,0.07,0.05,0.07
Gastón Álvarez,URU,DF,Getafe,La Liga,23,2000,34,29,2537,28.2,2,0,2,2,0,0,7,0,0.7,0.7,0.6,1.4,11.0,63.0,40.0,0.07,0.0,0.07,0.07,0.07,0.03,0.02,0.05,0.03,0.05
Hugo Álvarez,ESP,MF,Celta Vigo,La Liga,20,2003,12,8,762,8.5,1,1,2,1,0,0,1,0,1.0,1.0,1.5,2.6,36.0,34.0,80.0,0.12,0.12,0.24,0.12,0.24,0.12,0.18,0.3,0.12,0.3
Julián Álvarez,ARG,MF,Manchester City,Premier League,23,2000,36,31,2647,29.4,11,8,19,9,2,2,2,0,13.0,11.5,6.4,17.9,64.0,103.0,180.0,0.37,0.27,0.65,0.31,0.58,0.44,0.22,0.66,0.39,0.61
Yeray Álvarez,ESP,DF,Athletic Club,La Liga,28,1995,19,14,1152,12.8,0,0,0,0,0,0,1,1,0.3,0.3,0.1,0.4,13.0,55.0,2.0,0.0,0.0,0.0,0.0,0.0,0.02,0.01,0.03,0.02,0.03
Papa Amadou Diallo,SEN,FW,Metz,Ligue 1,19,2004,16,9,889,9.9,2,1,3,2,0,0,1,0,2.6,2.6,0.9,3.5,25.0,30.0,65.0,0.2,0.1,0.3,0.2,0.3,0.26,0.09,0.35,0.26,0.35
Selim Amallah,MAR,FW,Valencia,La Liga,26,1996,20,7,604,6.7,0,1,1,0,0,0,5,1,0.4,0.4,0.3,0.8,7.0,21.0,36.0,0.0,0.15,0.15,0.0,0.15,0.06,0.05,0.11,0.06,0.11
Zeki Amdouni,SUI,FW,Burnley,Premier League,22,2000,34,27,1953,21.7,5,1,6,4,1,1,2,0,5.8,5.0,1.4,6.5,63.0,49.0,93.0,0.23,0.05,0.28,0.18,0.23,0.27,0.07,0.33,0.23,0.3
Kelvin Amian,FRA,DF,Nantes,Ligue 1,25,1998,12,11,798,8.9,0,1,1,0,0,0,2,0,0.1,0.1,0.6,0.6,12.0,28.0,21.0,0.0,0.11,0.11,0.0,0.11,0.01,0.07,0.07,0.01,0.07
Bruno Amione,ARG,DF,Hellas Verona,Serie A,21,2002,10,7,579,6.4,0,0,0,0,0,0,2,0,0.3,0.3,0.0,0.3,2.0,17.0,2.0,0.0,0.0,0.0,0.0,0.0,0.05,0.01,0.05,0.05,0.05
Michael Amir Murillo,PAN,DF,Marseille,Ligue 1,27,1996,16,10,997,11.1,3,2,5,3,0,0,3,0,0.8,0.8,1.2,2.0,6.0,35.0,52.0,0.27,0.18,0.45,0.27,0.45,0.07,0.11,0.18,0.07,0.18
Nadiem Amiri,GER,MF,Mainz 05,Bundesliga,26,1996,15,15,1315,14.6,1,4,5,1,0,1,5,0,2.2,1.4,4.3,5.7,16.0,88.0,22.0,0.07,0.27,0.34,0.07,0.34,0.15,0.3,0.45,0.1,0.39
Sofyan Amrabat,MAR,MF,Manchester Utd,Premier League,26,1996,21,10,938,10.4,0,0,0,0,0,0,6,0,0.1,0.1,0.3,0.4,6.0,66.0,10.0,0.0,0.0,0.0,0.0,0.0,0.01,0.03,0.04,0.01,0.04
Joachim Andersen,DEN,DF,Crystal Palace,Premier League,27,1996,38,38,3415,37.9,2,3,5,2,0,0,7,0,1.7,1.7,2.8,4.5,21.0,147.0,10.0,0.05,0.08,0.13,0.05,0.13,0.04,0.07,0.12,0.04,0.12
Elliot Anderson,SCO,MF,Newcastle Utd,Premier League,20,2002,21,10,1027,11.4,0,2,2,0,0,0,3,0,1.5,1.5,1.9,3.5,37.0,57.0,70.0,0.0,0.18,0.18,0.0,0.18,0.13,0.17,0.3,0.13,0.3
Felipe Anderson,BRA,FW,Lazio,Serie A,30,1993,38,33,2770,30.8,5,6,11,5,0,0,3,0,4.4,4.4,6.3,10.7,108.0,126.0,226.0,0.16,0.19,0.36,0.16,0.36,0.14,0.21,0.35,0.14,0.35
Benjamin André,FRA,MF,Lille,Ligue 1,32,1990,30,29,2570,28.6,4,0,4,4,0,0,8,0,2.6,2.6,1.3,3.9,19.0,180.0,37.0,0.14,0.0,0.14,0.14,0.14,0.09,0.05,0.14,0.09,0.14
Robert Andrich,GER,MF,Leverkusen,Bundesliga,28,1994,28,18,1690,18.8,4,2,6,4,0,0,4,0,1.7,1.7,1.8,3.5,20.0,97.0,14.0,0.21,0.11,0.32,0.21,0.32,0.09,0.1,0.19,0.09,0.19
Miguel Ángel Rubio,ESP,DF,Granada,La Liga,25,1998,19,17,1560,17.3,1,0,1,1,0,0,5,0,0.8,0.8,0.1,0.9,7.0,27.0,1.0,0.06,0.0,0.06,0.06,0.06,0.05,0.0,0.05,0.05,0.05
Angeliño,ESP,DF,Roma,Serie A,26,1997,16,14,1141,12.7,0,1,1,0,0,0,2,0,0.2,0.2,1.6,1.7,12.0,40.0,55.0,0.0,0.08,0.08,0.0,0.08,0.01,0.12,0.14,0.01,0.14
Waldemar Anton,GER,DF,Stuttgart,Bundesliga,27,1996,33,32,2886,32.1,0,3,3,0,0,0,7,0,1.7,1.7,1.0,2.7,38.0,172.0,15.0,0.0,0.09,0.09,0.0,0.09,0.05,0.03,0.09,0.05,0.09
Michail Antonio,JAM,FW,West Ham,Premier League,33,1990,26,21,1695,18.8,6,2,8,6,0,0,6,0,5.8,5.8,0.9,6.7,48.0,22.0,104.0,0.32,0.11,0.42,0.32,0.42,0.31,0.05,0.35,0.31,0.35
Antony,BRA,FW,Manchester Utd,Premier League,23,2000,29,15,1324,14.7,1,1,2,1,0,0,5,0,3.4,3.4,2.8,6.1,53.0,64.0,149.0,0.07,0.07,0.14,0.07,0.14,0.23,0.19,0.42,0.23,0.42
Christopher Antwi-Adjei,GHA,FW,Bochum,Bundesliga,29,1994,25,11,1216,13.5,2,2,4,2,0,0,5,0,2.2,2.2,3.5,5.7,50.0,28.0,138.0,0.15,0.15,0.3,0.15,0.3,0.16,0.26,0.42,0.16,0.42
Houssem Aouar,ALG,MF,Roma,Serie A,25,1998,16,9,756,8.4,4,0,4,4,0,0,3,0,2.3,2.3,0.5,2.8,17.0,26.0,59.0,0.48,0.0,0.48,0.48,0.48,0.28,0.05,0.33,0.28,0.33
Jon Aramburu,VEN,DF,Real Sociedad,La Liga,21,2002,11,5,543,6.0,0,0,0,0,0,0,3,0,0.1,0.1,0.0,0.1,6.0,26.0,25.0,0.0,0.0,0.0,0.0,0.0,0.02,0.0,0.02,0.02,0.02
Julian Araujo,MEX,DF,Las Palmas,La Liga,21,2001,25,15,1462,16.2,1,0,1,1,0,0,5,0,0.7,0.7,1.2,1.9,23.0,74.0,47.0,0.06,0.0,0.06,0.06,0.06,0.04,0.07,0.11,0.04,0.11
Ronald Araújo,URU,DF,Barcelona,La Liga,24,1999,25,21,1997,22.2,1,2,3,1,0,0,6,0,2.1,2.1,1.4,3.5,24.0,101.0,11.0,0.05,0.09,0.14,0.05,0.14,0.09,0.07,0.16,0.09,0.16
Oliver Arblaster,ENG,MF,Sheffield Utd,Premier League,19,2004,12,11,943,10.5,0,0,0,0,0,0,2,0,0.0,0.0,0.7,0.8,13.0,43.0,4.0,0.0,0.0,0.0,0.0,0.0,0.0,0.07,0.07,0.0,0.07
Cameron Archer,ENG,FW,Sheffield Utd,Premier League,22,2001,29,21,1832,20.4,4,1,5,4,0,0,1,0,5.5,5.5,2.8,8.3,33.0,15.0,113.0,0.2,0.05,0.25,0.2,0.25,0.27,0.14,0.41,0.27,0.41
Alphonse Areola,FRA,GK,West Ham,Premier League,30,1993,31,31,2699,30.0,0,0,0,0,0,0,1,0,0.0,0.0,0.0,0.0,0.0,1.0,0.0,0.0,0.0,0.0,0.0,0.0,0.0,0.0,0.0,0.0,0.0
Jesús Areso,ESP,DF,Osasuna,La Liga,24,1999,37,29,2660,29.6,1,6,7,1,0,0,3,0,0.2,0.2,3.6,3.8,78.0,106.0,180.0,0.03,0.2,0.24,0.03,0.24,0.01,0.12,0.13,0.01,0.13
José Arnaiz,ESP,FW,Osasuna,La Liga,28,1995,26,9,929,10.3,2,1,3,2,0,0,3,0,1.7,1.7,1.8,3.5,23.0,11.0,85.0,0.19,0.1,0.29,0.19,0.29,0.17,0.17,0.34,0.17,0.34
Hákon Arnar Haraldsson,ISL,FW,Lille,Ligue 1,20,2003,26,15,1284,14.3,2,0,2,2,0,0,5,0,0.8,0.8,1.5,2.2,25.0,48.0,90.0,0.14,0.0,0.14,0.14,0.14,0.05,0.1,0.16,0.05,0.16
Marko Arnautović,AUT,FW,Inter,Serie A,34,1989,27,5,801,8.9,5,3,8,5,0,0,0,0,5.0,5.0,2.6,7.6,12.0,20.0,77.0,0.56,0.34,0.9,0.56,0.9,0.56,0.29,0.85,0.56,0.85
Maximilian Arnold,GER,MF,Wolfsburg,Bundesliga,29,1994,30,27,2506,27.8,2,1,3,2,0,0,9,0,1.0,1.0,3.9,4.9,20.0,143.0,19.0,0.07,0.04,0.11,0.07,0.11,0.04,0.14,0.18,0.04,0.18
Sergio Arribas,ESP,MF,Almería,La Liga,21,2001,34,22,2047,22.7,9,4,13,9,0,0,1,0,8.6,8.6,3.7,12.2,56.0,81.0,94.0,0.4,0.18,0.57,0.4,0.57,0.38,0.16,0.54,0.38,0.54
Kepa Arrizabalaga,ESP,GK,Real Madrid,La Liga,28,1994,14,13,1198,13.3,0,0,0,0,0,0,1,0,0.0,0.0,0.0,0.0,0.0,0.0,0.0,0.0,0.0,0.0,0.0,0.0,0.0,0.0,0.0,0.0,0.0
Takuma Asano,JPN,FW,Bochum,Bundesliga,28,1994,29,26,1986,22.1,6,1,7,6,0,0,2,0,7.9,7.9,1.3,9.2,56.0,32.0,167.0,0.27,0.05,0.32,0.27,0.32,0.36,0.06,0.42,0.36,0.42
Marco Asensio,ESP,MF,Paris S-G,Ligue 1,27,1996,19,13,1113,12.4,4,5,9,4,0,0,0,0,3.2,3.2,5.8,9.0,36.0,71.0,92.0,0.32,0.4,0.73,0.32,0.73,0.26,0.47,0.73,0.26,0.73
Kristjan Asllani,ALB,MF,Inter,Serie A,21,2002,23,6,787,8.7,1,2,3,1,0,0,1,0,0.6,0.6,1.1,1.6,5.0,32.0,8.0,0.11,0.23,0.34,0.11,0.34,0.07,0.12,0.19,0.06,0.18
Joel Asoro,SWE,FW,Metz,Ligue 1,24,1999,20,10,848,9.4,2,1,3,2,0,0,2,0,0.6,0.6,0.3,0.9,14.0,16.0,43.0,0.21,0.11,0.32,0.21,0.32,0.06,0.03,0.09,0.06,0.09
Iago Aspas,ESP,FW,Celta Vigo,La Liga,35,1987,35,31,2707,30.1,9,10,19,6,3,5,6,1,11.5,7.5,10.1,17.6,84.0,161.0,202.0,0.3,0.33,0.63,0.2,0.53,0.38,0.34,0.72,0.25,0.59
Lorenz Assignon,TOG,DF,Burnley,Premier League,23,2000,15,15,1234,13.7,1,2,3,1,0,0,5,1,0.4,0.4,2.6,3.0,38.0,34.0,57.0,0.07,0.15,0.22,0.07,0.22,0.03,0.19,0.22,0.03,0.22
Lorenz Assignon,TOG,DF,Rennes,Ligue 1,23,2000,14,12,1011,11.2,1,1,2,1,0,0,4,0,0.4,0.4,1.8,2.2,28.0,51.0,67.0,0.09,0.09,0.18,0.09,0.18,0.04,0.16,0.2,0.04,0.2
Valentin Atangana Edoa,FRA,MF,Reims,Ligue 1,17,2005,15,7,555,6.2,0,0,0,0,0,0,0,0,0.5,0.5,0.1,0.6,10.0,21.0,17.0,0.0,0.0,0.0,0.0,0.0,0.08,0.02,0.1,0.08,0.1
Arthur Atta,FRA,MF,Metz,Ligue 1,20,2003,21,10,924,10.3,1,2,3,1,0,0,0,0,0.6,0.6,1.3,1.9,16.0,48.0,22.0,0.1,0.19,0.29,0.1,0.29,0.06,0.13,0.18,0.06,0.18
Noah Atubolu,GER,GK,Freiburg,Bundesliga,21,2002,34,34,3060,34.0,0,0,0,0,0,0,0,0,0.0,0.0,0.0,0.0,0.0,1.0,0.0,0.0,0.0,0.0,0.0,0.0,0.0,0.0,0.0,0.0,0.0
Pierre-Emerick Aubameyang,GAB,FW,Marseille,Ligue 1,34,1989,34,30,2622,29.1,17,8,25,13,4,4,4,0,20.5,17.3,5.6,23.0,68.0,58.0,235.0,0.58,0.27,0.86,0.45,0.72,0.7,0.19,0.9,0.59,0.79
Tommaso Augello,ITA,DF,Cagliari,Serie A,28,1994,32,28,2418,26.9,1,1,2,1,0,0,5,0,0.5,0.5,2.0,2.5,62.0,96.0,99.0,0.04,0.04,0.07,0.04,0.07,0.02,0.07,0.09,0.02,0.09
Carlos Augusto,BRA,DF,Inter,Serie A,24,1999,37,14,1725,19.2,0,3,3,0,0,0,1,0,1.0,1.0,2.8,3.9,42.0,54.0,88.0,0.0,0.16,0.16,0.0,0.16,0.05,0.15,0.2,0.05,0.2
Yann Aurel Bisseck,GER,DF,Inter,Serie A,22,2000,16,9,904,10.0,2,0,2,2,0,0,0,0,0.9,0.9,0.5,1.4,24.0,30.0,20.0,0.2,0.0,0.2,0.2,0.2,0.09,0.05,0.14,0.09,0.14
Serge Aurier,CIV,DF,Nott'ham Forest,Premier League,30,1992,12,10,833,9.3,0,2,2,0,0,0,2,0,0.2,0.2,0.5,0.6,10.0,47.0,29.0,0.0,0.22,0.22,0.0,0.22,0.02,0.05,0.07,0.02,0.07
Ezequiel Ávila,ARG,FW,Osasuna,La Liga,29,1994,17,10,864,9.6,1,3,4,1,0,0,3,2,2.0,2.0,2.3,4.3,14.0,39.0,75.0,0.1,0.31,0.42,0.1,0.42,0.21,0.24,0.45,0.21,0.45
Taiwo Awoniyi,NGA,FW,Nott'ham Forest,Premier League,25,1997,20,12,1042,11.6,6,3,9,6,0,0,2,0,4.7,4.7,1.7,6.4,8.0,14.0,45.0,0.52,0.26,0.78,0.52,0.78,0.41,0.15,0.56,0.41,0.56
André Ayew,GHA,FW,Le Havre,Ligue 1,33,1989,19,12,1104,12.3,5,0,5,5,0,0,2,1,3.1,3.1,0.8,3.9,14.0,23.0,65.0,0.41,0.0,0.41,0.41,0.41,0.25,0.07,0.32,0.25,0.32
Jordan Ayew,GHA,FW,Crystal Palace,Premier League,31,1991,35,30,2543,28.3,4,7,11,4,0,0,9,1,3.9,3.9,4.2,8.1,74.0,63.0,173.0,0.14,0.25,0.39,0.14,0.39,0.14,0.15,0.29,0.14,0.29
Neil El Aynaoui,FRA,MF,Lens,Ligue 1,22,2001,25,17,1566,17.4,1,2,3,1,0,0,1,0,2.4,2.4,0.8,3.2,25.0,59.0,44.0,0.06,0.11,0.17,0.06,0.17,0.14,0.05,0.19,0.14,0.19
Sardar Azmoun,IRN,FW,Roma,Serie A,28,1995,23,3,585,6.5,3,0,3,3,0,0,4,0,2.9,2.9,1.4,4.2,5.0,14.0,35.0,0.46,0.0,0.46,0.46,0.46,0.44,0.21,0.65,0.44,0.65
César Azpilicueta,ESP,DF,Atlético Madrid,La Liga,33,1989,25,14,1423,15.8,0,2,2,0,0,0,4,0,0.6,0.6,2.4,3.0,39.0,77.0,39.0,0.0,0.13,0.13,0.0,0.13,0.04,0.15,0.19,0.04,0.19
Paulo Azzi,BRA,DF,Cagliari,Serie A,29,1994,25,9,950,10.6,0,0,0,0,0,0,1,0,1.2,1.2,0.7,1.9,47.0,35.0,42.0,0.0,0.0,0.0,0.0,0.0,0.12,0.06,0.18,0.12,0.18
Oussama El Azzouzi,MAR,MF,Bologna,Serie A,22,2001,18,5,547,6.1,2,2,4,2,0,0,4,0,0.5,0.5,0.6,1.0,4.0,19.0,8.0,0.33,0.33,0.66,0.33,0.66,0.08,0.09,0.17,0.08,0.17
Iddrisu Baba,GHA,MF,Almería,La Liga,27,1996,25,14,1430,15.9,0,0,0,0,0,0,5,0,0.7,0.7,0.6,1.3,1.0,60.0,5.0,0.0,0.0,0.0,0.0,0.0,0.05,0.04,0.08,0.05,0.08
Loïc Bade,FRA,DF,Sevilla,La Liga,23,2000,28,27,2277,25.3,0,1,1,0,0,0,5,1,0.9,0.9,0.5,1.3,15.0,76.0,3.0,0.0,0.04,0.04,0.0,0.04,0.04,0.02,0.05,0.04,0.05
Milan Badelj,CRO,MF,Genoa,Serie A,34,1989,33,32,2535,28.2,1,3,4,1,0,0,6,0,1.4,1.4,1.1,2.5,18.0,151.0,36.0,0.04,0.11,0.14,0.04,0.14,0.05,0.04,0.09,0.05,0.09
Matthias Bader,GER,DF,Darmstadt 98,Bundesliga,26,1997,24,21,1802,20.0,1,2,3,1,0,0,1,0,0.7,0.7,2.3,3.0,38.0,67.0,66.0,0.05,0.1,0.15,0.05,0.15,0.04,0.12,0.15,0.04,0.15
Benoît Badiashile,FRA,DF,Chelsea,Premier League,22,2001,18,15,1338,14.9,0,1,1,0,0,0,3,0,0.3,0.3,1.5,1.8,3.0,46.0,3.0,0.0,0.07,0.07,0.0,0.07,0.02,0.1,0.12,0.02,0.12
Alex Baena,ESP,MF,Villarreal,La Liga,22,2001,34,33,2579,28.7,2,14,16,2,0,1,11,1,7.9,7.1,9.2,16.3,84.0,165.0,181.0,0.07,0.49,0.56,0.07,0.56,0.27,0.32,0.6,0.25,0.57
Jaime Báez,URU,FW,Frosinone,Serie A,28,1995,11,6,500,5.6,1,0,1,1,0,0,1,0,0.5,0.5,0.5,1.0,12.0,29.0,39.0,0.18,0.0,0.18,0.18,0.18,0.08,0.1,0.18,0.08,0.18
Leon Bailey,JAM,MF,Aston Villa,Premier League,25,1997,35,22,2068,23.0,10,9,19,10,0,0,5,0,6.3,6.3,9.2,15.5,102.0,82.0,226.0,0.44,0.39,0.83,0.44,0.83,0.27,0.4,0.67,0.27,0.67
Eric Bailly,CIV,DF,Villarreal,La Liga,29,1994,10,9,839,9.3,0,0,0,0,0,0,4,0,0.2,0.2,0.0,0.2,3.0,18.0,1.0,0.0,0.0,0.0,0.0,0.0,0.02,0.0,0.02,0.02,0.02
Nedim Bajrami,ALB,MF,Sassuolo,Serie A,24,1999,28,15,1310,14.6,2,2,4,2,0,0,0,0,2.5,2.5,2.2,4.7,51.0,49.0,70.0,0.14,0.14,0.27,0.14,0.27,0.17,0.15,0.33,0.17,0.33
Tiemoué Bakayoko,FRA,MF,Lorient,Ligue 1,28,1994,20,15,1314,14.6,2,1,3,2,0,0,5,0,1.7,1.7,0.5,2.2,14.0,54.0,15.0,0.14,0.07,0.21,0.14,0.21,0.12,0.03,0.15,0.12,0.15
Ridle Baku,GER,DF,Wolfsburg,Bundesliga,25,1998,33,22,2013,22.4,1,0,1,1,0,0,4,0,1.8,1.8,3.0,4.8,37.0,85.0,130.0,0.04,0.0,0.04,0.04,0.04,0.08,0.13,0.21,0.08,0.21
Dilane Bakwa,FRA,FW,Strasbourg,Ligue 1,20,2002,31,25,2177,24.2,3,6,9,3,0,0,4,1,3.2,3.2,6.2,9.4,94.0,92.0,204.0,0.12,0.25,0.37,0.12,0.37,0.13,0.26,0.39,0.13,0.39
Tommaso Baldanzi,ITA,MF,Empoli,Serie A,20,2003,14,8,745,8.3,2,0,2,2,0,0,1,0,2.1,2.1,1.0,3.1,20.0,30.0,40.0,0.24,0.0,0.24,0.24,0.24,0.25,0.13,0.38,0.25,0.38
Tommaso Baldanzi,ITA,FW,Roma,Serie A,20,2003,13,6,518,5.8,0,0,0,0,0,0,2,0,0.9,0.9,0.7,1.5,18.0,14.0,54.0,0.0,0.0,0.0,0.0,0.0,0.15,0.12,0.27,0.15,0.27
Alejandro Balde,ESP,DF,Barcelona,La Liga,19,2003,18,15,1378,15.3,0,1,1,0,0,0,1,0,0.1,0.1,1.2,1.4,73.0,41.0,141.0,0.0,0.07,0.07,0.0,0.07,0.01,0.08,0.09,0.01,0.09
George Baldock,GRE,DF,Sheffield Utd,Premier League,30,1993,13,11,969,10.8,0,1,1,0,0,0,4,0,0.0,0.0,0.8,0.8,9.0,31.0,24.0,0.0,0.09,0.09,0.0,0.09,0.0,0.07,0.08,0.0,0.08
Carlos Baleba,CMR,MF,Brighton,Premier League,19,2004,27,15,1325,14.7,0,0,0,0,0,0,7,0,0.8,0.8,0.3,1.1,19.0,50.0,9.0,0.0,0.0,0.0,0.0,0.0,0.06,0.02,0.08,0.06,0.08
Leonardo Balerdi,ARG,DF,Marseille,Ligue 1,24,1999,27,26,2271,25.2,2,0,2,2,0,0,6,1,0.9,0.9,0.2,1.0,19.0,122.0,6.0,0.08,0.0,0.08,0.08,0.08,0.03,0.01,0.04,0.03,0.04
Iván Balliu,ALB,DF,Rayo Vallecano,La Liga,31,1992,33,32,2873,31.9,0,1,1,0,0,0,4,0,0.7,0.7,2.6,3.3,50.0,98.0,100.0,0.0,0.03,0.03,0.0,0.03,0.02,0.08,0.1,0.02,0.1
Folarin Balogun,USA,FW,Monaco,Ligue 1,22,2001,29,19,1692,18.8,7,5,12,7,0,3,1,0,11.0,8.5,3.3,11.8,35.0,30.0,199.0,0.37,0.27,0.64,0.37,0.64,0.59,0.18,0.76,0.45,0.63
Jonathan Bamba,CIV,MF,Celta Vigo,La Liga,27,1996,27,24,1981,22.0,3,2,5,3,0,0,0,0,3.0,3.0,4.7,7.7,107.0,80.0,169.0,0.14,0.09,0.23,0.14,0.23,0.14,0.21,0.35,0.14,0.35
Mohamed Bamba,CIV,FW,Lorient,Ligue 1,21,2001,16,14,1138,12.6,8,3,11,7,1,1,3,0,6.4,5.6,2.1,7.7,25.0,16.0,69.0,0.63,0.24,0.87,0.55,0.79,0.51,0.16,0.67,0.44,0.61
Lameck Banda,ZAM,FW,Lecce,Serie A,22,2001,21,17,1350,15.0,2,4,6,2,0,0,5,1,3.6,3.6,1.9,5.5,70.0,22.0,136.0,0.13,0.27,0.4,0.13,0.4,0.24,0.13,0.37,0.24,0.37
Mattia Bani,ITA,DF,Genoa,Serie A,29,1993,27,27,2306,25.6,2,0,2,2,0,0,9,0,1.2,1.2,0.1,1.3,5.0,37.0,4.0,0.08,0.0,0.08,0.08,0.08,0.05,0.0,0.05,0.05,0.05
Léo Baptistão,BRA,FW,Almería,La Liga,30,1992,32,22,1837,20.4,6,0,6,6,0,0,6,1,5.3,5.3,1.8,7.1,26.0,45.0,88.0,0.29,0.0,0.29,0.29,0.29,0.25,0.09,0.34,0.25,0.34
Antonín Barák,CZE,MF,Fiorentina,Serie A,28,1994,21,8,808,9.0,2,3,5,2,0,0,2,0,1.5,1.5,2.2,3.8,17.0,33.0,64.0,0.22,0.33,0.56,0.22,0.56,0.17,0.25,0.42,0.17,0.42
Bradley Barcola,FRA,FW,Paris S-G,Ligue 1,20,2002,25,18,1370,15.2,4,7,11,4,0,0,3,1,4.5,4.5,5.2,9.8,93.0,56.0,216.0,0.26,0.46,0.72,0.26,0.72,0.3,0.34,0.64,0.3,0.64
Melvin Bard,FRA,DF,Nice,Ligue 1,22,2000,32,31,2654,29.5,1,2,3,1,0,0,7,1,0.5,0.5,2.8,3.4,60.0,111.0,99.0,0.03,0.07,0.1,0.03,0.1,0.02,0.1,0.11,0.02,0.11
Nicolò Barella,ITA,MF,Inter,Serie A,26,1997,37,34,2846,31.6,2,3,5,2,0,0,7,0,5.1,5.1,3.4,8.5,68.0,278.0,144.0,0.06,0.09,0.16,0.06,0.16,0.16,0.11,0.27,0.16,0.27
Ross Barkley,ENG,MF,Luton Town,Premier League,29,1993,32,30,2618,29.1,5,4,9,5,0,0,6,0,4.1,4.1,3.7,7.9,48.0,163.0,39.0,0.17,0.14,0.31,0.17,0.31,0.14,0.13,0.27,0.14,0.27
Harvey Barnes,ENG,FW,Newcastle Utd,Premier League,25,1997,21,7,802,8.9,5,3,8,5,0,0,2,0,3.6,3.6,3.2,6.8,45.0,34.0,79.0,0.56,0.34,0.9,0.56,0.9,0.4,0.36,0.76,0.4,0.76
Leandro Barreiro Martins,LUX,MF,Mainz 05,Bundesliga,23,2000,31,29,2606,29.0,4,1,5,4,0,0,8,0,4.5,4.5,1.1,5.6,22.0,93.0,46.0,0.14,0.03,0.17,0.14,0.17,0.16,0.04,0.19,0.16,0.19
Enzo Barrenechea,ARG,MF,Frosinone,Serie A,22,2001,36,32,2811,31.2,0,1,1,0,0,0,10,0,0.6,0.6,1.7,2.3,10.0,155.0,24.0,0.0,0.03,0.03,0.0,0.03,0.02,0.05,0.07,0.02,0.07
Ander Barrenetxea,ESP,FW,Real Sociedad,La Liga,21,2001,29,20,1427,15.9,4,1,5,4,0,0,1,0,3.5,3.5,1.3,4.8,56.0,39.0,163.0,0.25,0.06,0.32,0.25,0.32,0.22,0.08,0.3,0.22,0.3
Pablo Barrios,ESP,MF,Atlético Madrid,La Liga,20,2003,24,17,1555,17.3,0,1,1,0,0,0,5,0,0.9,0.9,1.9,2.8,37.0,98.0,56.0,0.0,0.06,0.06,0.0,0.06,0.05,0.11,0.16,0.05,0.16
Federico Baschirotto,ITA,DF,Lecce,Serie A,26,1996,37,37,3294,36.6,0,1,1,0,0,0,3,1,1.7,1.5,0.7,2.1,28.0,96.0,3.0,0.0,0.03,0.03,0.0,0.03,0.05,0.02,0.07,0.04,0.06
Toma Bašić,CRO,MF,Salernitana,Serie A,26,1996,15,14,1162,12.9,0,0,0,0,0,0,5,0,0.6,0.6,0.5,1.1,11.0,53.0,16.0,0.0,0.0,0.0,0.0,0.0,0.05,0.04,0.09,0.05,0.09
Calvin Bassey,NGA,DF,Fulham,Premier League,23,1999,29,25,2303,25.6,1,0,1,1,0,0,6,1,0.3,0.3,0.0,0.4,15.0,62.0,4.0,0.04,0.0,0.04,0.04,0.04,0.01,0.0,0.01,0.01,0.01
Alessandro Bastoni,ITA,DF,Inter,Serie A,24,1999,28,28,2268,25.2,1,3,4,1,0,0,5,0,1.2,1.2,3.4,4.6,63.0,142.0,77.0,0.04,0.12,0.16,0.04,0.16,0.05,0.13,0.18,0.05,0.18
Simone Bastoni,ITA,MF,Empoli,Serie A,26,1996,16,9,745,8.3,1,0,1,1,0,0,3,0,0.4,0.4,0.5,0.9,12.0,31.0,26.0,0.12,0.0,0.12,0.12,0.12,0.05,0.06,0.11,0.05,0.11
Augusto Batalla,ARG,GK,Granada,La Liga,27,1996,17,17,1530,17.0,0,0,0,0,0,0,3,0,0.0,0.0,0.0,0.0,0.0,1.0,1.0,0.0,0.0,0.0,0.0,0.0,0.0,0.0,0.0,0.0,0.0
Maximilian Bauer,GER,DF,Augsburg,Bundesliga,23,2000,14,9,810,9.0,1,0,1,1,0,0,3,0,1.4,1.4,0.0,1.4,2.0,25.0,1.0,0.11,0.0,0.11,0.11,0.11,0.15,0.0,0.15,0.15,0.15
Oliver Baumann,GER,GK,Hoffenheim,Bundesliga,33,1990,34,34,3060,34.0,0,1,1,0,0,0,1,0,0.0,0.0,0.2,0.2,0.0,1.0,0.0,0.0,0.03,0.03,0.0,0.03,0.0,0.01,0.01,0.0,0.01
Christoph Baumgartner,AUT,MF,RB Leipzig,Bundesliga,23,1999,32,11,1158,12.9,5,1,6,5,0,0,3,0,3.7,3.7,1.6,5.2,36.0,47.0,86.0,0.39,0.08,0.47,0.39,0.47,0.28,0.12,0.41,0.28,0.41
Ihlas Bebou,TOG,FW,Hoffenheim,Bundesliga,29,1994,32,16,1636,18.2,7,5,12,7,0,0,3,0,4.9,4.9,2.6,7.5,42.0,38.0,145.0,0.39,0.28,0.66,0.39,0.66,0.27,0.14,0.41,0.27,0.41
Adrian Beck,GER,MF,Heidenheim,Bundesliga,26,1997,23,11,974,10.8,1,1,2,1,0,0,1,0,1.7,1.7,0.8,2.5,17.0,29.0,43.0,0.09,0.09,0.18,0.09,0.18,0.16,0.07,0.23,0.16,0.23
Sheraldo Becker,SUR,FW,Real Sociedad,La Liga,28,1995,15,8,771,8.6,2,2,4,2,0,0,1,0,1.4,1.4,1.8,3.2,28.0,13.0,87.0,0.23,0.23,0.47,0.23,0.47,0.17,0.21,0.38,0.17,0.38
Sheraldo Becker,SUR,FW,Union Berlin,Bundesliga,28,1995,11,7,645,7.2,0,1,1,0,0,0,0,0,0.8,0.8,1.8,2.6,32.0,20.0,73.0,0.0,0.14,0.14,0.0,0.14,0.12,0.25,0.37,0.12,0.37
Kevin Behrens,GER,FW,Wolfsburg,Bundesliga,32,1991,13,7,616,6.8,1,1,2,1,0,0,1,0,1.6,1.6,0.9,2.5,7.0,17.0,41.0,0.15,0.15,0.29,0.15,0.29,0.23,0.13,0.36,0.23,0.36
Kevin Behrens,GER,FW,Union Berlin,Bundesliga,32,1991,18,14,1262,14.0,4,0,4,4,0,0,3,0,6.0,6.0,0.9,6.9,11.0,45.0,93.0,0.29,0.0,0.29,0.29,0.29,0.43,0.06,0.5,0.43,0.5
Maximilian Beier,GER,FW,Hoffenheim,Bundesliga,20,2002,33,29,2420,26.9,16,1,17,16,0,0,0,0,11.4,11.4,2.4,13.8,61.0,30.0,224.0,0.6,0.04,0.63,0.6,0.63,0.43,0.09,0.51,0.43,0.51
Amari'i Bell,JAM,DF,Luton Town,Premier League,29,1994,21,21,1720,19.1,0,0,0,0,0,0,0,0,0.3,0.3,0.5,0.7,32.0,76.0,10.0,0.0,0.0,0.0,0.0,0.0,0.01,0.02,0.04,0.01,0.04
Stefan Bell,GER,DF,Mainz 05,Bundesliga,31,1991,10,8,666,7.4,0,0,0,0,0,0,3,0,0.2,0.2,0.1,0.3,0.0,23.0,2.0,0.0,0.0,0.0,0.0,0.0,0.03,0.01,0.04,0.03,0.04
Alaa Bellaarouch,MAR,GK,Strasbourg,Ligue 1,21,2002,15,15,1350,15.0,0,0,0,0,0,0,1,0,0.0,0.0,0.0,0.0,0.0,0.0,0.0,0.0,0.0,0.0,0.0,0.0,0.0,0.0,0.0,0.0,0.0
Raoul Bellanova,ITA,DF,Torino,Serie A,23,2000,37,36,3046,33.8,1,7,8,1,0,0,5,0,2.0,2.0,5.0,7.1,141.0,98.0,202.0,0.03,0.21,0.24,0.03,0.24,0.06,0.15,0.21,0.06,0.21
Jean-Ricner Bellegarde,FRA,MF,Wolves,Premier League,25,1998,22,10,958,10.6,2,1,3,2,0,0,0,1,1.6,1.6,1.0,2.5,30.0,39.0,49.0,0.19,0.09,0.28,0.19,0.28,0.15,0.09,0.24,0.15,0.24
Héctor Bellerín,ESP,DF,Betis,La Liga,28,1995,23,20,1711,19.0,0,1,1,0,0,0,0,1,0.2,0.2,1.6,1.7,32.0,81.0,80.0,0.0,0.05,0.05,0.0,0.05,0.01,0.08,0.09,0.01,0.09
Jude Bellingham,ENG,MF,Real Madrid,La Liga,20,2003,28,27,2315,25.7,19,6,25,18,1,1,5,1,11.1,10.3,5.3,15.6,85.0,196.0,177.0,0.74,0.23,0.97,0.7,0.93,0.43,0.21,0.64,0.4,0.61
Jeanuël Belocian,FRA,DF,Rennes,Ligue 1,18,2005,23,16,1448,16.1,0,1,1,0,0,0,0,0,0.5,0.5,0.4,0.9,16.0,60.0,37.0,0.0,0.06,0.06,0.0,0.06,0.03,0.02,0.06,0.03,0.06
Andrea Belotti,ITA,FW,Fiorentina,Serie A,29,1993,15,11,949,10.5,3,0,3,3,0,0,0,0,3.7,3.7,0.7,4.4,10.0,15.0,60.0,0.28,0.0,0.28,0.28,0.28,0.35,0.07,0.41,0.35,0.41
Andrea Belotti,ITA,FW,Roma,Serie A,29,1993,14,6,679,7.5,3,2,5,3,0,0,1,0,2.4,2.4,1.2,3.6,15.0,8.0,49.0,0.4,0.27,0.66,0.4,0.66,0.32,0.16,0.48,0.32,0.48
Fran Beltrán,ESP,MF,Celta Vigo,La Liga,24,1999,33,28,2428,27.0,0,0,0,0,0,0,2,0,0.7,0.7,1.1,1.8,28.0,134.0,30.0,0.0,0.0,0.0,0.0,0.0,0.03,0.04,0.07,0.03,0.07
Lucas Beltrán,ARG,FW,Fiorentina,Serie A,22,2001,32,21,1692,18.8,6,2,8,5,1,1,6,0,3.8,3.0,1.5,4.5,12.0,49.0,113.0,0.32,0.11,0.43,0.27,0.37,0.2,0.08,0.28,0.16,0.24
Wissam Ben Yedder,FRA,FW,Monaco,Ligue 1,32,1990,32,26,2316,25.7,16,2,18,15,1,1,2,0,12.4,11.6,4.3,15.9,52.0,96.0,229.0,0.62,0.08,0.7,0.58,0.66,0.48,0.17,0.65,0.45,0.62
Carlos Benavídez,URU,MF,Alavés,La Liga,25,1998,29,10,1136,12.6,3,1,4,3,0,0,5,0,1.0,1.0,0.5,1.5,9.0,60.0,5.0,0.24,0.08,0.32,0.24,0.32,0.08,0.04,0.12,0.08,0.12
Ismaël Bennacer,ALG,MF,Milan,Serie A,25,1997,20,13,1151,12.8,2,2,4,1,1,1,2,0,1.7,0.9,2.5,3.3,24.0,68.0,33.0,0.16,0.16,0.31,0.08,0.23,0.13,0.19,0.32,0.07,0.26
Saïd Benrahma,ALG,FW,West Ham,Premier League,27,1995,13,5,620,6.9,0,1,1,0,0,1,1,0,1.8,1.0,1.4,2.5,28.0,28.0,70.0,0.0,0.15,0.15,0.0,0.15,0.27,0.21,0.47,0.15,0.36
Saïd Benrahma,ALG,FW,Lyon,Ligue 1,27,1995,12,10,770,8.6,3,3,6,3,0,0,2,0,1.6,1.6,3.6,5.2,46.0,34.0,113.0,0.35,0.35,0.7,0.35,0.7,0.19,0.42,0.61,0.19,0.61
Ramy Bensebaini,ALG,DF,Dortmund,Bundesliga,28,1995,17,11,1033,11.5,0,0,0,0,0,0,4,1,1.7,1.7,0.4,2.1,17.0,75.0,63.0,0.0,0.0,0.0,0.0,0.0,0.15,0.03,0.18,0.15,0.18
Nabil Bentaleb,ALG,MF,Lille,Ligue 1,28,1994,26,23,1967,21.9,0,3,3,0,0,0,7,0,0.4,0.4,0.9,1.2,11.0,136.0,17.0,0.0,0.14,0.14,0.0,0.14,0.02,0.04,0.06,0.02,0.06
Rodrigo Bentancur,URU,MF,Tottenham,Premier League,26,1997,23,13,1005,11.2,1,1,2,1,0,0,7,0,1.9,1.9,0.5,2.4,16.0,72.0,31.0,0.09,0.09,0.18,0.09,0.18,0.17,0.04,0.22,0.17,0.22
Lucas Beraldo,BRA,DF,Paris S-G,Ligue 1,19,2003,13,12,1008,11.2,1,0,1,1,0,0,4,1,1.0,1.0,0.2,1.2,7.0,44.0,2.0,0.09,0.0,0.09,0.09,0.09,0.09,0.02,0.11,0.09,0.11
Domenico Berardi,ITA,FW,Sassuolo,Serie A,28,1994,17,17,1431,15.9,9,3,12,4,5,5,6,0,6.5,2.6,3.0,5.6,38.0,83.0,123.0,0.57,0.19,0.75,0.25,0.44,0.41,0.19,0.6,0.16,0.35
Yuri Berchiche,ESP,DF,Athletic Club,La Liga,33,1990,27,22,1930,21.4,3,1,4,3,0,0,5,0,0.9,0.7,1.6,2.4,36.0,132.0,77.0,0.14,0.05,0.19,0.14,0.19,0.04,0.08,0.12,0.03,0.11
Álex Berenguer,ESP,FW,Athletic Club,La Liga,28,1995,35,15,1592,17.7,7,3,10,6,1,1,4,0,5.2,4.4,3.7,8.1,61.0,30.0,143.0,0.4,0.17,0.57,0.34,0.51,0.29,0.21,0.5,0.25,0.46
Bartosz Bereszyński,POL,DF,Empoli,Serie A,31,1992,24,22,1762,19.6,0,1,1,0,0,0,3,0,0.1,0.1,0.3,0.4,15.0,69.0,18.0,0.0,0.05,0.05,0.0,0.05,0.0,0.02,0.02,0.0,0.02
Jóhann Berg Guðmundsson,ISL,MF,Burnley,Premier League,32,1990,26,12,1192,13.2,1,3,4,1,0,0,2,0,1.9,1.9,2.7,4.5,13.0,59.0,69.0,0.08,0.23,0.3,0.08,0.3,0.14,0.2,0.34,0.14,0.34
Sander Berge,NOR,MF,Burnley,Premier League,25,1998,37,34,3005,33.4,1,2,3,1,0,0,10,1,1.9,1.9,2.4,4.3,64.0,164.0,29.0,0.03,0.06,0.09,0.03,0.09,0.06,0.07,0.13,0.06,0.13
Etrit Berisha,ALB,GK,Empoli,Serie A,34,1989,14,14,1260,14.0,0,0,0,0,0,0,0,0,0.0,0.0,0.0,0.0,0.0,0.0,0.0,0.0,0.0,0.0,0.0,0.0,0.0,0.0,0.0,0.0,0.0
Bernardo,BRA,DF,Bochum,Bundesliga,28,1995,33,33,2924,32.5,1,0,1,1,0,0,9,0,1.9,1.9,0.5,2.4,26.0,127.0,38.0,0.03,0.0,0.03,0.03,0.03,0.06,0.01,0.07,0.06,0.07
Victor Bernth Kristiansen,DEN,DF,Bologna,Serie A,20,2002,32,26,2307,25.6,0,3,3,0,0,0,4,0,0.3,0.3,2.4,2.6,23.0,123.0,74.0,0.0,0.12,0.12,0.0,0.12,0.01,0.09,0.1,0.01,0.1
Matúš Bero,SVK,MF,Bochum,Bundesliga,27,1995,24,20,1661,18.5,1,1,2,1,0,0,6,0,2.9,2.9,1.3,4.2,12.0,48.0,71.0,0.05,0.05,0.11,0.05,0.11,0.16,0.07,0.23,0.16,0.23
Jan-Niklas Beste,GER,FW,Heidenheim,Bundesliga,24,1999,31,31,2603,28.9,8,11,19,8,0,1,4,0,4.3,3.5,5.7,9.2,80.0,57.0,136.0,0.28,0.38,0.66,0.28,0.66,0.15,0.2,0.35,0.12,0.32
Beto,GNB,FW,Everton,Premier League,25,1998,30,9,951,10.6,3,0,3,3,0,1,2,0,6.8,6.0,0.9,6.9,14.0,14.0,58.0,0.28,0.0,0.28,0.28,0.28,0.64,0.09,0.73,0.57,0.66
Sam Beukema,NED,DF,Bologna,Serie A,24,1998,30,29,2547,28.3,1,1,2,1,0,0,6,1,1.9,1.9,0.8,2.7,14.0,76.0,5.0,0.04,0.04,0.07,0.04,0.07,0.07,0.03,0.1,0.07,0.1
Jordan Beyer,GER,DF,Burnley,Premier League,23,2000,15,15,1234,13.7,0,1,1,0,0,0,6,0,0.5,0.5,0.3,0.8,9.0,25.0,1.0,0.0,0.07,0.07,0.0,0.07,0.04,0.02,0.06,0.04,0.06
Jaka Bijol,SVN,DF,Udinese,Serie A,24,1999,24,23,2084,23.2,0,0,0,0,0,0,4,0,1.9,1.9,0.2,2.1,5.0,42.0,1.0,0.0,0.0,0.0,0.0,0.0,0.08,0.01,0.09,0.08,0.09
Philip Billing,DEN,MF,Bournemouth,Premier League,27,1996,29,13,1398,15.5,2,2,4,2,0,0,3,1,2.5,2.5,3.2,5.7,22.0,53.0,63.0,0.13,0.13,0.26,0.13,0.26,0.16,0.21,0.36,0.16,0.36
Cristiano Biraghi,ITA,DF,Fiorentina,Serie A,30,1992,29,27,2356,26.2,2,5,7,2,0,1,8,0,1.6,0.8,3.6,4.4,55.0,129.0,109.0,0.08,0.19,0.27,0.08,0.27,0.06,0.14,0.2,0.03,0.17
Samuele Birindelli,ITA,DF,Monza,Serie A,24,1999,35,22,2013,22.4,0,2,2,0,0,0,7,0,1.1,1.1,2.9,4.0,63.0,70.0,122.0,0.0,0.09,0.09,0.0,0.09,0.05,0.13,0.18,0.05,0.18
Yves Bissouma,MLI,MF,Tottenham,Premier League,26,1996,28,26,2068,23.0,0,0,0,0,0,0,10,2,1.4,1.4,0.4,1.8,43.0,169.0,13.0,0.0,0.0,0.0,0.0,0.0,0.06,0.02,0.08,0.06,0.08
Leonardo Bittencourt,GER,MF,Werder Bremen,Bundesliga,29,1993,29,19,1578,17.5,1,2,3,1,0,0,9,0,2.2,2.2,2.9,5.2,61.0,85.0,74.0,0.06,0.11,0.17,0.06,0.17,0.13,0.17,0.3,0.13,0.3
Marco Bizot,NED,GK,Brest,Ligue 1,32,1991,32,32,2876,32.0,0,0,0,0,0,0,3,1,0.0,0.0,0.1,0.1,0.0,1.0,0.0,0.0,0.0,0.0,0.0,0.0,0.0,0.0,0.0,0.0,0.0
Antonio Blanco,ESP,MF,Alavés,La Liga,23,2000,33,29,2426,27.0,0,1,1,0,0,0,5,1,0.8,0.8,1.2,2.1,20.0,133.0,22.0,0.0,0.04,0.04,0.0,0.04,0.03,0.05,0.08,0.03,0.08
Ludovic Blas,FRA,FW,Rennes,Ligue 1,25,1997,29,18,1563,17.4,4,1,5,3,1,2,3,0,4.7,3.1,1.7,4.8,46.0,59.0,157.0,0.23,0.06,0.29,0.17,0.23,0.27,0.1,0.37,0.18,0.27
Janis Blaswich,GER,GK,RB Leipzig,Bundesliga,32,1991,21,21,1890,21.0,0,0,0,0,0,0,0,0,0.0,0.0,0.1,0.1,0.0,3.0,0.0,0.0,0.0,0.0,0.0,0.0,0.0,0.0,0.0,0.0,0.0
Alexis Blin,FRA,MF,Lecce,Serie A,26,1996,31,16,1642,18.2,0,2,2,0,0,0,4,0,1.1,1.1,0.7,1.8,7.0,60.0,11.0,0.0,0.11,0.11,0.0,0.11,0.06,0.04,0.1,0.06,0.1
Daley Blind,NED,DF,Girona,La Liga,33,1990,34,33,2972,33.0,1,2,3,1,0,0,6,0,1.7,1.7,1.1,2.8,48.0,209.0,22.0,0.03,0.06,0.09,0.03,0.09,0.05,0.03,0.09,0.05,0.09
Jeremie Boga,CIV,FW,Nice,Ligue 1,26,1997,28,24,1998,22.2,6,6,12,6,0,0,1,0,4.3,4.3,4.2,8.5,107.0,64.0,170.0,0.27,0.27,0.54,0.27,0.54,0.19,0.19,0.38,0.19,0.38
Jayden Bogle,ENG,DF,Sheffield Utd,Premier League,23,2000,34,32,2788,31.0,3,0,3,3,0,0,9,0,2.3,2.3,1.0,3.3,38.0,60.0,92.0,0.1,0.0,0.1,0.1,0.1,0.07,0.03,0.11,0.07,0.11
Emil Bohinen,NOR,MF,Salernitana,Serie A,24,1999,12,7,535,5.9,0,0,0,0,0,0,1,0,0.1,0.1,0.2,0.3,7.0,26.0,10.0,0.0,0.0,0.0,0.0,0.0,0.01,0.04,0.05,0.01,0.05
Daniel Boloca,ROU,MF,Sassuolo,Serie A,24,1998,30,23,2022,22.5,1,0,1,1,0,0,6,1,0.5,0.5,0.4,0.9,27.0,109.0,17.0,0.04,0.0,0.04,0.04,0.04,0.02,0.02,0.04,0.02,0.04
Willy Boly,CIV,DF,Nott'ham Forest,Premier League,32,1991,20,18,1438,16.0,2,1,3,2,0,0,3,1,1.5,1.5,1.3,2.8,4.0,32.0,3.0,0.13,0.06,0.19,0.13,0.19,0.09,0.08,0.18,0.09,0.18
Giacomo Bonaventura,ITA,MF,Fiorentina,Serie A,33,1989,31,27,2277,25.3,8,3,11,8,0,1,6,0,5.7,4.4,3.6,8.0,60.0,140.0,107.0,0.32,0.12,0.43,0.32,0.43,0.22,0.14,0.36,0.18,0.32
Federico Bonazzoli,ITA,FW,Hellas Verona,Serie A,26,1997,24,10,1016,11.3,3,1,4,3,0,0,2,0,2.9,2.9,1.1,4.0,13.0,26.0,73.0,0.27,0.09,0.35,0.27,0.35,0.25,0.1,0.35,0.25,0.35
Warren Bondo,FRA,MF,Monza,Serie A,19,2003,25,14,1475,16.4,1,1,2,1,0,0,9,0,0.9,0.9,0.3,1.2,31.0,43.0,13.0,0.06,0.06,0.12,0.06,0.12,0.06,0.02,0.08,0.06,0.08
Victor Boniface,NGA,FW,Leverkusen,Bundesliga,22,2000,23,18,1546,17.2,14,8,22,10,4,4,2,0,15.4,12.3,3.7,16.0,50.0,34.0,158.0,0.82,0.47,1.28,0.58,1.05,0.9,0.22,1.12,0.71,0.93
Leonardo Bonucci,ITA,DF,Union Berlin,Bundesliga,36,1987,7,6,460,5.1,1,0,1,0,1,1,0,0,0.8,0.0,0.3,0.3,0.0,21.0,1.0,0.2,0.0,0.2,0.0,0.0,0.15,0.06,0.22,0.0,0.06
Ângelo Borges,BRA,FW,Strasbourg,Ligue 1,18,2004,21,11,1094,12.2,0,3,3,0,0,0,1,0,0.4,0.4,3.3,3.7,50.0,59.0,109.0,0.0,0.25,0.25,0.0,0.25,0.04,0.27,0.31,0.04,0.31
Neto Borges,BRA,DF,Clermont Foot,Ligue 1,26,1996,28,28,2516,28.0,0,1,1,0,0,0,3,1,0.5,0.5,2.8,3.4,58.0,88.0,165.0,0.0,0.04,0.04,0.0,0.04,0.02,0.1,0.12,0.02,0.12
Sebastiaan Bornauw,BEL,DF,Wolfsburg,Bundesliga,24,1999,20,16,1431,15.9,0,0,0,0,0,0,5,0,0.8,0.8,0.4,1.2,2.0,41.0,2.0,0.0,0.0,0.0,0.0,0.0,0.05,0.03,0.07,0.05,0.07
Rafael Borré,COL,FW,Werder Bremen,Bundesliga,27,1995,19,11,991,11.0,4,0,4,4,0,0,0,0,2.4,2.4,1.8,4.2,16.0,28.0,73.0,0.36,0.0,0.36,0.36,0.36,0.22,0.16,0.38,0.22,0.38
Sven Botman,NED,DF,Newcastle Utd,Premier League,23,2000,17,15,1377,15.3,2,2,4,2,0,0,2,0,0.6,0.6,1.0,1.6,0.0,35.0,5.0,0.13,0.13,0.26,0.13,0.26,0.04,0.07,0.11,0.04,0.11
Hicham Boudaoui,ALG,MF,Nice,Ligue 1,23,1999,29,17,1613,17.9,2,0,2,2,0,0,5,0,3.3,3.3,1.8,5.1,28.0,78.0,58.0,0.11,0.0,0.11,0.11,0.11,0.19,0.1,0.29,0.19,0.29
Benjamin Bourigeaud,FRA,MF,Rennes,Ligue 1,29,1994,32,29,2425,26.9,9,6,15,2,7,7,1,0,9.9,4.4,6.7,11.1,27.0,178.0,139.0,0.33,0.22,0.56,0.07,0.3,0.37,0.25,0.62,0.16,0.41
Bilal Boutobba,FRA,FW,Clermont Foot,Ligue 1,24,1998,27,10,926,10.3,1,1,2,1,0,0,1,0,2.0,2.0,1.7,3.7,38.0,43.0,86.0,0.1,0.1,0.19,0.1,0.19,0.2,0.17,0.36,0.2,0.36
Edoardo Bove,ITA,MF,Roma,Serie A,21,2002,31,18,1780,19.8,0,2,2,0,0,0,2,0,2.0,2.0,0.7,2.7,21.0,88.0,47.0,0.0,0.1,0.1,0.0,0.1,0.1,0.04,0.14,0.1,0.14
Jarrod Bowen,ENG,FW,West Ham,Premier League,26,1996,34,34,3019,33.5,16,6,22,16,0,0,2,0,11.6,11.6,5.5,17.2,90.0,52.0,186.0,0.48,0.18,0.66,0.48,0.66,0.35,0.16,0.51,0.35,0.51
Lucas Boyé,ARG,FW,Granada,La Liga,27,1996,31,30,2541,28.2,6,3,9,6,0,0,8,1,6.2,6.2,2.8,8.9,36.0,65.0,131.0,0.21,0.11,0.32,0.21,0.32,0.22,0.1,0.32,0.22,0.32
Domagoj Bradarić,CRO,DF,Salernitana,Serie A,23,1999,34,30,2749,30.5,0,3,3,0,0,0,5,0,0.8,0.8,1.8,2.6,57.0,76.0,120.0,0.0,0.1,0.1,0.0,0.1,0.03,0.06,0.08,0.03,0.08
Conor Bradley,NIR,DF,Liverpool,Premier League,20,2003,11,10,753,8.4,1,3,4,1,0,0,2,0,0.9,0.9,1.5,2.3,35.0,29.0,64.0,0.12,0.36,0.48,0.12,0.48,0.1,0.17,0.28,0.1,0.28
Julian Brandt,GER,MF,Dortmund,Bundesliga,27,1996,32,26,2223,24.7,7,11,18,7,0,0,2,0,4.4,4.4,9.5,13.8,74.0,116.0,158.0,0.28,0.45,0.73,0.28,0.73,0.18,0.38,0.56,0.18,0.56
Jarrad Branthwaite,ENG,DF,Everton,Premier League,21,2002,35,35,3116,34.6,3,0,3,3,0,0,8,0,1.7,1.7,1.0,2.8,2.0,74.0,6.0,0.09,0.0,0.09,0.09,0.09,0.05,0.03,0.08,0.05,0.08
Lilian Brassier,FRA,DF,Brest,Ligue 1,23,1999,30,30,2677,29.7,3,0,3,3,0,0,11,1,1.1,1.1,0.6,1.6,20.0,121.0,5.0,0.1,0.0,0.1,0.1,0.1,0.04,0.02,0.06,0.04,0.06
Claudio Bravo,CHI,GK,Betis,La Liga,40,1983,7,7,630,7.0,0,0,0,0,0,0,0,0,0.0,0.0,0.0,0.0,0.0,1.0,0.0,0.0,0.0,0.0,0.0,0.0,0.0,0.01,0.01,0.0,0.01
Tim Breithaupt,GER,MF,Augsburg,Bundesliga,21,2002,16,6,629,7.0,0,0,0,0,0,0,3,0,0.1,0.1,0.1,0.2,0.0,21.0,2.0,0.0,0.0,0.0,0.0,0.0,0.01,0.02,0.03,0.01,0.03
Josip Brekalo,CRO,FW,Fiorentina,Serie A,25,1998,11,8,652,7.2,1,0,1,1,0,0,0,0,0.4,0.4,0.3,0.7,14.0,25.0,69.0,0.14,0.0,0.14,0.14,0.14,0.06,0.04,0.1,0.06,0.1
Gleison Bremer,BRA,DF,Juventus,Serie A,26,1997,36,36,3233,35.9,3,0,3,3,0,0,9,0,1.4,1.4,0.4,1.9,7.0,120.0,4.0,0.08,0.0,0.08,0.08,0.08,0.04,0.01,0.05,0.04,0.05
Ben Brereton,CHI,FW,Sheffield Utd,Premier League,24,1999,14,14,1105,12.3,6,1,7,5,1,1,3,0,6.1,5.3,1.5,6.7,23.0,37.0,78.0,0.49,0.08,0.57,0.41,0.49,0.49,0.12,0.61,0.43,0.55
Marco Brescianini,ITA,MF,Frosinone,Serie A,23,2000,36,24,2321,25.8,4,2,6,4,0,0,1,0,2.3,2.3,1.6,3.9,46.0,70.0,100.0,0.16,0.08,0.23,0.16,0.23,0.09,0.06,0.15,0.09,0.15
Armando Broja,ALB,FW,Chelsea,Premier League,21,2001,13,6,454,5.0,1,0,1,1,0,0,0,0,2.4,2.4,0.2,2.5,11.0,6.0,37.0,0.2,0.0,0.2,0.2,0.2,0.47,0.03,0.5,0.47,0.5
Andre Brooks,ENG,MF,Sheffield Utd,Premier League,19,2003,20,12,938,10.4,0,0,0,0,0,0,1,0,0.4,0.4,0.1,0.5,12.0,18.0,22.0,0.0,0.0,0.0,0.0,0.0,0.04,0.01,0.05,0.04,0.05
John Brooks,USA,DF,Hoffenheim,Bundesliga,30,1993,21,18,1539,17.1,2,0,2,2,0,0,6,1,2.6,2.6,0.1,2.7,5.0,61.0,1.0,0.12,0.0,0.12,0.12,0.12,0.15,0.01,0.16,0.15,0.16
Moritz Broschinski,GER,FW,Bochum,Bundesliga,22,2000,26,14,1247,13.9,2,3,5,2,0,0,4,0,2.4,2.4,1.8,4.1,18.0,10.0,92.0,0.14,0.22,0.36,0.14,0.36,0.17,0.13,0.3,0.17,0.3
Jacob Brown,SCO,MF,Luton Town,Premier League,25,1998,19,12,1019,11.3,2,0,2,2,0,0,4,0,2.8,2.8,0.7,3.4,25.0,19.0,53.0,0.18,0.0,0.18,0.18,0.18,0.25,0.06,0.3,0.25,0.3
Josh Brownhill,ENG,MF,Burnley,Premier League,27,1995,33,23,2252,25.0,4,2,6,4,0,0,4,1,1.9,1.9,2.1,4.0,19.0,90.0,36.0,0.16,0.08,0.24,0.16,0.24,0.08,0.08,0.16,0.08,0.16
Jacob Bruun Larsen,DEN,MF,Burnley,Premier League,24,1998,32,16,1249,13.9,6,0,6,5,1,1,1,0,5.0,4.2,1.5,5.7,61.0,38.0,146.0,0.43,0.0,0.43,0.36,0.36,0.36,0.1,0.46,0.3,0.41
Ante Budimir,CRO,FW,Osasuna,La Liga,32,1991,33,29,2435,27.1,17,2,19,14,3,4,4,0,14.2,11.1,1.8,12.9,21.0,42.0,99.0,0.63,0.07,0.7,0.52,0.59,0.53,0.07,0.59,0.41,0.48
Hugo Bueno,ESP,DF,Wolves,Premier League,20,2002,22,7,741,8.2,0,0,0,0,0,0,1,0,0.3,0.3,0.8,1.0,22.0,8.0,40.0,0.0,0.0,0.0,0.0,0.0,0.03,0.09,0.13,0.03,0.13
Santiago Bueno,URU,DF,Wolves,Premier League,24,1998,12,9,822,9.1,0,0,0,0,0,0,1,0,0.0,0.0,0.1,0.1,3.0,11.0,2.0,0.0,0.0,0.0,0.0,0.0,0.0,0.01,0.01,0.0,0.01
Marius Bülter,GER,DF,Hoffenheim,Bundesliga,30,1993,30,15,1351,15.0,1,4,5,1,0,0,3,1,1.4,1.4,3.4,4.9,37.0,60.0,107.0,0.07,0.27,0.33,0.07,0.33,0.1,0.23,0.32,0.1,0.32
Facundo Buonanotte,ARG,FW,Brighton,Premier League,18,2004,27,17,1364,15.2,3,1,4,3,0,0,7,0,2.4,2.4,1.8,4.2,23.0,42.0,69.0,0.2,0.07,0.26,0.2,0.26,0.16,0.12,0.28,0.16,0.28
Alessandro Buongiorno,ITA,DF,Torino,Serie A,24,1999,29,29,2527,28.1,3,0,3,3,0,0,7,0,1.6,1.6,0.1,1.7,14.0,62.0,10.0,0.11,0.0,0.11,0.11,0.11,0.06,0.0,0.06,0.06,0.06
Jonathan Burkardt,GER,FW,Mainz 05,Bundesliga,23,2000,21,18,1538,17.1,8,2,10,7,1,1,2,0,6.1,5.3,2.1,7.4,36.0,28.0,101.0,0.47,0.12,0.59,0.41,0.53,0.36,0.12,0.48,0.31,0.43
Reece Burke,ENG,DF,Luton Town,Premier League,26,1996,22,20,1660,18.4,0,4,4,0,0,0,5,0,1.3,1.3,1.4,2.7,11.0,67.0,14.0,0.0,0.22,0.22,0.0,0.22,0.07,0.07,0.15,0.07,0.15
Dan Burn,ENG,DF,Newcastle Utd,Premier League,31,1992,33,32,2726,30.3,2,2,4,2,0,0,4,0,3.1,3.1,1.1,4.2,14.0,75.0,25.0,0.07,0.07,0.13,0.07,0.13,0.1,0.04,0.14,0.1,0.14
Marnon Busch,GER,DF,Heidenheim,Bundesliga,28,1994,16,5,595,6.6,0,0,0,0,0,0,1,0,0.1,0.1,0.3,0.4,15.0,34.0,27.0,0.0,0.0,0.0,0.0,0.0,0.02,0.04,0.06,0.02,0.06
Aurélio Buta,POR,DF,Eint Frankfurt,Bundesliga,26,1997,30,20,1744,19.4,1,1,2,1,0,0,5,0,0.5,0.5,0.7,1.2,51.0,90.0,104.0,0.05,0.05,0.1,0.05,0.1,0.02,0.04,0.06,0.02,0.06
Marcin Bułka,POL,GK,Nice,Ligue 1,23,1999,34,34,3060,34.0,0,0,0,0,0,0,2,0,0.1,0.1,0.0,0.1,0.0,0.0,0.0,0.0,0.0,0.0,0.0,0.0,0.0,0.0,0.0,0.0,0.0
Rémy Cabella,FRA,FW,Lille,Ligue 1,33,1990,30,14,1477,16.4,2,2,4,2,0,0,0,0,5.2,5.2,3.3,8.5,72.0,106.0,160.0,0.12,0.12,0.24,0.12,0.24,0.32,0.2,0.52,0.32,0.52
Jovane Cabral,CPV,MF,Salernitana,Serie A,25,1998,12,8,678,7.5,1,0,1,1,0,0,1,0,1.2,1.2,0.4,1.6,22.0,40.0,39.0,0.13,0.0,0.13,0.13,0.13,0.15,0.06,0.21,0.15,0.21
Liberato Cacace,NZL,DF,Empoli,Serie A,22,2000,31,18,1912,21.2,0,1,1,0,0,0,6,0,0.4,0.4,1.7,2.1,34.0,84.0,55.0,0.0,0.05,0.05,0.0,0.05,0.02,0.08,0.1,0.02,0.1
Anthony Caci,FRA,DF,Mainz 05,Bundesliga,26,1997,31,29,2486,27.6,2,3,5,2,0,0,8,0,1.5,1.5,2.9,4.4,43.0,144.0,75.0,0.07,0.11,0.18,0.07,0.18,0.06,0.1,0.16,0.06,0.16
Moisés Caicedo,ECU,MF,Chelsea,Premier League,21,2001,35,33,2866,31.8,1,3,4,1,0,0,11,0,0.4,0.4,2.6,3.0,27.0,173.0,27.0,0.03,0.09,0.13,0.03,0.13,0.01,0.08,0.09,0.01,0.09
Tom Cairney,SCO,MF,Fulham,Premier League,32,1991,34,14,1488,16.5,1,4,5,1,0,0,3,0,1.1,1.1,2.3,3.4,35.0,145.0,72.0,0.06,0.24,0.3,0.06,0.3,0.07,0.14,0.2,0.07,0.2
Jens Cajuste,SWE,MF,Napoli,Serie A,23,1999,26,11,1016,11.3,0,2,2,0,0,0,7,0,1.5,1.5,1.1,2.5,19.0,37.0,53.0,0.0,0.18,0.18,0.0,0.18,0.13,0.09,0.22,0.13,0.22
Davide Calabria,ITA,DF,Milan,Serie A,26,1996,29,26,2185,24.3,1,3,4,1,0,0,5,2,1.3,1.3,1.2,2.5,31.0,140.0,66.0,0.04,0.12,0.16,0.04,0.16,0.05,0.05,0.1,0.05,0.1
Riccardo Calafiori,ITA,DF,Bologna,Serie A,21,2002,30,26,2349,26.1,2,5,7,2,0,0,4,0,1.4,1.4,1.2,2.6,28.0,96.0,23.0,0.08,0.19,0.27,0.08,0.27,0.05,0.05,0.1,0.05,0.1
Luca Caldirola,ITA,DF,Monza,Serie A,32,1991,29,23,2141,23.8,1,1,2,1,0,0,7,1,0.5,0.5,0.6,1.1,10.0,56.0,9.0,0.04,0.04,0.08,0.04,0.08,0.02,0.03,0.04,0.02,0.04
Duje Ćaleta-Car,CRO,DF,Lyon,Ligue 1,26,1996,24,22,1993,22.1,0,0,0,0,0,0,2,1,0.5,0.5,1.0,1.5,5.0,61.0,1.0,0.0,0.0,0.0,0.0,0.0,0.02,0.05,0.07,0.02,0.07
Hakan Çalhanoğlu,TUR,MF,Inter,Serie A,29,1994,32,32,2556,28.4,13,3,16,3,10,10,5,0,10.1,2.3,4.7,7.0,45.0,186.0,34.0,0.46,0.11,0.56,0.11,0.21,0.36,0.17,0.52,0.08,0.25
José Callejón,ESP,MF,Granada,La Liga,36,1987,25,7,803,8.9,0,1,1,0,0,0,2,0,1.3,1.3,1.5,2.8,10.0,35.0,50.0,0.0,0.11,0.11,0.0,0.11,0.15,0.17,0.32,0.15,0.32
Dominic Calvert-Lewin,ENG,FW,Everton,Premier League,26,1997,32,26,2171,24.1,7,2,9,5,2,2,2,0,12.9,11.4,3.1,14.5,36.0,31.0,122.0,0.29,0.08,0.37,0.21,0.29,0.54,0.13,0.66,0.47,0.6
Lamine Camara,SEN,MF,Metz,Ligue 1,19,2004,31,26,2255,25.1,1,4,5,1,0,1,3,0,2.2,1.4,3.3,4.7,23.0,97.0,69.0,0.04,0.16,0.2,0.04,0.2,0.09,0.13,0.22,0.06,0.19
Mahdi Camara,FRA,MF,Brest,Ligue 1,25,1998,32,26,2020,22.4,7,3,10,6,1,1,7,0,4.9,4.1,3.1,7.1,37.0,81.0,129.0,0.31,0.13,0.45,0.27,0.4,0.22,0.14,0.35,0.18,0.32
Mohamed Camara,MLI,MF,Monaco,Ligue 1,23,2000,20,14,1035,11.5,1,2,3,0,1,1,4,0,1.5,0.7,0.6,1.3,14.0,76.0,22.0,0.09,0.17,0.26,0.0,0.17,0.13,0.06,0.18,0.06,0.11
Eduardo Camavinga,FRA,MF,Real Madrid,La Liga,20,2002,31,21,1817,20.2,0,2,2,0,0,0,9,0,0.9,0.9,1.4,2.3,49.0,106.0,31.0,0.0,0.1,0.1,0.0,0.1,0.05,0.07,0.11,0.05,0.11
Nicolò Cambiaghi,ITA,FW,Empoli,Serie A,22,2000,37,29,2553,28.4,1,1,2,1,0,0,3,0,3.9,3.9,2.8,6.7,128.0,63.0,197.0,0.04,0.04,0.07,0.04,0.07,0.14,0.1,0.24,0.14,0.24
Andrea Cambiaso,ITA,DF,Juventus,Serie A,23,2000,34,28,2372,26.4,2,3,5,2,0,0,10,0,2.2,2.2,3.9,6.0,87.0,71.0,172.0,0.08,0.11,0.19,0.08,0.19,0.08,0.15,0.23,0.08,0.23
Sergio Camello,ESP,FW,Rayo Vallecano,La Liga,22,2001,31,20,1661,18.5,3,1,4,3,0,0,3,0,4.5,4.5,1.3,5.8,22.0,41.0,79.0,0.16,0.05,0.22,0.16,0.22,0.24,0.07,0.31,0.24,0.31
Emre Can,GER,MF,Dortmund,Bundesliga,29,1994,25,22,1953,21.7,2,2,4,0,2,2,5,0,2.2,0.6,1.5,2.0,35.0,110.0,18.0,0.09,0.09,0.18,0.0,0.09,0.1,0.07,0.17,0.03,0.09
Matteo Cancellieri,ITA,FW,Empoli,Serie A,21,2002,36,18,1788,19.9,4,3,7,4,0,0,7,0,4.7,4.7,2.9,7.6,48.0,26.0,138.0,0.2,0.15,0.35,0.2,0.35,0.24,0.15,0.38,0.24,0.38
João Cancelo,POR,DF,Barcelona,La Liga,29,1994,32,29,2503,27.8,2,4,6,2,0,0,7,0,1.6,1.6,6.1,7.7,106.0,141.0,193.0,0.07,0.14,0.22,0.07,0.22,0.06,0.22,0.28,0.06,0.28
Fali Candé,GNB,DF,Metz,Ligue 1,25,1998,25,20,1849,20.5,0,1,1,0,0,0,4,0,0.8,0.8,0.5,1.3,4.0,38.0,3.0,0.0,0.05,0.05,0.0,0.05,0.04,0.02,0.06,0.04,0.06
Antonio Candreva,ITA,MF,Salernitana,Serie A,36,1987,34,32,2750,30.6,6,6,12,5,1,1,5,0,4.9,4.1,5.0,9.1,67.0,149.0,182.0,0.2,0.2,0.39,0.16,0.36,0.16,0.16,0.32,0.13,0.3
Sergi Canós,ESP,MF,Valencia,La Liga,26,1997,27,15,1229,13.7,1,2,3,1,0,0,1,0,2.8,2.8,2.4,5.3,32.0,52.0,88.0,0.07,0.15,0.22,0.07,0.22,0.21,0.18,0.39,0.21,0.39
Étienne Capoue,FRA,MF,Villarreal,La Liga,35,1988,32,15,1455,16.2,1,1,2,1,0,0,8,0,1.0,1.0,0.6,1.6,24.0,80.0,38.0,0.06,0.06,0.12,0.06,0.12,0.06,0.04,0.1,0.06,0.1
Elia Caprile,ITA,GK,Empoli,Serie A,21,2001,23,23,2070,23.0,0,0,0,0,0,0,0,0,0.0,0.0,0.3,0.3,0.0,0.0,0.0,0.0,0.0,0.0,0.0,0.0,0.0,0.01,0.01,0.0,0.01
Francesco Caputo,ITA,FW,Empoli,Serie A,35,1987,20,15,1268,14.1,3,0,3,2,1,1,0,0,3.4,2.6,0.7,3.4,7.0,18.0,65.0,0.21,0.0,0.21,0.14,0.14,0.24,0.05,0.3,0.19,0.24
Maxence Caqueret,FRA,MF,Lyon,Ligue 1,23,2000,34,34,3022,33.6,1,3,4,1,0,0,1,0,2.1,2.1,6.0,8.1,70.0,286.0,96.0,0.03,0.09,0.12,0.03,0.12,0.06,0.18,0.24,0.06,0.24
Andrea Carboni,ITA,DF,Monza,Serie A,22,2001,21,16,1487,16.5,1,0,1,1,0,0,1,0,1.2,1.2,0.5,1.7,13.0,46.0,22.0,0.06,0.0,0.06,0.06,0.06,0.07,0.03,0.1,0.07,0.1
Valentin Carboni,ARG,MF,Monza,Serie A,18,2005,31,10,1169,13.0,2,3,5,2,0,0,2,0,2.3,2.3,1.7,4.0,52.0,57.0,75.0,0.15,0.23,0.38,0.15,0.38,0.18,0.13,0.31,0.18,0.31
Isaac Carcelen,ESP,DF,Cádiz,La Liga,30,1993,35,29,2611,29.0,0,0,0,0,0,0,2,0,0.6,0.6,1.0,1.6,25.0,75.0,70.0,0.0,0.0,0.0,0.0,0.0,0.02,0.03,0.06,0.02,0.06
Marc Cardona,ESP,FW,Las Palmas,La Liga,28,1995,25,6,723,8.0,4,1,5,3,1,1,4,0,4.2,3.5,1.1,4.5,10.0,13.0,74.0,0.5,0.12,0.62,0.37,0.5,0.52,0.13,0.65,0.42,0.55
Sergi Cardona,ESP,DF,Las Palmas,La Liga,24,1999,35,30,2814,31.3,1,2,3,1,0,0,11,0,2.7,2.7,2.8,5.5,60.0,160.0,165.0,0.03,0.06,0.1,0.03,0.1,0.09,0.09,0.18,0.09,0.18
Johnny Cardoso,USA,MF,Betis,La Liga,21,2001,17,15,1328,14.8,1,2,3,1,0,0,3,0,1.1,1.1,0.5,1.6,10.0,45.0,11.0,0.07,0.14,0.2,0.07,0.2,0.07,0.03,0.11,0.07,0.11
Diego Carlos,BRA,DF,Aston Villa,Premier League,30,1993,27,20,1816,20.2,0,0,0,0,0,0,4,0,1.9,1.9,0.1,2.0,4.0,59.0,1.0,0.0,0.0,0.0,0.0,0.0,0.1,0.0,0.1,0.1,0.1
Carmona,ESP,DF,Getafe,La Liga,21,2002,30,15,1313,14.6,1,1,2,1,0,0,8,0,0.8,0.8,1.0,1.8,29.0,39.0,55.0,0.07,0.07,0.14,0.07,0.14,0.06,0.07,0.12,0.06,0.12
Marco Carnesecchi,ITA,GK,Atalanta,Serie A,23,2000,27,27,2425,26.9,0,0,0,0,0,0,0,0,0.0,0.0,0.0,0.0,0.0,0.0,0.0,0.0,0.0,0.0,0.0,0.0,0.0,0.0,0.0,0.0,0.0
Álvaro Carreras,ESP,MF,Granada,La Liga,20,2003,13,5,475,5.3,0,0,0,0,0,0,1,0,0.4,0.4,0.4,0.8,13.0,14.0,31.0,0.0,0.0,0.0,0.0,0.0,0.07,0.08,0.15,0.07,0.15
Rasmus Carstensen,DEN,DF,Köln,Bundesliga,22,2000,23,18,1659,18.4,0,0,0,0,0,0,2,1,0.9,0.9,2.6,3.5,32.0,52.0,89.0,0.0,0.0,0.0,0.0,0.0,0.05,0.14,0.19,0.05,0.19
Dani Carvajal,ESP,DF,Real Madrid,La Liga,31,1992,28,25,2171,24.1,4,3,7,4,0,0,5,1,1.7,1.7,2.7,4.4,30.0,82.0,168.0,0.17,0.12,0.29,0.17,0.29,0.07,0.11,0.18,0.07,0.18
William Carvalho,POR,MF,Betis,La Liga,31,1992,22,4,680,7.6,1,3,4,1,0,0,2,0,0.4,0.4,0.7,1.1,12.0,58.0,12.0,0.13,0.4,0.53,0.13,0.53,0.05,0.09,0.14,0.05,0.14
Nicolò Casale,ITA,DF,Lazio,Serie A,25,1998,20,16,1559,17.3,0,0,0,0,0,0,5,0,0.9,0.9,0.0,0.9,20.0,49.0,4.0,0.0,0.0,0.0,0.0,0.0,0.05,0.0,0.05,0.05,0.05
Casemiro,BRA,MF,Manchester Utd,Premier League,31,1992,25,24,1982,22.0,1,2,3,1,0,0,7,0,3.5,3.5,1.0,4.5,12.0,112.0,36.0,0.05,0.09,0.14,0.05,0.14,0.16,0.05,0.2,0.16,0.2
Matty Cash,POL,DF,Aston Villa,Premier League,25,1997,29,23,2142,23.8,2,2,4,2,0,0,8,0,4.2,4.2,2.3,6.5,62.0,88.0,101.0,0.08,0.08,0.17,0.08,0.17,0.18,0.1,0.27,0.18,0.27
Josué Casimir,FRA,FW,Le Havre,Ligue 1,21,2001,30,25,2016,22.4,0,5,5,0,0,0,6,0,1.9,1.9,4.3,6.3,59.0,62.0,138.0,0.0,0.22,0.22,0.0,0.22,0.09,0.19,0.28,0.09,0.28
Cristian Cásseres Jr.,VEN,MF,Toulouse,Ligue 1,23,2000,32,23,1946,21.6,1,3,4,1,0,0,1,0,1.1,1.1,1.7,2.8,14.0,87.0,52.0,0.05,0.14,0.18,0.05,0.18,0.05,0.08,0.13,0.05,0.13
Timothy Castagne,BEL,DF,Fulham,Premier League,27,1995,34,29,2634,29.3,1,3,4,1,0,0,3,0,1.6,1.6,1.9,3.5,48.0,77.0,113.0,0.03,0.1,0.14,0.03,0.14,0.06,0.07,0.12,0.06,0.12
Koen Casteels,BEL,GK,Wolfsburg,Bundesliga,31,1992,25,25,2250,25.0,0,0,0,0,0,0,2,0,0.0,0.0,0.2,0.2,0.0,1.0,0.0,0.0,0.0,0.0,0.0,0.0,0.0,0.01,0.01,0.0,0.01
Valentín Castellanos,ARG,FW,Lazio,Serie A,24,1998,35,16,1682,18.7,4,3,7,4,0,0,2,0,7.3,7.3,1.7,8.9,15.0,47.0,132.0,0.21,0.16,0.37,0.21,0.37,0.39,0.09,0.48,0.39,0.48
Jean-Charles Castelletto,CMR,DF,Nantes,Ligue 1,28,1995,28,28,2464,27.4,2,0,2,2,0,0,5,0,0.6,0.6,0.8,1.4,24.0,100.0,31.0,0.07,0.0,0.07,0.07,0.07,0.02,0.03,0.05,0.02,0.05
Samu Castillejo,ESP,FW,Sassuolo,Serie A,28,1995,17,6,536,6.0,0,0,0,0,0,0,2,0,0.3,0.3,1.0,1.2,27.0,26.0,45.0,0.0,0.0,0.0,0.0,0.0,0.04,0.16,0.21,0.04,0.21
Danilo Cataldi,ITA,MF,Lazio,Serie A,28,1994,28,15,1361,15.1,1,0,1,1,0,0,8,0,0.4,0.4,0.8,1.1,9.0,69.0,7.0,0.07,0.0,0.07,0.07,0.07,0.02,0.05,0.08,0.02,0.08
Catena,ESP,DF,Osasuna,La Liga,28,1994,30,28,2534,28.2,1,3,4,1,0,0,8,1,1.3,1.3,1.0,2.4,5.0,77.0,1.0,0.04,0.11,0.14,0.04,0.14,0.05,0.04,0.08,0.05,0.08
Maximiliano Caufriez,BEL,DF,Clermont Foot,Ligue 1,26,1997,20,20,1659,18.4,0,1,1,0,0,0,6,3,0.4,0.4,0.2,0.6,24.0,61.0,11.0,0.0,0.05,0.05,0.0,0.05,0.02,0.01,0.03,0.02,0.03
Ivan Cavaleiro,POR,FW,Lille,Ligue 1,29,1993,17,9,770,8.6,1,1,2,1,0,0,1,0,1.3,1.3,1.2,2.5,18.0,23.0,77.0,0.12,0.12,0.23,0.12,0.23,0.15,0.15,0.29,0.15,0.29
Dani Ceballos,ESP,MF,Real Madrid,La Liga,26,1996,20,5,598,6.6,0,2,2,0,0,0,2,0,0.3,0.3,1.5,1.8,16.0,47.0,23.0,0.0,0.3,0.3,0.0,0.3,0.05,0.22,0.27,0.05,0.27
Zeki Çelik,TUR,DF,Roma,Serie A,26,1997,17,6,671,7.5,0,0,0,0,0,0,1,0,0.2,0.2,0.6,0.8,14.0,26.0,38.0,0.0,0.0,0.0,0.0,0.0,0.02,0.08,0.11,0.02,0.11
Álex Centelles,ESP,DF,Almería,La Liga,25,1997,14,11,980,10.9,0,1,1,0,0,0,2,0,0.0,0.0,1.6,1.6,16.0,31.0,53.0,0.0,0.09,0.09,0.0,0.09,0.0,0.14,0.15,0.0,0.15
Fabien Centonze,FRA,DF,Hellas Verona,Serie A,27,1996,10,7,676,7.5,0,1,1,0,0,0,2,0,0.0,0.0,1.0,1.1,16.0,14.0,21.0,0.0,0.13,0.13,0.0,0.13,0.0,0.14,0.14,0.0,0.14
Václav Černý,CZE,FW,Wolfsburg,Bundesliga,25,1997,22,12,921,10.2,4,1,5,4,0,0,2,0,2.3,2.3,0.9,3.2,26.0,37.0,83.0,0.39,0.1,0.49,0.39,0.49,0.22,0.09,0.31,0.22,0.31
Michele Cerofolini,ITA,GK,Frosinone,Serie A,24,1999,8,7,675,7.5,0,0,0,0,0,0,1,0,0.0,0.0,0.0,0.0,0.0,0.0,0.0,0.0,0.0,0.0,0.0,0.0,0.0,0.0,0.0,0.0,0.0
Alberto Cerri,ITA,FW,Empoli,Serie A,27,1996,12,10,545,6.1,1,0,1,1,0,0,2,0,1.2,1.2,0.2,1.4,3.0,9.0,23.0,0.17,0.0,0.17,0.17,0.17,0.19,0.04,0.23,0.19,0.23
Franco Cervi,ARG,MF,Celta Vigo,La Liga,29,1994,17,5,546,6.1,0,1,1,0,0,0,2,0,0.5,0.5,2.0,2.5,16.0,24.0,36.0,0.0,0.16,0.16,0.0,0.16,0.08,0.34,0.41,0.08,0.41
Julian Chabot,GER,DF,Köln,Bundesliga,25,1998,32,32,2703,30.0,0,0,0,0,0,0,9,1,1.4,1.4,0.4,1.8,17.0,71.0,8.0,0.0,0.0,0.0,0.0,0.0,0.05,0.01,0.06,0.05,0.06
Fares Chaïbi,ALG,MF,Eint Frankfurt,Bundesliga,20,2002,28,21,1912,21.2,2,4,6,2,0,0,2,0,3.1,3.1,6.8,9.8,53.0,86.0,143.0,0.09,0.19,0.28,0.09,0.28,0.14,0.32,0.46,0.14,0.46
Trevoh Chalobah,ENG,DF,Chelsea,Premier League,24,1999,13,10,952,10.6,1,0,1,1,0,0,1,0,0.2,0.2,0.1,0.3,5.0,31.0,9.0,0.09,0.0,0.09,0.09,0.09,0.02,0.01,0.02,0.02,0.02
Muhammed Cham,AUT,MF,Clermont Foot,Ligue 1,22,2000,33,29,2554,28.4,8,4,12,4,4,5,4,0,9.4,5.5,3.1,8.7,71.0,161.0,142.0,0.28,0.14,0.42,0.14,0.28,0.33,0.11,0.44,0.19,0.31
Brendan Chardonnet,FRA,DF,Brest,Ligue 1,28,1994,33,33,2970,33.0,1,1,2,1,0,0,4,0,1.5,1.5,1.6,3.1,25.0,115.0,8.0,0.03,0.03,0.06,0.03,0.06,0.04,0.05,0.09,0.04,0.09
Pep Chavarría,ESP,DF,Rayo Vallecano,La Liga,25,1998,22,12,1167,13.0,1,1,2,1,0,0,6,1,1.0,1.0,0.7,1.7,28.0,74.0,84.0,0.08,0.08,0.15,0.08,0.15,0.07,0.05,0.13,0.07,0.13
Jhoanner Chávez,ECU,DF,Lens,Ligue 1,21,2002,8,6,481,5.3,0,0,0,0,0,0,1,0,0.3,0.3,0.5,0.8,4.0,15.0,19.0,0.0,0.0,0.0,0.0,0.0,0.06,0.08,0.14,0.06,0.14
Walid Cheddira,MAR,FW,Frosinone,Serie A,25,1998,36,24,2120,23.6,7,1,8,6,1,1,0,0,9.0,8.2,1.4,9.6,31.0,22.0,139.0,0.3,0.04,0.34,0.25,0.3,0.38,0.06,0.44,0.35,0.41
Rayan Cherki,FRA,MF,Lyon,Ligue 1,19,2003,33,19,1719,19.1,1,6,7,1,0,0,0,0,5.2,5.2,4.2,9.4,93.0,138.0,182.0,0.05,0.31,0.37,0.05,0.37,0.27,0.22,0.49,0.27,0.49
Lucas Chevalier,FRA,GK,Lille,Ligue 1,21,2001,33,33,2969,33.0,0,0,0,0,0,0,1,0,0.0,0.0,0.1,0.1,0.0,2.0,0.0,0.0,0.0,0.0,0.0,0.0,0.0,0.0,0.0,0.0,0.0
Federico Chiesa,ITA,FW,Juventus,Serie A,25,1997,33,25,2197,24.4,9,2,11,8,1,1,1,0,6.4,5.6,6.2,11.9,111.0,70.0,216.0,0.37,0.08,0.45,0.33,0.41,0.26,0.25,0.52,0.23,0.49
Ben Chilwell,ENG,DF,Chelsea,Premier League,26,1996,13,9,756,8.4,0,1,1,0,0,0,5,0,1.2,1.2,2.2,3.4,22.0,25.0,59.0,0.0,0.12,0.12,0.0,0.12,0.14,0.26,0.41,0.14,0.41
Pedro Chirivella,ESP,MF,Nantes,Ligue 1,26,1997,32,31,2594,28.8,1,1,2,1,0,0,5,0,1.5,1.5,1.1,2.6,10.0,192.0,55.0,0.03,0.03,0.07,0.03,0.07,0.05,0.04,0.09,0.05,0.09
Tahith Chong,NED,MF,Luton Town,Premier League,23,1999,33,20,1982,22.0,4,0,4,4,0,0,4,0,2.7,2.7,0.5,3.2,57.0,72.0,101.0,0.18,0.0,0.18,0.18,0.18,0.12,0.02,0.15,0.12,0.15
Joris Chotard,FRA,MF,Montpellier,Ligue 1,21,2001,31,30,2587,28.7,0,3,3,0,0,0,5,0,0.6,0.6,1.9,2.6,12.0,111.0,40.0,0.0,0.1,0.1,0.0,0.1,0.02,0.07,0.09,0.02,0.09
Andreas Christensen,DEN,DF,Barcelona,La Liga,27,1996,30,27,1979,22.0,2,2,4,2,0,0,4,0,1.0,1.0,1.1,2.2,24.0,117.0,6.0,0.09,0.09,0.18,0.09,0.18,0.05,0.05,0.1,0.05,0.1
Ryan Christie,SCO,MF,Bournemouth,Premier League,28,1995,37,35,2907,32.3,0,5,5,0,0,0,6,0,2.3,2.3,5.4,7.7,60.0,167.0,78.0,0.0,0.15,0.15,0.0,0.15,0.07,0.17,0.24,0.07,0.24
Samuel Chukwueze,NGA,FW,Milan,Serie A,24,1999,24,12,1017,11.3,1,3,4,1,0,0,1,0,1.7,1.7,2.3,3.9,52.0,51.0,135.0,0.09,0.27,0.35,0.09,0.35,0.15,0.2,0.35,0.15,0.35
Chumi,ESP,DF,Almería,La Liga,24,1999,31,26,2434,27.0,0,1,1,0,0,0,4,0,1.0,1.0,1.4,2.4,11.0,68.0,4.0,0.0,0.04,0.04,0.0,0.04,0.04,0.05,0.09,0.04,0.09
Víctor Chust,ESP,DF,Cádiz,La Liga,23,2000,22,22,1864,20.7,0,1,1,0,0,0,3,2,0.3,0.3,0.3,0.6,10.0,80.0,2.0,0.0,0.05,0.05,0.0,0.05,0.02,0.01,0.03,0.02,0.03
Pathé Ciss,SEN,MF,Rayo Vallecano,La Liga,29,1994,31,16,1664,18.5,1,0,1,1,0,0,10,0,1.5,1.5,0.5,2.0,14.0,84.0,22.0,0.05,0.0,0.05,0.05,0.05,0.08,0.03,0.11,0.08,0.11
Patrick Ciurria,ITA,DF,Monza,Serie A,28,1995,22,18,1598,17.8,0,1,1,0,0,0,2,0,1.5,1.5,2.6,4.1,41.0,68.0,94.0,0.0,0.06,0.06,0.0,0.06,0.09,0.15,0.23,0.09,0.23
Jordan Clark,ENG,MF,Luton Town,Premier League,29,1993,23,14,1304,14.5,1,1,2,1,0,0,4,0,1.0,1.0,1.3,2.2,21.0,51.0,39.0,0.07,0.07,0.14,0.07,0.14,0.07,0.09,0.16,0.07,0.16
Alexis Claude-Maurice,FRA,MF,Nice,Ligue 1,25,1998,18,4,504,5.6,0,0,0,0,0,0,1,0,0.8,0.8,0.3,1.0,15.0,21.0,25.0,0.0,0.0,0.0,0.0,0.0,0.13,0.05,0.19,0.13,0.19
Jonathan Clauss,FRA,DF,Marseille,Ligue 1,30,1992,27,25,2068,23.0,3,4,7,3,0,0,2,1,1.3,1.3,4.6,5.9,59.0,137.0,172.0,0.13,0.17,0.3,0.13,0.3,0.06,0.2,0.26,0.06,0.26
Nathaniel Clyne,ENG,DF,Crystal Palace,Premier League,32,1991,19,14,1338,14.9,0,0,0,0,0,0,0,0,0.2,0.2,0.2,0.4,10.0,33.0,18.0,0.0,0.0,0.0,0.0,0.0,0.01,0.01,0.03,0.01,0.03
Marcus Coco,FRA,DF,Nantes,Ligue 1,27,1996,28,18,1481,16.5,1,0,1,1,0,0,2,0,0.8,0.8,1.0,1.8,28.0,55.0,65.0,0.06,0.0,0.06,0.06,0.06,0.05,0.06,0.11,0.05,0.11
Saúl Coco,EQG,DF,Las Palmas,La Liga,24,1999,30,26,2295,25.5,1,0,1,1,0,0,6,1,1.1,1.1,0.0,1.1,9.0,69.0,1.0,0.04,0.0,0.04,0.04,0.04,0.04,0.0,0.04,0.04,0.04
Séamus Coleman,IRL,DF,Everton,Premier League,34,1988,12,7,665,7.4,0,0,0,0,0,0,0,0,0.0,0.0,1.0,1.0,5.0,22.0,16.0,0.0,0.0,0.0,0.0,0.0,0.0,0.14,0.14,0.0,0.14
Maxime Colin,FRA,DF,Metz,Ligue 1,31,1991,22,22,1832,20.4,0,0,0,0,0,0,3,0,0.3,0.3,0.4,0.7,23.0,67.0,22.0,0.0,0.0,0.0,0.0,0.0,0.02,0.02,0.04,0.02,0.04
Nathan Collins,IRL,DF,Brentford,Premier League,22,2001,32,29,2652,29.5,1,1,2,1,0,0,3,0,1.7,1.7,2.2,3.9,11.0,97.0,18.0,0.03,0.03,0.07,0.03,0.07,0.06,0.07,0.13,0.06,0.13
Lorenzo Colombo,ITA,FW,Monza,Serie A,21,2002,25,16,1359,15.1,4,1,5,4,0,0,3,0,3.6,3.6,0.6,4.2,16.0,24.0,75.0,0.26,0.07,0.33,0.26,0.33,0.24,0.04,0.28,0.24,0.28
Andrea Colpani,ITA,MF,Monza,Serie A,24,1999,38,36,2657,29.5,8,4,12,8,0,0,1,0,4.8,4.8,5.0,9.8,90.0,120.0,193.0,0.27,0.14,0.41,0.27,0.41,0.16,0.17,0.33,0.16,0.33
Levi Colwill,ENG,DF,Chelsea,Premier League,20,2003,23,20,1797,20.0,1,1,2,1,0,0,2,0,1.3,1.3,1.2,2.5,23.0,73.0,27.0,0.05,0.05,0.1,0.05,0.1,0.06,0.06,0.12,0.06,0.12
Kingsley Coman,FRA,FW,Bayern Munich,Bundesliga,27,1996,17,15,1113,12.4,3,3,6,3,0,0,1,0,2.8,2.8,3.8,6.6,75.0,72.0,210.0,0.24,0.24,0.49,0.24,0.49,0.22,0.31,0.53,0.22,0.53
Eray Cömert,SUI,DF,Nantes,Ligue 1,25,1998,25,23,1995,22.2,2,0,2,2,0,0,5,0,0.7,0.7,0.2,0.8,7.0,57.0,3.0,0.09,0.0,0.09,0.09,0.09,0.03,0.01,0.04,0.03,0.04
Santi Comesaña,ESP,MF,Villarreal,La Liga,26,1996,27,20,1653,18.4,2,0,2,2,0,0,8,2,1.9,1.9,2.0,3.8,23.0,92.0,48.0,0.11,0.0,0.11,0.11,0.11,0.1,0.11,0.21,0.1,0.21
Andrea Consigli,ITA,GK,Sassuolo,Serie A,36,1987,35,35,3150,35.0,0,0,0,0,0,0,1,0,0.0,0.0,0.0,0.0,0.0,1.0,0.0,0.0,0.0,0.0,0.0,0.0,0.0,0.0,0.0,0.0,0.0
Lewis Cook,ENG,MF,Bournemouth,Premier League,26,1997,33,32,2786,31.0,0,3,3,0,0,0,5,1,0.4,0.4,4.3,4.6,22.0,142.0,15.0,0.0,0.1,0.1,0.0,0.1,0.01,0.14,0.15,0.01,0.15
Copete,ESP,DF,Mallorca,La Liga,23,1999,19,17,1333,14.8,1,1,2,1,0,0,7,0,0.5,0.5,0.8,1.3,3.0,52.0,2.0,0.07,0.07,0.14,0.07,0.14,0.04,0.05,0.09,0.04,0.09
Diego Coppola,ITA,DF,Hellas Verona,Serie A,19,2003,24,18,1634,18.2,2,0,2,2,0,0,9,0,1.2,1.2,0.2,1.4,1.0,40.0,0.0,0.11,0.0,0.11,0.11,0.11,0.07,0.01,0.08,0.07,0.08
Francis Coquelin,FRA,MF,Villarreal,La Liga,32,1991,17,10,910,10.1,0,0,0,0,0,0,4,0,0.1,0.1,0.1,0.2,5.0,47.0,14.0,0.0,0.0,0.0,0.0,0.0,0.01,0.01,0.02,0.01,0.02
Ángel Correa,ARG,FW,Atlético Madrid,La Liga,28,1995,32,14,1528,17.0,9,2,11,8,1,1,3,0,7.9,7.1,3.6,10.8,40.0,61.0,128.0,0.53,0.12,0.65,0.47,0.59,0.47,0.21,0.68,0.42,0.63
Thierry Correia,POR,DF,Valencia,La Liga,24,1999,31,25,2154,23.9,0,2,2,0,0,0,4,1,0.6,0.6,2.1,2.7,40.0,80.0,56.0,0.0,0.08,0.08,0.0,0.08,0.03,0.09,0.11,0.03,0.11
Danny da Costa,GER,DF,Mainz 05,Bundesliga,30,1993,19,9,830,9.2,0,1,1,0,0,0,1,0,0.3,0.3,1.2,1.5,22.0,40.0,53.0,0.0,0.11,0.11,0.0,0.11,0.03,0.13,0.16,0.03,0.16
David Pereira da Costa,POR,MF,Lens,Ligue 1,22,2001,25,17,1494,16.6,4,2,6,4,0,0,3,0,3.0,3.0,3.5,6.5,53.0,73.0,101.0,0.24,0.12,0.36,0.24,0.36,0.18,0.21,0.39,0.18,0.39
Jaume Costa,ESP,DF,Mallorca,La Liga,35,1988,30,19,1682,18.7,0,1,1,0,0,0,7,0,0.3,0.3,1.2,1.5,34.0,50.0,104.0,0.0,0.05,0.05,0.0,0.05,0.02,0.06,0.08,0.02,0.08
Logan Costa,CPV,DF,Toulouse,Ligue 1,22,2001,31,29,2650,29.4,1,1,2,1,0,0,6,0,1.4,1.4,0.6,2.0,19.0,145.0,14.0,0.03,0.03,0.07,0.03,0.07,0.05,0.02,0.07,0.05,0.07
Samu Costa,POR,MF,Mallorca,La Liga,22,2000,34,26,2303,25.6,1,1,2,1,0,0,8,0,1.1,1.1,0.5,1.6,16.0,93.0,32.0,0.04,0.04,0.08,0.04,0.08,0.04,0.02,0.06,0.04,0.06
Benoît Costil,FRA,GK,Salernitana,Serie A,36,1987,13,13,1170,13.0,0,0,0,0,0,0,0,0,0.0,0.0,0.0,0.0,0.0,0.0,0.0,0.0,0.0,0.0,0.0,0.0,0.0,0.0,0.0,0.0,0.0
Vladimír Coufal,CZE,DF,West Ham,Premier League,30,1992,36,36,3132,34.8,0,7,7,0,0,0,7,1,0.3,0.3,4.0,4.3,68.0,119.0,126.0,0.0,0.2,0.2,0.0,0.2,0.01,0.11,0.12,0.01,0.12
Lassana Coulibaly,MLI,MF,Salernitana,Serie A,27,1996,28,25,2082,23.1,0,1,1,0,0,0,5,0,0.6,0.6,0.8,1.4,29.0,88.0,38.0,0.0,0.04,0.04,0.0,0.04,0.03,0.04,0.06,0.03,0.06
Tanguy Coulibaly,FRA,FW,Montpellier,Ligue 1,22,2001,16,7,623,6.9,1,0,1,1,0,0,2,0,2.6,2.6,0.8,3.3,27.0,13.0,48.0,0.14,0.0,0.14,0.14,0.14,0.37,0.11,0.48,0.37,0.48
Yan Couto,BRA,DF,Girona,La Liga,21,2002,34,24,2245,24.9,1,8,9,1,0,0,8,0,1.5,1.5,4.2,5.7,151.0,97.0,240.0,0.04,0.32,0.36,0.04,0.36,0.06,0.17,0.23,0.06,0.23
Nicolas Cozza,FRA,DF,Nantes,Ligue 1,24,1999,13,10,895,9.9,0,0,0,0,0,0,2,0,0.7,0.7,0.6,1.2,11.0,20.0,30.0,0.0,0.0,0.0,0.0,0.0,0.07,0.06,0.13,0.07,0.13
Crespo,POR,MF,Rayo Vallecano,La Liga,26,1996,15,4,527,5.9,0,0,0,0,0,0,4,0,0.1,0.1,1.0,1.1,13.0,30.0,20.0,0.0,0.0,0.0,0.0,0.0,0.02,0.18,0.2,0.02,0.2
Bryan Cristante,ITA,MF,Roma,Serie A,28,1995,37,37,3289,36.5,3,4,7,3,0,0,8,0,4.0,4.0,2.9,6.9,47.0,234.0,80.0,0.08,0.11,0.19,0.08,0.19,0.11,0.08,0.19,0.11,0.19
Juan Cruz Armada,ESP,DF,Osasuna,La Liga,31,1992,26,18,1667,18.5,0,1,1,0,0,0,3,0,0.0,0.0,0.4,0.4,16.0,77.0,29.0,0.0,0.05,0.05,0.0,0.05,0.0,0.02,0.02,0.0,0.02
Pau Cubarsí,ESP,DF,Barcelona,La Liga,16,2007,19,18,1558,17.3,0,0,0,0,0,0,4,0,0.1,0.1,0.4,0.5,8.0,75.0,2.0,0.0,0.0,0.0,0.0,0.0,0.01,0.02,0.03,0.01,0.03
Marc Cucurella,ESP,DF,Chelsea,Premier League,25,1998,21,20,1782,19.8,0,2,2,0,0,0,10,0,1.1,1.1,1.1,2.2,31.0,50.0,73.0,0.0,0.1,0.1,0.0,0.1,0.06,0.05,0.11,0.06,0.11
Jorge Cuenca,ESP,DF,Villarreal,La Liga,23,1999,29,21,1963,21.8,3,1,4,3,0,0,7,0,1.2,1.2,0.2,1.5,11.0,78.0,30.0,0.14,0.05,0.18,0.14,0.18,0.06,0.01,0.07,0.06,0.07
Josh Cullen,IRL,MF,Burnley,Premier League,27,1996,25,23,2057,22.9,2,3,5,2,0,0,9,0,0.6,0.6,1.8,2.4,22.0,123.0,22.0,0.09,0.13,0.22,0.09,0.22,0.03,0.08,0.11,0.03,0.11
Matheus Cunha,BRA,FW,Wolves,Premier League,24,1999,32,29,2440,27.1,12,7,19,11,1,1,9,0,9.5,8.7,3.2,11.9,107.0,87.0,139.0,0.44,0.26,0.7,0.41,0.66,0.35,0.12,0.47,0.32,0.44
Marvin Cuni,ALB,FW,Frosinone,Serie A,22,2001,22,6,534,5.9,1,0,1,1,0,0,0,0,1.3,1.3,0.3,1.6,6.0,11.0,45.0,0.17,0.0,0.17,0.17,0.17,0.22,0.05,0.28,0.22,0.28
Tomáš Čvančara,CZE,FW,Gladbach,Bundesliga,22,2000,21,7,896,10.0,4,1,5,3,1,2,4,0,5.9,4.3,0.7,5.0,12.0,13.0,47.0,0.4,0.1,0.5,0.3,0.4,0.59,0.07,0.66,0.43,0.51
Danilo D'Ambrosio,ITA,DF,Monza,Serie A,34,1988,24,16,1536,17.1,0,0,0,0,0,0,5,1,0.7,0.7,0.2,0.8,12.0,61.0,25.0,0.0,0.0,0.0,0.0,0.0,0.04,0.01,0.05,0.04,0.05
Finn Dahmen,GER,GK,Augsburg,Bundesliga,25,1998,31,31,2790,31.0,0,0,0,0,0,0,4,0,0.0,0.0,0.1,0.1,0.0,3.0,0.0,0.0,0.0,0.0,0.0,0.0,0.0,0.0,0.0,0.0,0.0
Mahmoud Dahoud,GER,MF,Brighton,Premier League,27,1996,9,6,452,5.0,0,1,1,0,0,0,1,1,0.2,0.2,0.9,1.1,4.0,11.0,6.0,0.0,0.2,0.2,0.0,0.2,0.04,0.18,0.22,0.04,0.22
Ameen Al-Dakhil,BEL,DF,Burnley,Premier League,21,2002,13,12,1056,11.7,1,0,1,1,0,0,1,0,1.3,1.3,0.1,1.4,7.0,35.0,9.0,0.09,0.0,0.09,0.09,0.09,0.11,0.01,0.12,0.11,0.12
Thijs Dallinga,NED,FW,Toulouse,Ligue 1,22,2000,33,28,2510,27.9,14,2,16,13,1,3,6,0,14.1,11.8,1.2,13.0,32.0,38.0,164.0,0.5,0.07,0.57,0.47,0.54,0.51,0.04,0.55,0.42,0.47
Diogo Dalot,POR,DF,Manchester Utd,Premier League,24,1999,36,35,3174,35.3,2,3,5,2,0,0,6,1,1.7,1.7,2.9,4.6,52.0,124.0,111.0,0.06,0.09,0.14,0.06,0.14,0.05,0.08,0.13,0.05,0.13
Mikkel Damsgaard,DEN,MF,Brentford,Premier League,23,2000,23,7,842,9.4,0,2,2,0,0,0,2,0,0.9,0.9,1.4,2.4,16.0,61.0,32.0,0.0,0.21,0.21,0.0,0.21,0.1,0.16,0.25,0.1,0.25
Flavius Daniliuc,AUT,DF,Salernitana,Serie A,22,2001,14,8,744,8.3,0,0,0,0,0,0,2,0,0.2,0.2,0.2,0.5,8.0,37.0,2.0,0.0,0.0,0.0,0.0,0.0,0.03,0.03,0.06,0.03,0.06
Danilo,BRA,MF,Nott'ham Forest,Premier League,22,2001,29,20,1792,19.9,2,2,4,2,0,0,4,0,1.8,1.8,1.5,3.4,22.0,83.0,28.0,0.1,0.1,0.2,0.1,0.2,0.09,0.08,0.17,0.09,0.17
Danilo,BRA,DF,Juventus,Serie A,32,1991,29,27,2452,27.2,1,1,2,1,0,0,7,0,1.3,1.3,0.9,2.2,18.0,161.0,21.0,0.04,0.04,0.07,0.04,0.07,0.05,0.03,0.08,0.05,0.08
Arnaut Danjuma,NED,MF,Everton,Premier League,26,1997,14,5,595,6.6,1,0,1,1,0,0,0,0,2.6,2.6,1.1,3.7,24.0,9.0,44.0,0.15,0.0,0.15,0.15,0.15,0.4,0.17,0.57,0.4,0.57
Kevin Danso,AUT,DF,Lens,Ligue 1,24,1998,30,30,2655,29.5,1,0,1,1,0,0,6,0,1.8,1.8,0.4,2.2,27.0,133.0,3.0,0.03,0.0,0.03,0.03,0.03,0.06,0.01,0.07,0.06,0.07
Dante,BRA,DF,Nice,Ligue 1,39,1983,32,32,2843,31.6,1,1,2,1,0,0,5,1,0.9,0.9,1.0,2.0,13.0,185.0,6.0,0.03,0.03,0.06,0.03,0.06,0.03,0.03,0.06,0.03,0.06
Mohammed Daramy,DEN,FW,Reims,Ligue 1,21,2002,25,19,1648,18.3,4,5,9,3,1,1,0,0,4.6,3.8,2.4,6.2,72.0,69.0,162.0,0.22,0.27,0.49,0.16,0.44,0.25,0.13,0.38,0.21,0.34
Sergi Darder,ESP,MF,Mallorca,La Liga,29,1993,36,21,2157,24.0,2,5,7,2,0,0,4,0,2.2,2.2,6.4,8.6,56.0,132.0,75.0,0.08,0.21,0.29,0.08,0.29,0.09,0.27,0.36,0.09,0.36
Matteo Darmian,ITA,DF,Inter,Serie A,33,1989,33,27,2404,26.7,2,1,3,2,0,0,2,0,1.2,1.2,1.8,3.0,18.0,72.0,82.0,0.07,0.04,0.11,0.07,0.11,0.04,0.07,0.11,0.04,0.11
Lukas Daschner,GER,MF,Bochum,Bundesliga,24,1998,20,3,536,6.0,1,1,2,1,0,0,2,0,2.3,2.3,1.0,3.3,11.0,17.0,37.0,0.17,0.17,0.34,0.17,0.34,0.39,0.16,0.55,0.39,0.55
David Datro Fofana,CIV,FW,Burnley,Premier League,20,2002,15,10,879,9.8,4,1,5,4,0,0,1,0,4.5,4.5,1.8,6.4,21.0,15.0,39.0,0.41,0.1,0.51,0.41,0.51,0.46,0.19,0.65,0.46,0.65
David Datro Fofana,CIV,FW,Union Berlin,Bundesliga,20,2002,12,8,682,7.6,1,0,1,1,0,0,0,0,2.8,2.8,0.3,3.1,20.0,14.0,66.0,0.13,0.0,0.13,0.13,0.13,0.37,0.05,0.41,0.37,0.41
Juan David Cabal,COL,DF,Hellas Verona,Serie A,22,2001,22,17,1497,16.6,0,0,0,0,0,0,6,0,0.5,0.5,0.4,0.9,26.0,70.0,48.0,0.0,0.0,0.0,0.0,0.0,0.03,0.03,0.06,0.03,0.06
Jonathan David,CAN,FW,Lille,Ligue 1,23,2000,34,30,2629,29.2,19,4,23,17,2,3,4,0,17.5,15.0,3.3,18.3,47.0,79.0,198.0,0.65,0.14,0.79,0.58,0.72,0.6,0.11,0.71,0.51,0.63
Alphonso Davies,CAN,DF,Bayern Munich,Bundesliga,22,2000,29,24,2065,22.9,2,5,7,2,0,0,0,0,1.0,1.0,2.9,3.8,121.0,117.0,139.0,0.09,0.22,0.31,0.09,0.31,0.04,0.12,0.17,0.04,0.17
Ben Davies,WAL,DF,Tottenham,Premier League,30,1993,17,12,1090,12.1,1,0,1,1,0,0,2,0,2.3,2.3,0.4,2.7,13.0,71.0,20.0,0.08,0.0,0.08,0.08,0.08,0.19,0.03,0.23,0.19,0.23
Paweł Dawidowicz,POL,DF,Hellas Verona,Serie A,28,1995,28,25,2143,23.8,0,0,0,0,0,0,5,0,0.5,0.5,0.0,0.6,11.0,89.0,5.0,0.0,0.0,0.0,0.0,0.0,0.02,0.0,0.02,0.02,0.02
Craig Dawson,ENG,DF,Wolves,Premier League,33,1990,25,25,2209,24.5,1,1,2,1,0,0,7,0,1.5,1.5,1.4,2.9,1.0,49.0,4.0,0.04,0.04,0.08,0.04,0.08,0.06,0.06,0.12,0.06,0.12
Kevin De Bruyne,BEL,MF,Manchester City,Premier League,32,1991,18,15,1221,13.6,4,10,14,4,0,0,2,0,2.4,2.4,11.5,14.0,47.0,111.0,133.0,0.29,0.74,1.03,0.29,1.03,0.18,0.85,1.03,0.18,1.03
Charles De Ketelaere,BEL,FW,Atalanta,Serie A,22,2001,35,25,2026,22.5,10,8,18,9,1,1,1,0,7.1,6.3,6.1,12.4,88.0,126.0,219.0,0.44,0.36,0.8,0.4,0.76,0.31,0.27,0.59,0.28,0.55
Rodrigo De Paul,ARG,MF,Atlético Madrid,La Liga,29,1994,34,25,2075,23.1,3,5,8,3,0,0,7,0,1.8,1.8,5.0,6.8,73.0,202.0,55.0,0.13,0.22,0.35,0.13,0.35,0.08,0.22,0.3,0.08,0.3
Lorenzo De Silvestri,ITA,DF,Bologna,Serie A,35,1988,15,7,674,7.5,2,0,2,2,0,0,0,0,0.2,0.2,0.0,0.2,14.0,27.0,12.0,0.27,0.0,0.27,0.27,0.27,0.03,0.0,0.03,0.03,0.03
Thibault De Smet,BEL,DF,Reims,Ligue 1,25,1998,27,22,1831,20.3,0,0,0,0,0,0,7,1,0.3,0.3,0.8,1.1,23.0,104.0,66.0,0.0,0.0,0.0,0.0,0.0,0.01,0.04,0.05,0.01,0.05
Koni De Winter,BEL,DF,Genoa,Serie A,21,2002,29,26,2380,26.4,0,1,1,0,0,0,8,1,0.8,0.8,1.0,1.8,21.0,76.0,15.0,0.0,0.04,0.04,0.0,0.04,0.03,0.04,0.07,0.03,0.07
Grégoire Defrel,MTQ,FW,Sassuolo,Serie A,32,1991,20,7,757,8.4,1,2,3,1,0,0,0,0,1.0,1.0,1.2,2.2,7.0,17.0,42.0,0.12,0.24,0.36,0.12,0.36,0.12,0.14,0.26,0.12,0.26
Alessandro Deiola,ITA,MF,Cagliari,Serie A,27,1995,27,19,1608,17.9,1,0,1,1,0,0,7,0,2.5,2.5,0.9,3.4,9.0,64.0,21.0,0.06,0.0,0.06,0.06,0.06,0.14,0.05,0.19,0.14,0.19
Romain Del Castillo,FRA,FW,Brest,Ligue 1,27,1996,33,30,2497,27.7,8,8,16,5,3,3,4,0,5.2,2.9,9.9,12.8,101.0,155.0,287.0,0.29,0.29,0.58,0.18,0.47,0.19,0.36,0.55,0.1,0.46
Thomas Delaine,FRA,DF,Strasbourg,Ligue 1,31,1992,27,24,2044,22.7,1,1,2,1,0,0,5,0,1.7,1.7,3.6,5.3,63.0,52.0,151.0,0.04,0.04,0.09,0.04,0.09,0.07,0.16,0.23,0.07,0.23
Hannes Delcroix,BEL,DF,Burnley,Premier League,24,1999,12,5,589,6.5,0,0,0,0,0,0,2,0,0.4,0.4,0.2,0.6,2.0,18.0,6.0,0.0,0.0,0.0,0.0,0.0,0.05,0.03,0.09,0.05,0.09
Olivier Deman,BEL,DF,Werder Bremen,Bundesliga,23,2000,29,14,1365,15.2,2,1,3,2,0,0,5,0,1.1,1.1,0.9,2.0,26.0,40.0,53.0,0.13,0.07,0.2,0.13,0.2,0.07,0.06,0.13,0.07,0.13
Ousmane Dembélé,FRA,MF,Paris S-G,Ligue 1,26,1997,26,17,1506,16.7,3,8,11,3,0,0,0,0,4.4,4.4,6.7,11.1,160.0,133.0,247.0,0.18,0.48,0.66,0.18,0.66,0.26,0.4,0.67,0.26,0.67
Jessy Deminguet,FRA,MF,Strasbourg,Ligue 1,25,1998,18,9,690,7.7,0,0,0,0,0,0,1,0,0.3,0.3,0.4,0.7,7.0,24.0,13.0,0.0,0.0,0.0,0.0,0.0,0.03,0.06,0.09,0.03,0.09
Ermedin Demirović,BIH,FW,Augsburg,Bundesliga,25,1998,33,33,2873,31.9,15,9,24,12,3,4,7,0,13.5,10.3,3.9,14.2,28.0,60.0,167.0,0.47,0.28,0.75,0.38,0.66,0.42,0.12,0.54,0.32,0.45
Sepp van den Berg,NED,DF,Mainz 05,Bundesliga,21,2001,33,31,2839,31.5,3,0,3,3,0,0,9,0,2.7,2.7,0.3,3.0,7.0,95.0,6.0,0.1,0.0,0.1,0.1,0.1,0.08,0.01,0.09,0.08,0.09
Rémy Descamps,FRA,GK,Nantes,Ligue 1,27,1996,6,6,540,6.0,0,0,0,0,0,0,1,0,0.0,0.0,0.0,0.0,0.0,0.0,0.0,0.0,0.0,0.0,0.0,0.0,0.0,0.0,0.0,0.0,0.0
Mikkel Desler,DEN,DF,Toulouse,Ligue 1,28,1995,24,19,1544,17.2,0,1,1,0,0,0,2,0,1.1,1.0,0.7,1.7,30.0,81.0,96.0,0.0,0.06,0.06,0.0,0.06,0.06,0.04,0.1,0.06,0.1
Arthur Desmas,FRA,GK,Le Havre,Ligue 1,29,1994,33,33,2970,33.0,0,0,0,0,0,0,2,0,0.0,0.0,0.4,0.4,0.0,0.0,0.0,0.0,0.0,0.0,0.0,0.0,0.0,0.01,0.01,0.0,0.01
Michele Di Gregorio,ITA,GK,Monza,Serie A,26,1997,33,33,2872,31.9,0,0,0,0,0,0,0,0,0.0,0.0,0.0,0.0,0.0,1.0,0.0,0.0,0.0,0.0,0.0,0.0,0.0,0.0,0.0,0.0,0.0
Giovanni Di Lorenzo,ITA,DF,Napoli,Serie A,29,1993,36,36,3234,35.9,1,6,7,1,0,0,6,0,3.1,3.1,4.9,8.0,95.0,304.0,250.0,0.03,0.17,0.19,0.03,0.19,0.09,0.14,0.22,0.09,0.22
Boulaye Dia,SEN,FW,Salernitana,Serie A,26,1996,17,12,1143,12.7,4,0,4,3,1,1,1,0,3.9,3.1,0.5,3.6,18.0,22.0,57.0,0.31,0.0,0.31,0.24,0.24,0.31,0.04,0.35,0.24,0.28
Moussa Diaby,FRA,FW,Aston Villa,Premier League,24,1999,38,25,2174,24.2,6,8,14,6,0,0,1,0,7.0,7.0,6.6,13.6,94.0,72.0,183.0,0.25,0.33,0.58,0.25,0.58,0.29,0.27,0.56,0.29,0.56
Mouctar Diakhaby,GUI,DF,Valencia,La Liga,26,1996,14,12,1073,11.9,1,0,1,1,0,0,6,0,0.7,0.7,0.0,0.8,7.0,29.0,1.0,0.08,0.0,0.08,0.08,0.08,0.06,0.0,0.06,0.06,0.06
Bafodé Diakité,FRA,DF,Lille,Ligue 1,22,2001,21,19,1696,18.8,5,2,7,5,0,0,4,0,2.0,2.0,1.4,3.5,15.0,95.0,16.0,0.27,0.11,0.37,0.27,0.37,0.11,0.08,0.19,0.11,0.19
Oumar Diakité,CIV,FW,Reims,Ligue 1,19,2003,28,18,1585,17.6,5,1,6,5,0,1,4,0,7.0,6.2,1.3,7.5,29.0,28.0,107.0,0.28,0.06,0.34,0.28,0.34,0.4,0.07,0.47,0.35,0.43
Assane Diao,ESP,FW,Betis,La Liga,17,2005,18,13,1048,11.6,2,0,2,2,0,0,4,0,2.5,2.5,0.7,3.2,33.0,20.0,101.0,0.17,0.0,0.17,0.17,0.17,0.21,0.06,0.28,0.21,0.28
Habib Diarra,SEN,MF,Strasbourg,Ligue 1,19,2004,31,28,2305,25.6,3,1,4,2,1,1,3,0,3.4,2.7,1.3,3.9,59.0,107.0,88.0,0.12,0.04,0.16,0.08,0.12,0.13,0.05,0.18,0.1,0.15
Moussa Diarra,MLI,DF,Toulouse,Ligue 1,22,2000,22,15,1397,15.5,1,2,3,1,0,0,5,0,0.5,0.5,1.1,1.6,18.0,70.0,12.0,0.06,0.13,0.19,0.06,0.19,0.03,0.07,0.1,0.03,0.1
Rúben Dias,POR,DF,Manchester City,Premier League,26,1997,30,28,2559,28.4,0,0,0,0,0,0,0,0,1.4,1.4,0.3,1.7,34.0,173.0,16.0,0.0,0.0,0.0,0.0,0.0,0.05,0.01,0.06,0.05,0.06
Krépin Diatta,SEN,DF,Monaco,Ligue 1,24,1999,26,12,1206,13.4,0,2,2,0,0,0,2,0,0.5,0.5,1.8,2.3,48.0,80.0,95.0,0.0,0.15,0.15,0.0,0.15,0.04,0.13,0.17,0.04,0.17
Mory Diaw,SEN,GK,Clermont Foot,Ligue 1,30,1993,30,30,2700,30.0,0,0,0,0,0,0,3,0,0.0,0.0,0.1,0.1,0.0,1.0,0.0,0.0,0.0,0.0,0.0,0.0,0.0,0.0,0.0,0.0,0.0
Brahim Díaz,MAR,FW,Real Madrid,La Liga,23,1999,31,18,1545,17.2,8,6,14,8,0,0,0,0,5.7,5.7,4.4,10.1,76.0,75.0,166.0,0.47,0.35,0.82,0.47,0.82,0.33,0.26,0.59,0.33,0.59
Luis Díaz,COL,FW,Liverpool,Premier League,26,1997,37,32,2629,29.2,8,5,13,8,0,0,3,0,11.9,11.9,5.7,17.5,137.0,113.0,302.0,0.27,0.17,0.45,0.27,0.45,0.41,0.19,0.6,0.41,0.6
Bamba Dieng,SEN,FW,Lorient,Ligue 1,23,2000,16,5,549,6.1,4,1,5,4,0,0,3,0,3.2,3.2,1.6,4.8,5.0,4.0,44.0,0.66,0.16,0.82,0.66,0.82,0.53,0.27,0.79,0.53,0.79
Eric Dier,ENG,DF,Bayern Munich,Bundesliga,29,1994,15,13,1166,13.0,0,0,0,0,0,0,1,0,0.7,0.7,0.1,0.7,8.0,53.0,1.0,0.0,0.0,0.0,0.0,0.0,0.05,0.01,0.06,0.05,0.06
Lucas Digne,FRA,DF,Aston Villa,Premier League,30,1993,33,27,2410,26.8,1,3,4,1,0,0,7,0,1.1,1.1,4.1,5.2,42.0,77.0,200.0,0.04,0.11,0.15,0.04,0.15,0.04,0.15,0.19,0.04,0.19
Federico Dimarco,ITA,DF,Inter,Serie A,25,1997,30,29,2077,23.1,5,6,11,5,0,0,0,0,2.9,2.7,8.5,11.1,51.0,100.0,198.0,0.22,0.26,0.48,0.22,0.48,0.13,0.37,0.49,0.12,0.48
Stole Dimitrievski,MKD,GK,Rayo Vallecano,La Liga,29,1993,37,37,3330,37.0,0,0,0,0,0,0,2,0,0.0,0.0,0.1,0.1,0.0,0.0,0.0,0.0,0.0,0.0,0.0,0.0,0.0,0.0,0.0,0.0,0.0
Junior Dina Ebimbe,FRA,MF,Eint Frankfurt,Bundesliga,22,2000,31,25,1956,21.7,5,3,8,5,0,0,5,0,5.0,5.0,2.9,7.9,57.0,79.0,157.0,0.23,0.14,0.37,0.23,0.37,0.23,0.13,0.36,0.23,0.36
Eren Dinkçi,GER,FW,Heidenheim,Bundesliga,21,2001,33,33,2650,29.4,10,5,15,10,0,0,8,0,4.3,4.3,3.7,8.0,85.0,89.0,143.0,0.34,0.17,0.51,0.34,0.51,0.15,0.13,0.27,0.15,0.27
Sinaly Diomande,CIV,DF,Lyon,Ligue 1,22,2001,10,10,889,9.9,0,0,0,0,0,0,2,0,1.0,1.0,0.7,1.7,5.0,43.0,0.0,0.0,0.0,0.0,0.0,0.0,0.1,0.07,0.17,0.1,0.17
Issa Diop,FRA,DF,Fulham,Premier League,26,1997,18,16,1424,15.8,0,0,0,0,0,0,4,1,0.3,0.3,0.0,0.3,11.0,66.0,1.0,0.0,0.0,0.0,0.0,0.0,0.02,0.0,0.02,0.02,0.02
Sofiane Diop,FRA,FW,Nice,Ligue 1,23,2000,10,6,499,5.5,0,0,0,0,0,0,0,0,1.2,1.2,0.8,2.0,20.0,17.0,43.0,0.0,0.0,0.0,0.0,0.0,0.22,0.14,0.36,0.22,0.36
Andy Diouf,FRA,MF,Lens,Ligue 1,20,2003,25,16,1314,14.6,1,0,1,1,0,0,2,0,1.5,1.5,1.1,2.6,63.0,80.0,55.0,0.07,0.0,0.07,0.07,0.07,0.1,0.08,0.18,0.1,0.18
Yehvann Diouf,FRA,GK,Reims,Ligue 1,23,1999,34,34,3060,34.0,0,0,0,0,0,0,1,0,0.0,0.0,0.0,0.0,0.0,3.0,0.0,0.0,0.0,0.0,0.0,0.0,0.0,0.0,0.0,0.0,0.0
Axel Disasi,FRA,DF,Chelsea,Premier League,25,1998,31,29,2579,28.7,2,0,2,2,0,0,6,0,2.4,2.4,0.3,2.7,30.0,112.0,21.0,0.07,0.0,0.07,0.07,0.07,0.08,0.01,0.09,0.08,0.09
Djené,TOG,DF,Getafe,La Liga,31,1991,33,30,2484,27.6,0,0,0,0,0,0,14,1,0.1,0.1,0.3,0.4,13.0,98.0,19.0,0.0,0.0,0.0,0.0,0.0,0.0,0.01,0.02,0.0,0.02
Koffi Djidji,CIV,DF,Torino,Serie A,30,1992,13,8,759,8.4,0,0,0,0,0,0,2,0,0.1,0.1,0.0,0.1,4.0,19.0,3.0,0.0,0.0,0.0,0.0,0.0,0.01,0.0,0.01,0.01,0.01
Berat Djimsiti,ALB,DF,Atalanta,Serie A,30,1993,37,32,2832,31.5,0,1,1,0,0,0,5,0,0.8,0.8,0.7,1.5,6.0,79.0,10.0,0.0,0.03,0.03,0.0,0.03,0.03,0.02,0.05,0.03,0.05
Marko Dmitrović,SRB,GK,Sevilla,La Liga,31,1992,13,13,1170,13.0,0,0,0,0,0,0,1,0,0.0,0.0,0.0,0.0,0.0,1.0,0.0,0.0,0.0,0.0,0.0,0.0,0.0,0.0,0.0,0.0,0.0
Ritsu Doan,JPN,DF,Freiburg,Bundesliga,25,1998,30,26,2246,25.0,7,2,9,7,0,0,2,0,5.0,5.0,3.1,8.1,49.0,78.0,139.0,0.28,0.08,0.36,0.28,0.36,0.2,0.12,0.32,0.2,0.32
Dodô,BRA,DF,Fiorentina,Serie A,24,1998,9,7,523,5.8,0,0,0,0,0,0,0,0,0.1,0.1,0.8,0.9,20.0,39.0,21.0,0.0,0.0,0.0,0.0,0.0,0.01,0.13,0.15,0.01,0.15
Danilho Doekhi,NED,DF,Union Berlin,Bundesliga,25,1998,24,24,2160,24.0,2,0,2,2,0,0,2,0,1.2,1.2,0.2,1.3,7.0,65.0,6.0,0.08,0.0,0.08,0.08,0.08,0.05,0.01,0.06,0.05,0.06
Matt Doherty,IRL,DF,Wolves,Premier League,31,1992,30,9,1150,12.8,1,0,1,1,0,0,2,0,0.8,0.8,1.3,2.2,12.0,31.0,64.0,0.08,0.0,0.08,0.08,0.08,0.07,0.1,0.17,0.07,0.17
Josh Doig,SCO,DF,Hellas Verona,Serie A,21,2002,12,11,830,9.2,0,0,0,0,0,0,2,0,0.2,0.2,0.3,0.5,23.0,15.0,22.0,0.0,0.0,0.0,0.0,0.0,0.02,0.04,0.06,0.02,0.06
Josh Doig,SCO,DF,Sassuolo,Serie A,21,2002,16,15,1343,14.9,0,2,2,0,0,0,5,0,0.2,0.2,1.1,1.3,30.0,33.0,45.0,0.0,0.13,0.13,0.0,0.13,0.01,0.08,0.09,0.01,0.09
Jeremy Doku,BEL,FW,Manchester City,Premier League,21,2002,29,18,1595,17.7,3,8,11,3,0,0,3,0,2.5,2.5,4.6,7.1,218.0,57.0,295.0,0.17,0.45,0.62,0.17,0.62,0.14,0.26,0.4,0.14,0.4
Carlos Dominguez,ESP,DF,Celta Vigo,La Liga,22,2001,22,18,1584,17.6,0,0,0,0,0,0,2,0,0.3,0.3,0.1,0.4,11.0,63.0,3.0,0.0,0.0,0.0,0.0,0.0,0.02,0.01,0.02,0.02,0.02
Nicolás Domínguez,ARG,MF,Nott'ham Forest,Premier League,25,1998,26,19,1495,16.6,2,2,4,2,0,0,4,0,1.3,1.3,1.0,2.3,14.0,91.0,43.0,0.12,0.12,0.24,0.12,0.24,0.08,0.06,0.14,0.08,0.14
Gianluigi Donnarumma,ITA,GK,Paris S-G,Ligue 1,24,1999,25,25,2169,24.1,0,0,0,0,0,0,3,1,0.0,0.0,0.0,0.0,0.0,0.0,0.0,0.0,0.0,0.0,0.0,0.0,0.0,0.0,0.0,0.0,0.0
Patrick Dorgu,DEN,DF,Lecce,Serie A,18,2004,32,17,1564,17.4,2,0,2,2,0,0,6,0,2.0,2.0,1.6,3.6,37.0,49.0,86.0,0.12,0.0,0.12,0.12,0.12,0.11,0.09,0.21,0.11,0.21
Niklas Dorsch,GER,MF,Augsburg,Bundesliga,25,1998,21,16,1386,15.4,0,0,0,0,0,0,5,0,0.7,0.7,0.1,0.8,12.0,47.0,12.0,0.0,0.0,0.0,0.0,0.0,0.04,0.01,0.05,0.04,0.05
Alberto Dossena,ITA,DF,Cagliari,Serie A,24,1998,35,33,2977,33.1,2,4,6,2,0,0,5,0,2.2,2.2,2.1,4.3,9.0,89.0,2.0,0.06,0.12,0.18,0.06,0.18,0.07,0.06,0.13,0.07,0.13
Carlos Dotor,ESP,MF,Celta Vigo,La Liga,22,2001,17,7,708,7.9,0,0,0,0,0,0,2,0,0.2,0.2,0.1,0.3,3.0,30.0,12.0,0.0,0.0,0.0,0.0,0.0,0.02,0.02,0.04,0.02,0.04
Abdoulaye Doucouré,MLI,FW,Everton,Premier League,30,1993,32,32,2629,29.2,7,1,8,7,0,0,7,0,8.8,8.8,2.9,11.6,55.0,97.0,140.0,0.24,0.03,0.27,0.24,0.27,0.3,0.1,0.4,0.3,0.4
Cheick Doucouré,MLI,MF,Crystal Palace,Premier League,23,2000,11,11,919,10.2,0,0,0,0,0,0,2,0,0.3,0.3,0.7,1.0,9.0,49.0,5.0,0.0,0.0,0.0,0.0,0.0,0.03,0.07,0.1,0.03,0.1
Désiré Doué,FRA,MF,Rennes,Ligue 1,18,2005,31,17,1626,18.1,4,4,8,4,0,0,3,0,2.4,2.4,3.7,6.1,78.0,121.0,172.0,0.22,0.22,0.44,0.22,0.44,0.13,0.21,0.34,0.13,0.34
Guela Doué,CIV,DF,Rennes,Ligue 1,20,2002,24,13,1234,13.7,0,2,2,0,0,0,1,1,0.5,0.5,1.1,1.6,41.0,53.0,85.0,0.0,0.15,0.15,0.0,0.15,0.04,0.08,0.12,0.04,0.12
Alfie Doughty,ENG,DF,Luton Town,Premier League,23,1999,37,34,2925,32.5,2,8,10,2,0,0,5,0,1.3,1.3,6.3,7.6,94.0,106.0,164.0,0.06,0.25,0.31,0.06,0.31,0.04,0.19,0.23,0.04,0.23
Douglas,BRA,MF,Nantes,Ligue 1,26,1997,25,22,1772,19.7,0,0,0,0,0,0,7,0,1.2,1.2,1.1,2.3,12.0,105.0,18.0,0.0,0.0,0.0,0.0,0.0,0.06,0.06,0.12,0.06,0.12
Ismaël Doukouré,FRA,MF,Strasbourg,Ligue 1,20,2003,22,19,1656,18.4,0,0,0,0,0,0,4,0,0.3,0.3,0.2,0.5,15.0,80.0,7.0,0.0,0.0,0.0,0.0,0.0,0.02,0.01,0.03,0.02,0.03
Kamory Doumbia,MLI,MF,Brest,Ligue 1,20,2003,25,7,879,9.8,6,5,11,6,0,0,1,0,4.2,4.2,0.9,5.0,22.0,48.0,43.0,0.61,0.51,1.13,0.61,1.13,0.43,0.09,0.52,0.43,0.52
Anastasios Douvikas,GRE,FW,Celta Vigo,La Liga,23,1999,32,7,905,10.1,7,1,8,7,0,0,2,0,4.6,4.6,1.3,5.9,10.0,13.0,53.0,0.7,0.1,0.8,0.7,0.8,0.46,0.13,0.59,0.46,0.59
Artem Dovbyk,UKR,FW,Girona,La Liga,26,1997,36,32,2587,28.7,24,8,32,17,7,8,2,0,24.2,17.9,6.2,24.1,18.0,26.0,118.0,0.83,0.28,1.11,0.59,0.87,0.84,0.21,1.05,0.62,0.84
Nikola Dovedan,AUT,MF,Heidenheim,Bundesliga,29,1994,21,5,656,7.3,3,1,4,3,0,0,0,1,1.9,1.9,0.6,2.6,12.0,22.0,25.0,0.41,0.14,0.55,0.41,0.55,0.26,0.09,0.35,0.26,0.35
Tommy Doyle,ENG,MF,Wolves,Premier League,21,2001,26,11,1222,13.6,0,0,0,0,0,0,2,0,0.4,0.4,0.4,0.9,21.0,81.0,17.0,0.0,0.0,0.0,0.0,0.0,0.03,0.03,0.06,0.03,0.06
Radu Drăgușin,ROU,DF,Genoa,Serie A,21,2002,19,19,1710,19.0,2,1,3,2,0,0,1,0,1.0,1.0,0.8,1.9,6.0,29.0,13.0,0.11,0.05,0.16,0.11,0.16,0.05,0.04,0.1,0.05,0.1
Dion Drena Beljo,CRO,FW,Augsburg,Bundesliga,21,2002,26,3,581,6.5,2,0,2,2,0,0,2,0,3.0,3.0,0.5,3.5,16.0,20.0,35.0,0.31,0.0,0.31,0.31,0.31,0.46,0.08,0.54,0.46,0.54
Tim Drexler,GER,DF,Hoffenheim,Bundesliga,18,2005,8,6,573,6.4,0,0,0,0,0,0,1,0,0.0,0.0,0.0,0.0,6.0,12.0,0.0,0.0,0.0,0.0,0.0,0.0,0.0,0.0,0.0,0.0,0.0
Domingos Duarte,POR,DF,Getafe,La Liga,28,1995,15,11,907,10.1,0,0,0,0,0,0,5,2,0.3,0.3,0.1,0.4,7.0,47.0,0.0,0.0,0.0,0.0,0.0,0.0,0.03,0.01,0.04,0.03,0.04
Rubén Duarte,ESP,DF,Alavés,La Liga,27,1995,28,21,1878,20.9,2,1,3,2,0,0,7,0,0.7,0.7,1.5,2.2,16.0,81.0,39.0,0.1,0.05,0.14,0.1,0.14,0.03,0.07,0.1,0.03,0.1
Martin Dúbravka,SVK,GK,Newcastle Utd,Premier League,34,1989,23,22,1985,22.1,0,0,0,0,0,0,1,0,0.0,0.0,0.1,0.1,0.0,0.0,0.0,0.0,0.0,0.0,0.0,0.0,0.0,0.0,0.0,0.0,0.0
Marvin Ducksch,GER,FW,Werder Bremen,Bundesliga,29,1994,33,32,2696,30.0,12,9,21,7,5,6,9,0,12.8,7.9,7.8,15.7,17.0,88.0,150.0,0.4,0.3,0.7,0.23,0.53,0.43,0.26,0.69,0.26,0.52
Ondrej Duda,SVK,MF,Hellas Verona,Serie A,28,1994,32,29,2456,27.3,1,4,5,1,0,1,14,2,2.2,1.4,3.3,4.7,34.0,117.0,47.0,0.04,0.15,0.18,0.04,0.18,0.08,0.12,0.2,0.05,0.17
Denzel Dumfries,NED,DF,Inter,Serie A,27,1996,31,19,1639,18.2,4,4,8,4,0,0,2,1,2.3,2.3,4.9,7.1,50.0,51.0,147.0,0.22,0.22,0.44,0.22,0.44,0.12,0.27,0.39,0.12,0.39
Alfred Duncan,GHA,MF,Fiorentina,Serie A,30,1993,30,24,1888,21.0,2,5,7,2,0,0,2,0,1.5,1.5,2.0,3.5,23.0,133.0,47.0,0.1,0.24,0.33,0.1,0.33,0.07,0.1,0.17,0.07,0.17
Lewis Dunk,ENG,DF,Brighton,Premier League,31,1991,33,33,2869,31.9,3,1,4,3,0,0,7,1,3.1,3.1,0.9,4.0,33.0,152.0,13.0,0.09,0.03,0.13,0.09,0.13,0.1,0.03,0.12,0.1,0.12
Jhon Durán,COL,FW,Aston Villa,Premier League,19,2003,23,3,475,5.3,5,0,5,5,0,0,5,0,2.0,2.0,0.3,2.3,9.0,9.0,25.0,0.95,0.0,0.95,0.95,0.95,0.38,0.06,0.44,0.38,0.44
Hugo Duro,ESP,FW,Valencia,La Liga,23,1999,37,35,2976,33.1,13,2,15,13,0,0,4,0,11.5,11.5,1.3,12.9,27.0,34.0,157.0,0.39,0.06,0.45,0.39,0.45,0.35,0.04,0.39,0.35,0.39
Jean-Kevin Duverne,HAI,DF,Nantes,Ligue 1,26,1997,19,15,1348,15.0,0,0,0,0,0,0,5,0,0.3,0.3,0.2,0.5,18.0,64.0,23.0,0.0,0.0,0.0,0.0,0.0,0.02,0.01,0.03,0.02,0.03
Paulo Dybala,ARG,FW,Roma,Serie A,29,1993,28,25,1959,21.8,13,9,22,6,7,7,3,0,10.6,5.1,4.3,9.4,79.0,122.0,167.0,0.6,0.41,1.01,0.28,0.69,0.49,0.2,0.68,0.23,0.43
Aron Dønnum,NOR,FW,Toulouse,Ligue 1,25,1998,27,19,1595,17.7,0,1,1,0,0,0,8,0,1.0,1.0,2.1,3.1,69.0,66.0,120.0,0.0,0.06,0.06,0.0,0.06,0.06,0.12,0.18,0.06,0.18
Festy Ebosele,IRL,DF,Udinese,Serie A,20,2002,31,20,1700,18.9,0,0,0,0,0,0,6,1,0.8,0.8,1.8,2.6,67.0,35.0,98.0,0.0,0.0,0.0,0.0,0.0,0.04,0.1,0.14,0.04,0.14
Tyronne Ebuehi,NGA,DF,Empoli,Serie A,27,1995,15,11,1099,12.2,0,1,1,0,0,0,0,0,0.3,0.3,0.9,1.2,34.0,37.0,35.0,0.0,0.08,0.08,0.0,0.08,0.02,0.07,0.1,0.02,0.1
Ederson,BRA,GK,Manchester City,Premier League,29,1993,33,33,2785,30.9,0,0,0,0,0,0,5,0,0.0,0.0,0.1,0.1,0.0,4.0,0.0,0.0,0.0,0.0,0.0,0.0,0.0,0.0,0.0,0.0,0.0
Éderson,BRA,MF,Atalanta,Serie A,24,1999,36,32,2869,31.9,6,1,7,6,0,0,8,0,3.5,3.5,1.4,4.9,32.0,214.0,50.0,0.19,0.03,0.22,0.19,0.22,0.11,0.04,0.15,0.11,0.15
Odsonne Édouard,FRA,FW,Crystal Palace,Premier League,25,1998,30,17,1555,17.3,7,0,7,7,0,0,4,0,6.2,6.2,1.2,7.4,33.0,36.0,100.0,0.41,0.0,0.41,0.41,0.41,0.36,0.07,0.43,0.36,0.43
John Egan,IRL,DF,Sheffield Utd,Premier League,30,1992,6,6,482,5.4,0,0,0,0,0,0,2,0,0.2,0.2,0.0,0.2,0.0,5.0,1.0,0.0,0.0,0.0,0.0,0.0,0.03,0.0,0.03,0.03,0.03
Maximilian Eggestein,GER,MF,Freiburg,Bundesliga,26,1996,33,33,2914,32.4,1,2,3,1,0,0,6,0,2.4,2.4,2.8,5.2,42.0,162.0,72.0,0.03,0.06,0.09,0.03,0.09,0.07,0.09,0.16,0.07,0.16
Kingsley Ehizibue,NED,DF,Udinese,Serie A,28,1995,23,11,955,10.6,0,1,1,0,0,0,4,0,1.3,1.3,0.7,2.0,18.0,15.0,44.0,0.0,0.09,0.09,0.0,0.09,0.12,0.07,0.19,0.12,0.19
Hugo Ekitike,FRA,FW,Eint Frankfurt,Bundesliga,21,2002,14,7,716,8.0,4,2,6,4,0,0,3,0,2.4,2.4,1.7,4.1,16.0,9.0,60.0,0.5,0.25,0.75,0.5,0.75,0.3,0.21,0.51,0.3,0.51
Caleb Ekuban,GHA,FW,Genoa,Serie A,29,1994,29,10,1131,12.6,4,1,5,4,0,0,0,0,2.9,2.9,1.4,4.2,14.0,15.0,93.0,0.32,0.08,0.4,0.32,0.4,0.23,0.11,0.34,0.23,0.34
Anthony Elanga,SWE,FW,Nott'ham Forest,Premier League,21,2002,36,25,2433,27.0,5,9,14,5,0,0,1,0,6.6,6.6,6.7,13.3,98.0,49.0,196.0,0.18,0.33,0.52,0.18,0.52,0.24,0.25,0.49,0.24,0.49
Simon Elisor,FRA,FW,Metz,Ligue 1,24,1999,14,9,767,8.5,1,0,1,1,0,1,1,0,2.3,1.5,0.9,2.4,9.0,14.0,43.0,0.12,0.0,0.12,0.12,0.12,0.27,0.11,0.38,0.18,0.29
Harvey Elliott,ENG,MF,Liverpool,Premier League,20,2003,34,11,1352,15.0,3,6,9,3,0,0,2,0,2.7,2.7,3.5,6.2,44.0,128.0,122.0,0.2,0.4,0.6,0.2,0.6,0.18,0.23,0.42,0.18,0.42
Aritz Elustondo,ESP,DF,Real Sociedad,La Liga,29,1994,15,7,812,9.0,0,1,1,0,0,0,2,0,0.3,0.3,0.6,0.9,4.0,31.0,2.0,0.0,0.11,0.11,0.0,0.11,0.03,0.07,0.1,0.03,0.1
Nico Elvedi,SUI,DF,Gladbach,Bundesliga,26,1996,30,28,2482,27.6,2,1,3,2,0,0,5,0,1.6,1.6,0.1,1.7,37.0,109.0,6.0,0.07,0.04,0.11,0.07,0.11,0.06,0.0,0.06,0.06,0.06
Adri Embarba,ESP,FW,Almería,La Liga,31,1992,36,29,2476,27.5,3,2,5,2,1,1,5,0,4.3,3.5,4.4,8.0,94.0,58.0,167.0,0.11,0.07,0.18,0.07,0.15,0.16,0.16,0.32,0.13,0.29
Emanuel Emegha,NED,FW,Strasbourg,Ligue 1,20,2003,28,23,2078,23.1,8,1,9,8,0,1,3,0,10.8,10.0,0.4,10.4,24.0,11.0,115.0,0.35,0.04,0.39,0.35,0.39,0.47,0.02,0.49,0.43,0.45
Emerson,BRA,DF,Tottenham,Premier League,24,1999,22,11,1161,12.9,1,0,1,1,0,0,4,0,0.2,0.2,0.4,0.6,21.0,57.0,35.0,0.08,0.0,0.08,0.08,0.08,0.02,0.03,0.05,0.02,0.05
Youssef En-Nesyri,MAR,FW,Sevilla,La Liga,26,1997,33,28,2570,28.6,16,2,18,15,1,1,4,0,10.8,10.0,1.3,11.3,17.0,17.0,81.0,0.56,0.07,0.63,0.53,0.6,0.38,0.04,0.42,0.35,0.4
Julio Enciso,PAR,MF,Brighton,Premier League,19,2004,12,5,475,5.3,0,2,2,0,0,0,2,0,1.4,1.4,1.7,3.2,28.0,21.0,29.0,0.0,0.38,0.38,0.0,0.38,0.27,0.32,0.59,0.27,0.59
Wataru Endo,JPN,MF,Liverpool,Premier League,30,1993,29,20,1722,19.1,1,0,1,1,0,0,10,0,0.5,0.5,1.7,2.3,10.0,101.0,21.0,0.05,0.0,0.05,0.05,0.05,0.03,0.09,0.12,0.03,0.12
Arne Engels,BEL,MF,Augsburg,Bundesliga,19,2003,32,13,1405,15.6,3,2,5,3,0,0,1,1,1.8,1.8,1.2,3.0,23.0,52.0,62.0,0.19,0.13,0.32,0.19,0.32,0.12,0.08,0.19,0.12,0.19
Christian Eriksen,DEN,MF,Manchester Utd,Premier League,31,1992,22,12,1141,12.7,1,2,3,1,0,0,1,0,1.0,1.0,2.3,3.3,20.0,68.0,23.0,0.08,0.16,0.24,0.08,0.24,0.08,0.18,0.26,0.08,0.26
Martin Erlic,CRO,DF,Sassuolo,Serie A,25,1998,32,31,2618,29.1,1,0,1,1,0,0,5,0,1.0,1.0,0.0,1.0,19.0,78.0,11.0,0.03,0.0,0.03,0.03,0.03,0.03,0.0,0.03,0.03,0.03
Gonzalo Escalante,ARG,MF,Cádiz,La Liga,30,1993,25,18,1697,18.9,1,2,3,1,0,0,2,1,1.9,1.9,1.7,3.6,4.0,66.0,14.0,0.05,0.11,0.16,0.05,0.16,0.1,0.09,0.19,0.1,0.19
Alfonso Espino,URU,DF,Rayo Vallecano,La Liga,31,1992,31,29,2507,27.9,0,1,1,0,0,0,9,0,1.0,1.0,2.8,3.8,41.0,113.0,89.0,0.0,0.04,0.04,0.0,0.04,0.04,0.1,0.14,0.04,0.14
Maxime Estève,FRA,DF,Burnley,Premier League,21,2002,16,15,1309,14.5,0,0,0,0,0,0,6,0,0.3,0.3,0.0,0.3,15.0,40.0,3.0,0.0,0.0,0.0,0.0,0.0,0.02,0.0,0.02,0.02,0.02
Maxime Estève,FRA,DF,Montpellier,Ligue 1,21,2002,12,12,995,11.1,1,1,2,1,0,0,2,0,0.2,0.2,0.3,0.5,8.0,23.0,10.0,0.09,0.09,0.18,0.09,0.18,0.02,0.02,0.04,0.02,0.04
Pervis Estupiñán,ECU,DF,Brighton,Premier League,25,1998,19,15,1243,13.8,2,3,5,2,0,0,4,0,1.0,1.0,3.5,4.4,47.0,83.0,88.0,0.14,0.22,0.36,0.14,0.36,0.07,0.25,0.32,0.07,0.32
Jonny Evans,NIR,DF,Manchester Utd,Premier League,35,1988,23,15,1392,15.5,0,1,1,0,0,0,2,0,0.1,0.1,1.2,1.2,7.0,37.0,1.0,0.0,0.06,0.06,0.0,0.06,0.0,0.08,0.08,0.0,0.08
Eberechi Eze,ENG,MF,Crystal Palace,Premier League,25,1998,27,24,2055,22.8,11,4,15,10,1,1,3,0,9.1,8.3,5.2,13.5,68.0,93.0,139.0,0.48,0.18,0.66,0.44,0.61,0.4,0.23,0.62,0.36,0.59
Abde Ezzalzouli,MAR,FW,Betis,La Liga,21,2001,26,6,865,9.6,1,0,1,1,0,1,1,0,3.0,2.2,0.3,2.5,57.0,25.0,89.0,0.1,0.0,0.1,0.1,0.1,0.31,0.03,0.34,0.23,0.26
Giovanni Fabbian,ITA,MF,Bologna,Serie A,20,2003,27,11,1057,11.7,5,2,7,5,0,0,4,0,4.2,4.2,1.9,6.0,11.0,17.0,41.0,0.43,0.17,0.6,0.43,0.6,0.35,0.16,0.51,0.35,0.51
Łukasz Fabiański,POL,GK,West Ham,Premier League,38,1985,10,7,721,8.0,0,0,0,0,0,0,0,0,0.0,0.0,0.0,0.0,0.0,1.0,0.0,0.0,0.0,0.0,0.0,0.0,0.0,0.0,0.0,0.0,0.0
Romain Faivre,FRA,MF,Lorient,Ligue 1,25,1998,17,16,1453,16.1,5,1,6,5,0,0,1,0,2.8,2.8,1.7,4.5,68.0,102.0,78.0,0.31,0.06,0.37,0.31,0.37,0.17,0.1,0.28,0.17,0.28
Wladimiro Falcone,ITA,GK,Lecce,Serie A,28,1995,38,38,3420,38.0,0,0,0,0,0,0,0,0,0.0,0.0,0.2,0.2,0.0,1.0,0.0,0.0,0.0,0.0,0.0,0.0,0.0,0.0,0.0,0.0,0.0
Fali,ESP,DF,Cádiz,La Liga,29,1993,30,30,2547,28.3,0,0,0,0,0,0,12,0,0.8,0.8,0.1,0.9,16.0,82.0,10.0,0.0,0.0,0.0,0.0,0.0,0.03,0.0,0.03,0.03,0.03
Davide Faraoni,ITA,DF,Hellas Verona,Serie A,31,1991,11,7,602,6.7,0,1,1,0,0,0,5,0,0.4,0.4,0.4,0.8,13.0,28.0,31.0,0.0,0.15,0.15,0.0,0.15,0.06,0.05,0.11,0.06,0.11
Ansu Fati,ESP,MF,Brighton,Premier League,20,2002,19,3,521,5.8,2,0,2,2,0,0,2,0,3.4,3.4,0.8,4.2,16.0,28.0,50.0,0.35,0.0,0.35,0.35,0.35,0.59,0.14,0.73,0.59,0.73
Khalil Fayad,FRA,FW,Montpellier,Ligue 1,19,2004,23,11,1025,11.4,3,0,3,3,0,0,2,0,1.9,1.9,0.5,2.4,18.0,35.0,47.0,0.26,0.0,0.26,0.26,0.26,0.17,0.04,0.21,0.17,0.21
Federico Fazio,ARG,DF,Salernitana,Serie A,36,1987,17,15,1355,15.1,1,0,1,1,0,0,3,1,0.4,0.4,0.1,0.5,2.0,27.0,2.0,0.07,0.0,0.07,0.07,0.07,0.03,0.01,0.03,0.03,0.03
Jacopo Fazzini,ITA,MF,Empoli,Serie A,20,2003,31,14,1232,13.7,1,1,2,1,0,0,6,0,1.2,1.2,2.3,3.5,24.0,47.0,51.0,0.07,0.07,0.15,0.07,0.15,0.09,0.16,0.26,0.09,0.26
Peter Federico,DOM,MF,Valencia,La Liga,21,2002,15,5,649,7.2,0,0,0,0,0,0,1,0,1.7,1.7,1.0,2.7,19.0,16.0,48.0,0.0,0.0,0.0,0.0,0.0,0.24,0.14,0.38,0.24,0.38
Nabil Fekir,FRA,MF,Betis,La Liga,30,1993,19,10,1049,11.7,1,2,3,1,0,0,1,0,2.2,2.2,2.3,4.6,32.0,67.0,77.0,0.09,0.17,0.26,0.09,0.26,0.19,0.2,0.39,0.19,0.39
João Félix,POR,FW,Barcelona,La Liga,23,1999,30,18,1540,17.1,7,3,10,7,0,0,3,0,8.7,8.7,3.1,11.9,69.0,68.0,169.0,0.41,0.18,0.58,0.41,0.58,0.51,0.18,0.69,0.51,0.69
Ohis Felix Uduokhai,GER,DF,Augsburg,Bundesliga,25,1997,33,33,2921,32.5,2,0,2,2,0,0,5,1,1.4,1.4,0.8,2.2,25.0,101.0,6.0,0.06,0.0,0.06,0.06,0.06,0.04,0.02,0.07,0.04,0.07
Kiko Femenía,ESP,DF,Villarreal,La Liga,32,1991,23,16,1583,17.6,0,0,0,0,0,0,8,1,0.0,0.0,0.6,0.6,46.0,100.0,45.0,0.0,0.0,0.0,0.0,0.0,0.0,0.04,0.04,0.0,0.04
Evan Ferguson,IRL,FW,Brighton,Premier League,18,2004,27,15,1367,15.2,6,0,6,6,0,0,1,0,4.6,4.6,0.5,5.1,13.0,15.0,62.0,0.4,0.0,0.4,0.4,0.4,0.3,0.04,0.34,0.3,0.34
Lewis Ferguson,SCO,MF,Bologna,Serie A,23,1999,31,31,2712,30.1,6,3,9,6,0,0,8,0,5.4,5.4,2.3,7.7,57.0,142.0,138.0,0.2,0.1,0.3,0.2,0.3,0.18,0.08,0.26,0.18,0.26
Bruno Fernandes,POR,MF,Manchester Utd,Premier League,28,1994,35,35,3118,34.6,10,8,18,6,4,5,9,0,10.0,6.1,11.8,17.8,86.0,297.0,182.0,0.29,0.23,0.52,0.17,0.4,0.29,0.34,0.63,0.18,0.51
Edimilson Fernandes,SUI,DF,Mainz 05,Bundesliga,27,1996,21,13,1290,14.3,0,2,2,0,0,0,4,0,0.5,0.5,0.7,1.3,9.0,53.0,9.0,0.0,0.14,0.14,0.0,0.14,0.04,0.05,0.09,0.04,0.09
Aitor Fernández,ESP,GK,Osasuna,La Liga,32,1991,7,6,551,6.1,0,0,0,0,0,0,2,0,0.0,0.0,0.0,0.0,0.0,1.0,0.0,0.0,0.0,0.0,0.0,0.0,0.0,0.0,0.0,0.0,0.0
Álex Fernández,ESP,MF,Cádiz,La Liga,30,1992,26,14,1285,14.3,0,1,1,0,0,0,3,0,0.3,0.3,0.8,1.0,11.0,52.0,26.0,0.0,0.07,0.07,0.0,0.07,0.02,0.05,0.07,0.02,0.07
Enzo Fernández,ARG,MF,Chelsea,Premier League,22,2001,28,26,2209,24.5,3,2,5,2,1,2,7,0,6.2,4.6,3.4,8.0,52.0,210.0,54.0,0.12,0.08,0.2,0.08,0.16,0.25,0.14,0.39,0.19,0.33
Valery Fernández,ESP,MF,Girona,La Liga,23,1999,27,2,506,5.6,2,0,2,2,0,0,1,0,0.7,0.7,0.8,1.5,20.0,12.0,54.0,0.36,0.0,0.36,0.36,0.36,0.12,0.14,0.26,0.12,0.26
Fernando,BRA,MF,Sevilla,La Liga,36,1987,8,5,459,5.1,0,0,0,0,0,0,0,0,0.0,0.0,0.3,0.3,5.0,24.0,7.0,0.0,0.0,0.0,0.0,0.0,0.0,0.06,0.06,0.0,0.06
André Ferreira,POR,GK,Granada,La Liga,27,1996,15,14,1340,14.9,0,0,0,0,0,0,1,0,0.0,0.0,0.0,0.0,0.0,0.0,0.0,0.0,0.0,0.0,0.0,0.0,0.0,0.0,0.0,0.0,0.0
João Ferreira,POR,DF,Udinese,Serie A,22,2001,35,18,1822,20.2,0,1,1,0,0,0,9,0,0.1,0.1,0.9,1.0,19.0,61.0,45.0,0.0,0.05,0.05,0.0,0.05,0.01,0.05,0.05,0.01,0.05
Jordan Ferri,FRA,MF,Montpellier,Ligue 1,31,1992,30,23,2031,22.6,1,1,2,1,0,0,6,0,0.6,0.6,1.9,2.5,37.0,173.0,68.0,0.04,0.04,0.09,0.04,0.09,0.03,0.09,0.11,0.03,0.11
Max Finkgräfe,GER,DF,Köln,Bundesliga,19,2004,24,18,1756,19.5,1,0,1,1,0,0,4,0,1.0,1.0,1.6,2.6,51.0,53.0,59.0,0.05,0.0,0.05,0.05,0.05,0.05,0.08,0.13,0.05,0.13
Mark Flekken,NED,GK,Brentford,Premier League,30,1993,37,37,3285,36.5,0,1,1,0,0,0,3,0,0.0,0.0,0.5,0.5,0.0,5.0,0.0,0.0,0.03,0.03,0.0,0.03,0.0,0.01,0.01,0.0,0.01
Alessandro Florenzi,ITA,DF,Milan,Serie A,32,1991,31,19,1732,19.2,1,4,5,1,0,0,5,0,1.7,1.7,3.4,5.1,29.0,106.0,50.0,0.05,0.21,0.26,0.05,0.26,0.09,0.18,0.26,0.09,0.26
Phil Foden,ENG,FW,Manchester City,Premier League,23,2000,35,33,2857,31.7,19,8,27,19,0,0,2,0,10.3,10.3,8.4,18.7,93.0,168.0,269.0,0.6,0.25,0.85,0.6,0.85,0.33,0.26,0.59,0.33,0.59
Wes Foderingham,ENG,GK,Sheffield Utd,Premier League,32,1991,30,29,2649,29.4,0,0,0,0,0,0,2,0,0.0,0.0,0.1,0.1,0.0,0.0,0.0,0.0,0.0,0.0,0.0,0.0,0.0,0.0,0.0,0.0,0.0
Malick Fofana,BEL,FW,Lyon,Ligue 1,18,2005,17,4,559,6.2,3,0,3,3,0,0,0,0,1.8,1.8,0.5,2.4,26.0,10.0,60.0,0.48,0.0,0.48,0.48,0.48,0.29,0.09,0.38,0.29,0.38
Youssouf Fofana,FRA,MF,Monaco,Ligue 1,24,1999,32,31,2697,30.0,4,4,8,4,0,0,3,0,5.0,5.0,3.4,8.4,53.0,249.0,86.0,0.13,0.13,0.27,0.13,0.27,0.17,0.11,0.28,0.17,0.28
Jonas Föhrenbach,GER,DF,Heidenheim,Bundesliga,27,1996,33,32,2788,31.0,0,0,0,0,0,0,2,0,0.5,0.5,0.8,1.3,44.0,96.0,69.0,0.0,0.0,0.0,0.0,0.0,0.02,0.03,0.04,0.02,0.04
Thomas Foket,BEL,DF,Reims,Ligue 1,28,1994,27,22,1833,20.4,0,1,1,0,0,0,9,1,0.2,0.2,0.9,1.1,24.0,65.0,84.0,0.0,0.05,0.05,0.0,0.05,0.01,0.04,0.05,0.01,0.05
Michael Folorunsho,ITA,MF,Hellas Verona,Serie A,25,1998,34,33,2781,30.9,5,1,6,5,0,0,5,0,4.0,3.9,1.4,5.3,56.0,54.0,110.0,0.16,0.03,0.19,0.16,0.19,0.13,0.04,0.17,0.13,0.17
Pablo Fornals,ESP,FW,Betis,La Liga,27,1996,15,14,1148,12.8,3,2,5,3,0,0,2,0,1.8,1.8,1.6,3.4,37.0,89.0,82.0,0.24,0.16,0.39,0.24,0.39,0.14,0.13,0.27,0.14,0.27
Emil Forsberg,SWE,MF,RB Leipzig,Bundesliga,31,1991,14,5,464,5.2,2,1,3,2,0,1,0,0,1.4,0.6,0.9,1.5,8.0,22.0,38.0,0.39,0.19,0.58,0.39,0.58,0.27,0.17,0.44,0.11,0.28
Lyle Foster,RSA,FW,Burnley,Premier League,22,2000,24,22,1899,21.1,5,3,8,5,0,0,0,1,4.5,4.5,1.9,6.4,55.0,37.0,104.0,0.24,0.14,0.38,0.24,0.38,0.21,0.09,0.3,0.21,0.3
Dimitri Foulquier,FRA,DF,Valencia,La Liga,30,1993,33,19,1842,20.5,0,0,0,0,0,0,3,0,0.6,0.6,1.2,1.8,42.0,72.0,64.0,0.0,0.0,0.0,0.0,0.0,0.03,0.06,0.09,0.03,0.09
Juan Foyth,ARG,DF,Villarreal,La Liga,25,1998,12,12,1062,11.8,1,1,2,1,0,0,1,0,0.4,0.4,0.9,1.3,19.0,51.0,28.0,0.08,0.08,0.17,0.08,0.17,0.03,0.08,0.11,0.03,0.11
Bartol Franjić,CRO,MF,Darmstadt 98,Bundesliga,23,2000,20,14,1229,13.7,0,1,1,0,0,0,5,0,0.3,0.3,0.2,0.5,13.0,50.0,14.0,0.0,0.07,0.07,0.0,0.07,0.02,0.02,0.04,0.02,0.04
Przemysław Frankowski,POL,DF,Lens,Ligue 1,28,1995,30,24,2192,24.4,3,2,5,2,1,2,4,0,3.7,2.1,3.8,5.9,56.0,112.0,210.0,0.12,0.08,0.21,0.08,0.16,0.15,0.16,0.31,0.09,0.24
Davide Frattesi,ITA,MF,Inter,Serie A,23,1999,32,6,955,10.6,6,3,9,6,0,0,1,0,7.1,7.1,1.9,9.0,27.0,37.0,40.0,0.57,0.28,0.85,0.57,0.85,0.67,0.18,0.85,0.67,0.85
Morten Frendrup,DEN,MF,Genoa,Serie A,22,2001,37,36,3145,34.9,2,5,7,2,0,0,6,0,1.7,1.7,1.6,3.3,36.0,105.0,69.0,0.06,0.14,0.2,0.06,0.2,0.05,0.05,0.09,0.05,0.09
Remo Freuler,SUI,MF,Bologna,Serie A,31,1992,32,30,2624,29.2,1,1,2,1,0,0,9,0,1.2,1.2,1.1,2.3,37.0,165.0,48.0,0.03,0.03,0.07,0.03,0.07,0.04,0.04,0.08,0.04,0.08
Marco Friedl,AUT,DF,Werder Bremen,Bundesliga,25,1998,25,25,2197,24.4,1,0,1,1,0,0,6,0,0.2,0.2,0.1,0.3,4.0,59.0,2.0,0.04,0.0,0.04,0.04,0.04,0.01,0.0,0.01,0.01,0.01
Marvin Friedrich,GER,DF,Gladbach,Bundesliga,27,1995,24,17,1566,17.4,0,0,0,0,0,0,1,0,0.6,0.6,0.2,0.7,2.0,34.0,4.0,0.0,0.0,0.0,0.0,0.0,0.03,0.01,0.04,0.03,0.04
Jeremie Frimpong,NED,DF,Leverkusen,Bundesliga,22,2000,31,27,2251,25.0,9,7,16,9,0,0,6,0,8.2,8.2,5.9,14.0,153.0,49.0,348.0,0.36,0.28,0.64,0.36,0.64,0.33,0.23,0.56,0.33,0.56
Jorge de Frutos,ESP,FW,Rayo Vallecano,La Liga,26,1997,36,14,1549,17.2,2,0,2,2,0,0,1,0,2.6,2.6,1.4,4.0,42.0,40.0,144.0,0.12,0.0,0.12,0.12,0.12,0.15,0.08,0.23,0.15,0.23
Chris Führich,GER,FW,Stuttgart,Bundesliga,25,1998,34,33,2567,28.5,8,7,15,8,0,1,2,0,6.6,5.8,8.0,13.8,153.0,145.0,259.0,0.28,0.25,0.53,0.28,0.53,0.23,0.28,0.51,0.2,0.49
Angelo Fulgini,FRA,MF,Lens,Ligue 1,26,1996,29,16,1376,15.3,1,2,3,1,0,0,1,0,3.2,3.2,3.2,6.4,35.0,74.0,117.0,0.07,0.13,0.2,0.07,0.2,0.21,0.21,0.42,0.21,0.42
Niclas Füllkrug,GER,FW,Dortmund,Bundesliga,30,1993,29,27,2212,24.6,12,8,20,9,3,3,1,0,12.4,10.0,3.1,13.2,17.0,49.0,119.0,0.49,0.33,0.81,0.37,0.69,0.5,0.13,0.63,0.41,0.54
Matteo Gabbia,ITA,DF,Milan,Serie A,23,1999,18,14,1275,14.2,2,1,3,2,0,0,5,0,1.6,1.6,0.3,1.9,11.0,42.0,2.0,0.14,0.07,0.21,0.14,0.21,0.11,0.02,0.14,0.11,0.14
Matteo Gabbia,ITA,DF,Villarreal,La Liga,23,1999,7,6,477,5.3,0,0,0,0,0,0,2,0,0.0,0.0,0.1,0.1,1.0,9.0,0.0,0.0,0.0,0.0,0.0,0.0,0.0,0.02,0.02,0.0,0.02
Gianluca Gaetano,ITA,FW,Cagliari,Serie A,23,2000,11,10,745,8.3,4,1,5,3,1,1,1,1,1.3,0.5,1.3,1.8,17.0,41.0,42.0,0.48,0.12,0.6,0.36,0.48,0.15,0.16,0.31,0.06,0.22
Roberto Gagliardini,ITA,MF,Monza,Serie A,29,1994,33,29,2360,26.2,1,2,3,1,0,0,5,0,2.9,2.9,1.7,4.6,38.0,120.0,36.0,0.04,0.08,0.11,0.04,0.11,0.11,0.06,0.18,0.11,0.18
Cody Gakpo,NED,FW,Liverpool,Premier League,24,1999,35,17,1649,18.3,8,5,13,8,0,0,1,0,9.0,9.0,2.9,11.8,43.0,83.0,130.0,0.44,0.27,0.71,0.44,0.71,0.49,0.16,0.64,0.49,0.64
Javi Galán,ESP,DF,Real Sociedad,La Liga,28,1994,14,13,1075,11.9,0,1,1,0,0,0,3,0,0.1,0.1,0.7,0.8,46.0,45.0,70.0,0.0,0.08,0.08,0.0,0.08,0.01,0.06,0.07,0.01,0.07
Iñigo Ruiz de Galarreta,ESP,MF,Athletic Club,La Liga,29,1993,29,25,2091,23.2,1,1,2,1,0,0,7,0,0.3,0.3,2.3,2.6,26.0,147.0,36.0,0.04,0.04,0.09,0.04,0.09,0.01,0.1,0.11,0.01,0.11
Conor Gallagher,ENG,MF,Chelsea,Premier League,23,2000,37,37,3128,34.8,5,7,12,5,0,0,9,1,4.2,4.2,5.0,9.2,62.0,172.0,122.0,0.14,0.2,0.35,0.14,0.35,0.12,0.15,0.27,0.12,0.27
Antonino Gallo,ITA,DF,Lecce,Serie A,23,2000,35,30,2490,27.7,0,3,3,0,0,0,2,0,0.5,0.5,4.5,5.0,69.0,125.0,101.0,0.0,0.11,0.11,0.0,0.11,0.02,0.16,0.18,0.02,0.18
Cristian Gamboa,CRC,DF,Bochum,Bundesliga,33,1989,22,12,1187,13.2,0,1,1,0,0,0,6,0,0.1,0.1,0.5,0.6,12.0,33.0,16.0,0.0,0.08,0.08,0.0,0.08,0.01,0.04,0.04,0.01,0.04
Kévin Gameiro,FRA,FW,Strasbourg,Ligue 1,36,1987,27,15,1346,15.0,4,2,6,2,2,2,0,0,3.4,1.9,2.7,4.6,26.0,44.0,81.0,0.27,0.13,0.4,0.13,0.27,0.23,0.18,0.41,0.12,0.31
Idrissa Gana Gueye,SEN,MF,Everton,Premier League,33,1989,25,24,1884,20.9,4,0,4,4,0,0,8,0,1.3,1.3,1.1,2.4,29.0,83.0,41.0,0.19,0.0,0.19,0.19,0.19,0.06,0.05,0.12,0.06,0.12
Aleix García,ESP,MF,Girona,La Liga,26,1997,37,36,3199,35.5,3,6,9,3,0,0,4,1,1.8,1.8,5.5,7.3,58.0,294.0,52.0,0.08,0.17,0.25,0.08,0.25,0.05,0.16,0.21,0.05,0.21
Álvaro García,ESP,FW,Rayo Vallecano,La Liga,30,1992,32,30,2475,27.5,6,1,7,6,0,0,8,1,6.2,6.2,3.0,9.2,56.0,63.0,252.0,0.22,0.04,0.25,0.22,0.25,0.22,0.11,0.33,0.22,0.33
Dani García,ESP,MF,Athletic Club,La Liga,33,1990,17,7,745,8.3,1,0,1,1,0,0,4,0,0.8,0.8,0.2,1.0,3.0,36.0,4.0,0.12,0.0,0.12,0.12,0.12,0.1,0.03,0.12,0.1,0.12
David García,ESP,DF,Osasuna,La Liga,29,1994,27,27,2334,25.9,0,1,1,0,0,0,5,0,1.0,1.0,1.3,2.2,21.0,133.0,4.0,0.0,0.04,0.04,0.0,0.04,0.04,0.05,0.09,0.04,0.09
Eric García,ESP,DF,Girona,La Liga,22,2001,30,30,2637,29.3,5,0,5,5,0,0,4,0,2.8,2.8,0.5,3.4,45.0,221.0,18.0,0.17,0.0,0.17,0.17,0.17,0.1,0.02,0.12,0.1,0.12
Fran Garcia,ESP,DF,Real Madrid,La Liga,23,1999,25,15,1398,15.5,1,5,6,1,0,0,2,0,0.5,0.5,2.4,3.0,53.0,60.0,139.0,0.06,0.32,0.39,0.06,0.39,0.03,0.16,0.19,0.03,0.19
Francisco Jesús Crespo García,ESP,FW,Las Palmas,La Liga,27,1996,17,6,504,5.6,2,0,2,2,0,0,1,0,1.3,1.3,0.6,1.9,17.0,20.0,66.0,0.36,0.0,0.36,0.36,0.36,0.23,0.11,0.34,0.23,0.34
Rubén García,ESP,FW,Osasuna,La Liga,30,1993,30,19,1547,17.2,3,2,5,3,0,0,1,0,2.3,2.3,3.3,5.6,16.0,59.0,117.0,0.17,0.12,0.29,0.17,0.29,0.13,0.19,0.33,0.13,0.33
Ulisses Garcia,SUI,DF,Marseille,Ligue 1,27,1996,13,10,906,10.1,0,0,0,0,0,0,0,0,0.5,0.5,0.9,1.4,21.0,52.0,66.0,0.0,0.0,0.0,0.0,0.0,0.05,0.09,0.14,0.05,0.14
Unai García,ESP,DF,Osasuna,La Liga,31,1992,9,6,560,6.2,1,0,1,1,0,0,6,1,0.1,0.1,0.0,0.1,2.0,12.0,1.0,0.16,0.0,0.16,0.16,0.16,0.02,0.0,0.02,0.02,0.02
Alejandro Garnacho,ARG,FW,Manchester Utd,Premier League,19,2004,36,30,2565,28.5,7,4,11,7,0,0,4,0,8.4,8.3,5.1,13.4,178.0,62.0,281.0,0.25,0.14,0.39,0.25,0.39,0.29,0.18,0.47,0.29,0.47
James Garner,ENG,MF,Everton,Premier League,22,2001,37,34,3004,33.4,1,2,3,1,0,0,7,0,2.7,2.7,4.6,7.3,36.0,100.0,76.0,0.03,0.06,0.09,0.03,0.09,0.08,0.14,0.22,0.08,0.22
Luca Garritano,ITA,MF,Frosinone,Serie A,29,1994,12,5,485,5.4,0,0,0,0,0,0,1,0,0.7,0.7,0.3,1.0,6.0,23.0,23.0,0.0,0.0,0.0,0.0,0.0,0.13,0.06,0.19,0.13,0.19
Yarek Gasiorowski,ESP,DF,Valencia,La Liga,18,2005,14,7,735,8.2,0,0,0,0,0,0,1,0,0.0,0.0,0.0,0.0,4.0,15.0,10.0,0.0,0.0,0.0,0.0,0.0,0.0,0.0,0.0,0.0,0.0
Johan Gastien,FRA,MF,Clermont Foot,Ligue 1,35,1988,28,28,2260,25.1,0,0,0,0,0,0,7,0,0.3,0.3,2.4,2.7,21.0,168.0,21.0,0.0,0.0,0.0,0.0,0.0,0.01,0.1,0.11,0.01,0.11
Federico Gatti,ITA,DF,Juventus,Serie A,25,1998,32,30,2637,29.3,4,0,4,4,0,0,7,0,5.5,5.5,1.5,7.0,52.0,122.0,43.0,0.14,0.0,0.14,0.14,0.14,0.19,0.05,0.24,0.19,0.24
Gavi,ESP,MF,Barcelona,La Liga,18,2004,12,10,944,10.5,1,1,2,1,0,0,5,0,0.9,0.9,1.1,2.0,26.0,39.0,38.0,0.1,0.1,0.19,0.1,0.19,0.09,0.1,0.19,0.09,0.19
Paulo Gazzaniga,ARG,GK,Girona,La Liga,31,1992,38,38,3420,38.0,0,0,0,0,0,0,2,0,0.0,0.0,0.7,0.7,0.0,0.0,0.0,0.0,0.0,0.0,0.0,0.0,0.0,0.02,0.02,0.0,0.02
Yann Gboho,FRA,MF,Toulouse,Ligue 1,22,2001,16,13,1193,13.3,3,2,5,3,0,0,1,0,1.2,1.2,1.7,2.9,65.0,48.0,97.0,0.23,0.15,0.38,0.23,0.38,0.09,0.13,0.22,0.09,0.22
Gelabert,ESP,MF,Toulouse,Ligue 1,22,2000,16,10,754,8.4,1,2,3,1,0,0,1,0,0.8,0.8,1.3,2.1,14.0,33.0,57.0,0.12,0.24,0.36,0.12,0.36,0.09,0.16,0.25,0.09,0.25
Francesco Gelli,ITA,MF,Frosinone,Serie A,26,1996,27,16,1561,17.3,0,0,0,0,0,0,3,0,0.7,0.7,2.4,3.1,42.0,61.0,87.0,0.0,0.0,0.0,0.0,0.0,0.04,0.14,0.18,0.04,0.18
Valentin Gendrey,FRA,DF,Lecce,Serie A,23,2000,37,35,3044,33.8,2,3,5,2,0,0,5,0,1.6,1.6,1.6,3.2,76.0,116.0,86.0,0.06,0.09,0.15,0.06,0.15,0.05,0.05,0.1,0.05,0.1
Denis Genreau,AUS,MF,Toulouse,Ligue 1,24,1999,9,5,464,5.2,0,0,0,0,0,0,0,0,0.4,0.4,0.4,0.7,6.0,14.0,27.0,0.0,0.0,0.0,0.0,0.0,0.07,0.07,0.14,0.07,0.14
Yannick Gerhardt,GER,MF,Wolfsburg,Bundesliga,29,1994,25,18,1630,18.1,2,1,3,2,0,0,5,0,1.9,1.9,0.9,2.8,17.0,49.0,73.0,0.11,0.06,0.17,0.11,0.17,0.11,0.05,0.15,0.11,0.15
Saman Ghoddos,IRN,DF,Brentford,Premier League,29,1993,19,7,739,8.2,1,0,1,1,0,0,5,0,0.3,0.3,1.1,1.4,22.0,36.0,31.0,0.12,0.0,0.12,0.12,0.12,0.04,0.13,0.17,0.04,0.17
Lautaro Gianetti,ARG,DF,Udinese,Serie A,29,1993,7,7,630,7.0,1,0,1,1,0,0,4,0,0.4,0.4,0.1,0.4,2.0,4.0,0.0,0.14,0.0,0.14,0.14,0.14,0.06,0.01,0.06,0.06,0.06
Morgan Gibbs-White,ENG,MF,Nott'ham Forest,Premier League,23,2000,37,35,3156,35.1,5,10,15,4,1,1,9,0,6.9,6.1,8.4,14.6,80.0,170.0,181.0,0.14,0.29,0.43,0.11,0.4,0.2,0.24,0.44,0.17,0.42
Samuel Gigot,FRA,DF,Marseille,Ligue 1,29,1993,21,20,1726,19.2,3,0,3,3,0,0,7,1,2.4,2.4,0.9,3.3,10.0,54.0,8.0,0.16,0.0,0.16,0.16,0.16,0.12,0.04,0.17,0.12,0.17
Mario Gila,ESP,DF,Lazio,Serie A,22,2000,21,21,1809,20.1,0,0,0,0,0,0,4,1,0.5,0.5,0.5,1.0,21.0,93.0,12.0,0.0,0.0,0.0,0.0,0.0,0.03,0.02,0.05,0.03,0.05
Billy Gilmour,SCO,MF,Brighton,Premier League,22,2001,30,24,2120,23.6,0,1,1,0,0,0,8,1,1.0,1.0,2.0,3.0,39.0,193.0,33.0,0.0,0.04,0.04,0.0,0.04,0.04,0.09,0.13,0.04,0.13
Benedikt Gimber,GER,DF,Heidenheim,Bundesliga,26,1997,24,24,2021,22.5,1,1,2,1,0,0,9,0,1.4,1.4,1.1,2.5,3.0,25.0,6.0,0.04,0.04,0.09,0.04,0.09,0.06,0.05,0.11,0.06,0.11
Gvidas Gineitis,LTU,MF,Torino,Serie A,19,2004,14,4,538,6.0,0,0,0,0,0,0,2,0,0.4,0.4,0.5,0.9,9.0,25.0,12.0,0.0,0.0,0.0,0.0,0.0,0.07,0.08,0.15,0.07,0.15
Matthias Ginter,GER,DF,Freiburg,Bundesliga,29,1994,23,22,1913,21.3,0,2,2,0,0,0,3,0,1.4,1.4,1.4,2.8,23.0,136.0,20.0,0.0,0.09,0.09,0.0,0.09,0.07,0.06,0.13,0.07,0.13
Olivier Giroud,FRA,FW,Milan,Serie A,36,1986,35,28,2363,26.3,15,8,23,11,4,5,1,1,14.2,10.2,4.7,14.9,9.0,28.0,95.0,0.57,0.3,0.88,0.42,0.72,0.54,0.18,0.72,0.39,0.57
Jamie Gittens,ENG,FW,Dortmund,Bundesliga,18,2004,25,14,1058,11.8,1,4,5,1,0,0,1,0,2.2,2.2,2.8,5.0,64.0,26.0,105.0,0.09,0.34,0.43,0.09,0.43,0.19,0.24,0.43,0.19,0.43
Klaus Gjasula,ALB,DF,Darmstadt 98,Bundesliga,33,1989,22,17,1363,15.1,0,0,0,0,0,0,7,1,0.5,0.5,0.2,0.6,8.0,70.0,7.0,0.0,0.0,0.0,0.0,0.0,0.03,0.01,0.04,0.03,0.04
Ben Godfrey,ENG,DF,Everton,Premier League,25,1998,15,13,1120,12.4,0,0,0,0,0,0,2,0,1.7,1.7,0.3,2.0,11.0,43.0,26.0,0.0,0.0,0.0,0.0,0.0,0.14,0.02,0.16,0.14,0.16
Edoardo Goldaniga,ITA,DF,Cagliari,Serie A,29,1993,13,12,1011,11.2,0,0,0,0,0,0,3,0,0.5,0.5,0.1,0.7,9.0,50.0,3.0,0.0,0.0,0.0,0.0,0.0,0.05,0.01,0.06,0.05,0.06
Pierluigi Gollini,ITA,GK,Napoli,Serie A,28,1995,7,7,630,7.0,0,0,0,0,0,0,0,0,0.0,0.0,0.0,0.0,0.0,0.0,0.0,0.0,0.0,0.0,0.0,0.0,0.0,0.0,0.0,0.0,0.0
Aleksandr Golovin,RUS,MF,Monaco,Ligue 1,27,1996,25,25,2147,23.9,6,6,12,6,0,0,8,1,3.4,3.4,4.7,8.0,50.0,172.0,157.0,0.25,0.25,0.5,0.25,0.5,0.14,0.2,0.34,0.14,0.34
André Gomes,POR,MF,Everton,Premier League,30,1993,12,3,508,5.6,1,0,1,1,0,0,4,0,0.3,0.3,0.4,0.7,8.0,36.0,29.0,0.18,0.0,0.18,0.18,0.18,0.05,0.07,0.13,0.05,0.13
Angel Gomes,ENG,MF,Lille,Ligue 1,22,2000,31,29,2571,28.6,0,8,8,0,0,0,5,0,2.0,2.0,6.2,8.2,49.0,204.0,71.0,0.0,0.28,0.28,0.0,0.28,0.07,0.22,0.29,0.07,0.29
João Gomes,BRA,MF,Wolves,Premier League,22,2001,34,32,2649,29.4,2,1,3,2,0,0,11,0,1.7,1.7,1.1,2.8,28.0,101.0,44.0,0.07,0.03,0.1,0.07,0.1,0.06,0.04,0.1,0.06,0.1
Toti Gomes,POR,DF,Wolves,Premier League,24,1999,35,31,2772,30.8,1,3,4,1,0,0,7,0,1.6,1.6,1.2,2.8,22.0,79.0,11.0,0.03,0.1,0.13,0.03,0.13,0.05,0.04,0.09,0.05,0.09
Joe Gomez,ENG,DF,Liverpool,Premier League,26,1997,32,17,1786,19.8,0,1,1,0,0,0,5,0,0.8,0.8,1.3,2.1,44.0,100.0,105.0,0.0,0.05,0.05,0.0,0.05,0.04,0.07,0.1,0.04,0.1
Maxi Gómez,URU,FW,Cádiz,La Liga,26,1996,31,12,1163,12.9,0,0,0,0,0,0,2,0,1.6,1.6,0.6,2.2,13.0,11.0,54.0,0.0,0.0,0.0,0.0,0.0,0.12,0.04,0.17,0.12,0.17
Moi Gómez,ESP,MF,Osasuna,La Liga,29,1994,28,23,2006,22.3,3,0,3,3,0,0,3,0,1.7,1.7,0.9,2.6,36.0,127.0,69.0,0.13,0.0,0.13,0.13,0.13,0.08,0.04,0.12,0.08,0.12
Unai Gómez,ESP,MF,Athletic Club,La Liga,20,2003,25,9,875,9.7,2,0,2,2,0,0,1,0,1.5,1.5,0.7,2.1,20.0,28.0,48.0,0.21,0.0,0.21,0.21,0.21,0.15,0.07,0.22,0.15,0.22
Maxime Gonalons,FRA,MF,Clermont Foot,Ligue 1,34,1989,21,17,1296,14.4,1,0,1,1,0,0,4,0,0.4,0.4,0.2,0.6,8.0,81.0,10.0,0.07,0.0,0.07,0.07,0.07,0.03,0.01,0.04,0.03,0.04
Édgar González,ESP,DF,Almería,La Liga,26,1997,31,30,2522,28.0,2,0,2,2,0,0,7,1,2.3,2.3,0.3,2.6,6.0,72.0,6.0,0.07,0.0,0.07,0.07,0.07,0.08,0.01,0.09,0.08,0.09
Giovanni González,URU,DF,Mallorca,La Liga,28,1994,34,27,2464,27.4,1,1,2,1,0,0,6,0,0.5,0.5,1.4,1.8,28.0,91.0,95.0,0.04,0.04,0.07,0.04,0.07,0.02,0.05,0.07,0.02,0.07
Joan Gonzàlez,ESP,MF,Lecce,Serie A,21,2002,29,13,1291,14.3,1,1,2,1,0,0,6,0,1.2,1.2,1.0,2.2,25.0,49.0,41.0,0.07,0.07,0.14,0.07,0.14,0.08,0.07,0.15,0.08,0.15
Nicolás González,ARG,FW,Fiorentina,Serie A,25,1998,29,21,1913,21.3,12,2,14,11,1,3,1,0,10.4,8.0,1.6,9.6,53.0,100.0,190.0,0.56,0.09,0.66,0.52,0.61,0.49,0.07,0.56,0.38,0.45
Anthony Gordon,ENG,FW,Newcastle Utd,Premier League,22,2001,35,34,2890,32.1,11,10,21,10,1,1,12,1,10.2,9.4,8.0,17.4,138.0,101.0,232.0,0.34,0.31,0.65,0.31,0.62,0.32,0.25,0.57,0.29,0.54
Leon Goretzka,GER,MF,Bayern Munich,Bundesliga,28,1995,30,25,2241,24.9,6,7,13,6,0,0,3,0,5.0,5.0,5.3,10.2,66.0,176.0,71.0,0.24,0.28,0.52,0.24,0.52,0.2,0.21,0.41,0.2,0.41
Andoni Gorosabel,ESP,DF,Alavés,La Liga,26,1996,36,33,2854,31.7,1,0,1,1,0,0,6,0,0.7,0.7,1.3,2.0,58.0,117.0,121.0,0.03,0.0,0.03,0.03,0.03,0.02,0.04,0.06,0.02,0.06
Robin Gosens,GER,DF,Union Berlin,Bundesliga,29,1994,30,27,2283,25.4,6,3,9,6,0,0,9,1,2.1,2.1,3.0,5.1,21.0,97.0,113.0,0.24,0.12,0.35,0.24,0.35,0.08,0.12,0.2,0.08,0.2
Mario Götze,GER,MF,Eint Frankfurt,Bundesliga,31,1992,30,23,2068,23.0,3,2,5,3,0,0,5,1,2.9,2.9,3.0,5.9,22.0,115.0,118.0,0.13,0.09,0.22,0.13,0.22,0.13,0.13,0.26,0.13,0.26
Amine Gouiri,ALG,FW,Rennes,Ligue 1,23,2000,31,24,2067,23.0,7,3,10,7,0,0,2,0,7.4,7.3,1.7,9.1,59.0,82.0,185.0,0.3,0.13,0.44,0.3,0.44,0.32,0.08,0.4,0.32,0.39
Jeffrey Gouweleeuw,NED,DF,Augsburg,Bundesliga,32,1991,30,29,2593,28.8,1,0,1,1,0,0,7,0,1.3,1.3,1.8,3.2,33.0,143.0,17.0,0.03,0.0,0.03,0.03,0.03,0.05,0.06,0.11,0.05,0.11
Jonathan Gradit,FRA,DF,Lens,Ligue 1,30,1992,26,26,2112,23.5,1,0,1,1,0,0,9,1,0.3,0.3,0.1,0.5,21.0,177.0,6.0,0.04,0.0,0.04,0.04,0.04,0.01,0.01,0.02,0.01,0.02
Samuel Grandsir,FRA,MF,Le Havre,Ligue 1,26,1996,23,4,606,6.7,1,1,2,1,0,1,4,2,2.6,1.9,1.2,3.0,22.0,35.0,68.0,0.15,0.15,0.3,0.15,0.3,0.39,0.17,0.57,0.28,0.45
Alberto Grassi,ITA,MF,Empoli,Serie A,28,1995,27,22,1807,20.1,0,1,1,0,0,0,6,1,1.1,1.1,0.6,1.7,13.0,75.0,13.0,0.0,0.05,0.05,0.0,0.05,0.05,0.03,0.09,0.05,0.09
Ryan Gravenberch,NED,MF,Liverpool,Premier League,21,2002,26,12,1121,12.5,1,0,1,1,0,0,0,0,2.0,2.0,0.9,2.9,39.0,78.0,71.0,0.08,0.0,0.08,0.08,0.08,0.16,0.07,0.23,0.16,0.23
Ivo Grbić,CRO,GK,Sheffield Utd,Premier League,27,1996,9,9,771,8.6,0,0,0,0,0,0,1,0,0.0,0.0,0.0,0.0,0.0,0.0,0.0,0.0,0.0,0.0,0.0,0.0,0.0,0.0,0.0,0.0,0.0
Jack Grealish,ENG,FW,Manchester City,Premier League,27,1995,20,10,1009,11.2,3,1,4,3,0,0,6,0,2.1,2.1,2.5,4.6,87.0,50.0,146.0,0.27,0.09,0.36,0.27,0.36,0.19,0.22,0.41,0.19,0.41
Mason Greenwood,ENG,MF,Getafe,La Liga,21,2001,33,30,2662,29.6,8,6,14,6,2,3,6,1,8.8,6.4,4.6,11.0,127.0,89.0,239.0,0.27,0.2,0.47,0.2,0.41,0.3,0.15,0.45,0.22,0.37
Michael Gregoritsch,AUT,FW,Freiburg,Bundesliga,29,1994,32,19,1682,18.7,7,4,11,7,0,0,2,0,9.2,9.2,1.0,10.2,12.0,48.0,89.0,0.37,0.21,0.59,0.37,0.59,0.49,0.05,0.55,0.49,0.55
Antoine Griezmann,FRA,FW,Atlético Madrid,La Liga,32,1991,33,31,2644,29.4,16,6,22,12,4,4,5,0,12.3,9.3,5.6,14.9,43.0,118.0,196.0,0.54,0.2,0.75,0.41,0.61,0.42,0.19,0.61,0.32,0.51
Vincenzo Grifo,ITA,MF,Freiburg,Bundesliga,30,1993,32,29,2325,25.8,8,8,16,2,6,6,3,0,7.7,3.0,8.2,11.2,54.0,115.0,148.0,0.31,0.31,0.62,0.08,0.39,0.3,0.32,0.62,0.12,0.43
Florian Grillitsch,AUT,DF,Hoffenheim,Bundesliga,27,1995,30,25,2295,25.5,1,6,7,1,0,0,8,0,1.2,1.2,1.7,2.9,32.0,152.0,22.0,0.04,0.24,0.27,0.04,0.27,0.05,0.07,0.12,0.05,0.12
Álex Grimaldo,ESP,DF,Leverkusen,Bundesliga,27,1995,33,31,2784,30.9,10,13,23,10,0,0,1,0,5.7,5.7,9.1,14.8,77.0,162.0,261.0,0.32,0.42,0.74,0.32,0.74,0.18,0.3,0.48,0.18,0.48
Christian Groß,GER,DF,Werder Bremen,Bundesliga,34,1989,20,8,797,8.9,0,1,1,0,0,0,1,0,0.3,0.3,0.4,0.7,17.0,46.0,5.0,0.0,0.11,0.11,0.0,0.11,0.04,0.04,0.08,0.04,0.08
Pascal Groß,GER,MF,Brighton,Premier League,32,1991,36,34,3114,34.6,4,10,14,3,1,1,6,0,6.5,5.7,8.1,13.8,83.0,302.0,180.0,0.12,0.29,0.4,0.09,0.38,0.19,0.24,0.42,0.16,0.4
Brajan Gruda,GER,MF,Mainz 05,Bundesliga,19,2004,28,19,1641,18.2,4,3,7,4,0,0,5,0,3.5,3.5,4.1,7.6,100.0,71.0,167.0,0.22,0.16,0.38,0.22,0.38,0.19,0.23,0.42,0.19,0.42
Vicente Guaita,ESP,GK,Celta Vigo,La Liga,36,1987,27,26,2403,26.7,0,0,0,0,0,0,2,0,0.0,0.0,0.0,0.0,0.0,0.0,0.0,0.0,0.0,0.0,0.0,0.0,0.0,0.0,0.0,0.0,0.0
Sergi Guardiola,ESP,FW,Cádiz,La Liga,32,1991,22,1,495,5.5,1,1,2,1,0,0,1,0,1.8,1.8,0.8,2.6,10.0,19.0,32.0,0.18,0.18,0.36,0.18,0.36,0.33,0.14,0.48,0.33,0.48
Nemanja Gudelj,SRB,DF,Sevilla,La Liga,31,1991,22,20,1742,19.4,1,1,2,1,0,0,7,0,0.8,0.8,0.4,1.2,23.0,73.0,5.0,0.05,0.05,0.1,0.05,0.1,0.04,0.02,0.06,0.04,0.06
Gabriel Gudmundsson,SWE,DF,Lille,Ligue 1,24,1999,25,14,1267,14.1,1,0,1,1,0,0,2,0,1.1,1.1,1.2,2.2,39.0,37.0,66.0,0.07,0.0,0.07,0.07,0.07,0.08,0.08,0.16,0.08,0.16
Gonçalo Guedes,POR,FW,Villarreal,La Liga,26,1996,17,9,951,10.6,3,2,5,3,0,0,0,0,2.3,2.3,1.5,3.8,38.0,50.0,88.0,0.28,0.19,0.47,0.28,0.47,0.22,0.14,0.36,0.22,0.36
Marc Guéhi,ENG,DF,Crystal Palace,Premier League,23,2000,25,23,2021,22.5,0,1,1,0,0,0,2,0,0.6,0.6,0.6,1.2,15.0,67.0,7.0,0.0,0.04,0.04,0.0,0.04,0.03,0.03,0.05,0.03,0.05
Mattéo Guendouzi,FRA,MF,Lazio,Serie A,24,1999,33,27,2367,26.3,2,3,5,2,0,0,3,1,1.6,1.6,2.3,3.9,46.0,119.0,79.0,0.08,0.11,0.19,0.08,0.19,0.06,0.09,0.15,0.06,0.15
Javier Guerra,ESP,MF,Valencia,La Liga,20,2003,36,28,2498,27.8,4,1,5,4,0,0,3,1,2.7,2.7,0.9,3.6,47.0,81.0,68.0,0.14,0.04,0.18,0.14,0.18,0.1,0.03,0.13,0.1,0.13
Raphaël Guerreiro,POR,DF,Bayern Munich,Bundesliga,29,1993,20,13,1191,13.2,3,0,3,3,0,0,2,0,2.4,2.4,2.0,4.4,36.0,86.0,90.0,0.23,0.0,0.23,0.23,0.23,0.18,0.15,0.33,0.18,0.33
Evann Guessand,CIV,FW,Nice,Ligue 1,22,2001,34,14,1553,17.3,6,0,6,4,2,2,1,0,8.4,6.8,1.4,8.2,40.0,34.0,114.0,0.35,0.0,0.35,0.23,0.23,0.48,0.08,0.56,0.39,0.47
Ander Guevara,ESP,MF,Alavés,La Liga,26,1997,37,33,2932,32.6,1,0,1,1,0,0,7,0,0.7,0.7,0.9,1.5,53.0,187.0,37.0,0.03,0.0,0.03,0.03,0.03,0.02,0.03,0.05,0.02,0.05
Pape Gueye,SEN,MF,Marseille,Ligue 1,24,1999,15,9,765,8.5,1,0,1,1,0,0,2,0,0.4,0.4,0.8,1.2,8.0,61.0,18.0,0.12,0.0,0.12,0.12,0.12,0.05,0.09,0.14,0.05,0.14
Morgan Guilavogui,GUI,FW,Lens,Ligue 1,25,1998,23,2,566,6.3,2,0,2,2,0,0,1,0,1.6,1.6,1.2,2.8,16.0,36.0,75.0,0.32,0.0,0.32,0.32,0.32,0.25,0.2,0.44,0.25,0.44
Frederic Guilbert,FRA,DF,Strasbourg,Ligue 1,28,1994,32,29,2490,27.7,2,0,2,2,0,0,3,0,1.1,1.1,1.6,2.7,32.0,116.0,70.0,0.07,0.0,0.07,0.07,0.07,0.04,0.06,0.1,0.04,0.1
Hugo Guillamón,ESP,MF,Valencia,La Liga,23,2000,26,12,1315,14.6,1,0,1,1,0,0,7,0,0.2,0.2,0.4,0.6,6.0,65.0,10.0,0.07,0.0,0.07,0.07,0.07,0.01,0.03,0.04,0.01,0.04
Bruno Guimarães,BRA,MF,Newcastle Utd,Premier League,25,1997,37,37,3263,36.3,7,8,15,7,0,0,9,0,4.8,4.8,6.4,11.2,65.0,283.0,73.0,0.19,0.22,0.41,0.19,0.41,0.13,0.18,0.31,0.13,0.31
Serhou Guirassy,GUI,FW,Stuttgart,Bundesliga,27,1996,28,25,2208,24.5,28,3,31,24,4,4,0,0,20.8,17.6,6.6,24.2,32.0,56.0,183.0,1.14,0.12,1.26,0.98,1.1,0.85,0.27,1.12,0.72,0.99
Péter Gulácsi,HUN,GK,RB Leipzig,Bundesliga,33,1990,13,13,1170,13.0,0,0,0,0,0,0,0,0,0.0,0.0,0.0,0.0,0.0,1.0,0.0,0.0,0.0,0.0,0.0,0.0,0.0,0.0,0.0,0.0,0.0
Manuel Gulde,GER,DF,Freiburg,Bundesliga,32,1991,27,23,2047,22.7,1,0,1,1,0,0,5,1,1.1,1.1,0.1,1.2,10.0,74.0,3.0,0.04,0.0,0.04,0.04,0.04,0.05,0.01,0.05,0.05,0.05
Gerard Gumbau,ESP,MF,Granada,La Liga,28,1994,35,31,2674,29.7,0,3,3,0,0,0,12,0,1.8,1.8,4.0,5.8,20.0,135.0,29.0,0.0,0.1,0.1,0.0,0.1,0.06,0.14,0.19,0.06,0.19
Robert Gumny,POL,DF,Augsburg,Bundesliga,25,1998,13,6,481,5.3,0,0,0,0,0,0,3,0,0.2,0.2,0.1,0.3,9.0,18.0,17.0,0.0,0.0,0.0,0.0,0.0,0.04,0.01,0.05,0.04,0.05
İlkay Gündoğan,GER,MF,Barcelona,La Liga,32,1990,36,33,2994,33.3,5,9,14,4,1,2,5,0,7.3,5.7,10.3,16.0,71.0,224.0,116.0,0.15,0.27,0.42,0.12,0.39,0.22,0.31,0.53,0.17,0.48
Christian Günter,GER,DF,Freiburg,Bundesliga,30,1993,15,13,1060,11.8,1,2,3,1,0,0,1,0,0.5,0.5,2.1,2.6,15.0,23.0,63.0,0.08,0.17,0.25,0.08,0.25,0.04,0.18,0.22,0.04,0.22
Jon Guridi,ESP,MF,Alavés,La Liga,28,1995,36,34,2678,29.8,3,4,7,3,0,0,2,0,4.0,4.0,3.5,7.5,30.0,117.0,92.0,0.1,0.13,0.24,0.1,0.24,0.13,0.12,0.25,0.13,0.25
Gorka Guruzeta,ESP,FW,Athletic Club,La Liga,26,1996,32,30,2217,24.6,14,5,19,14,0,1,2,0,11.6,10.8,2.4,13.2,18.0,55.0,102.0,0.57,0.2,0.77,0.57,0.77,0.47,0.1,0.57,0.44,0.54
Malo Gusto,FRA,DF,Chelsea,Premier League,20,2003,27,19,1751,19.5,0,6,6,0,0,0,7,1,0.9,0.9,4.3,5.2,78.0,86.0,135.0,0.0,0.31,0.31,0.0,0.31,0.05,0.22,0.27,0.05,0.27
Miguel Gutiérrez,ESP,DF,Girona,La Liga,22,2001,35,35,3032,33.7,2,7,9,2,0,0,4,0,2.8,2.8,7.5,10.2,74.0,146.0,184.0,0.06,0.21,0.27,0.06,0.27,0.08,0.22,0.3,0.08,0.3
Albert Guðmundsson,ISL,FW,Genoa,Serie A,26,1997,35,34,3016,33.5,14,4,18,10,4,5,4,0,9.9,5.8,5.2,11.0,82.0,120.0,168.0,0.42,0.12,0.54,0.3,0.42,0.3,0.16,0.45,0.17,0.33
Joško Gvardiol,CRO,DF,Manchester City,Premier League,21,2002,28,26,2328,25.9,4,1,5,4,0,0,3,0,3.1,3.1,1.4,4.5,63.0,136.0,115.0,0.15,0.04,0.19,0.15,0.19,0.12,0.06,0.18,0.12,0.18
Emmanuel Gyasi,GHA,DF,Empoli,Serie A,29,1994,33,21,1879,20.9,1,2,3,1,0,0,8,0,3.5,3.5,1.5,5.0,15.0,41.0,60.0,0.05,0.1,0.14,0.05,0.14,0.17,0.07,0.24,0.17,0.24
Norbert Gyömbér,SVK,DF,Salernitana,Serie A,31,1992,22,20,1760,19.6,0,0,0,0,0,0,9,0,0.2,0.2,0.2,0.3,4.0,42.0,2.0,0.0,0.0,0.0,0.0,0.0,0.01,0.01,0.02,0.01,0.02
Erling Haaland,NOR,FW,Manchester City,Premier League,23,2000,31,29,2552,28.4,27,5,32,20,7,8,1,0,29.2,22.9,4.3,27.2,35.0,26.0,126.0,0.95,0.18,1.13,0.71,0.88,1.03,0.15,1.18,0.81,0.96
Janik Haberer,GER,MF,Union Berlin,Bundesliga,29,1994,21,14,1221,13.6,1,1,2,1,0,0,7,0,0.9,0.8,0.6,1.3,10.0,47.0,36.0,0.07,0.07,0.15,0.07,0.15,0.07,0.04,0.11,0.06,0.1
Robin Hack,GER,FW,Gladbach,Bundesliga,24,1998,29,14,1348,15.0,10,2,12,10,0,0,2,0,3.9,3.9,2.3,6.3,50.0,46.0,103.0,0.67,0.13,0.8,0.67,0.8,0.26,0.16,0.42,0.26,0.42
Munir El Haddadi,MAR,FW,Las Palmas,La Liga,27,1995,38,32,2449,27.2,3,2,5,3,0,1,3,0,4.3,3.5,1.9,5.5,26.0,78.0,167.0,0.11,0.07,0.18,0.11,0.18,0.16,0.07,0.23,0.13,0.2
Ianis Hagi,ROU,MF,Alavés,La Liga,24,1998,22,8,804,8.9,0,2,2,0,0,1,3,0,2.8,2.0,2.0,4.0,17.0,32.0,58.0,0.0,0.22,0.22,0.0,0.22,0.31,0.22,0.53,0.22,0.44
Amadou Haidara,MLI,MF,RB Leipzig,Bundesliga,25,1998,21,19,1526,17.0,2,1,3,2,0,0,5,0,1.1,1.1,1.6,2.7,8.0,97.0,11.0,0.12,0.06,0.18,0.12,0.18,0.07,0.09,0.16,0.07,0.16
Massadio Haïdara,MLI,DF,Lens,Ligue 1,30,1992,18,7,741,8.2,0,1,1,0,0,0,1,0,0.1,0.1,0.2,0.3,8.0,40.0,25.0,0.0,0.12,0.12,0.0,0.12,0.02,0.02,0.04,0.02,0.04
Achraf Hakimi,MAR,DF,Paris S-G,Ligue 1,24,1998,25,20,1932,21.5,4,5,9,4,0,0,3,0,4.2,4.2,5.2,9.4,84.0,218.0,230.0,0.19,0.23,0.42,0.19,0.42,0.2,0.24,0.44,0.2,0.44
Lewis Hall,ENG,DF,Newcastle Utd,Premier League,18,2004,18,8,781,8.7,1,0,1,1,0,0,2,0,0.3,0.3,0.3,0.6,19.0,46.0,27.0,0.12,0.0,0.12,0.12,0.12,0.04,0.03,0.07,0.04,0.07
Gustavo Hamer,NED,MF,Sheffield Utd,Premier League,26,1997,36,34,2910,32.3,4,6,10,4,0,0,9,0,3.0,3.0,6.1,9.1,36.0,135.0,86.0,0.12,0.19,0.31,0.12,0.31,0.09,0.19,0.28,0.09,0.28
Andreas Hanche-Olsen,NOR,DF,Mainz 05,Bundesliga,26,1997,15,12,992,11.0,1,0,1,1,0,0,5,0,0.7,0.7,0.0,0.7,1.0,19.0,0.0,0.09,0.0,0.09,0.09,0.09,0.06,0.0,0.06,0.06,0.06
Ridgeciano Haps,SUR,DF,Genoa,Serie A,30,1993,16,7,773,8.6,0,1,1,0,0,0,0,0,0.1,0.1,0.7,0.8,13.0,13.0,42.0,0.0,0.12,0.12,0.0,0.12,0.01,0.08,0.1,0.01,0.1
Amine Harit,MAR,MF,Marseille,Ligue 1,26,1997,28,21,1821,20.2,1,2,3,1,0,0,5,0,3.7,3.7,3.7,7.4,84.0,127.0,112.0,0.05,0.1,0.15,0.05,0.15,0.18,0.18,0.37,0.18,0.37
Jack Harrison,ENG,MF,Everton,Premier League,26,1996,29,25,2214,24.6,3,3,6,3,0,0,1,0,3.6,3.6,3.4,7.0,65.0,62.0,135.0,0.12,0.12,0.24,0.12,0.24,0.14,0.14,0.28,0.14,0.28
Abdou Harroui,NED,MF,Frosinone,Serie A,25,1998,18,13,1019,11.3,3,3,6,2,1,1,2,0,3.1,2.3,1.2,3.5,43.0,38.0,56.0,0.26,0.26,0.53,0.18,0.44,0.27,0.1,0.38,0.21,0.31
Daiki Hashioka,JPN,DF,Luton Town,Premier League,24,1999,10,6,595,6.6,0,0,0,0,0,0,0,0,0.1,0.1,0.7,0.8,3.0,21.0,16.0,0.0,0.0,0.0,0.0,0.0,0.02,0.1,0.12,0.02,0.12
Hans Hateboer,NED,DF,Atalanta,Serie A,29,1994,23,10,1113,12.4,0,1,1,0,0,0,5,0,0.3,0.3,2.0,2.4,19.0,42.0,71.0,0.0,0.08,0.08,0.0,0.08,0.03,0.16,0.19,0.03,0.19
Pantelis Hatzidiakos,GRE,DF,Cagliari,Serie A,26,1997,13,13,856,9.5,0,0,0,0,0,0,1,0,0.4,0.4,0.0,0.4,3.0,34.0,7.0,0.0,0.0,0.0,0.0,0.0,0.04,0.0,0.04,0.04,0.04
Kai Havertz,GER,MF,Arsenal,Premier League,24,1999,37,30,2634,29.3,13,7,20,12,1,1,11,0,12.3,11.6,4.4,15.9,55.0,99.0,191.0,0.44,0.24,0.68,0.41,0.65,0.42,0.15,0.57,0.39,0.54
Jan Paul van Hecke,NED,DF,Brighton,Premier League,23,2000,28,26,2369,26.3,0,0,0,0,0,0,4,0,1.2,1.2,0.9,2.1,25.0,147.0,7.0,0.0,0.0,0.0,0.0,0.0,0.05,0.03,0.08,0.05,0.08
Hwang Hee-chan,KOR,FW,Wolves,Premier League,27,1996,29,25,2119,23.5,12,3,15,11,1,1,6,0,7.7,6.9,3.0,9.9,37.0,37.0,120.0,0.51,0.13,0.64,0.47,0.59,0.33,0.13,0.45,0.29,0.42
Silvan Hefti,SUI,DF,Montpellier,Ligue 1,25,1997,11,9,711,7.9,0,1,1,0,0,0,1,0,0.2,0.2,1.0,1.2,14.0,25.0,36.0,0.0,0.13,0.13,0.0,0.13,0.03,0.13,0.15,0.03,0.15
Dominique Heintz,GER,DF,Köln,Bundesliga,29,1993,12,6,568,6.3,0,0,0,0,0,0,0,0,0.0,0.0,0.5,0.5,10.0,30.0,16.0,0.0,0.0,0.0,0.0,0.0,0.0,0.08,0.08,0.0,0.08
Dean Henderson,ENG,GK,Crystal Palace,Premier League,26,1997,18,18,1620,18.0,0,0,0,0,0,0,2,0,0.0,0.0,0.0,0.0,0.0,0.0,0.0,0.0,0.0,0.0,0.0,0.0,0.0,0.0,0.0,0.0,0.0
Benjamin Henrichs,GER,DF,RB Leipzig,Bundesliga,26,1997,33,28,2526,28.1,1,5,6,1,0,0,5,0,2.5,2.5,4.4,6.9,53.0,124.0,161.0,0.04,0.18,0.21,0.04,0.21,0.09,0.16,0.25,0.09,0.25
Henrique,BRA,DF,Lyon,Ligue 1,29,1994,11,6,607,6.7,1,0,1,1,0,0,2,0,0.3,0.3,0.4,0.8,20.0,36.0,33.0,0.15,0.0,0.15,0.15,0.15,0.05,0.06,0.11,0.05,0.11
Luis Henrique,BRA,FW,Marseille,Ligue 1,21,2001,15,8,784,8.7,1,0,1,1,0,0,0,0,1.3,1.3,0.7,2.0,30.0,40.0,84.0,0.11,0.0,0.11,0.11,0.11,0.15,0.08,0.23,0.15,0.23
Luiz Henrique,BRA,FW,Betis,La Liga,22,2001,14,6,616,6.8,0,3,3,0,0,0,1,0,1.2,1.2,1.6,2.9,35.0,17.0,58.0,0.0,0.44,0.44,0.0,0.44,0.18,0.24,0.42,0.18,0.42
Matheus Henrique,BRA,MF,Sassuolo,Serie A,25,1997,31,27,2501,27.8,2,2,4,2,0,0,8,1,2.3,2.3,1.6,3.9,43.0,94.0,44.0,0.07,0.07,0.14,0.07,0.14,0.08,0.06,0.14,0.08,0.14
Christophe Hérelle,MTQ,DF,Metz,Ligue 1,30,1992,19,18,1617,18.0,0,0,0,0,0,0,4,1,0.1,0.1,0.0,0.1,1.0,41.0,1.0,0.0,0.0,0.0,0.0,0.0,0.01,0.0,0.01,0.01,0.01
Mario Hermoso,ESP,DF,Atlético Madrid,La Liga,28,1995,31,29,2557,28.4,0,1,1,0,0,0,9,0,1.4,1.4,0.8,2.2,39.0,177.0,61.0,0.0,0.04,0.04,0.0,0.04,0.05,0.03,0.08,0.05,0.08
Javi Hernández,ESP,DF,Cádiz,La Liga,25,1998,30,28,2514,27.9,1,2,3,1,0,0,10,0,1.4,1.4,2.1,3.5,40.0,94.0,57.0,0.04,0.07,0.11,0.04,0.11,0.05,0.07,0.13,0.05,0.13
Aridane Hernández,ESP,DF,Rayo Vallecano,La Liga,34,1989,19,19,1690,18.8,0,0,0,0,0,0,3,0,0.3,0.3,0.0,0.4,0.0,21.0,0.0,0.0,0.0,0.0,0.0,0.0,0.02,0.0,0.02,0.02,0.02
Lucas Hernández,FRA,DF,Paris S-G,Ligue 1,27,1996,27,23,1909,21.2,1,1,2,1,0,0,6,0,0.5,0.5,1.6,2.0,30.0,156.0,22.0,0.05,0.05,0.09,0.05,0.09,0.02,0.07,0.1,0.02,0.1
Luis Hernández,ESP,DF,Cádiz,La Liga,34,1989,9,8,723,8.0,1,0,1,1,0,0,4,0,1.0,1.0,0.4,1.3,2.0,31.0,1.0,0.12,0.0,0.12,0.12,0.12,0.12,0.04,0.16,0.12,0.16
Theo Hernández,FRA,DF,Milan,Serie A,25,1997,32,31,2791,31.0,5,4,9,4,1,2,11,1,4.9,3.4,4.3,7.7,115.0,166.0,124.0,0.16,0.13,0.29,0.13,0.26,0.16,0.14,0.3,0.11,0.25
Jorge Herrando,ESP,DF,Osasuna,La Liga,22,2001,19,18,1644,18.3,0,1,1,0,0,0,4,0,0.4,0.4,0.2,0.6,3.0,35.0,1.0,0.0,0.05,0.05,0.0,0.05,0.02,0.01,0.03,0.02,0.03
Ander Herrera,ESP,MF,Athletic Club,La Liga,33,1989,23,10,1030,11.4,0,3,3,0,0,0,4,0,0.7,0.7,1.2,1.9,11.0,94.0,17.0,0.0,0.26,0.26,0.0,0.26,0.06,0.1,0.17,0.06,0.17
Sergio Herrera,ESP,GK,Osasuna,La Liga,30,1993,32,32,2869,31.9,0,0,0,0,0,0,2,0,0.0,0.0,0.0,0.0,0.0,1.0,0.0,0.0,0.0,0.0,0.0,0.0,0.0,0.0,0.0,0.0,0.0
Yangel Herrera,VEN,MF,Girona,La Liga,25,1998,29,27,2107,23.4,5,0,5,5,0,0,9,0,4.9,4.9,2.4,7.3,31.0,92.0,76.0,0.21,0.0,0.21,0.21,0.21,0.21,0.1,0.31,0.21,0.31
Son Heung-min,KOR,FW,Tottenham,Premier League,31,1992,35,34,2934,32.6,17,10,27,15,2,2,1,0,12.0,10.4,11.8,22.2,119.0,139.0,325.0,0.52,0.31,0.83,0.46,0.77,0.37,0.36,0.73,0.32,0.68
Aaron Hickey,SCO,DF,Brentford,Premier League,21,2002,9,9,713,7.9,0,0,0,0,0,0,5,0,0.2,0.2,0.1,0.3,9.0,21.0,13.0,0.0,0.0,0.0,0.0,0.0,0.03,0.01,0.04,0.03,0.04
Isak Hien,SWE,DF,Hellas Verona,Serie A,24,1999,10,9,864,9.6,0,0,0,0,0,0,1,1,0.4,0.4,0.0,0.4,8.0,26.0,1.0,0.0,0.0,0.0,0.0,0.0,0.04,0.0,0.04,0.04,0.04
Isak Hien,SWE,DF,Atalanta,Serie A,24,1999,16,9,937,10.4,0,1,1,0,0,0,3,0,0.2,0.2,0.1,0.3,0.0,24.0,0.0,0.0,0.1,0.1,0.0,0.1,0.02,0.01,0.03,0.02,0.03
Piero Hincapié,ECU,DF,Leverkusen,Bundesliga,21,2002,26,16,1484,16.5,1,2,3,1,0,0,2,0,1.9,1.9,0.5,2.5,34.0,102.0,50.0,0.06,0.12,0.18,0.06,0.18,0.12,0.03,0.15,0.12,0.15
Jack Hinshelwood,ENG,DF,Brighton,Premier League,18,2005,12,8,869,9.7,3,0,3,3,0,0,1,0,1.9,1.9,0.7,2.5,16.0,19.0,38.0,0.31,0.0,0.31,0.31,0.31,0.19,0.07,0.26,0.19,0.26
Adam Hložek,CZE,MF,Leverkusen,Bundesliga,21,2002,23,5,459,5.1,2,3,5,2,0,0,1,0,3.1,3.1,0.9,4.0,14.0,13.0,33.0,0.39,0.59,0.98,0.39,0.98,0.6,0.18,0.78,0.6,0.78
Nicolas Höfler,GER,MF,Freiburg,Bundesliga,33,1990,28,26,2330,25.9,1,1,2,1,0,0,10,1,0.7,0.7,0.4,1.1,14.0,94.0,15.0,0.04,0.04,0.08,0.04,0.08,0.03,0.02,0.04,0.03,0.04
Jonas Hofmann,GER,MF,Leverkusen,Bundesliga,31,1992,32,26,2204,24.5,5,7,12,5,0,0,3,0,5.9,5.9,8.1,14.1,63.0,119.0,221.0,0.2,0.29,0.49,0.2,0.49,0.24,0.33,0.57,0.24,0.57
Philipp Hofmann,GER,FW,Bochum,Bundesliga,30,1993,29,18,1571,17.5,4,2,6,4,0,0,1,0,4.8,4.8,1.7,6.5,7.0,36.0,86.0,0.23,0.11,0.34,0.23,0.34,0.27,0.1,0.37,0.27,0.37
Lucas Höler,GER,FW,Freiburg,Bundesliga,29,1994,33,26,2305,25.6,7,2,9,6,1,2,7,0,8.6,7.0,2.1,9.1,24.0,49.0,153.0,0.27,0.08,0.35,0.23,0.31,0.34,0.08,0.42,0.27,0.36
Mason Holgate,ENG,DF,Sheffield Utd,Premier League,26,1996,10,9,710,7.9,0,0,0,0,0,0,3,1,0.6,0.6,0.4,1.1,0.0,13.0,0.0,0.0,0.0,0.0,0.0,0.0,0.08,0.05,0.13,0.08,0.13
Fabian Holland,GER,MF,Darmstadt 98,Bundesliga,33,1990,23,23,1835,20.4,0,2,2,0,0,0,4,1,0.6,0.6,1.5,2.1,11.0,87.0,47.0,0.0,0.1,0.1,0.0,0.1,0.03,0.07,0.1,0.03,0.1
Benedict Hollerbach,GER,FW,Union Berlin,Bundesliga,22,2001,28,15,1282,14.2,5,0,5,5,0,0,2,0,3.4,3.4,1.3,4.7,49.0,39.0,126.0,0.35,0.0,0.35,0.35,0.35,0.24,0.09,0.33,0.24,0.33
Emil Holm,SWE,DF,Atalanta,Serie A,23,2000,22,12,947,10.5,1,1,2,1,0,0,5,0,2.7,2.7,0.8,3.6,28.0,27.0,80.0,0.1,0.1,0.19,0.1,0.19,0.26,0.08,0.34,0.26,0.34
Martin Hongla,CMR,MF,Hellas Verona,Serie A,25,1998,15,12,1084,12.0,0,0,0,0,0,0,0,0,0.1,0.1,0.3,0.4,6.0,57.0,6.0,0.0,0.0,0.0,0.0,0.0,0.01,0.02,0.03,0.01,0.03
Martin Hongla,CMR,MF,Granada,La Liga,25,1998,13,6,562,6.2,0,0,0,0,0,0,0,0,0.2,0.2,0.0,0.2,3.0,16.0,5.0,0.0,0.0,0.0,0.0,0.0,0.03,0.0,0.03,0.03,0.03
Franck Honorat,FRA,DF,Gladbach,Bundesliga,26,1996,32,28,2345,26.1,3,9,12,3,0,0,1,0,1.6,1.6,9.3,10.8,97.0,93.0,242.0,0.12,0.35,0.46,0.12,0.46,0.06,0.36,0.42,0.06,0.42
Mathias Honsak,AUT,FW,Darmstadt 98,Bundesliga,26,1996,23,10,1021,11.3,1,1,2,1,0,0,1,0,1.8,1.8,0.7,2.5,22.0,19.0,62.0,0.09,0.09,0.18,0.09,0.18,0.16,0.06,0.22,0.16,0.22
Lukáš Hrádecký,FIN,GK,Leverkusen,Bundesliga,33,1989,33,33,2970,33.0,0,0,0,0,0,0,2,0,0.0,0.0,0.0,0.0,0.0,1.0,0.0,0.0,0.0,0.0,0.0,0.0,0.0,0.0,0.0,0.0,0.0
Timo Hübers,GER,DF,Köln,Bundesliga,27,1996,31,31,2778,30.9,0,0,0,0,0,0,6,0,1.8,1.8,0.5,2.3,19.0,104.0,3.0,0.0,0.0,0.0,0.0,0.0,0.06,0.02,0.08,0.06,0.08
Callum Hudson-Odoi,ENG,FW,Nott'ham Forest,Premier League,22,2000,29,20,1854,20.6,8,1,9,8,0,0,0,0,2.7,2.7,2.8,5.5,111.0,58.0,171.0,0.39,0.05,0.44,0.39,0.44,0.13,0.14,0.27,0.13,0.27
Will Hughes,ENG,MF,Crystal Palace,Premier League,28,1995,30,23,1891,21.0,0,1,1,0,0,0,6,0,0.3,0.3,1.1,1.5,14.0,76.0,17.0,0.0,0.05,0.05,0.0,0.05,0.02,0.05,0.07,0.02,0.07
Dean Huijsen,ESP,DF,Roma,Serie A,18,2005,13,4,509,5.7,2,0,2,2,0,0,4,0,0.4,0.4,0.1,0.5,4.0,18.0,15.0,0.35,0.0,0.35,0.35,0.35,0.07,0.01,0.08,0.07,0.08
Mats Hummels,GER,DF,Dortmund,Bundesliga,34,1988,25,20,1581,17.6,3,0,3,3,0,0,4,1,3.2,3.2,0.9,4.1,11.0,82.0,1.0,0.17,0.0,0.17,0.17,0.17,0.18,0.05,0.23,0.18,0.23
Denis Huseinbasic,BIH,MF,Köln,Bundesliga,22,2001,26,18,1627,18.1,0,3,3,0,0,0,5,0,0.3,0.3,0.7,1.0,35.0,93.0,29.0,0.0,0.17,0.17,0.0,0.17,0.02,0.04,0.06,0.02,0.06
Elseid Hysaj,ALB,DF,Lazio,Serie A,29,1994,22,11,1199,13.3,0,0,0,0,0,0,2,0,0.2,0.2,0.4,0.7,27.0,51.0,41.0,0.0,0.0,0.0,0.0,0.0,0.02,0.03,0.05,0.02,0.05
Pierre Højbjerg,DEN,MF,Tottenham,Premier League,27,1995,36,8,1311,14.6,0,0,0,0,0,0,4,0,0.7,0.7,1.2,1.9,17.0,134.0,29.0,0.0,0.0,0.0,0.0,0.0,0.05,0.08,0.13,0.05,0.13
Rasmus Højlund,DEN,FW,Manchester Utd,Premier League,20,2003,30,25,2158,24.0,10,2,12,10,0,0,2,0,7.6,7.6,1.6,9.2,36.0,33.0,111.0,0.42,0.08,0.5,0.42,0.5,0.32,0.07,0.38,0.32,0.38
Iago,BRA,DF,Augsburg,Bundesliga,26,1997,23,18,1622,18.0,1,1,2,1,0,0,4,0,1.4,1.4,1.6,3.0,24.0,54.0,51.0,0.06,0.06,0.11,0.06,0.11,0.08,0.09,0.16,0.08,0.16
Pablo Ibáñez,ESP,MF,Osasuna,La Liga,24,1998,33,12,1152,12.8,1,2,3,1,0,0,5,0,2.3,2.3,1.2,3.5,26.0,67.0,54.0,0.08,0.16,0.23,0.08,0.23,0.18,0.09,0.27,0.18,0.27
Arijon Ibrahimović,GER,FW,Frosinone,Serie A,17,2005,16,5,474,5.3,1,1,2,1,0,0,1,0,0.8,0.8,0.7,1.5,10.0,22.0,54.0,0.19,0.19,0.38,0.19,0.38,0.15,0.13,0.28,0.15,0.28
Iglesias,ESP,DF,Getafe,La Liga,25,1998,23,16,1412,15.7,0,2,2,0,0,0,4,0,0.6,0.6,0.7,1.3,16.0,43.0,48.0,0.0,0.13,0.13,0.0,0.13,0.04,0.04,0.08,0.04,0.08
Igor,BRA,DF,Brighton,Premier League,25,1998,24,17,1637,18.2,0,0,0,0,0,0,4,0,0.3,0.3,0.7,1.0,30.0,107.0,12.0,0.0,0.0,0.0,0.0,0.0,0.02,0.04,0.05,0.02,0.05
Jonathan Ikone,FRA,FW,Fiorentina,Serie A,25,1998,28,18,1682,18.7,3,1,4,3,0,0,5,0,4.6,4.6,2.0,6.6,51.0,58.0,154.0,0.16,0.05,0.21,0.16,0.21,0.25,0.1,0.35,0.25,0.35
Chukwubuikem Ikwuemesi,NGA,FW,Salernitana,Serie A,21,2001,25,11,1061,11.8,1,1,2,1,0,0,2,0,2.4,2.4,0.7,3.1,11.0,10.0,70.0,0.08,0.08,0.17,0.08,0.17,0.21,0.06,0.26,0.21,0.26
Ivan Ilić,SRB,MF,Torino,Serie A,22,2001,31,25,2098,23.3,3,2,5,3,0,0,3,0,2.1,2.1,5.0,7.1,49.0,138.0,52.0,0.13,0.09,0.21,0.13,0.21,0.09,0.21,0.3,0.09,0.3
Samuel Iling-Junior,ENG,DF,Juventus,Serie A,19,2003,24,4,810,9.0,1,2,3,1,0,0,1,0,0.7,0.7,1.3,2.0,29.0,25.0,64.0,0.11,0.22,0.33,0.11,0.33,0.08,0.14,0.23,0.08,0.23
Imanol,ESP,DF,Athletic Club,La Liga,23,2000,9,5,525,5.8,0,0,0,0,0,0,2,0,0.0,0.0,0.2,0.2,13.0,21.0,15.0,0.0,0.0,0.0,0.0,0.0,0.0,0.03,0.04,0.0,0.04
Ciro Immobile,ITA,FW,Lazio,Serie A,33,1990,31,21,1652,18.4,7,1,8,3,4,4,8,0,9.7,6.6,2.1,8.6,19.0,39.0,123.0,0.38,0.05,0.44,0.16,0.22,0.53,0.11,0.64,0.36,0.47
Alexander Isak,SWE,FW,Newcastle Utd,Premier League,23,1999,30,27,2255,25.1,21,2,23,16,5,6,1,0,20.3,15.6,3.7,19.3,68.0,71.0,129.0,0.84,0.08,0.92,0.64,0.72,0.81,0.15,0.96,0.62,0.77
Gustav Isaksen,DEN,FW,Lazio,Serie A,22,2001,28,12,1074,11.9,3,1,4,3,0,0,3,0,1.6,1.6,2.6,4.2,36.0,21.0,95.0,0.25,0.08,0.34,0.25,0.34,0.13,0.22,0.35,0.13,0.35
Isco,ESP,MF,Betis,La Liga,31,1992,29,28,2326,25.8,8,5,13,6,2,2,10,0,8.3,6.7,6.4,13.1,100.0,216.0,145.0,0.31,0.19,0.5,0.23,0.43,0.32,0.25,0.57,0.26,0.51
Thomas Isherwood,SWE,DF,Darmstadt 98,Bundesliga,25,1998,12,8,636,7.1,0,0,0,0,0,0,1,0,0.0,0.0,0.0,0.0,6.0,11.0,1.0,0.0,0.0,0.0,0.0,0.0,0.0,0.01,0.01,0.0,0.01
Ismaily,BRA,DF,Lille,Ligue 1,33,1990,30,28,2465,27.4,1,1,2,1,0,0,1,0,0.3,0.3,1.2,1.4,74.0,114.0,110.0,0.04,0.04,0.07,0.04,0.07,0.01,0.04,0.05,0.01,0.05
Ardian Ismajli,ALB,DF,Empoli,Serie A,26,1996,26,23,2045,22.7,0,0,0,0,0,0,2,0,0.3,0.3,0.1,0.4,9.0,49.0,3.0,0.0,0.0,0.0,0.0,0.0,0.01,0.0,0.02,0.01,0.02
Ko Itakura,JPN,DF,Gladbach,Bundesliga,26,1997,20,18,1596,17.7,3,0,3,3,0,0,9,0,1.3,1.3,0.2,1.5,14.0,36.0,7.0,0.17,0.0,0.17,0.17,0.17,0.08,0.01,0.09,0.08,0.09
Hiroki Ito,JPN,DF,Stuttgart,Bundesliga,24,1999,26,25,2228,24.8,0,2,2,0,0,0,1,0,0.9,0.9,2.0,2.9,29.0,121.0,32.0,0.0,0.08,0.08,0.0,0.08,0.04,0.08,0.12,0.04,0.12
Junya Ito,JPN,FW,Reims,Ligue 1,30,1993,31,31,2714,30.2,3,7,10,3,0,0,2,0,4.5,4.5,11.5,16.0,123.0,139.0,287.0,0.1,0.23,0.33,0.1,0.33,0.15,0.38,0.53,0.15,0.53
Alex Iwobi,NGA,FW,Fulham,Premier League,27,1996,30,25,2192,24.4,5,2,7,5,0,0,2,0,5.3,5.3,4.7,10.0,109.0,147.0,175.0,0.21,0.08,0.29,0.21,0.29,0.22,0.19,0.41,0.22,0.41
Armando Izzo,ITA,DF,Monza,Serie A,31,1992,23,20,1650,18.3,0,0,0,0,0,0,9,0,0.7,0.7,0.5,1.1,15.0,59.0,7.0,0.0,0.0,0.0,0.0,0.0,0.04,0.03,0.06,0.04,0.06
Nicolas Jackson,SEN,FW,Chelsea,Premier League,22,2001,35,31,2799,31.1,14,5,19,14,0,0,10,0,18.6,18.6,4.3,22.9,70.0,67.0,200.0,0.45,0.16,0.61,0.45,0.61,0.6,0.14,0.74,0.6,0.74
Lee Jae-sung,KOR,MF,Mainz 05,Bundesliga,30,1992,29,24,2113,23.5,6,3,9,6,0,0,6,0,4.9,4.9,3.4,8.3,25.0,82.0,121.0,0.26,0.13,0.38,0.26,0.38,0.21,0.14,0.35,0.21,0.35
Kristijan Jakić,CRO,MF,Augsburg,Bundesliga,26,1997,14,13,1051,11.7,2,1,3,2,0,0,4,0,0.8,0.8,0.3,1.0,11.0,56.0,10.0,0.17,0.09,0.26,0.17,0.26,0.07,0.02,0.09,0.07,0.09
Ismail Jakobs,SEN,DF,Monaco,Ligue 1,23,1999,22,16,1466,16.3,1,2,3,1,0,0,0,0,1.3,1.3,1.8,3.1,44.0,56.0,133.0,0.06,0.12,0.18,0.06,0.18,0.08,0.11,0.19,0.08,0.19
Ablie Jallow,GAM,MF,Metz,Ligue 1,24,1998,17,10,918,10.2,3,2,5,2,1,1,1,0,2.0,1.2,1.0,2.2,29.0,42.0,53.0,0.29,0.2,0.49,0.2,0.39,0.19,0.1,0.29,0.12,0.22
Vitaly Janelt,GER,MF,Brentford,Premier League,25,1998,38,37,3054,33.9,1,3,4,1,0,0,8,0,1.8,1.8,4.8,6.5,25.0,123.0,81.0,0.03,0.09,0.12,0.03,0.12,0.05,0.14,0.19,0.05,0.19
Jakub Jankto,CZE,MF,Cagliari,Serie A,27,1996,18,13,872,9.7,1,2,3,1,0,0,0,0,1.5,1.5,0.5,1.9,12.0,26.0,48.0,0.1,0.21,0.31,0.1,0.31,0.16,0.05,0.21,0.15,0.2
Luis Javier Suárez,COL,FW,Almería,La Liga,25,1997,15,10,917,10.2,6,0,6,5,1,1,3,0,6.5,5.7,0.6,6.3,30.0,15.0,53.0,0.59,0.0,0.59,0.49,0.49,0.64,0.06,0.7,0.56,0.62
Danley Jean-Jacques,HAI,MF,Metz,Ligue 1,23,2000,33,30,2682,29.8,0,0,0,0,0,0,5,0,2.9,2.9,0.6,3.5,35.0,84.0,53.0,0.0,0.0,0.0,0.0,0.0,0.1,0.02,0.12,0.1,0.12
Fredrik Jensen,FIN,MF,Augsburg,Bundesliga,25,1997,22,18,1338,14.9,2,4,6,2,0,0,1,0,0.9,0.9,4.3,5.2,22.0,46.0,90.0,0.13,0.27,0.4,0.13,0.4,0.06,0.29,0.35,0.06,0.35
Mathias Jensen,DEN,MF,Brentford,Premier League,27,1996,32,27,2204,24.5,3,3,6,3,0,0,5,0,0.7,0.7,4.0,4.7,19.0,123.0,66.0,0.12,0.12,0.25,0.12,0.25,0.03,0.16,0.19,0.03,0.19
Moritz Jenz,GER,DF,Wolfsburg,Bundesliga,24,1999,22,21,1742,19.4,0,1,1,0,0,0,7,1,0.3,0.3,0.3,0.6,2.0,47.0,4.0,0.0,0.05,0.05,0.0,0.05,0.02,0.01,0.03,0.02,0.03
Gabriel Jesus,BRA,FW,Arsenal,Premier League,26,1997,27,17,1478,16.4,4,5,9,4,0,0,6,0,6.3,6.3,3.8,10.1,38.0,42.0,155.0,0.24,0.3,0.55,0.24,0.55,0.39,0.23,0.62,0.39,0.62
Juan Jesus,BRA,DF,Napoli,Serie A,32,1991,24,23,2116,23.5,1,0,1,1,0,0,7,0,1.3,1.3,0.3,1.6,6.0,82.0,2.0,0.04,0.0,0.04,0.04,0.04,0.06,0.01,0.07,0.06,0.07
Raúl Jiménez,MEX,FW,Fulham,Premier League,32,1991,24,18,1395,15.5,7,0,7,7,0,0,3,1,5.2,5.2,1.5,6.6,11.0,24.0,87.0,0.45,0.0,0.45,0.45,0.45,0.33,0.1,0.43,0.33,0.43
João Pedro,BRA,FW,Brighton,Premier League,21,2001,31,19,2045,22.7,9,3,12,5,4,5,2,0,11.9,7.9,3.8,11.7,83.0,92.0,205.0,0.4,0.13,0.53,0.22,0.35,0.53,0.17,0.69,0.35,0.51
Joelinton,BRA,MF,Newcastle Utd,Premier League,26,1996,20,15,1279,14.2,2,1,3,2,0,0,6,0,3.1,3.1,2.8,5.9,29.0,56.0,60.0,0.14,0.07,0.21,0.14,0.21,0.22,0.2,0.41,0.22,0.41
Ryan John Giles,ENG,DF,Luton Town,Premier League,23,2000,11,5,503,5.6,0,0,0,0,0,0,0,0,0.1,0.1,0.2,0.3,9.0,17.0,30.0,0.0,0.0,0.0,0.0,0.0,0.02,0.04,0.06,0.02,0.06
Ben Johnson,ENG,DF,West Ham,Premier League,23,2000,14,4,544,6.0,0,0,0,0,0,0,1,0,0.2,0.2,0.0,0.2,17.0,22.0,33.0,0.0,0.0,0.0,0.0,0.0,0.03,0.0,0.03,0.03,0.03
Brennan Johnson,WAL,FW,Tottenham,Premier League,22,2001,32,23,2085,23.2,5,10,15,5,0,0,3,0,10.3,10.3,8.1,18.3,97.0,72.0,293.0,0.22,0.43,0.65,0.22,0.65,0.44,0.35,0.79,0.44,0.79
Sam Johnstone,ENG,GK,Crystal Palace,Premier League,30,1993,20,20,1796,20.0,0,0,0,0,0,0,1,0,0.0,0.0,0.0,0.0,0.0,0.0,0.0,0.0,0.0,0.0,0.0,0.0,0.0,0.0,0.0,0.0,0.0
Curtis Jones,ENG,MF,Liverpool,Premier League,22,2001,23,14,1167,13.0,1,1,2,1,0,0,3,1,2.6,2.6,0.7,3.3,31.0,74.0,88.0,0.08,0.08,0.15,0.08,0.15,0.2,0.05,0.25,0.2,0.25
Frenkie de Jong,NED,MF,Barcelona,La Liga,26,1997,20,20,1634,18.2,2,0,2,2,0,0,7,0,0.7,0.7,2.2,2.9,69.0,168.0,38.0,0.11,0.0,0.11,0.11,0.11,0.04,0.12,0.16,0.04,0.16
Jordi,ESP,MF,Getafe,La Liga,22,2001,13,5,573,6.4,0,0,0,0,0,0,1,0,1.3,1.3,0.6,1.8,6.0,14.0,28.0,0.0,0.0,0.0,0.0,0.0,0.2,0.09,0.28,0.2,0.28
Kaio Jorge,BRA,FW,Frosinone,Serie A,21,2002,20,8,812,9.0,3,0,3,2,1,2,2,0,5.4,3.8,0.3,4.2,6.0,11.0,46.0,0.33,0.0,0.33,0.22,0.22,0.6,0.03,0.64,0.43,0.46
Jorginho,ITA,MF,Arsenal,Premier League,31,1991,24,10,921,10.2,0,2,2,0,0,0,1,0,0.1,0.1,1.4,1.5,8.0,101.0,8.0,0.0,0.2,0.2,0.0,0.2,0.01,0.13,0.14,0.01,0.14
Willian José,BRA,FW,Betis,La Liga,31,1991,33,25,1971,21.9,10,5,15,10,0,0,0,1,5.7,5.7,2.5,8.2,8.0,32.0,90.0,0.46,0.23,0.68,0.46,0.68,0.26,0.12,0.37,0.26,0.37
Joselu,ESP,FW,Real Madrid,La Liga,33,1990,34,15,1687,18.7,10,2,12,10,0,2,1,0,11.6,10.0,1.7,11.7,15.0,20.0,98.0,0.53,0.11,0.64,0.53,0.64,0.62,0.09,0.71,0.53,0.62
Diogo Jota,POR,FW,Liverpool,Premier League,26,1996,21,14,1145,12.7,10,3,13,10,0,0,3,1,5.3,5.3,3.3,8.6,54.0,34.0,111.0,0.79,0.24,1.02,0.79,1.02,0.42,0.26,0.68,0.42,0.68
Antoine Joujou,FRA,FW,Le Havre,Ligue 1,20,2003,23,6,779,8.7,0,2,2,0,0,0,1,0,1.1,1.1,0.6,1.8,35.0,22.0,82.0,0.0,0.23,0.23,0.0,0.23,0.13,0.07,0.2,0.13,0.2
Luka Jović,SRB,FW,Milan,Serie A,25,1997,23,8,877,9.7,6,1,7,6,0,0,2,1,4.9,4.9,0.8,5.7,6.0,22.0,47.0,0.62,0.1,0.72,0.62,0.72,0.5,0.09,0.59,0.5,0.59
Kamil Jóźwiak,POL,MF,Granada,La Liga,25,1998,11,7,571,6.3,0,1,1,0,0,0,2,0,0.1,0.1,1.2,1.3,15.0,21.0,31.0,0.0,0.16,0.16,0.0,0.16,0.02,0.19,0.21,0.02,0.21
Juanmi,ESP,FW,Cádiz,La Liga,30,1993,16,9,873,9.7,3,1,4,3,0,0,3,0,2.5,2.5,1.6,4.2,7.0,12.0,40.0,0.31,0.1,0.41,0.31,0.41,0.26,0.17,0.43,0.26,0.43
Juanpe,ESP,DF,Girona,La Liga,32,1991,17,6,746,8.3,0,0,0,0,0,0,4,0,0.2,0.2,0.0,0.2,3.0,14.0,0.0,0.0,0.0,0.0,0.0,0.0,0.02,0.0,0.02,0.02,0.02
Christopher Jullien,FRA,DF,Montpellier,Ligue 1,30,1993,20,13,1233,13.7,1,0,1,1,0,0,5,0,1.1,1.1,0.1,1.2,1.0,26.0,4.0,0.07,0.0,0.07,0.07,0.07,0.08,0.0,0.09,0.08,0.09
Anthony Jung,GER,DF,Werder Bremen,Bundesliga,31,1991,31,30,2579,28.7,1,0,1,1,0,0,4,1,0.6,0.6,0.3,1.0,24.0,107.0,21.0,0.03,0.0,0.03,0.03,0.03,0.02,0.01,0.03,0.02,0.03
Eli Junior Kroupi,FRA,FW,Lorient,Ligue 1,17,2006,30,11,1084,12.0,5,3,8,5,0,0,1,0,3.5,3.5,1.8,5.3,10.0,12.0,63.0,0.42,0.25,0.66,0.42,0.66,0.29,0.15,0.44,0.29,0.44
Vinicius Júnior,BRA,FW,Real Madrid,La Liga,23,2000,26,22,1864,20.7,15,5,20,14,1,1,7,0,13.1,12.3,4.2,16.6,137.0,57.0,277.0,0.72,0.24,0.97,0.68,0.92,0.63,0.21,0.84,0.59,0.8
Josip Juranović,CRO,DF,Union Berlin,Bundesliga,27,1995,21,14,1294,14.4,0,2,2,0,0,1,4,0,1.4,0.6,2.3,2.9,22.0,52.0,46.0,0.0,0.14,0.14,0.0,0.14,0.1,0.16,0.26,0.04,0.2
David Jurásek,CZE,DF,Hoffenheim,Bundesliga,22,2000,13,4,496,5.5,0,1,1,0,0,0,1,0,0.2,0.2,1.0,1.1,12.0,12.0,38.0,0.0,0.18,0.18,0.0,0.18,0.03,0.18,0.21,0.03,0.21
Julian Justvan,GER,MF,Darmstadt 98,Bundesliga,25,1998,14,11,1023,11.4,2,2,4,2,0,0,1,0,0.9,0.9,2.5,3.4,20.0,56.0,50.0,0.18,0.18,0.35,0.18,0.35,0.08,0.22,0.3,0.08,0.3
Filip Jørgensen,DEN,GK,Villarreal,La Liga,21,2002,36,36,3240,36.0,0,0,0,0,0,0,4,0,0.0,0.0,0.0,0.0,0.0,0.0,0.0,0.0,0.0,0.0,0.0,0.0,0.0,0.0,0.0,0.0,0.0
Mathias Jørgensen,DEN,DF,Brentford,Premier League,33,1990,14,12,1087,12.1,1,0,1,1,0,0,4,0,0.7,0.7,0.9,1.7,5.0,50.0,4.0,0.08,0.0,0.08,0.08,0.08,0.06,0.08,0.14,0.06,0.14
Mohamed Kaba,FRA,MF,Lecce,Serie A,21,2001,23,15,1378,15.3,0,0,0,0,0,0,4,1,1.2,1.2,0.9,2.0,14.0,60.0,32.0,0.0,0.0,0.0,0.0,0.0,0.08,0.06,0.13,0.08,0.13
Sory Kaba,GUI,FW,Las Palmas,La Liga,28,1995,17,9,720,8.0,1,1,2,1,0,0,2,0,1.5,1.5,0.3,1.8,7.0,12.0,36.0,0.12,0.12,0.25,0.12,0.25,0.18,0.04,0.23,0.18,0.23
Ozan Kabak,TUR,DF,Hoffenheim,Bundesliga,23,2000,28,28,2282,25.4,4,0,4,4,0,0,11,1,2.2,2.2,1.1,3.3,21.0,110.0,11.0,0.16,0.0,0.16,0.16,0.16,0.09,0.04,0.13,0.09,0.13
Christian Kabasele,BEL,DF,Udinese,Serie A,32,1991,13,10,861,9.6,1,1,2,1,0,0,5,0,1.2,1.2,0.5,1.6,7.0,22.0,1.0,0.1,0.1,0.21,0.1,0.21,0.12,0.05,0.17,0.12,0.17
Issa Kaboré,BFA,DF,Luton Town,Premier League,22,2001,24,21,1729,19.2,0,2,2,0,0,0,7,0,0.2,0.2,2.1,2.3,60.0,54.0,85.0,0.0,0.1,0.1,0.0,0.1,0.01,0.11,0.12,0.01,0.12
Abdoul Kader Bamba,FRA,FW,Nantes,Ligue 1,29,1994,23,1,611,6.8,2,1,3,2,0,0,2,0,2.1,2.1,1.0,3.2,41.0,31.0,73.0,0.29,0.15,0.44,0.29,0.44,0.31,0.15,0.46,0.31,0.46
Pavel Kadeřábek,CZE,DF,Hoffenheim,Bundesliga,31,1992,29,28,2412,26.8,3,4,7,3,0,0,7,0,2.5,2.5,4.7,7.2,38.0,88.0,153.0,0.11,0.15,0.26,0.11,0.26,0.09,0.18,0.27,0.09,0.27
Tino Kadewere,ZIM,FW,Nantes,Ligue 1,27,1996,14,8,781,8.7,1,0,1,1,0,1,1,0,1.9,1.2,1.8,2.9,15.0,26.0,53.0,0.12,0.0,0.12,0.12,0.12,0.22,0.21,0.43,0.13,0.34
Kaiky,BRA,DF,Almería,La Liga,19,2004,8,5,523,5.8,1,0,1,1,0,0,2,0,0.2,0.2,0.0,0.3,4.0,24.0,1.0,0.17,0.0,0.17,0.17,0.17,0.04,0.0,0.04,0.04,0.04
Florian Kainz,AUT,MF,Köln,Bundesliga,30,1992,33,29,2197,24.4,5,4,9,0,5,5,4,0,5.0,1.0,3.3,4.3,40.0,124.0,100.0,0.2,0.16,0.37,0.0,0.16,0.2,0.13,0.34,0.04,0.18
Arnaud Kalimuendo,FRA,FW,Rennes,Ligue 1,21,2002,30,25,2139,23.8,10,1,11,8,2,2,6,0,9.0,7.4,2.7,10.1,27.0,37.0,181.0,0.42,0.04,0.46,0.34,0.38,0.38,0.11,0.49,0.31,0.43
Gedeon Kalulu,COD,DF,Lorient,Ligue 1,25,1997,19,11,970,10.8,0,1,1,0,0,0,0,0,0.3,0.3,1.1,1.4,17.0,35.0,60.0,0.0,0.09,0.09,0.0,0.09,0.03,0.1,0.13,0.03,0.13
Daichi Kamada,JPN,MF,Lazio,Serie A,26,1996,29,17,1544,17.2,2,2,4,2,0,0,3,0,1.8,1.8,2.8,4.6,40.0,96.0,78.0,0.12,0.12,0.23,0.12,0.23,0.11,0.16,0.27,0.11,0.27
Waren Kamanzi,NOR,DF,Toulouse,Ligue 1,22,2000,24,12,1187,13.2,0,3,3,0,0,0,1,0,0.8,0.8,2.5,3.4,35.0,56.0,55.0,0.0,0.23,0.23,0.0,0.23,0.06,0.19,0.26,0.06,0.26
Boubacar Kamara,FRA,MF,Aston Villa,Premier League,23,1999,20,20,1652,18.4,0,1,1,0,0,0,7,1,0.1,0.1,1.3,1.4,19.0,83.0,10.0,0.0,0.05,0.05,0.0,0.05,0.01,0.07,0.08,0.01,0.08
Hassane Kamara,CIV,DF,Udinese,Serie A,29,1994,35,27,2225,24.7,1,1,2,1,0,0,4,0,1.9,1.9,2.8,4.8,61.0,81.0,93.0,0.04,0.04,0.08,0.04,0.08,0.08,0.11,0.19,0.08,0.19
Jakub Kamiński,POL,FW,Wolfsburg,Bundesliga,21,2002,17,4,473,5.3,0,2,2,0,0,0,0,0,0.5,0.5,0.7,1.1,13.0,18.0,53.0,0.0,0.38,0.38,0.0,0.38,0.09,0.13,0.22,0.09,0.22
Thomas Kaminski,BEL,GK,Luton Town,Premier League,30,1992,38,38,3405,37.8,0,0,0,0,0,0,3,0,0.0,0.0,0.0,0.0,0.0,1.0,0.0,0.0,0.0,0.0,0.0,0.0,0.0,0.0,0.0,0.0,0.0
Kevin Kampl,SVN,MF,RB Leipzig,Bundesliga,32,1990,26,14,1363,15.1,1,0,1,1,0,0,3,0,0.2,0.2,1.8,2.0,28.0,88.0,27.0,0.07,0.0,0.07,0.07,0.07,0.01,0.12,0.13,0.01,0.13
Harry Kane,ENG,FW,Bayern Munich,Bundesliga,30,1993,32,32,2839,31.5,36,8,44,31,5,5,2,0,30.6,26.7,6.4,33.0,36.0,102.0,164.0,1.14,0.25,1.39,0.98,1.24,0.97,0.2,1.17,0.85,1.05
Lee Kang-in,KOR,FW,Paris S-G,Ligue 1,22,2001,23,18,1464,16.3,3,4,7,3,0,0,2,0,1.5,1.5,2.3,3.7,50.0,103.0,150.0,0.18,0.25,0.43,0.18,0.43,0.09,0.14,0.23,0.09,0.23
Atakan Karazor,GER,MF,Stuttgart,Bundesliga,26,1996,33,31,2623,29.1,0,4,4,0,0,0,9,0,1.0,1.0,2.6,3.6,24.0,142.0,31.0,0.0,0.14,0.14,0.0,0.14,0.04,0.09,0.13,0.03,0.12
Ayman Kari,FRA,MF,Lorient,Ligue 1,18,2004,14,12,893,9.9,1,1,2,1,0,0,1,0,0.6,0.6,0.8,1.5,22.0,37.0,53.0,0.1,0.1,0.2,0.1,0.2,0.06,0.08,0.15,0.06,0.15
Emir Karic,AUT,DF,Darmstadt 98,Bundesliga,26,1997,27,18,1783,19.8,0,0,0,0,0,0,4,0,0.4,0.4,1.3,1.7,56.0,115.0,85.0,0.0,0.0,0.0,0.0,0.0,0.02,0.06,0.08,0.02,0.08
Rick Karsdorp,NED,DF,Roma,Serie A,28,1995,18,14,1191,13.2,0,2,2,0,0,0,2,0,0.4,0.4,2.2,2.7,12.0,33.0,71.0,0.0,0.15,0.15,0.0,0.15,0.03,0.17,0.2,0.03,0.2
Grigoris Kastanos,CYP,MF,Salernitana,Serie A,25,1998,26,18,1480,16.4,3,3,6,3,0,0,5,0,2.9,2.9,2.8,5.7,28.0,78.0,69.0,0.18,0.18,0.36,0.18,0.36,0.17,0.17,0.35,0.17,0.35
Silas Katompa,COD,FW,Stuttgart,Bundesliga,24,1998,27,8,900,10.0,5,2,7,5,0,1,0,0,5.7,4.9,2.3,7.2,49.0,25.0,130.0,0.5,0.2,0.7,0.5,0.7,0.57,0.23,0.8,0.49,0.72
Panos Katseris,GRE,DF,Lorient,Ligue 1,22,2001,15,13,1041,11.6,1,1,2,1,0,0,4,0,2.1,2.1,0.8,2.9,24.0,21.0,86.0,0.09,0.09,0.17,0.09,0.17,0.18,0.07,0.25,0.18,0.25
Mikkel Kaufmann,DEN,FW,Union Berlin,Bundesliga,22,2001,18,4,486,5.4,1,0,1,1,0,0,0,0,1.3,1.3,1.0,2.3,6.0,11.0,34.0,0.19,0.0,0.19,0.19,0.19,0.24,0.18,0.42,0.24,0.42
Michael Kayode,ITA,DF,Fiorentina,Serie A,19,2004,26,22,2058,22.9,1,1,2,1,0,0,2,0,0.5,0.5,1.1,1.6,45.0,80.0,102.0,0.04,0.04,0.09,0.04,0.09,0.02,0.05,0.07,0.02,0.07
Moise Kean,ITA,FW,Juventus,Serie A,23,2000,19,8,654,7.3,0,0,0,0,0,0,2,0,2.1,2.1,0.7,2.8,12.0,6.0,38.0,0.0,0.0,0.0,0.0,0.0,0.28,0.1,0.38,0.28,0.38
Kévin Keben Biakolo,CMR,DF,Toulouse,Ligue 1,19,2004,8,7,521,5.8,0,0,0,0,0,0,1,0,0.0,0.0,0.1,0.1,5.0,13.0,10.0,0.0,0.0,0.0,0.0,0.0,0.0,0.01,0.01,0.0,0.01
Yassine Kechta,MAR,MF,Le Havre,Ligue 1,21,2002,32,21,1849,20.5,2,1,3,2,0,0,4,0,1.6,1.6,2.2,3.8,41.0,122.0,67.0,0.1,0.05,0.15,0.1,0.15,0.08,0.11,0.19,0.08,0.19
Thilo Kehrer,GER,DF,Monaco,Ligue 1,26,1996,15,15,1323,14.7,1,1,2,1,0,0,4,1,0.7,0.7,1.1,1.8,13.0,90.0,16.0,0.07,0.07,0.14,0.07,0.14,0.05,0.07,0.12,0.05,0.12
Habib Keita,MLI,MF,Clermont Foot,Ligue 1,21,2002,27,12,1278,14.2,1,0,1,1,0,0,4,0,0.7,0.7,0.6,1.3,9.0,53.0,23.0,0.07,0.0,0.07,0.07,0.07,0.05,0.05,0.09,0.05,0.09
Yannik Keitel,GER,DF,Freiburg,Bundesliga,23,2000,15,11,920,10.2,1,0,1,1,0,0,0,0,0.7,0.7,0.4,1.1,4.0,48.0,7.0,0.1,0.0,0.1,0.1,0.1,0.07,0.04,0.11,0.07,0.11
Caoimhín Kelleher,IRL,GK,Liverpool,Premier League,24,1998,10,10,900,10.0,0,0,0,0,0,0,0,0,0.0,0.0,0.0,0.0,0.0,1.0,0.0,0.0,0.0,0.0,0.0,0.0,0.0,0.0,0.0,0.0,0.0
Lloyd Kelly,ENG,DF,Bournemouth,Premier League,24,1998,23,17,1559,17.3,0,1,1,0,0,0,2,0,0.3,0.3,1.2,1.6,15.0,56.0,28.0,0.0,0.06,0.06,0.0,0.06,0.02,0.07,0.09,0.02,0.09
Tobias Kempe,GER,MF,Darmstadt 98,Bundesliga,34,1989,24,15,1350,15.0,3,2,5,0,3,3,1,0,3.6,1.2,2.1,3.3,15.0,44.0,46.0,0.2,0.13,0.33,0.0,0.13,0.24,0.14,0.38,0.08,0.22
Milos Kerkez,HUN,DF,Bournemouth,Premier League,19,2003,28,22,1970,21.9,0,1,1,0,0,0,4,1,1.2,1.2,0.8,2.0,46.0,44.0,93.0,0.0,0.05,0.05,0.0,0.05,0.06,0.04,0.09,0.06,0.09
Reda Khadra,GER,FW,Reims,Ligue 1,22,2001,29,14,1368,15.2,1,3,4,1,0,0,1,0,1.8,1.8,3.5,5.4,35.0,40.0,110.0,0.07,0.2,0.26,0.07,0.26,0.12,0.23,0.35,0.12,0.35
Wahbi Khazri,TUN,FW,Montpellier,Ligue 1,32,1991,25,13,1131,12.6,1,0,1,1,0,0,6,0,3.3,3.3,1.2,4.5,27.0,33.0,76.0,0.08,0.0,0.08,0.08,0.08,0.26,0.1,0.36,0.26,0.36
Rani Khedira,GER,MF,Union Berlin,Bundesliga,29,1994,20,18,1343,14.9,0,0,0,0,0,0,5,1,0.4,0.4,0.1,0.5,6.0,35.0,15.0,0.0,0.0,0.0,0.0,0.0,0.03,0.01,0.03,0.03,0.03
Abdukodir Khusanov,UZB,DF,Lens,Ligue 1,19,2004,11,9,809,9.0,0,0,0,0,0,0,5,0,0.2,0.2,0.1,0.2,5.0,23.0,1.0,0.0,0.0,0.0,0.0,0.0,0.02,0.01,0.03,0.02,0.03
Kiké,ESP,FW,Alavés,La Liga,33,1989,33,15,1423,15.8,3,2,5,3,0,1,3,0,7.7,6.9,2.0,8.9,18.0,32.0,97.0,0.19,0.13,0.32,0.19,0.32,0.49,0.13,0.61,0.44,0.56
Luca Kilian,GER,DF,Köln,Bundesliga,23,1999,13,6,635,7.1,0,0,0,0,0,0,1,0,0.0,0.0,0.0,0.0,7.0,12.0,1.0,0.0,0.0,0.0,0.0,0.0,0.0,0.01,0.01,0.0,0.01
Max Kilman,ENG,DF,Wolves,Premier League,26,1997,38,38,3420,38.0,2,0,2,2,0,0,7,0,1.8,1.8,1.4,3.2,22.0,117.0,5.0,0.05,0.0,0.05,0.05,0.05,0.05,0.04,0.08,0.05,0.08
Joshua Kimmich,GER,MF,Bayern Munich,Bundesliga,28,1995,28,27,2176,24.2,1,6,7,1,0,0,1,1,1.1,1.1,7.1,8.3,56.0,229.0,114.0,0.04,0.25,0.29,0.04,0.29,0.05,0.3,0.34,0.05,0.34
Jakub Kiwior,POL,DF,Arsenal,Premier League,23,2000,20,11,946,10.5,1,3,4,1,0,0,1,0,0.8,0.8,0.9,1.7,4.0,55.0,16.0,0.1,0.29,0.38,0.1,0.38,0.08,0.09,0.16,0.08,0.16
Simon Kjær,DEN,DF,Milan,Serie A,34,1989,20,14,1171,13.0,0,1,1,0,0,0,1,0,0.5,0.5,0.8,1.3,4.0,52.0,0.0,0.0,0.08,0.08,0.0,0.08,0.04,0.06,0.1,0.04,0.1
Christoph Klarer,AUT,DF,Darmstadt 98,Bundesliga,23,2000,30,28,2354,26.2,2,2,4,2,0,0,9,0,1.2,1.2,0.9,2.1,9.0,64.0,11.0,0.08,0.08,0.15,0.08,0.15,0.05,0.04,0.08,0.05,0.08
Tim Kleindienst,GER,FW,Heidenheim,Bundesliga,27,1995,33,33,2869,31.9,12,3,15,10,2,2,6,0,13.9,12.3,3.3,15.6,40.0,73.0,178.0,0.38,0.09,0.47,0.31,0.41,0.44,0.1,0.54,0.39,0.49
Lukas Klostermann,GER,DF,RB Leipzig,Bundesliga,27,1996,25,16,1436,16.0,1,0,1,1,0,0,3,0,0.7,0.7,0.4,1.1,14.0,90.0,13.0,0.06,0.0,0.06,0.06,0.06,0.05,0.02,0.07,0.05,0.07
Justin Kluivert,NED,MF,Bournemouth,Premier League,24,1999,32,26,1916,21.3,7,1,8,7,0,0,5,0,6.2,6.2,1.9,8.1,65.0,50.0,114.0,0.33,0.05,0.38,0.33,0.38,0.29,0.09,0.38,0.29,0.38
Ansgar Knauff,GER,MF,Eint Frankfurt,Bundesliga,21,2002,31,24,2109,23.4,7,2,9,7,0,0,7,1,5.7,5.7,2.3,8.0,77.0,57.0,164.0,0.3,0.09,0.38,0.3,0.38,0.24,0.1,0.34,0.24,0.34
Robin Knoche,GER,DF,Union Berlin,Bundesliga,31,1992,24,20,1917,21.3,1,0,1,1,0,1,1,0,1.2,0.4,0.3,0.7,2.0,71.0,2.0,0.05,0.0,0.05,0.05,0.05,0.06,0.01,0.07,0.02,0.03
Gregor Kobel,SUI,GK,Dortmund,Bundesliga,25,1997,27,27,2365,26.3,0,0,0,0,0,0,1,0,0.0,0.0,0.0,0.0,0.0,0.0,0.0,0.0,0.0,0.0,0.0,0.0,0.0,0.0,0.0,0.0,0.0
Robin Koch,GER,DF,Eint Frankfurt,Bundesliga,27,1996,31,31,2738,30.4,2,0,2,2,0,0,10,0,3.1,3.1,0.2,3.3,14.0,116.0,3.0,0.07,0.0,0.07,0.07,0.07,0.1,0.01,0.11,0.1,0.11
Philipp Köhn,SUI,GK,Monaco,Ligue 1,25,1998,22,22,1980,22.0,0,0,0,0,0,0,0,0,0.0,0.0,0.0,0.0,0.0,0.0,0.0,0.0,0.0,0.0,0.0,0.0,0.0,0.0,0.0,0.0,0.0
Dominik Kohr,GER,DF,Mainz 05,Bundesliga,29,1994,31,27,2184,24.3,1,0,1,1,0,0,15,1,1.6,1.6,1.2,2.8,19.0,99.0,26.0,0.04,0.0,0.04,0.04,0.04,0.07,0.05,0.12,0.07,0.12
Koke,ESP,MF,Atlético Madrid,La Liga,31,1992,35,32,2493,27.7,0,4,4,0,0,0,5,0,0.4,0.4,3.6,4.1,26.0,212.0,26.0,0.0,0.14,0.14,0.0,0.14,0.02,0.13,0.15,0.02,0.15
Sead Kolašinac,BIH,DF,Atalanta,Serie A,30,1993,30,25,2178,24.2,1,0,1,1,0,0,4,0,1.3,1.3,1.1,2.4,32.0,94.0,30.0,0.04,0.0,0.04,0.04,0.04,0.06,0.04,0.1,0.06,0.1
Luca Koleosho,ITA,MF,Burnley,Premier League,18,2004,15,13,974,10.8,1,1,2,1,0,0,0,0,2.0,2.0,1.3,3.3,53.0,19.0,82.0,0.09,0.09,0.18,0.09,0.18,0.18,0.12,0.3,0.18,0.3
Randal Kolo Muani,FRA,FW,Paris S-G,Ligue 1,24,1998,26,13,1268,14.1,6,5,11,6,0,0,1,0,6.1,6.1,3.3,9.4,36.0,42.0,125.0,0.43,0.35,0.78,0.43,0.78,0.43,0.23,0.66,0.43,0.66
Cheick Konaté,MLI,DF,Clermont Foot,Ligue 1,19,2004,19,12,1068,11.9,1,1,2,1,0,0,4,0,0.5,0.5,1.6,2.1,22.0,37.0,86.0,0.08,0.08,0.17,0.08,0.17,0.04,0.13,0.18,0.04,0.18
Ibrahima Konaté,FRA,DF,Liverpool,Premier League,24,1999,22,17,1574,17.5,0,0,0,0,0,0,5,1,0.7,0.7,0.4,1.1,24.0,118.0,3.0,0.0,0.0,0.0,0.0,0.0,0.04,0.02,0.06,0.04,0.06
Geoffrey Kondogbia,CTA,MF,Marseille,Ligue 1,30,1993,26,15,1463,16.3,0,0,0,0,0,0,3,0,0.4,0.4,0.5,0.9,7.0,93.0,25.0,0.0,0.0,0.0,0.0,0.0,0.02,0.03,0.06,0.02,0.06
Amadou Koné,MLI,MF,Reims,Ligue 1,18,2005,16,4,475,5.3,0,0,0,0,0,0,4,1,0.3,0.3,0.2,0.4,2.0,28.0,2.0,0.0,0.0,0.0,0.0,0.0,0.05,0.03,0.08,0.05,0.08
Manu Koné,FRA,MF,Gladbach,Bundesliga,22,2001,22,18,1561,17.3,1,0,1,1,0,0,4,1,1.2,1.2,1.2,2.4,42.0,70.0,56.0,0.06,0.0,0.06,0.06,0.06,0.07,0.07,0.14,0.07,0.14
Ezri Konsa,ENG,DF,Aston Villa,Premier League,25,1997,35,35,3069,34.1,1,0,1,1,0,0,5,0,2.5,2.5,0.5,3.0,37.0,136.0,33.0,0.03,0.0,0.03,0.03,0.03,0.07,0.02,0.09,0.07,0.09
Teun Koopmeiners,NED,MF,Atalanta,Serie A,25,1998,34,29,2627,29.2,12,5,17,10,2,2,5,0,6.5,5.0,5.9,10.9,79.0,169.0,190.0,0.41,0.17,0.58,0.34,0.51,0.22,0.2,0.43,0.17,0.37
Odilon Kossonou,CIV,DF,Leverkusen,Bundesliga,22,2001,22,21,1811,20.1,1,0,1,1,0,0,3,0,0.6,0.6,0.7,1.3,48.0,141.0,23.0,0.05,0.0,0.05,0.05,0.05,0.03,0.03,0.06,0.03,0.06
Filip Kostić,SRB,DF,Juventus,Serie A,30,1992,29,26,1815,20.2,0,4,4,0,0,0,2,0,0.7,0.7,5.4,6.1,64.0,88.0,95.0,0.0,0.2,0.2,0.0,0.2,0.03,0.27,0.3,0.03,0.3
Christian Kouamé,CIV,FW,Fiorentina,Serie A,25,1997,23,11,1089,12.1,2,1,3,2,0,0,0,0,1.9,1.9,1.8,3.7,12.0,41.0,110.0,0.17,0.08,0.25,0.17,0.25,0.16,0.15,0.31,0.16,0.31
Rominigue Kouamé,MLI,MF,Cádiz,La Liga,26,1996,16,9,821,9.1,0,0,0,0,0,0,2,0,0.3,0.3,0.1,0.4,16.0,34.0,5.0,0.0,0.0,0.0,0.0,0.0,0.03,0.01,0.04,0.03,0.04
Koffi Kouao,CIV,DF,Metz,Ligue 1,25,1998,13,10,860,9.6,0,2,2,0,0,0,2,0,0.2,0.2,1.5,1.7,10.0,29.0,29.0,0.0,0.21,0.21,0.0,0.21,0.02,0.16,0.18,0.02,0.18
Jules Koundé,FRA,DF,Barcelona,La Liga,24,1998,35,32,2899,32.2,1,2,3,1,0,0,4,0,2.0,2.0,2.2,4.2,67.0,245.0,64.0,0.03,0.06,0.09,0.03,0.09,0.06,0.07,0.13,0.06,0.13
Boubakar Kouyaté,MLI,DF,Montpellier,Ligue 1,26,1997,23,22,1928,21.4,0,2,2,0,0,0,5,1,0.8,0.8,1.3,2.1,4.0,58.0,3.0,0.0,0.09,0.09,0.0,0.09,0.04,0.06,0.1,0.04,0.1
Mateo Kovačić,CRO,MF,Manchester City,Premier League,29,1994,30,16,1551,17.2,1,0,1,1,0,0,4,0,1.3,1.3,1.6,2.9,37.0,100.0,38.0,0.06,0.0,0.06,0.06,0.06,0.07,0.09,0.17,0.07,0.17
Viktor Kovalenko,UKR,MF,Empoli,Serie A,27,1996,17,4,613,6.8,1,1,2,1,0,0,1,0,0.9,0.9,0.8,1.7,4.0,20.0,24.0,0.15,0.15,0.29,0.15,0.29,0.14,0.12,0.25,0.14,0.25
Emil Krafth,SWE,DF,Newcastle Utd,Premier League,28,1994,17,8,913,10.1,0,0,0,0,0,0,2,0,0.2,0.2,1.0,1.2,12.0,29.0,33.0,0.0,0.0,0.0,0.0,0.0,0.02,0.1,0.12,0.02,0.12
Alex Král,CZE,MF,Union Berlin,Bundesliga,25,1998,24,13,1370,15.2,0,0,0,0,0,0,2,0,1.7,1.7,0.4,2.0,15.0,44.0,41.0,0.0,0.0,0.0,0.0,0.0,0.11,0.02,0.13,0.11,0.13
Andrej Kramarić,CRO,MF,Hoffenheim,Bundesliga,32,1991,30,25,2199,24.4,15,6,21,10,5,5,4,0,11.1,7.1,7.3,14.5,71.0,119.0,175.0,0.61,0.25,0.86,0.41,0.65,0.45,0.3,0.75,0.29,0.59
Tom Krauß,GER,MF,Mainz 05,Bundesliga,22,2001,29,13,1346,15.0,1,2,3,1,0,0,5,0,0.8,0.8,0.4,1.2,12.0,68.0,29.0,0.07,0.13,0.2,0.07,0.2,0.05,0.03,0.08,0.05,0.08
Rasmus Kristensen,DEN,DF,Roma,Serie A,26,1997,29,19,1744,19.4,1,1,2,1,0,0,5,0,0.5,0.5,0.9,1.5,16.0,40.0,115.0,0.05,0.05,0.1,0.05,0.1,0.03,0.05,0.08,0.03,0.08
Thomas Kristensen,DEN,DF,Udinese,Serie A,21,2002,26,23,2096,23.3,0,1,1,0,0,0,4,1,1.1,1.1,0.4,1.5,20.0,47.0,3.0,0.0,0.04,0.04,0.0,0.04,0.05,0.02,0.06,0.05,0.06
Toni Kroos,GER,MF,Real Madrid,La Liga,33,1990,33,24,2124,23.6,1,8,9,1,0,0,3,0,1.6,1.6,4.9,6.5,32.0,290.0,29.0,0.04,0.34,0.38,0.04,0.38,0.07,0.21,0.28,0.07,0.28
Nikola Krstović,MNE,FW,Lecce,Serie A,23,2000,35,30,2373,26.4,7,1,8,6,1,3,4,1,11.6,9.2,3.0,12.3,32.0,52.0,126.0,0.27,0.04,0.3,0.23,0.27,0.44,0.11,0.55,0.35,0.46
Rade Krunić,BIH,MF,Milan,Serie A,29,1993,10,8,687,7.6,0,0,0,0,0,0,3,0,0.1,0.1,0.5,0.6,5.0,24.0,3.0,0.0,0.0,0.0,0.0,0.0,0.02,0.07,0.08,0.02,0.08
Lukas Kübler,GER,DF,Freiburg,Bundesliga,30,1992,26,22,1847,20.5,1,0,1,1,0,0,7,0,0.6,0.6,0.3,0.9,13.0,70.0,32.0,0.05,0.0,0.05,0.05,0.05,0.03,0.02,0.04,0.03,0.04
Takefusa Kubo,JPN,FW,Real Sociedad,La Liga,22,2001,30,24,2150,23.9,7,4,11,7,0,0,1,0,3.5,3.5,6.4,9.9,136.0,89.0,231.0,0.29,0.17,0.46,0.29,0.46,0.15,0.27,0.42,0.15,0.42
Mohammed Kudus,GHA,FW,West Ham,Premier League,22,2000,33,27,2484,27.6,8,6,14,8,0,0,6,0,5.1,5.1,3.5,8.6,117.0,80.0,216.0,0.29,0.22,0.51,0.29,0.51,0.19,0.13,0.31,0.19,0.31
Dejan Kulusevski,SWE,FW,Tottenham,Premier League,23,2000,36,31,2762,30.7,8,3,11,8,0,0,7,0,4.7,4.7,7.7,12.4,151.0,144.0,388.0,0.26,0.1,0.36,0.26,0.36,0.15,0.25,0.4,0.15,0.4
Sael Kumbedi,FRA,DF,Lyon,Ligue 1,18,2005,17,8,924,10.3,0,1,1,0,0,0,3,0,0.2,0.2,0.7,1.0,19.0,42.0,75.0,0.0,0.1,0.1,0.0,0.1,0.02,0.07,0.09,0.02,0.09
Daler Kuzyaev,RUS,MF,Le Havre,Ligue 1,30,1993,30,24,2090,23.2,2,2,4,2,0,0,1,0,1.8,1.8,1.3,3.2,23.0,119.0,97.0,0.09,0.09,0.17,0.09,0.17,0.08,0.06,0.14,0.08,0.14
Khvicha Kvaratskhelia,GEO,FW,Napoli,Serie A,22,2001,34,32,2737,30.4,11,6,17,11,0,0,8,0,11.1,11.1,6.8,17.9,184.0,89.0,266.0,0.36,0.2,0.56,0.36,0.56,0.37,0.23,0.59,0.36,0.59
Grejohn Kyei,FRA,FW,Clermont Foot,Ligue 1,27,1995,26,10,1026,11.4,2,1,3,1,1,1,1,0,4.9,4.1,1.2,5.3,12.0,30.0,85.0,0.18,0.09,0.26,0.09,0.18,0.43,0.11,0.54,0.36,0.47
Giorgos Kyriakopoulos,GRE,DF,Monza,Serie A,27,1996,28,20,1712,19.0,0,3,3,0,0,0,3,0,1.2,1.2,1.4,2.6,64.0,70.0,94.0,0.0,0.16,0.16,0.0,0.16,0.06,0.07,0.14,0.06,0.14
Luca de la Torre,USA,MF,Celta Vigo,La Liga,25,1998,31,22,1956,21.7,1,4,5,1,0,0,4,1,2.5,2.5,1.4,3.9,58.0,93.0,88.0,0.05,0.18,0.23,0.05,0.23,0.11,0.07,0.18,0.11,0.18
Gaëtan Laborde,FRA,FW,Nice,Ligue 1,29,1994,34,22,1906,21.2,5,2,7,4,1,2,2,0,7.7,6.1,1.8,7.9,33.0,46.0,161.0,0.24,0.09,0.33,0.19,0.28,0.36,0.08,0.45,0.29,0.37
Alexandre Lacazette,FRA,FW,Lyon,Ligue 1,32,1991,29,27,2293,25.5,19,2,21,17,2,2,3,1,11.4,9.8,1.9,11.7,22.0,61.0,144.0,0.75,0.08,0.82,0.67,0.75,0.45,0.07,0.52,0.39,0.46
Maxence Lacroix,FRA,DF,Wolfsburg,Bundesliga,23,2000,28,27,2362,26.2,4,1,5,4,0,0,5,3,0.8,0.8,0.8,1.7,5.0,79.0,5.0,0.15,0.04,0.19,0.15,0.19,0.03,0.03,0.06,0.03,0.06
Alban Lafont,FRA,GK,Nantes,Ligue 1,24,1999,28,28,2496,27.7,0,0,0,0,0,0,2,0,0.0,0.0,0.0,0.0,0.0,3.0,0.0,0.0,0.0,0.0,0.0,0.0,0.0,0.0,0.0,0.0,0.0
Aïssa Laïdouni,TUN,MF,Union Berlin,Bundesliga,26,1996,23,10,1071,11.9,0,3,3,0,0,0,2,0,0.7,0.7,1.0,1.7,24.0,56.0,41.0,0.0,0.25,0.25,0.0,0.25,0.06,0.09,0.14,0.06,0.14
Konrad Laimer,AUT,DF,Bayern Munich,Bundesliga,26,1997,29,18,1772,19.7,0,3,3,0,0,0,3,0,1.0,1.0,3.9,4.9,62.0,127.0,98.0,0.0,0.15,0.15,0.0,0.15,0.05,0.2,0.25,0.05,0.25
Stefan Lainer,AUT,DF,Gladbach,Bundesliga,30,1992,15,8,751,8.3,0,1,1,0,0,0,2,0,0.2,0.2,0.7,0.9,15.0,37.0,31.0,0.0,0.12,0.12,0.0,0.12,0.02,0.08,0.11,0.02,0.11
Kenny Lala,MAD,DF,Brest,Ligue 1,31,1991,33,33,2970,33.0,2,3,5,2,0,0,7,0,0.5,0.5,3.3,3.8,45.0,200.0,98.0,0.06,0.09,0.15,0.06,0.15,0.01,0.1,0.12,0.01,0.12
Adam Lallana,ENG,MF,Brighton,Premier League,35,1988,25,13,850,9.4,0,1,1,0,0,0,2,0,0.8,0.8,1.7,2.5,9.0,39.0,55.0,0.0,0.11,0.11,0.0,0.11,0.09,0.18,0.27,0.09,0.27
Érik Lamela,ARG,FW,Sevilla,La Liga,31,1992,13,5,463,5.1,2,0,2,2,0,0,3,0,1.0,1.0,1.0,2.0,11.0,17.0,28.0,0.39,0.0,0.39,0.39,0.39,0.19,0.19,0.38,0.19,0.38
Mohamed Lamine Bayo,GUI,FW,Le Havre,Ligue 1,25,1998,22,16,1389,15.4,5,1,6,3,2,2,4,0,7.2,5.7,0.6,6.2,18.0,20.0,115.0,0.32,0.06,0.39,0.19,0.26,0.47,0.04,0.51,0.37,0.4
Didier Lamkel Zé,CMR,FW,Metz,Ligue 1,26,1996,9,7,550,6.1,1,0,1,1,0,0,1,0,1.6,1.6,0.9,2.5,15.0,19.0,23.0,0.16,0.0,0.16,0.16,0.16,0.26,0.15,0.41,0.26,0.41
Tariq Lamptey,GHA,DF,Brighton,Premier League,22,2000,19,10,914,10.2,0,3,3,0,0,0,3,0,0.4,0.4,1.2,1.7,39.0,17.0,64.0,0.0,0.3,0.3,0.0,0.3,0.04,0.12,0.16,0.04,0.16
Bruno Langa,MOZ,DF,Almería,La Liga,25,1997,11,9,820,9.1,1,0,1,1,0,0,1,1,0.2,0.2,0.4,0.5,14.0,25.0,30.0,0.11,0.0,0.11,0.11,0.11,0.02,0.04,0.06,0.02,0.06
Gianluca Lapadula,PER,FW,Cagliari,Serie A,33,1990,23,14,1205,13.4,3,1,4,2,1,1,3,0,4.8,4.1,1.1,5.1,8.0,4.0,63.0,0.22,0.07,0.3,0.15,0.22,0.36,0.08,0.44,0.3,0.38
Julien Laporte,FRA,DF,Lorient,Ligue 1,29,1993,23,20,1818,20.2,0,0,0,0,0,0,4,0,0.8,0.8,0.0,0.8,5.0,56.0,3.0,0.0,0.0,0.0,0.0,0.0,0.04,0.0,0.04,0.04,0.04
Cyle Larin,CAN,FW,Mallorca,La Liga,28,1995,35,20,1823,20.3,3,2,5,3,0,0,8,0,9.0,9.0,1.4,10.4,20.0,13.0,103.0,0.15,0.1,0.25,0.15,0.25,0.45,0.07,0.52,0.45,0.52
Yasser Larouci,ALG,DF,Sheffield Utd,Premier League,22,2001,11,6,531,5.9,0,0,0,0,0,0,1,0,0.2,0.2,0.3,0.5,18.0,14.0,12.0,0.0,0.0,0.0,0.0,0.0,0.04,0.05,0.09,0.04,0.09
Hugo Larsson,SWE,MF,Eint Frankfurt,Bundesliga,19,2004,29,21,1886,21.0,2,1,3,2,0,0,1,0,1.3,1.3,1.4,2.7,26.0,68.0,42.0,0.1,0.05,0.14,0.1,0.14,0.06,0.07,0.13,0.06,0.13
Jamaal Lascelles,ENG,DF,Newcastle Utd,Premier League,29,1993,16,13,1080,12.0,1,0,1,1,0,0,4,0,0.7,0.7,0.1,0.8,8.0,31.0,3.0,0.08,0.0,0.08,0.08,0.08,0.06,0.01,0.07,0.06,0.07
Juanmi Latasa,ESP,FW,Getafe,La Liga,22,2001,32,15,1555,17.3,2,0,2,2,0,0,7,1,3.6,3.5,1.5,5.0,7.0,16.0,82.0,0.12,0.0,0.12,0.12,0.12,0.21,0.09,0.29,0.2,0.29
Toni Lato,ESP,DF,Mallorca,La Liga,25,1997,28,16,1544,17.2,0,1,1,0,0,0,3,0,0.2,0.2,1.3,1.6,30.0,39.0,110.0,0.0,0.06,0.06,0.0,0.06,0.01,0.08,0.09,0.01,0.09
Armand Lauriente,FRA,FW,Sassuolo,Serie A,24,1998,37,35,2908,32.3,5,4,9,5,0,0,5,0,5.7,5.7,4.0,9.7,125.0,99.0,268.0,0.15,0.12,0.28,0.15,0.28,0.18,0.12,0.3,0.18,0.3
Valentino Lazaro,AUT,DF,Torino,Serie A,27,1996,35,21,1994,22.2,0,4,4,0,0,0,3,0,1.7,1.7,2.9,4.7,53.0,94.0,106.0,0.0,0.18,0.18,0.0,0.18,0.08,0.13,0.21,0.08,0.21
Darko Lazović,SRB,FW,Hellas Verona,Serie A,32,1990,32,22,1928,21.4,3,2,5,2,1,1,0,1,2.8,2.0,4.4,6.4,43.0,66.0,139.0,0.14,0.09,0.23,0.09,0.19,0.13,0.21,0.34,0.09,0.3
Manuel Lazzari,ITA,DF,Lazio,Serie A,29,1993,24,19,1671,18.6,0,2,2,0,0,0,4,1,1.0,1.0,1.3,2.3,73.0,62.0,104.0,0.0,0.11,0.11,0.0,0.11,0.06,0.07,0.13,0.06,0.13
Théo Le Bris,FRA,DF,Lorient,Ligue 1,20,2002,26,15,1516,16.8,0,2,2,0,0,0,2,0,1.2,1.2,1.6,2.8,56.0,58.0,117.0,0.0,0.12,0.12,0.0,0.12,0.07,0.1,0.17,0.07,0.17
Julien Le Cardinal,FRA,DF,Brest,Ligue 1,25,1997,12,5,473,5.3,0,0,0,0,0,0,3,0,0.3,0.3,0.1,0.4,3.0,24.0,4.0,0.0,0.0,0.0,0.0,0.0,0.05,0.02,0.08,0.05,0.08
Jérémy Le Douaron,FRA,FW,Brest,Ligue 1,25,1998,33,19,1618,18.0,4,0,4,4,0,0,3,0,6.2,6.2,1.0,7.2,48.0,21.0,130.0,0.22,0.0,0.22,0.22,0.22,0.34,0.06,0.4,0.34,0.4
Enzo Le Fée,FRA,MF,Rennes,Ligue 1,23,2000,25,19,1527,17.0,0,1,1,0,0,0,3,0,0.5,0.5,1.8,2.3,45.0,124.0,58.0,0.0,0.06,0.06,0.0,0.06,0.03,0.11,0.14,0.03,0.14
Vincent Le Goff,FRA,DF,Lorient,Ligue 1,33,1989,9,8,541,6.0,1,1,2,1,0,0,1,0,0.1,0.1,0.9,1.0,9.0,22.0,51.0,0.17,0.17,0.33,0.17,0.33,0.02,0.15,0.17,0.02,0.17
Robin Le Normand,ESP,DF,Real Sociedad,La Liga,26,1996,29,28,2469,27.4,2,0,2,2,0,0,13,0,1.0,1.0,0.1,1.2,21.0,106.0,1.0,0.07,0.0,0.07,0.07,0.07,0.04,0.0,0.04,0.04,0.04
Rafael Leão,POR,FW,Milan,Serie A,24,1999,34,29,2512,27.9,9,9,18,9,0,0,5,0,10.0,10.0,9.1,19.1,160.0,117.0,293.0,0.32,0.32,0.64,0.32,0.64,0.36,0.32,0.68,0.36,0.68
Benjamin Lecomte,FRA,GK,Montpellier,Ligue 1,32,1991,30,30,2700,30.0,0,1,1,0,0,0,1,0,0.0,0.0,0.5,0.5,0.0,0.0,0.0,0.0,0.03,0.03,0.0,0.03,0.0,0.02,0.02,0.0,0.02
Jeremías Ledesma,ARG,GK,Cádiz,La Liga,30,1993,34,34,3048,33.9,0,0,0,0,0,0,0,0,0.0,0.0,0.1,0.1,0.0,0.0,0.0,0.0,0.0,0.0,0.0,0.0,0.0,0.0,0.0,0.0,0.0
Pierre Lees-Melou,FRA,MF,Brest,Ligue 1,30,1993,29,29,2517,28.0,4,0,4,4,0,0,12,1,2.4,2.4,2.4,4.8,51.0,193.0,43.0,0.14,0.0,0.14,0.14,0.14,0.09,0.08,0.17,0.09,0.17
Diogo Leite,POR,DF,Union Berlin,Bundesliga,24,1999,32,31,2702,30.0,0,0,0,0,0,0,6,0,0.8,0.8,0.2,1.0,14.0,121.0,4.0,0.0,0.0,0.0,0.0,0.0,0.03,0.01,0.03,0.03,0.03
Florian Lejeune,FRA,DF,Rayo Vallecano,La Liga,32,1991,37,37,3327,37.0,3,1,4,3,0,0,5,0,3.3,3.3,0.7,4.0,15.0,114.0,4.0,0.08,0.03,0.11,0.08,0.11,0.09,0.02,0.11,0.09,0.11
Iñigo Lekue,ESP,DF,Athletic Club,La Liga,30,1993,27,22,2002,22.2,0,2,2,0,0,0,4,0,0.2,0.2,1.1,1.2,44.0,119.0,35.0,0.0,0.09,0.09,0.0,0.09,0.01,0.05,0.06,0.01,0.06
Mario Lemina,GAB,MF,Wolves,Premier League,29,1993,35,34,2968,33.0,4,1,5,4,0,0,12,1,4.6,4.6,1.5,6.2,32.0,76.0,49.0,0.12,0.03,0.15,0.12,0.15,0.14,0.05,0.19,0.14,0.19
Clément Lenglet,FRA,DF,Aston Villa,Premier League,28,1995,14,14,1153,12.8,0,1,1,0,0,0,3,0,0.9,0.9,0.8,1.6,26.0,51.0,1.0,0.0,0.08,0.08,0.0,0.08,0.07,0.06,0.13,0.07,0.13
Bernd Leno,GER,GK,Fulham,Premier League,31,1992,38,38,3420,38.0,0,0,0,0,0,0,3,0,0.0,0.0,0.0,0.0,0.0,0.0,0.0,0.0,0.0,0.0,0.0,0.0,0.0,0.0,0.0,0.0,0.0
Jefferson Lerma,COL,MF,Crystal Palace,Premier League,28,1994,28,27,2400,26.7,1,1,2,1,0,0,8,0,2.7,2.7,2.2,4.8,14.0,106.0,51.0,0.04,0.04,0.07,0.04,0.07,0.1,0.08,0.18,0.1,0.18
Léo Leroy,FRA,MF,Montpellier,Ligue 1,23,2000,21,3,499,5.5,0,1,1,0,0,0,4,0,0.8,0.8,0.7,1.5,8.0,21.0,9.0,0.0,0.18,0.18,0.0,0.18,0.15,0.13,0.28,0.15,0.28
Robert Lewandowski,POL,FW,Barcelona,La Liga,34,1988,35,32,2750,30.6,19,8,27,15,4,4,5,0,18.1,15.0,4.9,19.9,43.0,64.0,168.0,0.62,0.26,0.88,0.49,0.75,0.59,0.16,0.75,0.49,0.65
Jamie Leweling,GER,FW,Stuttgart,Bundesliga,22,2001,34,17,1523,16.9,4,4,8,4,0,0,3,0,6.1,6.1,3.2,9.3,65.0,35.0,172.0,0.24,0.24,0.47,0.24,0.47,0.36,0.19,0.55,0.36,0.55
Rico Lewis,ENG,DF,Manchester City,Premier League,18,2004,16,8,809,9.0,2,0,2,2,0,0,1,0,0.6,0.6,1.1,1.8,21.0,33.0,46.0,0.22,0.0,0.22,0.22,0.22,0.07,0.12,0.19,0.07,0.19
Keane Lewis-Potter,ENG,FW,Brentford,Premier League,22,2001,30,15,1441,16.0,3,1,4,3,0,0,0,0,6.3,6.3,1.7,8.0,56.0,32.0,135.0,0.19,0.06,0.25,0.19,0.25,0.39,0.11,0.5,0.39,0.5
Philipp Lienhart,AUT,DF,Freiburg,Bundesliga,27,1996,15,14,1265,14.1,1,0,1,1,0,0,3,0,1.1,1.1,1.1,2.2,14.0,53.0,3.0,0.07,0.0,0.07,0.07,0.07,0.08,0.08,0.16,0.08,0.16
Matthijs de Ligt,NED,DF,Bayern Munich,Bundesliga,23,1999,22,16,1390,15.4,2,0,2,2,0,0,5,0,1.7,1.7,0.1,1.9,16.0,98.0,6.0,0.13,0.0,0.13,0.13,0.13,0.11,0.01,0.12,0.11,0.12
Victor Lindelöf,SWE,DF,Manchester Utd,Premier League,29,1994,19,14,1328,14.8,1,1,2,1,0,0,2,0,0.8,0.8,0.3,1.1,17.0,40.0,17.0,0.07,0.07,0.14,0.07,0.14,0.05,0.02,0.07,0.05,0.07
Karol Linetty,POL,MF,Torino,Serie A,28,1995,28,19,1858,20.6,0,0,0,0,0,0,12,0,0.5,0.5,0.8,1.4,31.0,87.0,25.0,0.0,0.0,0.0,0.0,0.0,0.02,0.04,0.07,0.02,0.07
Samuel Lino,BRA,DF,Atlético Madrid,La Liga,23,1999,34,25,2080,23.1,4,5,9,4,0,0,1,0,5.6,5.6,4.7,10.3,131.0,84.0,215.0,0.17,0.22,0.39,0.17,0.39,0.24,0.21,0.45,0.24,0.45
Pol Lirola,ESP,DF,Frosinone,Serie A,25,1997,25,18,1536,17.1,2,1,3,2,0,0,1,0,1.3,1.3,1.1,2.4,30.0,65.0,59.0,0.12,0.06,0.18,0.12,0.18,0.08,0.06,0.14,0.08,0.14
Valentino Livramento,ENG,DF,Newcastle Utd,Premier League,20,2002,26,12,1314,14.6,1,0,1,1,0,0,1,0,0.4,0.4,0.8,1.2,44.0,61.0,76.0,0.07,0.0,0.07,0.07,0.07,0.03,0.05,0.08,0.03,0.08
Dejan Ljubicic,AUT,MF,Köln,Bundesliga,25,1997,26,24,2048,22.8,0,2,2,0,0,0,6,0,1.9,1.9,3.0,4.9,41.0,84.0,73.0,0.0,0.09,0.09,0.0,0.09,0.08,0.13,0.22,0.08,0.22
Diego Llorente,ESP,DF,Roma,Serie A,29,1993,29,27,2170,24.1,1,1,2,1,0,0,5,0,0.3,0.3,0.6,0.9,20.0,75.0,5.0,0.04,0.04,0.08,0.04,0.08,0.01,0.02,0.04,0.01,0.04
Marcos Llorente,ESP,MF,Atlético Madrid,La Liga,28,1995,37,29,2565,28.5,6,4,10,6,0,0,5,0,4.1,4.1,5.6,9.7,71.0,106.0,179.0,0.21,0.14,0.35,0.21,0.35,0.14,0.2,0.34,0.14,0.34
Gautier Lloris,FRA,DF,Le Havre,Ligue 1,28,1995,31,31,2778,30.9,2,0,2,2,0,0,2,0,2.1,2.1,0.2,2.3,13.0,105.0,5.0,0.06,0.0,0.06,0.06,0.06,0.07,0.01,0.07,0.07,0.07
Giovani Lo Celso,ARG,MF,Tottenham,Premier League,27,1996,22,4,506,5.6,2,2,4,2,0,0,2,0,0.6,0.6,1.9,2.5,25.0,68.0,29.0,0.36,0.36,0.71,0.36,0.71,0.1,0.34,0.45,0.1,0.45
Stanislav Lobotka,SVK,MF,Napoli,Serie A,28,1994,38,38,3282,36.5,0,1,1,0,0,0,4,0,0.6,0.6,1.3,1.9,29.0,188.0,34.0,0.0,0.03,0.03,0.0,0.03,0.02,0.04,0.05,0.02,0.05
Manuel Locatelli,ITA,MF,Juventus,Serie A,25,1998,36,34,3008,33.4,1,4,5,1,0,0,6,0,1.3,1.3,1.4,2.7,21.0,232.0,26.0,0.03,0.12,0.15,0.03,0.15,0.04,0.04,0.08,0.04,0.08
Bradley Locko,FRA,DF,Brest,Ligue 1,21,2002,33,33,2959,32.9,0,3,3,0,0,0,5,0,0.3,0.3,1.6,1.9,83.0,129.0,162.0,0.0,0.09,0.09,0.0,0.09,0.01,0.05,0.06,0.01,0.06
Tom Lockyer,WAL,DF,Luton Town,Premier League,28,1994,14,14,1169,13.0,1,1,2,1,0,0,4,0,1.1,1.1,0.6,1.7,6.0,37.0,2.0,0.08,0.08,0.15,0.08,0.15,0.08,0.05,0.13,0.08,0.13
Renan Lodi,BRA,DF,Marseille,Ligue 1,25,1998,14,14,1235,13.7,0,0,0,0,0,0,6,0,0.3,0.3,1.3,1.6,25.0,51.0,77.0,0.0,0.0,0.0,0.0,0.0,0.02,0.1,0.12,0.02,0.12
Ruben Loftus-Cheek,ENG,MF,Milan,Serie A,27,1996,29,26,2068,23.0,6,1,7,6,0,0,5,0,3.7,3.7,2.4,6.1,73.0,74.0,113.0,0.26,0.04,0.3,0.26,0.3,0.16,0.1,0.26,0.16,0.26
Enzo Loiodice,FRA,MF,Las Palmas,La Liga,22,2000,34,19,1790,19.9,0,1,1,0,0,0,2,0,0.5,0.5,1.3,1.9,27.0,97.0,72.0,0.0,0.05,0.05,0.0,0.05,0.03,0.07,0.09,0.03,0.09
Sean Longstaff,ENG,MF,Newcastle Utd,Premier League,25,1997,35,30,2747,30.5,6,2,8,6,0,0,7,0,6.6,6.6,2.3,8.8,24.0,145.0,116.0,0.2,0.07,0.26,0.2,0.26,0.22,0.07,0.29,0.22,0.29
Ademola Lookman,NGA,FW,Atalanta,Serie A,25,1997,31,22,1894,21.0,11,7,18,11,0,0,4,0,9.1,9.1,5.2,14.3,72.0,97.0,222.0,0.52,0.33,0.86,0.52,0.86,0.43,0.25,0.68,0.43,0.68
Anthony Lopes,POR,GK,Lyon,Ligue 1,32,1990,31,31,2790,31.0,0,0,0,0,0,0,0,0,0.0,0.0,0.3,0.3,1.0,1.0,0.0,0.0,0.0,0.0,0.0,0.0,0.0,0.01,0.01,0.0,0.01
David López,ESP,DF,Girona,La Liga,33,1989,25,25,1965,21.8,3,0,3,3,0,0,4,0,2.1,1.9,0.2,2.1,15.0,54.0,1.0,0.14,0.0,0.14,0.14,0.14,0.1,0.01,0.11,0.09,0.1
Diego López,ESP,MF,Valencia,La Liga,21,2002,36,30,2656,29.5,3,6,9,3,0,0,2,0,3.7,3.7,5.4,9.1,75.0,73.0,180.0,0.1,0.2,0.3,0.1,0.3,0.12,0.18,0.31,0.12,0.31
Fermin López,ESP,MF,Barcelona,La Liga,20,2003,31,14,1446,16.1,8,0,8,8,0,0,2,0,7.5,7.5,1.1,8.6,42.0,76.0,93.0,0.5,0.0,0.5,0.5,0.5,0.47,0.07,0.54,0.47,0.54
Javi López,ESP,DF,Alavés,La Liga,21,2002,32,25,2386,26.5,1,3,4,1,0,0,3,0,0.9,0.9,3.0,4.0,53.0,92.0,120.0,0.04,0.11,0.15,0.04,0.15,0.04,0.11,0.15,0.04,0.15
Maxime Lopez,FRA,MF,Fiorentina,Serie A,25,1997,19,7,800,8.9,0,0,0,0,0,0,1,0,0.2,0.2,0.6,0.8,14.0,48.0,11.0,0.0,0.0,0.0,0.0,0.0,0.02,0.06,0.08,0.02,0.08
Pau López,ESP,GK,Marseille,Ligue 1,28,1994,33,33,2939,32.7,0,0,0,0,0,0,1,0,0.0,0.0,0.5,0.5,0.0,0.0,0.0,0.0,0.0,0.0,0.0,0.0,0.0,0.01,0.01,0.0,0.01
Unai López,ESP,MF,Rayo Vallecano,La Liga,27,1995,35,28,2108,23.4,1,2,3,1,0,0,8,0,1.1,1.1,2.5,3.7,32.0,116.0,59.0,0.04,0.09,0.13,0.04,0.13,0.05,0.11,0.16,0.05,0.16
Dion Lopy,SEN,MF,Almería,La Liga,21,2002,30,23,1916,21.3,0,0,0,0,0,0,5,0,1.3,1.3,1.2,2.4,23.0,90.0,19.0,0.0,0.0,0.0,0.0,0.0,0.06,0.05,0.11,0.06,0.11
Anthony Losilla,FRA,MF,Bochum,Bundesliga,37,1986,31,31,2576,28.6,1,2,3,1,0,0,10,0,2.3,2.3,1.5,3.7,11.0,100.0,42.0,0.03,0.07,0.1,0.03,0.1,0.08,0.05,0.13,0.08,0.13
Jordan Lotomba,SUI,DF,Nice,Ligue 1,24,1998,28,21,1804,20.0,1,0,1,1,0,0,4,0,0.9,0.9,1.1,2.0,36.0,52.0,40.0,0.05,0.0,0.05,0.05,0.05,0.04,0.05,0.1,0.04,0.1
Imran Louza,MAR,MF,Lorient,Ligue 1,24,1999,14,10,863,9.6,1,3,4,1,0,0,1,0,1.1,1.1,2.5,3.6,19.0,83.0,36.0,0.1,0.31,0.42,0.1,0.42,0.11,0.27,0.37,0.11,0.37
Matteo Lovato,ITA,DF,Torino,Serie A,23,2000,13,6,544,6.0,0,0,0,0,0,0,2,0,0.0,0.0,0.0,0.0,0.0,4.0,0.0,0.0,0.0,0.0,0.0,0.0,0.01,0.0,0.01,0.01,0.01
Matteo Lovato,ITA,DF,Salernitana,Serie A,23,2000,13,11,947,10.5,0,0,0,0,0,0,2,0,0.0,0.0,0.2,0.2,1.0,29.0,1.0,0.0,0.0,0.0,0.0,0.0,0.0,0.02,0.02,0.0,0.02
Dejan Lovren,CRO,DF,Lyon,Ligue 1,34,1989,10,8,718,8.0,0,0,0,0,0,0,2,1,0.4,0.4,0.0,0.5,5.0,20.0,1.0,0.0,0.0,0.0,0.0,0.0,0.06,0.0,0.06,0.06,0.06
Sandi Lovrić,SVN,MF,Udinese,Serie A,25,1998,29,21,1987,22.1,1,3,4,1,0,0,1,1,3.5,3.5,3.3,6.8,52.0,80.0,80.0,0.05,0.14,0.18,0.05,0.18,0.16,0.15,0.31,0.16,0.31
Max Lowe,ENG,DF,Sheffield Utd,Premier League,26,1997,10,4,503,5.6,0,0,0,0,0,0,1,0,0.6,0.6,0.7,1.3,5.0,12.0,11.0,0.0,0.0,0.0,0.0,0.0,0.1,0.13,0.23,0.1,0.23
Anthony Lozano,HON,FW,Almería,La Liga,30,1993,13,10,772,8.6,3,0,3,3,0,0,1,0,3.3,3.3,0.7,4.0,12.0,16.0,24.0,0.35,0.0,0.35,0.35,0.35,0.38,0.08,0.46,0.38,0.46
Lucas,BRA,DF,Cádiz,La Liga,22,2001,28,15,1539,17.1,1,0,1,1,0,0,6,0,0.8,0.8,1.9,2.7,30.0,47.0,65.0,0.06,0.0,0.06,0.06,0.06,0.05,0.11,0.16,0.05,0.16
Lorenzo Lucca,ITA,FW,Udinese,Serie A,22,2000,37,30,2592,28.8,8,4,12,8,0,0,6,0,7.8,7.8,1.6,9.4,10.0,18.0,118.0,0.28,0.14,0.42,0.28,0.42,0.27,0.06,0.33,0.27,0.33
Jhon Lucumí,COL,DF,Bologna,Serie A,25,1998,29,23,2217,24.6,0,0,0,0,0,0,1,0,0.8,0.8,0.3,1.1,28.0,93.0,4.0,0.0,0.0,0.0,0.0,0.0,0.03,0.01,0.04,0.03,0.04
José Luis Gayà,ESP,DF,Valencia,La Liga,28,1995,24,22,1791,19.9,1,2,3,1,0,0,2,0,0.5,0.5,2.6,3.1,41.0,72.0,97.0,0.05,0.1,0.15,0.05,0.15,0.02,0.13,0.15,0.02,0.15
José Luis Morales,ESP,FW,Villarreal,La Liga,36,1987,29,8,1048,11.6,7,0,7,7,0,0,0,0,5.6,5.6,0.6,6.1,29.0,17.0,79.0,0.6,0.0,0.6,0.6,0.6,0.48,0.05,0.52,0.48,0.52
Douglas Luiz,BRA,MF,Aston Villa,Premier League,25,1998,35,35,2993,33.3,9,5,14,5,4,4,12,0,6.9,3.8,5.4,9.2,60.0,168.0,50.0,0.27,0.15,0.42,0.15,0.3,0.21,0.16,0.37,0.11,0.28
Romelu Lukaku,BEL,FW,Roma,Serie A,30,1993,32,30,2641,29.3,13,3,16,13,0,1,5,1,9.8,9.0,2.4,11.4,37.0,37.0,234.0,0.44,0.1,0.55,0.44,0.55,0.33,0.08,0.42,0.31,0.39
Castello Lukeba,FRA,DF,RB Leipzig,Bundesliga,20,2002,32,24,2191,24.3,1,0,1,1,0,0,3,0,0.8,0.8,0.1,0.9,23.0,107.0,9.0,0.04,0.0,0.04,0.04,0.04,0.03,0.01,0.04,0.03,0.04
Dodi Lukebakio,BEL,FW,Sevilla,La Liga,25,1997,23,12,1125,12.5,5,1,6,5,0,0,0,0,5.6,5.6,0.7,6.2,48.0,26.0,116.0,0.4,0.08,0.48,0.4,0.48,0.45,0.05,0.5,0.45,0.5
Saša Lukić,SRB,MF,Fulham,Premier League,26,1996,24,13,1122,12.5,1,0,1,1,0,0,3,0,1.6,1.6,0.8,2.4,12.0,43.0,27.0,0.08,0.0,0.08,0.08,0.08,0.13,0.06,0.19,0.13,0.19
Andriy Lunin,UKR,GK,Real Madrid,La Liga,24,1999,21,21,1890,21.0,0,0,0,0,0,0,2,0,0.0,0.0,0.3,0.3,0.0,0.0,0.0,0.0,0.0,0.0,0.0,0.0,0.0,0.01,0.01,0.0,0.01
Sebastiano Luperto,ITA,DF,Empoli,Serie A,26,1996,38,38,3406,37.8,1,1,2,1,0,0,4,0,1.7,1.7,1.0,2.7,13.0,100.0,13.0,0.03,0.03,0.05,0.03,0.05,0.04,0.03,0.07,0.04,0.07
Zito Luvumbo,ANG,FW,Cagliari,Serie A,21,2002,30,19,1946,21.6,4,5,9,4,0,0,5,0,4.0,4.0,3.1,7.1,85.0,21.0,181.0,0.18,0.23,0.42,0.18,0.42,0.18,0.14,0.33,0.18,0.33
Charalambos Lykogiannis,GRE,DF,Bologna,Serie A,29,1993,22,10,904,10.0,2,1,3,2,0,0,2,0,1.3,1.3,1.6,2.9,36.0,35.0,41.0,0.2,0.1,0.3,0.2,0.3,0.13,0.16,0.29,0.13,0.29
Senne Lynen,BEL,MF,Werder Bremen,Bundesliga,24,1999,32,20,1797,20.0,0,3,3,0,0,0,6,0,0.4,0.4,1.8,2.2,10.0,66.0,28.0,0.0,0.15,0.15,0.0,0.15,0.02,0.09,0.11,0.02,0.11
Ian Maatsen,NED,DF,Dortmund,Bundesliga,21,2002,16,15,1264,14.0,2,2,4,2,0,0,5,0,0.9,0.9,1.4,2.3,41.0,80.0,49.0,0.14,0.14,0.28,0.14,0.28,0.07,0.1,0.17,0.07,0.17
Alexis Mac Allister,ARG,MF,Liverpool,Premier League,24,1998,33,31,2599,28.9,5,5,10,4,1,1,7,1,3.7,2.9,3.6,6.4,44.0,209.0,48.0,0.17,0.17,0.35,0.14,0.31,0.13,0.12,0.25,0.1,0.22
Deiver Machado,COL,DF,Lens,Ligue 1,29,1993,19,13,1124,12.5,4,0,4,4,0,0,4,0,1.7,1.7,1.3,2.9,22.0,26.0,74.0,0.32,0.0,0.32,0.32,0.32,0.13,0.1,0.24,0.13,0.24
Darwin Machís,VEN,MF,Cádiz,La Liga,30,1993,21,10,785,8.7,4,0,4,3,1,1,0,1,1.4,0.6,0.7,1.3,20.0,15.0,54.0,0.46,0.0,0.46,0.34,0.34,0.16,0.08,0.24,0.07,0.15
James Maddison,ENG,MF,Tottenham,Premier League,26,1996,28,26,2135,23.7,4,9,13,4,0,0,5,0,6.4,6.4,5.9,12.4,58.0,224.0,156.0,0.17,0.38,0.55,0.17,0.55,0.27,0.25,0.52,0.27,0.52
Noni Madueke,ENG,FW,Chelsea,Premier League,21,2002,23,13,1053,11.7,5,2,7,4,1,1,2,0,2.5,1.7,2.6,4.3,76.0,52.0,136.0,0.43,0.17,0.6,0.34,0.51,0.21,0.23,0.44,0.14,0.37
Pablo Maffeo,ESP,DF,Mallorca,La Liga,26,1997,22,17,1454,16.2,1,2,3,1,0,0,3,1,0.8,0.8,0.9,1.7,38.0,41.0,68.0,0.06,0.12,0.19,0.06,0.19,0.05,0.05,0.1,0.05,0.1
Gabriel Magalhães,BRA,DF,Arsenal,Premier League,25,1997,36,34,3044,33.8,4,0,4,4,0,0,4,0,4.3,4.3,0.7,5.0,13.0,117.0,8.0,0.12,0.0,0.12,0.12,0.12,0.13,0.02,0.15,0.13,0.15
Soungoutou Magassa,FRA,DF,Monaco,Ligue 1,19,2003,21,15,1346,15.0,0,0,0,0,0,0,7,0,0.6,0.6,0.1,0.8,7.0,92.0,13.0,0.0,0.0,0.0,0.0,0.0,0.04,0.01,0.05,0.04,0.05
Giulio Maggiore,ITA,MF,Salernitana,Serie A,25,1998,27,20,1800,20.0,4,2,6,4,0,0,9,1,2.3,2.3,1.1,3.4,8.0,64.0,25.0,0.2,0.1,0.3,0.2,0.3,0.11,0.06,0.17,0.11,0.17
Matej Maglica,CRO,DF,Darmstadt 98,Bundesliga,24,1998,26,21,1698,18.9,1,0,1,1,0,0,7,2,0.6,0.6,0.7,1.2,11.0,62.0,5.0,0.05,0.0,0.05,0.05,0.05,0.03,0.03,0.06,0.03,0.06
Giangiacomo Magnani,ITA,DF,Hellas Verona,Serie A,27,1995,33,27,2444,27.2,0,0,0,0,0,0,6,0,0.5,0.5,0.2,0.8,15.0,79.0,10.0,0.0,0.0,0.0,0.0,0.0,0.02,0.01,0.03,0.02,0.03
Hugo Magnetti,FRA,MF,Brest,Ligue 1,25,1998,33,30,2340,26.0,2,0,2,2,0,0,6,0,2.4,2.4,1.8,4.3,36.0,101.0,61.0,0.08,0.0,0.08,0.08,0.08,0.09,0.07,0.16,0.09,0.16
Yohann Magnin,FRA,MF,Clermont Foot,Ligue 1,26,1997,31,17,1687,18.7,1,0,1,1,0,0,2,0,1.6,1.6,0.7,2.3,14.0,71.0,47.0,0.05,0.0,0.05,0.05,0.05,0.09,0.04,0.12,0.09,0.12
Frank Magri,CMR,FW,Toulouse,Ligue 1,23,1999,29,14,1438,16.0,5,2,7,5,0,0,5,0,3.1,3.1,1.6,4.7,31.0,34.0,121.0,0.31,0.13,0.44,0.31,0.44,0.19,0.1,0.29,0.19,0.29
Harry Maguire,ENG,DF,Manchester Utd,Premier League,30,1993,22,18,1653,18.4,2,2,4,2,0,0,4,0,2.0,2.0,1.2,3.3,20.0,73.0,2.0,0.11,0.11,0.22,0.11,0.22,0.11,0.07,0.18,0.11,0.18
Arne Maier,GER,MF,Augsburg,Bundesliga,24,1999,22,10,1003,11.1,2,4,6,2,0,0,0,0,1.5,1.5,2.3,3.9,17.0,64.0,66.0,0.18,0.36,0.54,0.18,0.54,0.14,0.21,0.35,0.14,0.35
Mike Maignan,FRA,GK,Milan,Serie A,28,1995,29,29,2609,29.0,0,1,1,0,0,0,1,1,0.0,0.0,0.3,0.3,0.0,0.0,0.0,0.0,0.03,0.03,0.0,0.03,0.0,0.01,0.01,0.0,0.01
Linton Maina,GER,FW,Köln,Bundesliga,24,1999,31,21,1901,21.1,1,3,4,1,0,0,4,0,1.9,1.9,3.1,5.0,109.0,61.0,169.0,0.05,0.14,0.19,0.05,0.19,0.09,0.15,0.24,0.09,0.24
Patrick Mainka,GER,DF,Heidenheim,Bundesliga,28,1994,34,34,3060,34.0,2,0,2,2,0,0,1,0,3.2,3.2,0.1,3.2,33.0,122.0,6.0,0.06,0.0,0.06,0.06,0.06,0.09,0.0,0.09,0.09,0.09
Kobbie Mainoo,ENG,MF,Manchester Utd,Premier League,18,2005,24,24,1924,21.4,3,1,4,3,0,0,3,0,0.9,0.9,0.7,1.6,25.0,64.0,36.0,0.14,0.05,0.19,0.14,0.19,0.04,0.03,0.07,0.04,0.07
Ainsley Maitland-Niles,ENG,DF,Lyon,Ligue 1,25,1997,23,16,1432,15.9,1,4,5,0,1,1,1,1,3.0,2.2,2.1,4.2,26.0,76.0,82.0,0.06,0.25,0.31,0.0,0.25,0.19,0.13,0.32,0.14,0.27
Radosław Majecki,POL,GK,Monaco,Ligue 1,23,1999,12,12,1080,12.0,0,0,0,0,0,0,1,0,0.0,0.0,0.0,0.0,0.0,1.0,0.0,0.0,0.0,0.0,0.0,0.0,0.0,0.0,0.0,0.0,0.0
Lovro Majer,CRO,MF,Wolfsburg,Bundesliga,25,1998,32,25,2106,23.4,5,5,10,3,2,2,5,0,5.4,3.8,3.2,7.0,61.0,124.0,140.0,0.21,0.21,0.43,0.13,0.34,0.23,0.14,0.37,0.16,0.3
Jean-Victor Makengo,FRA,MF,Lorient,Ligue 1,25,1998,11,5,479,5.3,0,0,0,0,0,0,0,0,0.3,0.3,0.0,0.3,11.0,28.0,17.0,0.0,0.0,0.0,0.0,0.0,0.05,0.0,0.05,0.05,0.05
Jordy Makengo,FRA,DF,Freiburg,Bundesliga,21,2001,20,10,1026,11.4,0,0,0,0,0,0,1,0,0.2,0.2,0.2,0.4,27.0,52.0,34.0,0.0,0.0,0.0,0.0,0.0,0.02,0.02,0.04,0.02,0.04
Antoine Makoumbou,CGO,MF,Cagliari,Serie A,25,1998,32,32,2702,30.0,1,0,1,1,0,0,5,2,0.7,0.7,0.9,1.6,37.0,137.0,52.0,0.03,0.0,0.03,0.03,0.03,0.02,0.03,0.05,0.02,0.05
Nemanja Maksimović,SRB,MF,Getafe,La Liga,28,1995,37,37,3265,36.3,4,0,4,4,0,0,4,0,5.5,5.5,1.1,6.6,22.0,73.0,35.0,0.11,0.0,0.11,0.11,0.11,0.15,0.03,0.18,0.15,0.18
Julián Malatini,ARG,DF,Werder Bremen,Bundesliga,22,2001,11,6,602,6.7,1,0,1,1,0,0,1,0,1.0,1.0,0.2,1.2,9.0,27.0,7.0,0.15,0.0,0.15,0.15,0.15,0.15,0.04,0.18,0.15,0.18
Youssef Maleh,MAR,MF,Empoli,Serie A,24,1998,34,30,2602,28.9,0,1,1,0,0,0,11,0,1.6,1.6,2.4,4.0,17.0,117.0,65.0,0.0,0.03,0.03,0.0,0.03,0.05,0.08,0.14,0.05,0.14
Donyell Malen,NED,FW,Dortmund,Bundesliga,24,1999,27,21,1781,19.8,13,1,14,13,0,0,5,0,9.5,9.5,3.0,12.5,73.0,57.0,163.0,0.66,0.05,0.71,0.66,0.71,0.48,0.15,0.63,0.48,0.63
Ruslan Malinovskyi,UKR,MF,Genoa,Serie A,30,1993,28,18,1544,17.2,4,1,5,4,0,0,7,0,1.1,1.1,0.6,1.6,24.0,83.0,31.0,0.23,0.06,0.29,0.23,0.29,0.06,0.03,0.1,0.06,0.1
Lennard Maloney,USA,MF,Heidenheim,Bundesliga,23,1999,29,27,2284,25.4,1,1,2,1,0,0,1,0,0.8,0.8,1.1,1.8,3.0,62.0,17.0,0.04,0.04,0.08,0.04,0.08,0.03,0.04,0.07,0.03,0.07
Giorgi Mamardashvili,GEO,GK,Valencia,La Liga,22,2000,37,37,3284,36.5,0,0,0,0,0,0,3,1,0.0,0.0,0.4,0.4,0.0,0.0,0.0,0.0,0.0,0.0,0.0,0.0,0.0,0.01,0.01,0.0,0.01
Gianluca Mancini,ITA,DF,Roma,Serie A,27,1996,36,34,2869,31.9,4,1,5,4,0,0,9,0,1.9,1.9,1.1,3.0,38.0,139.0,13.0,0.13,0.03,0.16,0.13,0.16,0.06,0.04,0.1,0.06,0.1
Steve Mandanda,FRA,GK,Rennes,Ligue 1,38,1985,34,34,3060,34.0,0,0,0,0,0,0,1,0,0.0,0.0,0.0,0.0,0.0,2.0,0.0,0.0,0.0,0.0,0.0,0.0,0.0,0.0,0.0,0.0,0.0
Christos Mandas,GRE,GK,Lazio,Serie A,21,2001,9,8,721,8.0,0,0,0,0,0,0,0,0,0.0,0.0,0.0,0.0,0.0,0.0,0.0,0.0,0.0,0.0,0.0,0.0,0.0,0.0,0.0,0.0,0.0
Reinildo Mandava,MOZ,DF,Atlético Madrid,La Liga,29,1994,16,7,731,8.1,2,1,3,2,0,0,2,0,0.9,0.9,0.6,1.5,10.0,36.0,17.0,0.25,0.12,0.37,0.25,0.37,0.1,0.08,0.18,0.1,0.18
Aïssa Mandi,ALG,DF,Villarreal,La Liga,31,1991,16,12,1113,12.4,1,0,1,1,0,0,3,0,0.6,0.6,0.7,1.3,6.0,55.0,4.0,0.08,0.0,0.08,0.08,0.08,0.05,0.05,0.1,0.05,0.1
Rolando Mandragora,ITA,MF,Fiorentina,Serie A,26,1997,33,16,1588,17.6,3,3,6,3,0,0,5,0,3.5,3.5,1.6,5.2,7.0,93.0,32.0,0.17,0.17,0.34,0.17,0.34,0.2,0.09,0.29,0.2,0.29
Orel Mangala,BEL,MF,Nott'ham Forest,Premier League,25,1998,20,19,1563,17.4,1,0,1,1,0,0,6,0,0.8,0.8,0.2,1.1,13.0,45.0,14.0,0.06,0.0,0.06,0.06,0.06,0.05,0.01,0.06,0.05,0.06
Kostas Manolas,GRE,DF,Salernitana,Serie A,32,1991,8,6,488,5.4,0,0,0,0,0,0,0,0,0.1,0.1,0.1,0.2,0.0,10.0,2.0,0.0,0.0,0.0,0.0,0.0,0.03,0.01,0.03,0.03,0.03
Javier Manquillo,ESP,DF,Celta Vigo,La Liga,29,1994,12,10,744,8.3,0,1,1,0,0,0,3,0,0.1,0.1,0.2,0.3,5.0,25.0,16.0,0.0,0.12,0.12,0.0,0.12,0.01,0.02,0.04,0.01,0.04
Solly March,ENG,FW,Brighton,Premier League,29,1994,7,7,554,6.2,3,1,4,3,0,0,1,0,2.0,2.0,1.0,2.9,14.0,24.0,44.0,0.49,0.16,0.65,0.49,0.65,0.32,0.16,0.47,0.32,0.47
Riccardo Marchizza,ITA,DF,Frosinone,Serie A,25,1998,13,13,1148,12.8,0,4,4,0,0,0,1,0,0.4,0.4,0.8,1.2,6.0,36.0,39.0,0.0,0.31,0.31,0.0,0.31,0.03,0.06,0.1,0.03,0.1
Gian Marco Ferrari,ITA,DF,Sassuolo,Serie A,31,1992,31,25,2272,25.2,1,0,1,1,0,0,4,0,1.6,1.6,0.3,1.9,32.0,148.0,7.0,0.04,0.0,0.04,0.04,0.04,0.06,0.01,0.07,0.06,0.07
Óscar de Marcos,ESP,DF,Athletic Club,La Liga,34,1989,28,26,2258,25.1,1,5,6,1,0,0,5,0,0.6,0.6,3.1,3.7,51.0,143.0,125.0,0.04,0.2,0.24,0.04,0.24,0.03,0.12,0.15,0.03,0.15
Pablo Marí,ESP,DF,Monza,Serie A,29,1993,34,30,2615,29.1,0,0,0,0,0,0,7,0,0.4,0.4,0.3,0.7,2.0,62.0,1.0,0.0,0.0,0.0,0.0,0.0,0.01,0.01,0.02,0.01,0.02
José María Giménez,URU,DF,Atlético Madrid,La Liga,28,1995,22,14,1326,14.7,0,0,0,0,0,0,5,0,0.4,0.4,0.1,0.5,2.0,26.0,1.0,0.0,0.0,0.0,0.0,0.0,0.03,0.0,0.03,0.03,0.03
Rafa Marín,ESP,DF,Alavés,La Liga,21,2002,33,27,2443,27.1,0,0,0,0,0,0,6,0,0.7,0.7,0.3,1.0,13.0,77.0,6.0,0.0,0.0,0.0,0.0,0.0,0.03,0.01,0.04,0.03,0.04
Răzvan Marin,ROU,MF,Empoli,Serie A,27,1996,30,20,1818,20.2,0,3,3,0,0,0,3,0,1.1,1.1,3.0,4.1,21.0,72.0,24.0,0.0,0.15,0.15,0.0,0.15,0.05,0.15,0.2,0.05,0.2
Guillermo Maripán,CHI,DF,Monaco,Ligue 1,29,1994,23,21,1767,19.6,1,0,1,1,0,0,0,1,0.4,0.4,0.5,0.9,4.0,59.0,5.0,0.05,0.0,0.05,0.05,0.05,0.02,0.02,0.05,0.02,0.05
Mika Màrmol,ESP,DF,Las Palmas,La Liga,21,2002,36,36,3178,35.3,0,1,1,0,0,0,6,1,0.2,0.2,1.0,1.1,36.0,142.0,13.0,0.0,0.03,0.03,0.0,0.03,0.0,0.03,0.03,0.0,0.03
Omar Marmoush,EGY,FW,Eint Frankfurt,Bundesliga,24,1999,29,27,2301,25.6,12,6,18,10,2,2,7,0,11.6,10.1,4.4,14.5,88.0,60.0,165.0,0.47,0.23,0.7,0.39,0.63,0.46,0.17,0.63,0.39,0.57
Marquinhos,BRA,DF,Paris S-G,Ligue 1,29,1994,21,18,1537,17.1,0,1,1,0,0,0,1,0,0.4,0.4,0.5,0.9,18.0,114.0,3.0,0.0,0.06,0.06,0.0,0.06,0.03,0.03,0.05,0.03,0.05
Agustín Martegani,ARG,MF,Salernitana,Serie A,23,2000,18,6,731,8.1,1,0,1,1,0,0,1,0,0.6,0.6,0.5,1.1,14.0,28.0,22.0,0.12,0.0,0.12,0.12,0.12,0.07,0.06,0.13,0.07,0.13
Eric Martel,GER,MF,Köln,Bundesliga,21,2002,30,29,2457,27.3,1,1,2,1,0,0,6,0,2.2,2.2,1.1,3.3,21.0,75.0,35.0,0.04,0.04,0.07,0.04,0.07,0.08,0.04,0.12,0.08,0.12
Roger Martí,ESP,FW,Cádiz,La Liga,32,1991,23,18,1359,15.1,2,3,5,2,0,0,3,0,2.8,2.8,2.9,5.6,7.0,19.0,64.0,0.13,0.2,0.33,0.13,0.33,0.18,0.19,0.37,0.18,0.37
Aarón Martín,ESP,DF,Genoa,Serie A,26,1997,22,17,1376,15.3,0,1,1,0,0,0,4,1,0.2,0.2,1.7,1.9,28.0,35.0,72.0,0.0,0.07,0.07,0.0,0.07,0.01,0.11,0.12,0.01,0.12
Iván Martín,ESP,MF,Girona,La Liga,24,1999,36,33,2729,30.3,5,4,9,5,0,0,5,0,2.9,2.9,3.4,6.3,84.0,143.0,109.0,0.16,0.13,0.3,0.16,0.3,0.09,0.11,0.21,0.09,0.21
Jonas Martin,FRA,MF,Brest,Ligue 1,33,1990,31,9,1208,13.4,0,1,1,0,0,0,5,0,1.2,1.2,0.9,2.1,28.0,105.0,32.0,0.0,0.07,0.07,0.0,0.07,0.09,0.07,0.15,0.09,0.15
Gabriel Martinelli,BRA,FW,Arsenal,Premier League,22,2001,35,24,2019,22.4,6,4,10,6,0,0,1,0,6.8,6.8,6.1,12.9,127.0,65.0,345.0,0.27,0.18,0.45,0.27,0.45,0.31,0.27,0.58,0.31,0.58
Arnau Martinez,ESP,DF,Girona,La Liga,20,2003,21,14,1241,13.8,0,2,2,0,0,0,5,0,0.2,0.2,1.4,1.6,29.0,68.0,16.0,0.0,0.15,0.15,0.0,0.15,0.01,0.1,0.12,0.01,0.12
Emiliano Martínez,ARG,GK,Aston Villa,Premier League,30,1992,34,34,3015,33.5,0,0,0,0,0,0,4,0,0.0,0.0,0.0,0.0,0.0,2.0,0.0,0.0,0.0,0.0,0.0,0.0,0.0,0.0,0.0,0.0,0.0
Iñigo Martínez,ESP,DF,Barcelona,La Liga,32,1991,20,13,1296,14.4,0,0,0,0,0,0,5,0,0.4,0.4,0.0,0.4,33.0,97.0,5.0,0.0,0.0,0.0,0.0,0.0,0.03,0.0,0.03,0.03,0.03
Josep Martinez,ESP,GK,Genoa,Serie A,25,1998,36,36,3239,36.0,0,0,0,0,0,0,4,1,0.0,0.0,0.0,0.0,0.0,2.0,0.0,0.0,0.0,0.0,0.0,0.0,0.0,0.0,0.0,0.0,0.0
Lautaro Martínez,ARG,FW,Inter,Serie A,25,1997,33,31,2656,29.5,24,3,27,22,2,3,5,0,17.6,15.3,3.6,18.8,54.0,80.0,172.0,0.81,0.1,0.91,0.75,0.85,0.6,0.12,0.72,0.52,0.64
Lisandro Martínez,ARG,DF,Manchester Utd,Premier League,25,1998,11,8,646,7.2,0,1,1,0,0,0,3,0,0.0,0.0,0.1,0.1,8.0,28.0,1.0,0.0,0.14,0.14,0.0,0.14,0.0,0.01,0.01,0.0,0.01
Lucas Martínez Quarta,ARG,DF,Fiorentina,Serie A,27,1996,29,26,2291,25.5,5,1,6,5,0,0,9,0,2.7,2.7,1.8,4.6,23.0,177.0,16.0,0.2,0.04,0.24,0.2,0.24,0.11,0.07,0.18,0.11,0.18
Adam Marušić,MNE,DF,Lazio,Serie A,30,1992,37,37,3100,34.4,1,0,1,1,0,0,3,1,0.4,0.4,0.8,1.2,35.0,118.0,108.0,0.03,0.0,0.03,0.03,0.03,0.01,0.02,0.04,0.01,0.04
Marvin,ESP,FW,Las Palmas,La Liga,23,2000,31,17,1855,20.6,0,2,2,0,0,0,5,0,0.9,0.9,2.5,3.5,60.0,36.0,177.0,0.0,0.1,0.1,0.0,0.1,0.05,0.12,0.17,0.05,0.17
Omar Mascarell,EQG,MF,Mallorca,La Liga,30,1993,29,18,1571,17.5,0,0,0,0,0,0,8,1,0.4,0.4,0.0,0.4,12.0,67.0,11.0,0.0,0.0,0.0,0.0,0.0,0.02,0.0,0.02,0.02,0.02
Adam Masina,MAR,DF,Torino,Serie A,29,1994,16,10,1024,11.4,0,0,0,0,0,0,0,0,0.2,0.2,0.2,0.4,3.0,42.0,6.0,0.0,0.0,0.0,0.0,0.0,0.02,0.02,0.04,0.02,0.04
Erhan Mašović,SRB,DF,Bochum,Bundesliga,24,1998,29,24,2219,24.7,0,0,0,0,0,0,7,0,1.1,1.1,0.3,1.4,15.0,47.0,10.0,0.0,0.0,0.0,0.0,0.0,0.04,0.01,0.06,0.04,0.06
Clinton Mata,ANG,DF,Lyon,Ligue 1,30,1992,28,25,2220,24.7,0,3,3,0,0,0,6,0,0.6,0.6,2.2,2.8,32.0,97.0,60.0,0.0,0.12,0.12,0.0,0.12,0.02,0.09,0.11,0.02,0.11
Jaime Mata,ESP,FW,Getafe,La Liga,34,1988,35,22,1787,19.9,5,1,6,5,0,0,10,1,5.6,5.6,1.5,7.2,16.0,19.0,138.0,0.25,0.05,0.3,0.25,0.3,0.28,0.08,0.36,0.28,0.36
Pape Matar Sarr,SEN,MF,Tottenham,Premier League,20,2002,34,27,2069,23.0,3,3,6,3,0,0,9,0,3.4,3.4,2.2,5.7,43.0,150.0,90.0,0.13,0.13,0.26,0.13,0.26,0.15,0.1,0.25,0.15,0.25
Jean-Philippe Mateta,FRA,FW,Crystal Palace,Premier League,26,1997,35,25,2282,25.4,16,5,21,14,2,2,3,0,10.9,9.4,3.1,12.5,29.0,25.0,135.0,0.63,0.2,0.83,0.55,0.75,0.43,0.12,0.56,0.37,0.49
Nemanja Matić,SRB,MF,Rennes,Ligue 1,34,1988,13,11,1027,11.4,0,0,0,0,0,0,7,0,0.3,0.3,0.8,1.1,14.0,83.0,8.0,0.0,0.0,0.0,0.0,0.0,0.03,0.07,0.1,0.03,0.1
Nemanja Matić,SRB,MF,Lyon,Ligue 1,34,1988,15,15,1254,13.9,0,0,0,0,0,0,2,0,0.3,0.3,0.6,0.9,26.0,118.0,17.0,0.0,0.0,0.0,0.0,0.0,0.02,0.04,0.06,0.02,0.06
Joël Matip,CMR,DF,Liverpool,Premier League,31,1991,10,9,781,8.7,0,0,0,0,0,0,2,0,0.5,0.5,0.1,0.6,8.0,34.0,1.0,0.0,0.0,0.0,0.0,0.0,0.06,0.01,0.06,0.06,0.06
Chrislain Matsima,FRA,DF,Clermont Foot,Ligue 1,21,2002,14,13,1180,13.1,1,0,1,1,0,0,2,0,0.2,0.2,0.0,0.2,13.0,45.0,1.0,0.08,0.0,0.08,0.08,0.08,0.01,0.0,0.01,0.01,0.01
Azor Matusiwa,NED,MF,Reims,Ligue 1,25,1998,16,16,1385,15.4,1,0,1,1,0,0,3,0,0.7,0.7,0.7,1.3,12.0,78.0,12.0,0.06,0.0,0.06,0.06,0.06,0.04,0.04,0.09,0.04,0.09
Azor Matusiwa,NED,MF,Rennes,Ligue 1,25,1998,12,9,794,8.8,0,1,1,0,0,0,2,0,0.3,0.3,0.4,0.7,3.0,64.0,12.0,0.0,0.11,0.11,0.0,0.11,0.04,0.04,0.08,0.04,0.08
Neal Maupay,FRA,FW,Brentford,Premier League,26,1996,29,13,1321,14.7,6,3,9,6,0,0,8,0,5.7,5.7,2.3,8.1,21.0,37.0,91.0,0.41,0.2,0.61,0.41,0.61,0.39,0.16,0.55,0.39,0.55
Konstantinos Mavropanos,GRE,DF,West Ham,Premier League,25,1997,19,16,1500,16.7,1,0,1,1,0,0,2,0,1.2,1.2,0.2,1.4,10.0,38.0,2.0,0.06,0.0,0.06,0.06,0.06,0.07,0.01,0.08,0.07,0.08
Christian Mawissa,FRA,DF,Toulouse,Ligue 1,18,2005,17,12,1118,12.4,2,0,2,2,0,0,3,0,1.0,1.0,0.3,1.3,26.0,39.0,11.0,0.16,0.0,0.16,0.16,0.16,0.08,0.02,0.1,0.08,0.1
Philipp Max,GER,DF,Eint Frankfurt,Bundesliga,29,1993,23,17,1350,15.0,1,2,3,1,0,0,2,0,0.2,0.2,2.8,3.0,25.0,63.0,56.0,0.07,0.13,0.2,0.07,0.2,0.02,0.18,0.2,0.02,0.2
Eric Maxim Choupo-Moting,CMR,MF,Bayern Munich,Bundesliga,34,1989,27,7,717,8.0,2,2,4,2,0,0,1,0,4.5,4.5,1.8,6.4,23.0,21.0,71.0,0.25,0.25,0.5,0.25,0.5,0.57,0.23,0.8,0.57,0.8
Luís Maximiano,POR,GK,Almería,La Liga,24,1999,33,33,2970,33.0,0,0,0,0,0,0,1,0,0.0,0.0,0.0,0.0,0.0,0.0,0.0,0.0,0.0,0.0,0.0,0.0,0.0,0.0,0.0,0.0,0.0
Borja Mayoral,ESP,FW,Getafe,La Liga,26,1997,27,25,2153,23.9,15,1,16,11,4,4,2,0,11.9,8.7,1.4,10.1,27.0,67.0,100.0,0.63,0.04,0.67,0.46,0.5,0.5,0.06,0.55,0.36,0.42
Noussair Mazraoui,MAR,DF,Bayern Munich,Bundesliga,25,1997,19,15,1197,13.3,0,3,3,0,0,0,3,0,0.9,0.9,1.8,2.6,34.0,103.0,79.0,0.0,0.23,0.23,0.0,0.23,0.07,0.13,0.2,0.07,0.2
Luca Mazzitelli,ITA,MF,Frosinone,Serie A,27,1995,29,26,2210,24.6,5,0,5,5,0,0,6,1,2.3,2.3,1.1,3.4,18.0,167.0,53.0,0.2,0.0,0.2,0.2,0.2,0.09,0.05,0.14,0.09,0.14
Pasquale Mazzocchi,ITA,DF,Salernitana,Serie A,28,1995,18,16,1272,14.1,0,1,1,0,0,0,4,0,0.3,0.3,1.3,1.6,36.0,36.0,62.0,0.0,0.07,0.07,0.0,0.07,0.02,0.09,0.11,0.02,0.11
Kevin Mbabu,SUI,DF,Augsburg,Bundesliga,28,1995,25,22,2047,22.7,0,2,2,0,0,0,5,0,0.1,0.1,1.9,2.1,70.0,84.0,106.0,0.0,0.09,0.09,0.0,0.09,0.01,0.09,0.09,0.01,0.09
Kylian Mbappé,FRA,FW,Paris S-G,Ligue 1,24,1998,29,24,2158,24.0,27,7,34,21,6,8,4,0,21.0,14.5,5.7,20.2,114.0,122.0,286.0,1.13,0.29,1.42,0.88,1.17,0.87,0.24,1.11,0.6,0.84
Chancel Mbemba,COD,DF,Marseille,Ligue 1,28,1994,25,25,2207,24.5,2,2,4,2,0,0,1,0,1.8,1.8,1.0,2.8,16.0,131.0,10.0,0.08,0.08,0.16,0.08,0.16,0.07,0.04,0.12,0.07,0.12
Bryan Mbeumo,CMR,FW,Brentford,Premier League,23,1999,25,22,1960,21.8,9,6,15,6,3,3,2,0,9.8,7.4,4.6,12.1,74.0,88.0,195.0,0.41,0.28,0.69,0.28,0.55,0.45,0.21,0.66,0.34,0.55
James Mcatee,ENG,MF,Sheffield Utd,Premier League,20,2002,30,20,1822,20.2,3,3,6,2,1,1,2,0,3.1,2.3,2.9,5.2,55.0,51.0,110.0,0.15,0.15,0.3,0.1,0.25,0.15,0.15,0.3,0.11,0.26
Oliver McBurnie,SCO,FW,Sheffield Utd,Premier League,27,1996,21,15,1280,14.2,6,3,9,4,2,2,7,2,6.9,5.3,2.0,7.3,6.0,30.0,60.0,0.42,0.21,0.63,0.28,0.49,0.48,0.14,0.62,0.37,0.51
John McGinn,SCO,MF,Aston Villa,Premier League,28,1994,35,35,2999,33.3,6,4,10,6,0,0,9,1,5.0,5.0,4.6,9.6,59.0,189.0,84.0,0.18,0.12,0.3,0.18,0.3,0.15,0.14,0.29,0.15,0.29
Weston McKennie,USA,MF,Juventus,Serie A,24,1998,34,29,2594,28.8,0,7,7,0,0,0,6,0,3.0,3.0,3.9,6.9,64.0,92.0,176.0,0.0,0.24,0.24,0.0,0.24,0.1,0.13,0.24,0.1,0.24
Dwight McNeil,ENG,MF,Everton,Premier League,23,1999,35,33,2892,32.1,3,6,9,3,0,0,2,0,3.4,3.4,8.8,12.2,80.0,114.0,147.0,0.09,0.19,0.28,0.09,0.28,0.11,0.27,0.38,0.11,0.38
Scott McTominay,SCO,MF,Manchester Utd,Premier League,26,1996,32,18,1901,21.1,7,1,8,7,0,0,2,0,5.7,5.7,0.8,6.6,29.0,64.0,47.0,0.33,0.05,0.38,0.33,0.38,0.27,0.04,0.31,0.27,0.31
Facundo Medina,ARG,DF,Lens,Ligue 1,24,1999,31,30,2714,30.2,1,3,4,1,0,0,11,0,1.1,1.1,1.8,2.9,51.0,219.0,20.0,0.03,0.1,0.13,0.03,0.13,0.04,0.06,0.1,0.04,0.1
Ben Mee,ENG,DF,Brentford,Premier League,33,1989,16,15,1272,14.1,2,0,2,2,0,0,1,1,1.5,1.5,0.3,1.8,11.0,49.0,9.0,0.14,0.0,0.14,0.14,0.14,0.1,0.02,0.13,0.1,0.13
Marvin Mehlem,GER,MF,Darmstadt 98,Bundesliga,25,1997,20,19,1482,16.5,3,2,5,3,0,0,3,0,3.8,3.8,1.1,4.9,27.0,46.0,73.0,0.18,0.12,0.3,0.18,0.3,0.23,0.07,0.3,0.23,0.3
Bamo Meïté,CIV,DF,Marseille,Ligue 1,21,2001,16,6,638,7.1,0,0,0,0,0,0,1,0,0.1,0.1,0.0,0.1,11.0,29.0,5.0,0.0,0.0,0.0,0.0,0.0,0.01,0.0,0.01,0.01,0.01
Óscar Melendo,ESP,MF,Granada,La Liga,25,1997,26,15,1122,12.5,0,0,0,0,0,0,2,0,0.4,0.4,0.5,0.9,21.0,38.0,33.0,0.0,0.0,0.0,0.0,0.0,0.04,0.04,0.07,0.04,0.07
Gonzalo Melero,ESP,MF,Almería,La Liga,29,1994,28,10,1103,12.3,1,1,2,1,0,0,3,0,2.0,2.0,1.2,3.2,23.0,49.0,33.0,0.08,0.08,0.16,0.08,0.16,0.16,0.1,0.26,0.16,0.26
Arthur Melo,BRA,MF,Fiorentina,Serie A,26,1996,33,23,1986,22.1,2,3,5,1,1,1,2,0,1.0,0.3,1.7,2.0,21.0,133.0,27.0,0.09,0.14,0.23,0.05,0.18,0.05,0.08,0.13,0.01,0.09
Memphis,NED,FW,Atlético Madrid,La Liga,29,1994,23,9,893,9.9,5,1,6,5,0,0,2,0,5.8,5.8,1.8,7.6,16.0,27.0,82.0,0.5,0.1,0.6,0.5,0.6,0.58,0.18,0.76,0.58,0.76
Brais Méndez,ESP,MF,Real Sociedad,La Liga,26,1997,32,27,2413,26.8,5,6,11,5,0,0,7,0,4.2,4.2,4.2,8.4,45.0,128.0,121.0,0.19,0.22,0.41,0.19,0.41,0.16,0.16,0.31,0.16,0.31
Bruno Méndez,URU,DF,Granada,La Liga,23,1999,17,15,1333,14.8,2,0,2,2,0,0,4,0,0.6,0.6,0.1,0.7,8.0,47.0,14.0,0.14,0.0,0.14,0.14,0.14,0.04,0.01,0.05,0.04,0.05
Benjamin Mendy,FRA,DF,Lorient,Ligue 1,29,1994,15,7,711,7.9,2,1,3,2,0,0,3,0,1.1,1.1,1.9,3.0,26.0,34.0,85.0,0.25,0.13,0.38,0.25,0.38,0.14,0.24,0.38,0.14,0.38
Ferland Mendy,FRA,DF,Real Madrid,La Liga,28,1995,23,21,1720,19.1,0,0,0,0,0,0,5,0,0.2,0.2,0.9,1.1,19.0,84.0,96.0,0.0,0.0,0.0,0.0,0.0,0.01,0.05,0.06,0.01,0.06
Formose Mendy,SEN,DF,Lorient,Ligue 1,22,2001,18,13,1256,14.0,0,0,0,0,0,0,6,0,0.3,0.3,0.1,0.4,14.0,61.0,13.0,0.0,0.0,0.0,0.0,0.0,0.02,0.0,0.03,0.02,0.03
Nampalys Mendy,SEN,MF,Lens,Ligue 1,31,1992,16,13,1052,11.7,0,1,1,0,0,0,2,0,0.2,0.2,1.1,1.3,21.0,84.0,13.0,0.0,0.09,0.09,0.0,0.09,0.02,0.09,0.11,0.02,0.11
Teden Mengi,ENG,DF,Luton Town,Premier League,21,2002,30,28,2469,27.4,1,0,1,1,0,0,3,0,0.6,0.6,0.3,0.9,15.0,54.0,1.0,0.04,0.0,0.04,0.04,0.04,0.02,0.01,0.03,0.02,0.03
Chris Mepham,WAL,DF,Bournemouth,Premier League,25,1997,10,6,617,6.9,0,1,1,0,0,0,2,0,0.1,0.1,0.4,0.5,4.0,25.0,1.0,0.0,0.15,0.15,0.0,0.15,0.01,0.06,0.07,0.01,0.07
Jorge Meré,ESP,DF,Cádiz,La Liga,26,1997,10,8,673,7.5,0,0,0,0,0,0,0,0,0.2,0.2,0.0,0.2,2.0,15.0,0.0,0.0,0.0,0.0,0.0,0.0,0.02,0.0,0.02,0.02,0.02
Alex Meret,ITA,GK,Napoli,Serie A,26,1997,31,31,2773,30.8,0,0,0,0,0,0,0,0,0.0,0.0,0.1,0.1,0.0,0.0,0.0,0.0,0.0,0.0,0.0,0.0,0.0,0.0,0.0,0.0,0.0
Mikel Merino,ESP,MF,Real Sociedad,La Liga,27,1996,32,27,2482,27.6,5,3,8,5,0,0,10,0,3.3,3.3,1.9,5.2,26.0,163.0,99.0,0.18,0.11,0.29,0.18,0.29,0.12,0.07,0.19,0.12,0.19
Quentin Merlin,FRA,DF,Marseille,Ligue 1,21,2002,10,8,703,7.8,0,1,1,0,0,0,1,0,0.1,0.1,1.1,1.3,15.0,46.0,56.0,0.0,0.13,0.13,0.0,0.13,0.02,0.15,0.16,0.02,0.16
Quentin Merlin,FRA,DF,Nantes,Ligue 1,21,2002,16,15,1283,14.3,0,1,1,0,0,0,0,0,0.7,0.7,1.3,2.0,34.0,98.0,62.0,0.0,0.07,0.07,0.0,0.07,0.05,0.09,0.14,0.05,0.14
Junior Messias,BRA,MF,Genoa,Serie A,32,1991,18,13,1053,11.7,1,0,1,1,0,0,0,0,1.6,1.6,1.3,2.9,35.0,29.0,75.0,0.09,0.0,0.09,0.09,0.09,0.14,0.11,0.25,0.14,0.25
Thomas Meunier,BEL,DF,Dortmund,Bundesliga,31,1991,8,7,586,6.5,0,0,0,0,0,0,0,0,0.5,0.5,0.6,1.2,21.0,33.0,25.0,0.0,0.0,0.0,0.0,0.0,0.08,0.1,0.18,0.08,0.18
Alexander Meyer,GER,GK,Dortmund,Bundesliga,32,1991,8,7,695,7.7,0,0,0,0,0,0,0,0,0.0,0.0,0.0,0.0,0.0,1.0,0.0,0.0,0.0,0.0,0.0,0.0,0.0,0.0,0.0,0.0,0.0
Sven Michel,GER,FW,Augsburg,Bundesliga,33,1990,22,5,583,6.5,2,1,3,1,1,2,2,0,2.4,0.8,0.8,1.7,6.0,14.0,44.0,0.31,0.15,0.46,0.15,0.31,0.37,0.13,0.5,0.13,0.26
Georges Mikautadze,GEO,FW,Metz,Ligue 1,22,2000,20,20,1747,19.4,13,4,17,10,3,3,0,1,9.5,7.2,2.4,9.5,52.0,51.0,95.0,0.67,0.21,0.88,0.52,0.72,0.49,0.12,0.61,0.37,0.49
Nikola Milenković,SRB,DF,Fiorentina,Serie A,25,1997,34,27,2510,27.9,0,0,0,0,0,0,4,0,0.4,0.4,0.7,1.1,8.0,81.0,10.0,0.0,0.0,0.0,0.0,0.0,0.01,0.03,0.04,0.01,0.04
Lewis Miley,ENG,MF,Newcastle Utd,Premier League,17,2006,17,14,1202,13.4,1,3,4,1,0,0,1,0,1.2,1.2,1.7,2.9,14.0,53.0,54.0,0.07,0.22,0.3,0.07,0.3,0.09,0.13,0.22,0.09,0.22
Arkadiusz Milik,POL,FW,Juventus,Serie A,29,1994,32,7,919,10.2,4,1,5,4,0,0,2,1,5.1,5.1,2.6,7.7,12.0,22.0,49.0,0.39,0.1,0.49,0.39,0.49,0.5,0.26,0.75,0.5,0.75
Vanja Milinković-Savić,SRB,GK,Torino,Serie A,26,1997,36,36,3240,36.0,0,0,0,0,0,0,2,0,0.0,0.0,0.0,0.0,0.0,0.0,0.0,0.0,0.0,0.0,0.0,0.0,0.0,0.0,0.0,0.0,0.0
Éder Militão,BRA,DF,Real Madrid,La Liga,25,1998,10,6,496,5.5,0,0,0,0,0,0,0,0,0.1,0.1,0.0,0.1,7.0,15.0,2.0,0.0,0.0,0.0,0.0,0.0,0.02,0.0,0.02,0.02,0.02
Luis Milla,ESP,MF,Getafe,La Liga,28,1994,27,25,2115,23.5,0,1,1,0,0,0,6,0,0.6,0.6,1.7,2.3,31.0,121.0,35.0,0.0,0.04,0.04,0.0,0.04,0.03,0.07,0.1,0.03,0.1
Enzo Millot,FRA,MF,Stuttgart,Bundesliga,21,2002,31,27,2241,24.9,5,4,9,4,1,1,5,0,5.3,4.5,3.9,8.4,46.0,127.0,167.0,0.2,0.16,0.36,0.16,0.32,0.21,0.16,0.37,0.18,0.34
James Milner,ENG,DF,Brighton,Premier League,37,1986,15,11,773,8.6,0,2,2,0,0,0,3,0,0.3,0.3,1.8,2.0,11.0,69.0,73.0,0.0,0.23,0.23,0.0,0.23,0.03,0.21,0.24,0.03,0.24
Kim Min-jae,KOR,DF,Bayern Munich,Bundesliga,26,1996,25,22,1970,21.9,1,1,2,1,0,0,3,0,0.8,0.8,0.4,1.2,14.0,131.0,3.0,0.05,0.05,0.09,0.05,0.09,0.04,0.02,0.05,0.04,0.05
Yerry Mina,COL,DF,Cagliari,Serie A,28,1994,14,14,1215,13.5,2,0,2,1,1,1,4,0,1.3,0.5,0.0,0.5,4.0,23.0,3.0,0.15,0.0,0.15,0.07,0.07,0.1,0.0,0.1,0.04,0.04
Takumi Minamino,JPN,MF,Monaco,Ligue 1,28,1995,30,25,2117,23.5,9,6,15,9,0,0,4,0,5.9,5.9,4.9,10.8,48.0,97.0,198.0,0.38,0.26,0.64,0.38,0.64,0.25,0.21,0.46,0.25,0.46
Lucas Mincarelli,FRA,DF,Montpellier,Ligue 1,19,2004,13,12,978,10.9,1,1,2,1,0,0,1,1,0.4,0.4,0.6,0.9,24.0,26.0,40.0,0.09,0.09,0.18,0.09,0.18,0.03,0.05,0.09,0.03,0.09
Óscar Mingueza,ESP,DF,Celta Vigo,La Liga,24,1999,38,33,2998,33.3,2,2,4,2,0,0,4,0,2.6,2.6,3.9,6.5,74.0,170.0,134.0,0.06,0.06,0.12,0.06,0.12,0.08,0.12,0.2,0.08,0.2
Ignasi Miquel,ESP,DF,Granada,La Liga,30,1992,34,33,2992,33.2,1,1,2,1,0,0,5,0,1.4,1.4,1.2,2.5,8.0,83.0,8.0,0.03,0.03,0.06,0.03,0.06,0.04,0.04,0.08,0.04,0.08
Aleksei Miranchuk,RUS,MF,Atalanta,Serie A,27,1995,27,12,1176,13.1,3,5,8,3,0,0,1,0,5.4,5.4,4.1,9.5,41.0,75.0,122.0,0.23,0.38,0.61,0.23,0.61,0.41,0.31,0.72,0.41,0.72
Juan Miranda,ESP,DF,Betis,La Liga,23,2000,25,21,1858,20.6,1,1,2,1,0,0,8,0,1.6,1.6,1.9,3.6,35.0,103.0,95.0,0.05,0.05,0.1,0.05,0.1,0.08,0.09,0.17,0.08,0.17
Fabio Miretti,ITA,MF,Juventus,Serie A,19,2003,25,16,1103,12.3,1,1,2,1,0,0,3,0,1.2,1.2,1.1,2.3,22.0,43.0,62.0,0.08,0.08,0.16,0.08,0.16,0.1,0.09,0.19,0.1,0.19
Tyrick Mitchell,ENG,DF,Crystal Palace,Premier League,23,1999,37,37,3204,35.6,2,3,5,2,0,0,6,0,1.6,1.6,2.8,4.4,32.0,94.0,159.0,0.06,0.08,0.14,0.06,0.14,0.04,0.08,0.12,0.04,0.12
Kaoru Mitoma,JPN,FW,Brighton,Premier League,26,1997,19,15,1486,16.5,3,4,7,3,0,0,4,0,3.5,3.5,2.7,6.2,121.0,64.0,239.0,0.18,0.24,0.42,0.18,0.42,0.21,0.16,0.37,0.21,0.37
Stefan Mitrović,SRB,DF,Getafe,La Liga,33,1990,11,9,699,7.8,1,0,1,1,0,0,3,0,0.1,0.1,0.3,0.4,4.0,19.0,2.0,0.13,0.0,0.13,0.13,0.13,0.01,0.04,0.05,0.01,0.05
Maximilian Mittelstädt,GER,DF,Stuttgart,Bundesliga,26,1997,31,23,2103,23.4,2,4,6,2,0,0,5,0,0.9,0.9,4.2,5.1,70.0,123.0,129.0,0.09,0.17,0.26,0.09,0.26,0.04,0.18,0.22,0.04,0.22
Henrikh Mkhitaryan,ARM,MF,Inter,Serie A,34,1989,36,35,2785,30.9,2,8,10,2,0,0,4,0,3.6,3.6,4.5,8.1,92.0,192.0,127.0,0.06,0.26,0.32,0.06,0.32,0.12,0.15,0.26,0.12,0.26
Jakub Moder,POL,MF,Brighton,Premier League,24,1999,17,6,618,6.9,0,0,0,0,0,0,2,0,0.6,0.6,0.8,1.3,10.0,23.0,26.0,0.0,0.0,0.0,0.0,0.0,0.08,0.11,0.2,0.08,0.2
Luka Modrić,CRO,MF,Real Madrid,La Liga,37,1985,32,18,1688,18.8,2,6,8,2,0,0,2,0,1.3,1.3,5.5,6.8,53.0,196.0,85.0,0.11,0.32,0.43,0.11,0.43,0.07,0.3,0.37,0.07,0.37
Terem Moffi,NGA,FW,Nice,Ligue 1,24,1999,30,23,1949,21.7,11,2,13,8,3,3,4,0,10.7,8.3,3.2,11.5,24.0,27.0,123.0,0.51,0.09,0.6,0.37,0.46,0.49,0.15,0.64,0.38,0.53
Mostafa Mohamed,EGY,FW,Nantes,Ligue 1,25,1997,29,24,2002,22.2,8,2,10,5,3,3,3,1,7.8,5.5,2.4,7.8,23.0,25.0,115.0,0.36,0.09,0.45,0.22,0.31,0.35,0.11,0.46,0.25,0.35
Dion Moise Sahi,CIV,MF,Strasbourg,Ligue 1,21,2001,18,7,628,7.0,3,1,4,3,0,0,0,0,4.1,4.1,1.3,5.4,13.0,21.0,42.0,0.43,0.14,0.57,0.43,0.57,0.58,0.19,0.77,0.58,0.77
Johan Mojica,COL,DF,Osasuna,La Liga,30,1992,30,22,2041,22.7,0,3,3,0,0,0,1,0,1.0,1.0,2.6,3.6,57.0,82.0,117.0,0.0,0.13,0.13,0.0,0.13,0.04,0.11,0.16,0.04,0.16
Alberto Moleiro,ESP,FW,Las Palmas,La Liga,19,2003,28,21,1803,20.0,3,3,6,3,0,0,1,0,2.0,2.0,2.7,4.6,86.0,87.0,184.0,0.15,0.15,0.3,0.15,0.3,0.1,0.13,0.23,0.1,0.23
Nahuel Molina,ARG,DF,Atlético Madrid,La Liga,25,1998,30,19,1852,20.6,2,3,5,2,0,0,4,1,1.3,1.3,2.9,4.2,47.0,68.0,170.0,0.1,0.15,0.24,0.1,0.24,0.06,0.14,0.2,0.06,0.2
Florent Mollet,FRA,MF,Nantes,Ligue 1,31,1991,29,24,2083,23.1,4,4,8,4,0,0,4,0,5.9,5.9,2.5,8.4,27.0,96.0,145.0,0.17,0.17,0.35,0.17,0.35,0.25,0.11,0.36,0.25,0.36
Jon Moncayola,ESP,MF,Osasuna,La Liga,25,1998,33,21,1800,20.0,1,3,4,1,0,0,2,1,0.6,0.6,2.3,2.9,14.0,99.0,46.0,0.05,0.15,0.2,0.05,0.2,0.03,0.11,0.14,0.03,0.14
Ilario Monterisi,ITA,DF,Frosinone,Serie A,21,2001,24,16,1469,16.3,2,2,4,2,0,0,1,0,1.1,1.1,0.4,1.5,4.0,47.0,18.0,0.12,0.12,0.25,0.12,0.25,0.07,0.02,0.09,0.07,0.09
César Montes,MEX,DF,Almería,La Liga,26,1997,21,21,1788,19.9,0,0,0,0,0,0,5,0,0.7,0.7,0.2,0.9,7.0,52.0,2.0,0.0,0.0,0.0,0.0,0.0,0.04,0.01,0.04,0.04,0.04
Gonzalo Montiel,ARG,DF,Nott'ham Forest,Premier League,26,1997,14,8,801,8.9,0,2,2,0,0,0,5,0,0.1,0.1,1.4,1.5,10.0,28.0,32.0,0.0,0.22,0.22,0.0,0.22,0.01,0.15,0.17,0.01,0.17
Lorenzo Montipò,ITA,GK,Hellas Verona,Serie A,27,1996,37,37,3330,37.0,0,1,1,0,0,0,0,0,0.0,0.0,0.0,0.0,0.0,0.0,0.0,0.0,0.03,0.03,0.0,0.03,0.0,0.0,0.0,0.0,0.0
Álvaro Morata,ESP,FW,Atlético Madrid,La Liga,30,1992,32,21,1904,21.2,15,3,18,15,0,1,4,1,13.8,12.9,1.7,14.6,22.0,20.0,88.0,0.71,0.14,0.85,0.71,0.85,0.65,0.08,0.73,0.61,0.69
Alberto Moreno,ESP,DF,Villarreal,La Liga,31,1992,27,17,1484,16.5,2,2,4,2,0,0,5,2,0.7,0.7,1.6,2.4,26.0,55.0,79.0,0.12,0.12,0.24,0.12,0.24,0.04,0.1,0.14,0.04,0.14
Álex Moreno,ESP,DF,Aston Villa,Premier League,30,1993,21,11,1031,11.5,2,0,2,2,0,0,2,0,1.1,1.1,1.1,2.3,32.0,24.0,83.0,0.17,0.0,0.17,0.17,0.17,0.1,0.1,0.2,0.1,0.2
Gerard Moreno,ESP,FW,Villarreal,La Liga,31,1992,30,28,2215,24.6,10,6,16,8,2,3,0,0,9.7,7.3,5.3,12.6,48.0,155.0,199.0,0.41,0.24,0.65,0.33,0.57,0.39,0.22,0.61,0.3,0.51
Ilaix Moriba,GUI,MF,Getafe,La Liga,20,2003,14,8,605,6.7,0,2,2,0,0,0,5,1,0.3,0.3,0.6,0.9,8.0,21.0,19.0,0.0,0.3,0.3,0.0,0.3,0.05,0.09,0.14,0.05,0.14
Manu Morlanes,ESP,MF,Mallorca,La Liga,24,1999,35,16,1615,17.9,0,2,2,0,0,0,2,0,1.0,1.0,2.0,3.0,29.0,104.0,31.0,0.0,0.11,0.11,0.0,0.11,0.06,0.11,0.17,0.06,0.17
Nikola Moro,CRO,MF,Bologna,Serie A,25,1998,23,10,840,9.3,1,0,1,1,0,0,0,0,0.7,0.7,0.4,1.1,21.0,58.0,38.0,0.11,0.0,0.11,0.11,0.11,0.08,0.04,0.12,0.08,0.12
Carlton Morris,ENG,FW,Luton Town,Premier League,27,1995,38,32,2862,31.8,11,4,15,6,5,5,4,0,11.4,7.5,2.8,10.2,37.0,56.0,120.0,0.35,0.13,0.47,0.19,0.31,0.36,0.09,0.45,0.23,0.32
Cristhian Mosquera,ESP,DF,Valencia,La Liga,19,2004,36,33,3075,34.2,0,0,0,0,0,0,2,0,0.7,0.7,0.0,0.7,14.0,77.0,4.0,0.0,0.0,0.0,0.0,0.0,0.02,0.0,0.02,0.02,0.02
Yerson Mosquera,COL,DF,Villarreal,La Liga,22,2001,16,14,1229,13.7,2,1,3,2,0,0,4,0,1.6,1.6,0.3,1.9,8.0,36.0,12.0,0.15,0.07,0.22,0.15,0.22,0.11,0.02,0.14,0.11,0.14
Dany Mota,POR,FW,Monza,Serie A,25,1998,34,24,2049,22.8,4,3,7,4,0,0,3,0,3.6,3.6,3.0,6.5,112.0,57.0,152.0,0.18,0.13,0.31,0.18,0.31,0.16,0.13,0.29,0.16,0.29
Lebo Mothiba,RSA,FW,Strasbourg,Ligue 1,27,1996,15,5,617,6.9,3,0,3,3,0,0,0,0,4.6,4.6,0.2,4.8,8.0,9.0,27.0,0.44,0.0,0.44,0.44,0.44,0.67,0.02,0.7,0.67,0.7
Youssoufa Moukoko,GER,FW,Dortmund,Bundesliga,18,2004,20,4,625,6.9,5,0,5,5,0,0,1,0,3.9,3.9,0.3,4.2,16.0,15.0,27.0,0.72,0.0,0.72,0.72,0.72,0.56,0.05,0.61,0.56,0.61
Steve Mounié,BEN,FW,Brest,Ligue 1,28,1994,32,20,1769,19.7,6,2,8,6,0,0,2,1,8.9,8.9,2.1,11.0,22.0,25.0,111.0,0.31,0.1,0.41,0.31,0.41,0.45,0.11,0.56,0.45,0.56
Mason Mount,ENG,MF,Manchester Utd,Premier League,24,1999,14,5,516,5.7,1,0,1,1,0,0,2,0,0.4,0.4,0.3,0.7,9.0,21.0,34.0,0.17,0.0,0.17,0.17,0.17,0.07,0.06,0.13,0.07,0.13
Samuel Moutoussamy,COD,MF,Nantes,Ligue 1,26,1996,26,11,1107,12.3,1,0,1,1,0,0,2,0,1.8,1.8,0.6,2.3,20.0,59.0,33.0,0.08,0.0,0.08,0.08,0.08,0.14,0.05,0.19,0.14,0.19
Mykhailo Mudryk,UKR,FW,Chelsea,Premier League,22,2001,31,18,1576,17.5,5,2,7,5,0,0,5,0,4.4,4.4,4.1,8.5,92.0,45.0,139.0,0.29,0.11,0.4,0.29,0.4,0.25,0.23,0.48,0.25,0.48
Nordi Mukiele,FRA,DF,Paris S-G,Ligue 1,25,1997,16,9,796,8.8,0,0,0,0,0,0,2,0,1.3,1.3,0.1,1.4,12.0,32.0,26.0,0.0,0.0,0.0,0.0,0.0,0.15,0.01,0.16,0.15,0.16
Samuele Mulattieri,ITA,FW,Sassuolo,Serie A,22,2000,27,1,462,5.1,0,0,0,0,0,0,1,0,1.6,1.6,0.3,1.9,8.0,1.0,38.0,0.0,0.0,0.0,0.0,0.0,0.31,0.05,0.37,0.31,0.37
Jannik Müller,GER,DF,Darmstadt 98,Bundesliga,29,1994,16,12,1134,12.6,0,0,0,0,0,0,5,0,0.2,0.2,0.1,0.3,8.0,31.0,7.0,0.0,0.0,0.0,0.0,0.0,0.02,0.01,0.02,0.02,0.02
Kevin Müller,GER,GK,Heidenheim,Bundesliga,32,1991,34,34,3060,34.0,0,0,0,0,0,0,1,0,0.0,0.0,0.0,0.0,0.0,0.0,0.0,0.0,0.0,0.0,0.0,0.0,0.0,0.0,0.0,0.0,0.0
Thomas Müller,GER,MF,Bayern Munich,Bundesliga,33,1989,31,20,1654,18.4,5,9,14,5,0,0,0,0,5.7,5.7,8.4,14.1,38.0,82.0,188.0,0.27,0.49,0.76,0.27,0.76,0.31,0.46,0.77,0.31,0.77
Abdul Mumin,GHA,DF,Rayo Vallecano,La Liga,25,1998,20,19,1694,18.8,1,0,1,1,0,0,5,1,0.4,0.4,0.3,0.7,6.0,38.0,4.0,0.05,0.0,0.05,0.05,0.05,0.02,0.01,0.03,0.02,0.03
Marshall Munetsi,ZIM,MF,Reims,Ligue 1,27,1996,27,25,2173,24.1,4,3,7,4,0,0,5,0,6.2,6.2,1.0,7.2,19.0,67.0,81.0,0.17,0.12,0.29,0.17,0.29,0.26,0.04,0.3,0.26,0.3
Iker Muniain,ESP,MF,Athletic Club,La Liga,30,1992,20,5,594,6.6,2,0,2,2,0,0,1,0,1.7,1.7,0.4,2.2,18.0,43.0,50.0,0.3,0.0,0.3,0.3,0.3,0.26,0.06,0.33,0.26,0.33
Rodrigo Muniz,BRA,FW,Fulham,Premier League,22,2001,26,18,1593,17.7,9,1,10,9,0,0,1,0,8.7,8.7,2.0,10.7,8.0,19.0,76.0,0.51,0.06,0.56,0.51,0.56,0.49,0.12,0.61,0.49,0.61
Aihen Muñoz,ESP,DF,Real Sociedad,La Liga,25,1997,21,11,1127,12.5,0,2,2,0,0,0,2,0,0.3,0.3,2.0,2.2,24.0,39.0,23.0,0.0,0.16,0.16,0.0,0.16,0.02,0.16,0.18,0.02,0.18
Daniel Muñoz,COL,DF,Crystal Palace,Premier League,27,1996,16,16,1439,16.0,0,4,4,0,0,0,4,0,1.2,1.2,2.4,3.7,25.0,38.0,80.0,0.0,0.25,0.25,0.0,0.25,0.08,0.15,0.23,0.08,0.23
Iker Muñoz,ESP,MF,Osasuna,La Liga,20,2002,28,20,1854,20.6,4,0,4,4,0,0,5,0,1.1,1.1,0.2,1.2,17.0,80.0,23.0,0.19,0.0,0.19,0.19,0.19,0.05,0.01,0.06,0.05,0.06
Javier Muñoz,ESP,MF,Las Palmas,La Liga,28,1995,37,30,2640,29.3,2,3,5,2,0,0,6,0,2.5,2.5,1.4,4.0,33.0,122.0,126.0,0.07,0.1,0.17,0.07,0.17,0.09,0.05,0.14,0.09,0.14
Arijanet Muric,KVX,GK,Burnley,Premier League,24,1998,10,10,900,10.0,0,0,0,0,0,0,0,0,0.0,0.0,0.2,0.2,0.0,1.0,0.0,0.0,0.0,0.0,0.0,0.0,0.0,0.02,0.02,0.0,0.02
Murillo,BRA,DF,Nott'ham Forest,Premier League,21,2002,32,32,2789,31.0,0,2,2,0,0,0,5,0,1.8,1.8,1.2,3.0,22.0,89.0,7.0,0.0,0.06,0.06,0.0,0.06,0.06,0.04,0.1,0.06,0.1
Vedat Muriqi,KVX,FW,Mallorca,La Liga,29,1994,29,25,2327,25.9,7,2,9,6,1,3,5,0,10.4,8.0,2.6,10.6,20.0,40.0,134.0,0.27,0.08,0.35,0.23,0.31,0.4,0.1,0.5,0.31,0.41
Jacob Murphy,ENG,FW,Newcastle Utd,Premier League,28,1995,21,14,1189,13.2,3,7,10,3,0,0,1,0,2.1,2.1,5.0,7.1,33.0,52.0,113.0,0.23,0.53,0.76,0.23,0.76,0.16,0.37,0.54,0.16,0.54
Yunus Musah,USA,MF,Milan,Serie A,20,2002,30,13,1478,16.4,0,2,2,0,0,0,5,0,0.6,0.6,1.2,1.8,48.0,64.0,77.0,0.0,0.12,0.12,0.0,0.12,0.04,0.08,0.11,0.04,0.11
Jamal Musiala,GER,MF,Bayern Munich,Bundesliga,20,2003,24,20,1755,19.5,10,5,15,10,0,0,2,0,7.9,7.9,6.0,13.9,103.0,100.0,163.0,0.51,0.26,0.77,0.51,0.77,0.4,0.31,0.71,0.4,0.71
Juan Musso,ARG,GK,Atalanta,Serie A,29,1994,11,11,990,11.0,0,0,0,0,0,0,0,0,0.0,0.0,0.0,0.0,0.0,0.0,0.0,0.0,0.0,0.0,0.0,0.0,0.0,0.0,0.0,0.0,0.0
Yvon Mvogo,SUI,GK,Lorient,Ligue 1,29,1994,34,34,3060,34.0,0,0,0,0,0,0,1,0,0.0,0.0,0.0,0.0,0.0,0.0,0.0,0.0,0.0,0.0,0.0,0.0,0.0,0.0,0.0,0.0,0.0
Junior Mwanga,FRA,MF,Strasbourg,Ligue 1,20,2003,22,17,1450,16.1,1,1,2,1,0,0,3,0,1.4,1.4,0.8,2.2,28.0,56.0,37.0,0.06,0.06,0.12,0.06,0.12,0.09,0.05,0.14,0.09,0.14
Phillipp Mwene,AUT,DF,Mainz 05,Bundesliga,29,1994,23,23,1996,22.2,1,2,3,1,0,0,4,1,1.4,1.4,2.0,3.4,50.0,73.0,93.0,0.05,0.09,0.14,0.05,0.14,0.06,0.09,0.15,0.06,0.15
Vitaliy Mykolenko,UKR,DF,Everton,Premier League,24,1999,28,28,2469,27.4,2,0,2,2,0,0,1,0,1.5,1.5,0.9,2.4,14.0,55.0,68.0,0.07,0.0,0.07,0.07,0.07,0.06,0.03,0.09,0.06,0.09
Joakim Mæhle,DEN,DF,Wolfsburg,Bundesliga,26,1997,30,27,2452,27.2,2,3,5,2,0,0,5,0,1.4,1.4,2.7,4.0,84.0,119.0,137.0,0.07,0.11,0.18,0.07,0.18,0.05,0.1,0.15,0.05,0.15
Obite N'Dicka,CIV,DF,Roma,Serie A,23,1999,25,25,2168,24.1,0,3,3,0,0,0,6,0,1.0,1.0,1.0,2.0,26.0,87.0,11.0,0.0,0.12,0.12,0.0,0.12,0.04,0.04,0.09,0.04,0.09
Kévin N'Doram,FRA,MF,Metz,Ligue 1,27,1996,23,18,1604,17.8,0,2,2,0,0,0,4,0,0.3,0.3,0.5,0.8,12.0,62.0,3.0,0.0,0.11,0.11,0.0,0.11,0.02,0.03,0.05,0.02,0.05
Nathan N'Goumou,FRA,FW,Gladbach,Bundesliga,23,2000,32,14,1385,15.4,5,2,7,5,0,0,1,0,3.8,3.8,1.7,5.5,52.0,47.0,150.0,0.32,0.13,0.45,0.32,0.45,0.24,0.11,0.35,0.24,0.35
Stanley N'Soki,FRA,DF,Hoffenheim,Bundesliga,24,1999,11,7,631,7.0,0,0,0,0,0,0,3,1,0.0,0.0,0.1,0.1,7.0,37.0,14.0,0.0,0.0,0.0,0.0,0.0,0.0,0.02,0.02,0.0,0.02
Nacho,ESP,DF,Real Madrid,La Liga,33,1990,29,18,1746,19.4,0,1,1,0,0,0,4,2,0.5,0.5,1.2,1.7,13.0,55.0,9.0,0.0,0.05,0.05,0.0,0.05,0.03,0.06,0.09,0.03,0.09
Marvelous Nakamba,ZIM,MF,Luton Town,Premier League,29,1994,13,13,1130,12.6,0,0,0,0,0,0,5,0,0.2,0.2,0.4,0.6,1.0,36.0,5.0,0.0,0.0,0.0,0.0,0.0,0.01,0.03,0.05,0.01,0.05
Keito Nakamura,JPN,FW,Reims,Ligue 1,23,2000,25,17,1381,15.3,4,1,5,4,0,0,1,0,3.2,3.2,1.3,4.5,48.0,56.0,141.0,0.26,0.07,0.33,0.26,0.33,0.21,0.09,0.29,0.21,0.29
Nahitan Nández,URU,MF,Cagliari,Serie A,27,1995,33,29,2341,26.0,2,3,5,1,1,1,7,0,3.7,2.9,2.5,5.5,57.0,76.0,89.0,0.08,0.12,0.19,0.04,0.15,0.14,0.1,0.24,0.11,0.21
Matija Nastasić,SRB,DF,Mallorca,La Liga,30,1993,26,25,2258,25.1,2,0,2,2,0,0,8,0,1.0,1.0,0.6,1.6,11.0,64.0,4.0,0.08,0.0,0.08,0.08,0.08,0.04,0.02,0.06,0.04,0.06
Natan,BRA,DF,Napoli,Serie A,22,2001,14,11,952,10.6,0,0,0,0,0,0,3,1,0.4,0.4,0.1,0.5,15.0,34.0,11.0,0.0,0.0,0.0,0.0,0.0,0.04,0.01,0.05,0.04,0.05
Roberto Navarro,ESP,MF,Cádiz,La Liga,21,2002,28,24,1888,21.0,1,1,2,1,0,0,0,1,2.1,2.1,3.1,5.3,81.0,70.0,119.0,0.05,0.05,0.1,0.05,0.1,0.1,0.15,0.25,0.1,0.25
Jesús Navas,ESP,DF,Sevilla,La Liga,37,1985,29,25,2003,22.3,0,2,2,0,0,0,6,1,0.1,0.1,1.9,2.1,54.0,103.0,141.0,0.0,0.09,0.09,0.0,0.09,0.01,0.09,0.09,0.01,0.09
Youssouf Ndayishimiye,BDI,MF,Nice,Ligue 1,24,1998,23,20,1712,19.0,0,0,0,0,0,0,6,1,1.2,1.2,0.5,1.7,16.0,96.0,13.0,0.0,0.0,0.0,0.0,0.0,0.06,0.03,0.09,0.06,0.09
Iliman Ndiaye,SEN,FW,Marseille,Ligue 1,23,2000,30,19,1618,18.0,3,3,6,3,0,0,0,1,4.5,4.5,2.6,7.1,51.0,62.0,152.0,0.17,0.17,0.33,0.17,0.33,0.25,0.15,0.39,0.25,0.39
Rassoul Ndiaye,SEN,MF,Le Havre,Ligue 1,21,2001,19,6,526,5.8,0,0,0,0,0,0,4,2,0.2,0.2,0.3,0.5,7.0,25.0,16.0,0.0,0.0,0.0,0.0,0.0,0.03,0.05,0.08,0.03,0.08
Dan Ndoye,SUI,FW,Bologna,Serie A,22,2000,32,20,1771,19.7,1,1,2,1,0,0,4,0,4.9,4.9,1.8,6.6,88.0,36.0,173.0,0.05,0.05,0.1,0.05,0.1,0.25,0.09,0.34,0.25,0.34
Joseph Nduquidi,FRA,MF,Metz,Ligue 1,18,2004,13,7,751,8.3,0,0,0,0,0,0,2,0,0.2,0.2,0.1,0.2,6.0,22.0,4.0,0.0,0.0,0.0,0.0,0.0,0.02,0.01,0.03,0.02,0.03
Loïc Nego,HUN,DF,Le Havre,Ligue 1,32,1991,28,18,1561,17.3,0,3,3,0,0,0,3,0,1.3,1.3,1.0,2.3,30.0,64.0,102.0,0.0,0.17,0.17,0.0,0.17,0.08,0.06,0.13,0.08,0.13
Neto,BRA,GK,Bournemouth,Premier League,34,1989,32,32,2880,32.0,0,0,0,0,0,0,5,0,0.0,0.0,0.0,0.0,0.0,0.0,0.0,0.0,0.0,0.0,0.0,0.0,0.0,0.0,0.0,0.0,0.0
Pedro Neto,POR,FW,Wolves,Premier League,23,2000,20,18,1516,16.8,2,9,11,2,0,0,4,0,3.5,3.5,4.4,7.9,98.0,54.0,149.0,0.12,0.53,0.65,0.12,0.65,0.21,0.26,0.47,0.21,0.47
Luca Netz,GER,DF,Gladbach,Bundesliga,20,2003,30,25,2225,24.7,0,4,4,0,0,0,2,0,1.0,1.0,3.0,3.9,46.0,81.0,99.0,0.0,0.16,0.16,0.0,0.16,0.04,0.12,0.16,0.04,0.16
Manuel Neuer,GER,GK,Bayern Munich,Bundesliga,37,1986,23,23,2053,22.8,0,0,0,0,0,0,1,0,0.0,0.0,0.0,0.0,0.0,8.0,0.0,0.0,0.0,0.0,0.0,0.0,0.0,0.0,0.0,0.0,0.0
Florian Neuhaus,GER,MF,Gladbach,Bundesliga,26,1997,25,15,1224,13.6,4,2,6,3,1,1,4,0,4.3,3.5,1.8,5.4,30.0,74.0,43.0,0.29,0.15,0.44,0.22,0.37,0.32,0.13,0.45,0.26,0.39
Carlos Neva,ESP,DF,Granada,La Liga,27,1996,36,36,3146,35.0,0,2,2,0,0,0,4,0,0.1,0.1,3.2,3.3,43.0,111.0,98.0,0.0,0.06,0.06,0.0,0.06,0.0,0.09,0.1,0.0,0.1
Cyril Ngonge,BEL,FW,Hellas Verona,Serie A,23,2000,19,17,1431,15.9,6,2,8,6,0,0,4,0,4.2,3.4,1.7,5.1,53.0,44.0,117.0,0.38,0.13,0.5,0.38,0.5,0.27,0.11,0.37,0.21,0.32
Moussa Niakhate,SEN,DF,Nott'ham Forest,Premier League,27,1996,21,15,1460,16.2,1,0,1,1,0,0,5,1,1.1,1.1,0.1,1.2,13.0,39.0,6.0,0.06,0.0,0.06,0.06,0.06,0.07,0.01,0.08,0.07,0.08
M'Baye Niang,SEN,FW,Empoli,Serie A,28,1994,14,5,708,7.9,6,1,7,2,4,4,1,0,5.4,2.3,0.9,3.2,13.0,11.0,43.0,0.76,0.13,0.89,0.25,0.38,0.68,0.12,0.8,0.29,0.41
Shamar Nicholson,JAM,FW,Clermont Foot,Ligue 1,26,1997,26,17,1484,16.5,4,3,7,3,1,2,2,0,5.9,4.4,1.1,5.4,18.0,33.0,110.0,0.24,0.18,0.42,0.18,0.36,0.36,0.07,0.43,0.26,0.33
Rasmus Nicolaisen,DEN,DF,Toulouse,Ligue 1,26,1997,33,33,2925,32.5,2,0,2,2,0,0,6,1,1.1,1.1,0.6,1.7,5.0,95.0,11.0,0.06,0.0,0.06,0.06,0.06,0.03,0.02,0.05,0.03,0.05
Moritz Nicolas,GER,GK,Gladbach,Bundesliga,25,1997,27,27,2430,27.0,0,0,0,0,0,0,2,0,0.0,0.0,0.0,0.0,0.0,0.0,0.0,0.0,0.0,0.0,0.0,0.0,0.0,0.0,0.0,0.0,0.0
Saúl Ñíguez,ESP,MF,Atlético Madrid,La Liga,28,1994,34,14,1374,15.3,1,4,5,1,0,0,10,1,1.5,1.5,3.2,4.6,21.0,34.0,43.0,0.07,0.26,0.33,0.07,0.33,0.1,0.21,0.3,0.1,0.3
Justin Njinmah,GER,FW,Werder Bremen,Bundesliga,22,2000,24,10,1016,11.3,6,2,8,6,0,0,1,0,4.9,4.9,2.4,7.3,36.0,13.0,95.0,0.53,0.18,0.71,0.53,0.71,0.44,0.21,0.65,0.44,0.65
Eddie Nketiah,ENG,FW,Arsenal,Premier League,24,1999,27,10,1082,12.0,5,2,7,5,0,0,3,0,4.5,4.5,0.8,5.4,22.0,20.0,77.0,0.42,0.17,0.58,0.42,0.58,0.38,0.07,0.45,0.38,0.45
Niels Nkounkou,FRA,DF,Eint Frankfurt,Bundesliga,22,2000,29,13,1309,14.5,3,2,5,3,0,0,5,1,1.3,1.3,2.2,3.5,55.0,61.0,62.0,0.21,0.14,0.34,0.21,0.34,0.09,0.15,0.24,0.09,0.24
Felix Nmecha,GER,MF,Dortmund,Bundesliga,22,2000,20,10,1021,11.3,1,2,3,1,0,0,3,0,1.7,1.7,0.9,2.6,19.0,45.0,28.0,0.09,0.18,0.26,0.09,0.26,0.15,0.08,0.23,0.15,0.23
Arnaud Nordin,FRA,FW,Montpellier,Ligue 1,25,1998,20,15,1246,13.8,5,3,8,5,0,0,1,1,3.6,3.6,3.0,6.5,56.0,52.0,125.0,0.36,0.22,0.58,0.36,0.58,0.26,0.21,0.47,0.26,0.47
Oliver Norwood,NIR,MF,Sheffield Utd,Premier League,32,1991,27,16,1440,16.0,1,0,1,0,1,1,8,0,1.1,0.3,0.6,0.9,3.0,73.0,10.0,0.06,0.0,0.06,0.0,0.0,0.07,0.04,0.11,0.02,0.06
Tijjani Noslin,NED,FW,Hellas Verona,Serie A,24,1999,17,17,1339,14.9,5,4,9,5,0,0,2,0,3.6,3.6,2.2,5.8,29.0,26.0,94.0,0.34,0.27,0.6,0.34,0.6,0.24,0.14,0.39,0.24,0.39
Randy Nteka,ANG,FW,Rayo Vallecano,La Liga,25,1997,16,3,572,6.4,1,1,2,0,1,1,3,0,2.3,1.5,0.9,2.5,12.0,15.0,35.0,0.16,0.16,0.31,0.0,0.16,0.37,0.15,0.51,0.24,0.39
Ernest Nuamah,GHA,FW,Lyon,Ligue 1,19,2003,29,21,1838,20.4,3,2,5,3,0,0,4,0,4.0,4.0,3.8,7.8,105.0,74.0,237.0,0.15,0.1,0.24,0.15,0.24,0.2,0.19,0.38,0.2,0.38
Alexander Nübel,GER,GK,Stuttgart,Bundesliga,26,1996,30,30,2700,30.0,0,0,0,0,0,0,1,0,0.0,0.0,0.0,0.0,0.0,1.0,0.0,0.0,0.0,0.0,0.0,0.0,0.0,0.0,0.0,0.0,0.0
Matheus Nunes,POR,MF,Manchester City,Premier League,24,1998,17,7,661,7.3,0,2,2,0,0,0,0,0,0.8,0.8,1.1,2.0,28.0,34.0,58.0,0.0,0.27,0.27,0.0,0.27,0.11,0.15,0.27,0.11,0.27
Darwin Núñez,URU,FW,Liverpool,Premier League,24,1999,36,22,2047,22.7,11,8,19,11,0,1,9,0,16.3,15.5,6.0,21.5,58.0,54.0,206.0,0.48,0.35,0.84,0.48,0.84,0.72,0.27,0.98,0.68,0.95
Unai Núñez,ESP,DF,Celta Vigo,La Liga,26,1997,34,31,2801,31.1,1,0,1,1,0,0,4,0,1.4,1.4,0.8,2.2,10.0,106.0,2.0,0.03,0.0,0.03,0.03,0.03,0.05,0.02,0.07,0.05,0.07
Fabian Nürnberger,GER,DF,Darmstadt 98,Bundesliga,24,1999,21,17,1513,16.8,1,1,2,1,0,0,2,0,0.9,0.9,2.0,3.0,35.0,70.0,91.0,0.06,0.06,0.12,0.06,0.12,0.05,0.12,0.18,0.05,0.18
Simeon Nwankwo,NGA,FW,Salernitana,Serie A,31,1992,15,6,686,7.6,3,0,3,3,0,0,0,0,2.7,2.7,0.6,3.2,6.0,7.0,39.0,0.39,0.0,0.39,0.39,0.39,0.35,0.07,0.42,0.35,0.42
Gerzino Nyamsi,FRA,DF,Strasbourg,Ligue 1,26,1997,13,13,1092,12.1,0,0,0,0,0,0,1,0,0.3,0.3,0.2,0.5,3.0,25.0,3.0,0.0,0.0,0.0,0.0,0.0,0.03,0.01,0.04,0.03,0.04
Ørjan Nyland,NOR,GK,Sevilla,La Liga,32,1990,24,24,2160,24.0,0,0,0,0,0,0,1,0,0.0,0.0,0.4,0.4,0.0,0.0,1.0,0.0,0.0,0.0,0.0,0.0,0.0,0.02,0.02,0.0,0.02
M'Bala Nzola,ANG,FW,Fiorentina,Serie A,26,1996,33,15,1552,17.2,3,3,6,2,1,1,2,0,4.5,3.7,1.6,5.4,21.0,29.0,143.0,0.17,0.17,0.35,0.12,0.29,0.26,0.09,0.36,0.22,0.31
Christian Nørgaard,DEN,MF,Brentford,Premier League,29,1994,31,30,2505,27.8,2,1,3,2,0,0,8,0,3.5,3.5,1.9,5.4,15.0,161.0,42.0,0.07,0.04,0.11,0.07,0.11,0.12,0.07,0.19,0.12,0.19
Jake O'Brien,IRL,DF,Lyon,Ligue 1,22,2001,27,27,2369,26.3,4,2,6,4,0,0,4,1,3.6,3.6,1.1,4.7,15.0,68.0,2.0,0.15,0.08,0.23,0.15,0.23,0.14,0.04,0.18,0.14,0.18
Dara O'Shea,IRL,DF,Burnley,Premier League,24,1999,33,32,2892,32.1,3,4,7,3,0,0,5,1,0.7,0.7,2.0,2.7,32.0,122.0,10.0,0.09,0.12,0.22,0.09,0.22,0.02,0.06,0.08,0.02,0.08
Adam Obert,SVK,DF,Cagliari,Serie A,20,2002,17,10,941,10.5,0,0,0,0,0,0,1,0,0.1,0.1,0.9,1.1,14.0,37.0,5.0,0.0,0.0,0.0,0.0,0.0,0.01,0.09,0.1,0.01,0.1
Pedro Obiang,EQG,MF,Sassuolo,Serie A,31,1992,8,5,453,5.0,0,0,0,0,0,0,1,0,0.0,0.0,0.7,0.7,4.0,21.0,2.0,0.0,0.0,0.0,0.0,0.0,0.01,0.14,0.15,0.01,0.15
Jan Oblak,SVN,GK,Atlético Madrid,La Liga,30,1993,38,38,3420,38.0,0,0,0,0,0,0,1,0,0.0,0.0,0.0,0.0,0.0,0.0,0.0,0.0,0.0,0.0,0.0,0.0,0.0,0.0,0.0,0.0,0.0
Lucas Ocampos,ARG,FW,Sevilla,La Liga,29,1994,35,34,2871,31.9,4,3,7,3,1,1,8,0,5.4,4.6,4.5,9.1,117.0,124.0,265.0,0.13,0.09,0.22,0.09,0.19,0.17,0.14,0.31,0.14,0.29
Guillermo Ochoa,MEX,GK,Salernitana,Serie A,38,1985,21,21,1890,21.0,0,0,0,0,0,0,0,0,0.0,0.0,0.0,0.0,0.0,0.0,0.0,0.0,0.0,0.0,0.0,0.0,0.0,0.0,0.0,0.0,0.0
Wilson Odobert,FRA,MF,Burnley,Premier League,18,2004,29,25,2098,23.3,3,2,5,3,0,0,3,0,2.8,2.8,3.3,6.1,102.0,58.0,123.0,0.13,0.09,0.21,0.13,0.21,0.12,0.14,0.26,0.12,0.26
Tim Oermann,GER,DF,Bochum,Bundesliga,19,2003,16,8,714,7.9,0,0,0,0,0,0,2,0,0.1,0.1,0.3,0.4,6.0,25.0,7.0,0.0,0.0,0.0,0.0,0.0,0.01,0.04,0.05,0.01,0.05
Chiedozie Ogbene,IRL,MF,Luton Town,Premier League,26,1997,30,20,1995,22.2,4,1,5,4,0,0,1,0,4.2,4.2,3.1,7.4,127.0,53.0,150.0,0.18,0.05,0.23,0.18,0.23,0.19,0.14,0.33,0.19,0.33
Angelo Ogbonna,ITA,DF,West Ham,Premier League,35,1988,11,7,635,7.1,0,0,0,0,0,0,1,0,0.0,0.0,0.0,0.0,2.0,4.0,0.0,0.0,0.0,0.0,0.0,0.0,0.01,0.0,0.01,0.01,0.01
Florent Ogier,FRA,DF,Clermont Foot,Ligue 1,34,1989,14,9,943,10.5,1,1,2,1,0,0,1,0,0.6,0.6,0.5,1.1,4.0,17.0,0.0,0.1,0.1,0.19,0.1,0.19,0.06,0.05,0.1,0.06,0.1
Noah Okafor,SUI,FW,Milan,Serie A,23,2000,28,6,887,9.9,6,2,8,6,0,0,1,0,3.8,3.8,1.2,5.0,29.0,15.0,66.0,0.61,0.2,0.81,0.61,0.81,0.38,0.12,0.51,0.38,0.51
Caleb Okoli,ITA,DF,Frosinone,Serie A,22,2001,34,32,2914,32.4,0,1,1,0,0,0,9,0,0.6,0.6,0.8,1.4,22.0,118.0,4.0,0.0,0.03,0.03,0.0,0.03,0.02,0.02,0.04,0.02,0.04
Maduka Okoye,NGA,GK,Udinese,Serie A,23,1999,21,21,1890,21.0,0,0,0,0,0,0,2,0,0.0,0.0,0.0,0.0,0.0,0.0,0.0,0.0,0.0,0.0,0.0,0.0,0.0,0.0,0.0,0.0,0.0
Joseph Okumu,KEN,DF,Reims,Ligue 1,26,1997,21,19,1743,19.4,1,0,1,1,0,0,3,0,1.5,1.5,0.0,1.5,15.0,94.0,3.0,0.05,0.0,0.05,0.05,0.05,0.08,0.0,0.08,0.08,0.08
Finn Ole Becker,GER,MF,Hoffenheim,Bundesliga,23,2000,22,5,606,6.7,0,0,0,0,0,0,1,0,0.2,0.2,0.4,0.6,16.0,36.0,23.0,0.0,0.0,0.0,0.0,0.0,0.04,0.06,0.09,0.04,0.09
Michael Olise,FRA,FW,Crystal Palace,Premier League,21,2001,19,14,1275,14.2,10,6,16,9,1,1,0,0,5.5,4.7,5.8,10.5,68.0,78.0,134.0,0.71,0.42,1.13,0.64,1.06,0.39,0.41,0.8,0.33,0.74
Mathías Olivera,URU,DF,Napoli,Serie A,25,1997,23,18,1569,17.4,1,1,2,1,0,0,3,0,0.5,0.5,0.9,1.4,31.0,89.0,93.0,0.06,0.06,0.11,0.06,0.11,0.03,0.05,0.08,0.03,0.08
Dani Olmo,ESP,MF,RB Leipzig,Bundesliga,25,1998,21,17,1449,16.1,4,5,9,4,0,0,0,0,3.3,3.3,5.4,8.8,60.0,68.0,111.0,0.25,0.31,0.56,0.25,0.56,0.21,0.34,0.55,0.21,0.55
Warmed Omari,FRA,DF,Rennes,Ligue 1,23,2000,25,23,2071,23.0,1,0,1,1,0,0,5,1,0.7,0.7,0.3,0.9,22.0,123.0,1.0,0.04,0.0,0.04,0.04,0.04,0.03,0.01,0.04,0.03,0.04
Becir Omeragic,SUI,DF,Montpellier,Ligue 1,21,2002,28,26,2312,25.7,0,0,0,0,0,0,4,0,0.5,0.5,0.7,1.2,21.0,71.0,12.0,0.0,0.0,0.0,0.0,0.0,0.02,0.03,0.05,0.02,0.05
Jonas Omlin,SUI,GK,Gladbach,Bundesliga,29,1994,7,7,630,7.0,0,1,1,0,0,0,1,0,0.0,0.0,0.4,0.4,0.0,0.0,0.0,0.0,0.14,0.14,0.0,0.14,0.0,0.05,0.05,0.0,0.05
Andrew Omobamidele,IRL,DF,Nott'ham Forest,Premier League,21,2002,11,8,783,8.7,0,0,0,0,0,0,2,0,0.1,0.1,0.1,0.2,1.0,8.0,0.0,0.0,0.0,0.0,0.0,0.0,0.02,0.01,0.03,0.02,0.03
Samu Omorodion,ESP,FW,Alavés,La Liga,19,2004,34,21,1918,21.3,8,1,9,8,0,0,6,0,10.8,10.8,1.3,12.0,30.0,18.0,100.0,0.38,0.05,0.42,0.38,0.42,0.51,0.06,0.56,0.51,0.56
Amadou Onana,BEL,MF,Everton,Premier League,21,2001,30,23,2091,23.2,2,0,2,2,0,0,5,0,2.0,2.0,2.7,4.7,21.0,107.0,39.0,0.09,0.0,0.09,0.09,0.09,0.09,0.11,0.2,0.09,0.2
André Onana,CMR,GK,Manchester Utd,Premier League,27,1996,38,38,3420,38.0,0,0,0,0,0,0,5,0,0.0,0.0,0.1,0.1,1.0,5.0,0.0,0.0,0.0,0.0,0.0,0.0,0.0,0.0,0.0,0.0,0.0
Jean Onana,CMR,MF,Marseille,Ligue 1,23,2000,13,5,566,6.3,1,0,1,1,0,0,1,0,0.8,0.8,0.1,0.9,9.0,32.0,9.0,0.16,0.0,0.16,0.16,0.16,0.13,0.01,0.15,0.13,0.15
Karim Onisiwo,AUT,FW,Mainz 05,Bundesliga,31,1992,24,17,1493,16.6,1,3,4,1,0,0,1,0,2.3,2.3,1.3,3.7,26.0,27.0,111.0,0.06,0.18,0.24,0.06,0.24,0.14,0.08,0.22,0.14,0.22
Frank Onyeka,NGA,MF,Brentford,Premier League,25,1998,26,11,1161,12.9,1,2,3,1,0,0,8,0,2.2,2.2,1.8,4.0,17.0,33.0,39.0,0.08,0.16,0.23,0.08,0.23,0.17,0.14,0.31,0.17,0.31
Loïs Openda,BEL,FW,RB Leipzig,Bundesliga,23,2000,34,33,2697,30.0,24,7,31,22,2,3,4,0,22.1,19.7,5.8,25.5,77.0,45.0,226.0,0.8,0.23,1.03,0.73,0.97,0.74,0.19,0.93,0.66,0.85
Christopher Operi,CIV,DF,Le Havre,Ligue 1,26,1997,28,28,2445,27.2,3,4,7,3,0,0,6,0,1.2,1.2,4.0,5.1,31.0,82.0,111.0,0.11,0.15,0.26,0.11,0.26,0.04,0.15,0.19,0.04,0.19
Gift Orban,NGA,FW,Lyon,Ligue 1,21,2002,13,5,474,5.3,1,0,1,1,0,0,2,0,1.1,1.1,0.0,1.1,8.0,6.0,33.0,0.19,0.0,0.19,0.19,0.19,0.21,0.0,0.21,0.21,0.21
Willi Orban,HUN,DF,RB Leipzig,Bundesliga,30,1992,19,18,1582,17.6,0,0,0,0,0,0,2,0,0.4,0.4,0.4,0.8,7.0,97.0,10.0,0.0,0.0,0.0,0.0,0.0,0.02,0.02,0.04,0.02,0.04
Ivan Ordets,UKR,DF,Bochum,Bundesliga,31,1992,24,21,1880,20.9,1,0,1,1,0,0,4,0,1.3,1.3,0.5,1.8,5.0,44.0,7.0,0.05,0.0,0.05,0.05,0.05,0.06,0.02,0.09,0.06,0.09
Divock Origi,BEL,FW,Nott'ham Forest,Premier League,28,1995,20,6,606,6.7,0,1,1,0,0,0,1,0,1.4,1.4,2.1,3.5,19.0,14.0,41.0,0.0,0.15,0.15,0.0,0.15,0.21,0.31,0.51,0.21,0.51
Gaetano Oristanio,ITA,FW,Cagliari,Serie A,20,2002,25,11,1104,12.3,2,1,3,2,0,0,1,0,1.8,1.8,1.1,2.8,25.0,26.0,76.0,0.16,0.08,0.24,0.16,0.24,0.14,0.09,0.23,0.14,0.23
Aimar Oroz,ESP,MF,Osasuna,La Liga,21,2001,33,26,2339,26.0,2,1,3,1,1,1,3,0,3.5,2.8,1.6,4.4,52.0,103.0,126.0,0.08,0.04,0.12,0.04,0.08,0.14,0.06,0.2,0.11,0.17
Riccardo Orsolini,ITA,FW,Bologna,Serie A,26,1997,33,19,1792,19.9,10,2,12,8,2,3,2,0,7.4,5.0,4.4,9.4,51.0,71.0,175.0,0.5,0.1,0.6,0.4,0.5,0.37,0.22,0.59,0.25,0.47
Stefan Ortega,GER,GK,Manchester City,Premier League,30,1992,9,5,635,7.1,0,0,0,0,0,0,0,0,0.0,0.0,0.0,0.0,0.0,0.0,0.0,0.0,0.0,0.0,0.0,0.0,0.0,0.0,0.0,0.0,0.0
Ben Osborn,ENG,DF,Sheffield Utd,Premier League,28,1994,24,14,1367,15.2,0,2,2,0,0,0,3,0,0.2,0.2,0.9,1.1,16.0,55.0,44.0,0.0,0.13,0.13,0.0,0.13,0.01,0.06,0.07,0.01,0.07
Gabriel Osho,NGA,DF,Luton Town,Premier League,24,1998,21,21,1846,20.5,2,0,2,2,0,0,3,0,1.1,1.1,0.1,1.2,10.0,37.0,4.0,0.1,0.0,0.1,0.1,0.1,0.05,0.01,0.06,0.05,0.06
Victor Osimhen,NGA,FW,Napoli,Serie A,24,1998,25,22,1982,22.0,15,3,18,12,3,5,6,1,15.4,11.4,3.1,14.6,34.0,23.0,142.0,0.68,0.14,0.82,0.54,0.68,0.7,0.14,0.84,0.52,0.66
Patrick Osterhage,GER,MF,Bochum,Bundesliga,23,2000,24,21,1861,20.7,2,1,3,2,0,0,5,0,1.4,1.4,0.8,2.2,26.0,64.0,65.0,0.1,0.05,0.15,0.1,0.15,0.07,0.04,0.11,0.07,0.11
William Osula,DEN,FW,Sheffield Utd,Premier League,19,2003,21,9,786,8.7,0,0,0,0,0,0,4,0,1.6,1.6,0.1,1.7,7.0,2.0,41.0,0.0,0.0,0.0,0.0,0.0,0.19,0.01,0.2,0.19,0.2
Dango Ouattara,BFA,FW,Bournemouth,Premier League,21,2002,30,12,1229,13.7,1,2,3,1,0,0,3,0,2.6,2.6,1.5,4.1,47.0,35.0,90.0,0.07,0.15,0.22,0.07,0.22,0.19,0.11,0.3,0.19,0.3
Kassoum Ouattara,FRA,DF,Monaco,Ligue 1,18,2004,14,7,636,7.1,1,0,1,1,0,0,2,0,1.3,1.3,1.3,2.6,32.0,22.0,67.0,0.14,0.0,0.14,0.14,0.14,0.18,0.19,0.37,0.18,0.37
Remi Oudin,FRA,MF,Lecce,Serie A,26,1996,31,21,1819,20.2,3,2,5,3,0,0,3,0,1.8,1.8,5.7,7.4,19.0,79.0,82.0,0.15,0.1,0.25,0.15,0.25,0.09,0.28,0.37,0.09,0.37
Alexandre Oukidja,ALG,GK,Metz,Ligue 1,35,1988,34,34,2987,33.2,0,0,0,0,0,0,3,0,0.0,0.0,0.0,0.0,1.0,3.0,0.0,0.0,0.0,0.0,0.0,0.0,0.0,0.0,0.0,0.0,0.0
Azzedine Ounahi,MAR,MF,Marseille,Ligue 1,23,2000,21,15,1209,13.4,2,0,2,2,0,0,3,0,1.0,1.0,1.4,2.4,32.0,98.0,70.0,0.15,0.0,0.15,0.15,0.15,0.07,0.11,0.18,0.07,0.18
Mikel Oyarzabal,ESP,FW,Real Sociedad,La Liga,26,1997,33,23,2156,24.0,9,3,12,7,2,2,3,0,9.1,7.5,1.7,9.2,27.0,39.0,126.0,0.38,0.13,0.5,0.29,0.42,0.38,0.07,0.45,0.31,0.39
Anthony Oyono,GAB,DF,Frosinone,Serie A,22,2001,16,14,1198,13.3,0,1,1,0,0,0,4,0,0.1,0.1,0.9,1.0,35.0,33.0,39.0,0.0,0.08,0.08,0.0,0.08,0.01,0.07,0.08,0.01,0.08
Salih Özcan,TUR,MF,Dortmund,Bundesliga,25,1998,23,13,1184,13.2,0,0,0,0,0,0,3,0,0.2,0.2,1.0,1.2,16.0,57.0,24.0,0.0,0.0,0.0,0.0,0.0,0.01,0.08,0.09,0.01,0.09
Cenk Özkacar,TUR,DF,Valencia,La Liga,22,2000,23,18,1598,17.8,0,0,0,0,0,0,3,0,0.3,0.3,0.1,0.3,17.0,56.0,5.0,0.0,0.0,0.0,0.0,0.0,0.01,0.0,0.02,0.01,0.02
Jon Pacheco,ESP,DF,Real Sociedad,La Liga,22,2001,23,16,1526,17.0,1,1,2,1,0,0,8,0,1.1,1.1,0.2,1.3,9.0,53.0,1.0,0.06,0.06,0.12,0.06,0.12,0.06,0.01,0.08,0.06,0.08
Willian Pacho,ECU,DF,Eint Frankfurt,Bundesliga,21,2001,33,33,2970,33.0,0,3,3,0,0,0,7,0,1.2,1.2,1.1,2.3,22.0,148.0,4.0,0.0,0.09,0.09,0.0,0.09,0.04,0.03,0.07,0.04,0.07
Gonçalo Paciência,POR,FW,Bochum,Bundesliga,28,1994,19,6,650,7.2,3,1,4,3,0,0,3,0,3.0,3.0,1.3,4.3,9.0,21.0,50.0,0.42,0.14,0.55,0.42,0.55,0.41,0.18,0.59,0.41,0.59
Exequiel Palacios,ARG,MF,Leverkusen,Bundesliga,24,1998,24,21,1831,20.3,4,4,8,2,2,2,6,0,3.3,1.8,3.8,5.5,24.0,162.0,45.0,0.2,0.2,0.39,0.1,0.29,0.16,0.19,0.35,0.09,0.27
Isaac Palazón Camacho,ESP,MF,Rayo Vallecano,La Liga,28,1994,37,34,2791,31.0,4,1,5,2,2,2,8,0,5.9,4.4,1.9,6.3,40.0,128.0,152.0,0.13,0.03,0.16,0.06,0.1,0.19,0.06,0.25,0.14,0.2
João Palhinha,POR,MF,Fulham,Premier League,28,1995,33,31,2699,30.0,4,1,5,4,0,0,13,0,3.3,3.3,0.8,4.1,8.0,97.0,14.0,0.13,0.03,0.17,0.13,0.17,0.11,0.03,0.14,0.11,0.14
Nicolas Pallois,FRA,DF,Nantes,Ligue 1,35,1987,23,17,1589,17.7,0,1,1,0,0,0,5,0,0.1,0.1,0.4,0.5,6.0,55.0,2.0,0.0,0.06,0.06,0.0,0.06,0.01,0.02,0.03,0.01,0.03
Cole Palmer,ENG,FW,Chelsea,Premier League,21,2002,33,29,2607,29.0,22,11,33,13,9,9,7,0,18.2,11.1,11.1,22.2,117.0,197.0,195.0,0.76,0.38,1.14,0.45,0.83,0.63,0.38,1.01,0.38,0.77
Emerson Palmieri,ITA,DF,West Ham,Premier League,28,1994,36,35,3137,34.9,1,2,3,1,0,0,10,0,1.5,1.5,2.4,3.9,59.0,125.0,124.0,0.03,0.06,0.09,0.03,0.09,0.04,0.07,0.11,0.04,0.11
Sokratis Papastathopoulos,GRE,DF,Betis,La Liga,35,1988,15,12,1136,12.6,0,0,0,0,0,0,6,0,0.3,0.3,0.0,0.3,1.0,13.0,1.0,0.0,0.0,0.0,0.0,0.0,0.02,0.0,0.02,0.02,0.02
Leart Paqarada,KVX,DF,Köln,Bundesliga,28,1994,17,11,1075,11.9,0,0,0,0,0,0,0,0,0.4,0.4,1.7,2.1,26.0,45.0,29.0,0.0,0.0,0.0,0.0,0.0,0.03,0.14,0.17,0.03,0.17
Lucas Paquetá,BRA,FW,West Ham,Premier League,25,1997,31,31,2622,29.1,4,6,10,2,2,2,10,0,5.4,3.8,5.4,9.2,34.0,187.0,116.0,0.14,0.21,0.34,0.07,0.27,0.18,0.18,0.37,0.13,0.32
Aitor Paredes,ESP,DF,Athletic Club,La Liga,23,2000,34,31,2704,30.0,1,0,1,1,0,0,9,1,1.2,1.2,0.2,1.4,6.0,107.0,1.0,0.03,0.0,0.03,0.03,0.03,0.04,0.01,0.05,0.04,0.05
Kevin Paredes,USA,FW,Wolfsburg,Bundesliga,20,2003,28,15,1432,15.9,3,0,3,3,0,0,4,0,3.0,3.0,1.4,4.3,34.0,50.0,112.0,0.19,0.0,0.19,0.19,0.19,0.19,0.09,0.27,0.19,0.27
Leandro Paredes,ARG,MF,Roma,Serie A,29,1994,34,32,2634,29.3,3,5,8,0,3,3,15,1,3.3,1.0,2.3,3.2,36.0,214.0,19.0,0.1,0.17,0.27,0.0,0.17,0.11,0.08,0.19,0.03,0.11
Daniel Parejo,ESP,MF,Villarreal,La Liga,34,1989,33,29,2580,28.7,3,5,8,0,3,3,4,0,2.9,0.6,3.0,3.6,11.0,210.0,28.0,0.1,0.17,0.28,0.0,0.17,0.1,0.1,0.21,0.02,0.12
Fabiano Parisi,ITA,DF,Fiorentina,Serie A,22,2000,21,16,1454,16.2,0,1,1,0,0,0,4,0,0.9,0.9,2.4,3.3,50.0,78.0,64.0,0.0,0.06,0.06,0.0,0.06,0.06,0.15,0.2,0.06,0.2
Thomas Partey,GHA,MF,Arsenal,Premier League,30,1993,14,9,788,8.8,0,0,0,0,0,0,3,0,0.4,0.4,0.3,0.7,15.0,72.0,10.0,0.0,0.0,0.0,0.0,0.0,0.05,0.03,0.08,0.05,0.08
Mario Pašalić,CRO,MF,Atalanta,Serie A,28,1995,34,23,2051,22.8,6,6,12,4,2,2,3,0,7.1,5.5,4.1,9.6,48.0,129.0,74.0,0.26,0.26,0.53,0.18,0.44,0.31,0.18,0.49,0.24,0.42
Triantafyllos Pasaridīs,GRE,DF,Salernitana,Serie A,27,1996,8,5,452,5.0,0,0,0,0,0,0,3,0,0.0,0.0,0.0,0.0,1.0,17.0,0.0,0.0,0.0,0.0,0.0,0.0,0.0,0.01,0.01,0.0,0.01
Felix Passlack,GER,DF,Bochum,Bundesliga,25,1998,15,13,960,10.7,2,2,4,2,0,0,2,1,0.9,0.9,1.2,2.1,10.0,27.0,42.0,0.19,0.19,0.37,0.19,0.37,0.08,0.11,0.2,0.08,0.2
Patric,ESP,DF,Lazio,Serie A,30,1993,20,19,1608,17.9,2,0,2,2,0,0,4,0,1.4,1.4,0.2,1.5,3.0,72.0,12.0,0.11,0.0,0.11,0.11,0.11,0.08,0.01,0.09,0.08,0.09
Rui Patrício,POR,GK,Roma,Serie A,35,1988,23,23,2070,23.0,0,0,0,0,0,0,1,0,0.0,0.0,0.0,0.0,0.0,0.0,0.0,0.0,0.0,0.0,0.0,0.0,0.0,0.0,0.0,0.0,0.0
Nathan Patterson,SCO,DF,Everton,Premier League,21,2001,20,9,1005,11.2,0,2,2,0,0,0,4,0,0.3,0.3,1.7,2.0,17.0,38.0,39.0,0.0,0.18,0.18,0.0,0.18,0.03,0.15,0.18,0.03,0.18
Gabriel Paulista,BRA,DF,Valencia,La Liga,32,1990,18,16,1398,15.5,0,0,0,0,0,0,6,1,0.4,0.4,0.2,0.6,2.0,33.0,2.0,0.0,0.0,0.0,0.0,0.0,0.02,0.01,0.04,0.02,0.04
Benjamin Pavard,FRA,DF,Inter,Serie A,27,1996,23,21,1672,18.6,0,2,2,0,0,0,6,0,0.7,0.7,1.4,2.1,25.0,89.0,47.0,0.0,0.11,0.11,0.0,0.11,0.04,0.07,0.11,0.04,0.11
Jiří Pavlenka,CZE,GK,Werder Bremen,Bundesliga,31,1992,7,7,630,7.0,0,0,0,0,0,0,0,0,0.0,0.0,0.0,0.0,0.0,0.0,0.0,0.0,0.0,0.0,0.0,0.0,0.0,0.0,0.0,0.0,0.0
Aleksandar Pavlovic,GER,MF,Bayern Munich,Bundesliga,19,2004,19,14,1227,13.6,2,2,4,2,0,0,6,0,1.2,1.2,1.0,2.2,14.0,105.0,14.0,0.15,0.15,0.29,0.15,0.29,0.09,0.07,0.16,0.09,0.16
Leonardo Pavoletti,ITA,FW,Cagliari,Serie A,34,1988,19,5,628,7.0,4,1,5,4,0,0,4,0,2.6,2.6,0.3,2.9,1.0,16.0,40.0,0.57,0.14,0.72,0.57,0.72,0.37,0.04,0.41,0.37,0.41
Martín Payero,ARG,MF,Udinese,Serie A,24,1998,29,21,1796,20.0,2,2,4,2,0,0,6,1,1.5,1.5,1.1,2.6,47.0,71.0,64.0,0.1,0.1,0.2,0.1,0.2,0.08,0.06,0.13,0.08,0.13
Mads Pedersen,DEN,DF,Augsburg,Bundesliga,26,1996,27,19,1786,19.8,1,1,2,1,0,0,5,1,0.8,0.8,1.5,2.3,56.0,66.0,79.0,0.05,0.05,0.1,0.05,0.1,0.04,0.07,0.12,0.04,0.12
Marcus Pedersen,NOR,DF,Sassuolo,Serie A,23,2000,28,16,1613,17.9,0,2,2,0,0,0,4,0,0.1,0.1,1.1,1.2,43.0,31.0,90.0,0.0,0.11,0.11,0.0,0.11,0.01,0.06,0.06,0.01,0.06
Alfonso Pedraza,ESP,DF,Villarreal,La Liga,27,1996,19,14,1116,12.4,1,3,4,1,0,0,4,1,0.6,0.6,3.6,4.2,56.0,31.0,97.0,0.08,0.24,0.32,0.08,0.32,0.05,0.29,0.34,0.05,0.34
Pedri,ESP,MF,Barcelona,La Liga,20,2002,24,16,1476,16.4,4,2,6,4,0,0,3,0,3.1,3.1,4.2,7.3,41.0,136.0,81.0,0.24,0.12,0.37,0.24,0.37,0.19,0.25,0.44,0.19,0.44
Pedro,ESP,FW,Lazio,Serie A,36,1987,33,5,816,9.1,1,1,2,1,0,0,4,0,1.5,1.5,2.1,3.6,31.0,33.0,81.0,0.11,0.11,0.22,0.11,0.22,0.17,0.23,0.39,0.17,0.39
Adrià Pedrosa,ESP,DF,Sevilla,La Liga,25,1998,31,15,1753,19.5,1,4,5,1,0,0,1,0,0.7,0.7,3.2,3.9,46.0,61.0,109.0,0.05,0.21,0.26,0.05,0.26,0.04,0.16,0.2,0.04,0.2
Jordan Pefok,USA,FW,Gladbach,Bundesliga,27,1996,25,18,1420,15.8,5,3,8,5,0,0,2,0,6.5,6.5,2.5,8.9,5.0,22.0,73.0,0.32,0.19,0.51,0.32,0.51,0.41,0.16,0.57,0.41,0.57
Pietro Pellegri,ITA,FW,Torino,Serie A,22,2001,24,7,756,8.4,1,1,2,1,0,0,3,0,1.0,1.0,0.3,1.4,14.0,8.0,52.0,0.12,0.12,0.24,0.12,0.24,0.12,0.04,0.16,0.12,0.16
Lorenzo Pellegrini,ITA,MF,Roma,Serie A,27,1996,29,20,1859,20.7,8,3,11,7,1,1,7,0,4.8,4.0,2.4,6.4,43.0,94.0,97.0,0.39,0.15,0.53,0.34,0.48,0.23,0.12,0.35,0.19,0.31
Luca Pellegrini,ITA,DF,Lazio,Serie A,24,1999,19,8,786,8.7,1,0,1,1,0,0,7,1,0.2,0.2,0.3,0.5,18.0,46.0,30.0,0.11,0.0,0.11,0.11,0.11,0.03,0.03,0.06,0.03,0.06
Facundo Pellistri,URU,MF,Granada,La Liga,21,2001,15,14,1232,13.7,2,1,3,2,0,0,2,1,2.5,2.5,1.2,3.7,33.0,22.0,96.0,0.15,0.07,0.22,0.15,0.22,0.18,0.09,0.27,0.18,0.27
Andy Pelmard,FRA,DF,Clermont Foot,Ligue 1,23,2000,34,33,2989,33.2,0,0,0,0,0,0,1,0,0.3,0.3,0.6,1.0,39.0,120.0,7.0,0.0,0.0,0.0,0.0,0.0,0.01,0.02,0.03,0.01,0.03
Faris Pemi Moumbagna,CMR,FW,Marseille,Ligue 1,23,2000,13,5,547,6.1,3,1,4,3,0,0,2,1,1.7,1.7,1.1,2.8,6.0,16.0,32.0,0.49,0.16,0.66,0.49,0.66,0.28,0.18,0.47,0.28,0.47
Iñaki Peña,ESP,GK,Barcelona,La Liga,24,1999,10,10,900,10.0,0,0,0,0,0,0,0,0,0.0,0.0,0.0,0.0,0.0,0.0,0.0,0.0,0.0,0.0,0.0,0.0,0.0,0.0,0.0,0.0,0.0
Rubén Peña,ESP,DF,Osasuna,La Liga,32,1991,29,26,2088,23.2,0,2,2,0,0,0,3,0,0.9,0.9,2.6,3.5,62.0,78.0,147.0,0.0,0.09,0.09,0.0,0.09,0.04,0.11,0.15,0.04,0.15
Andreas Pereira,BRA,MF,Fulham,Premier League,27,1996,37,34,2613,29.0,3,7,10,3,0,0,6,0,4.6,4.6,7.1,11.7,56.0,138.0,125.0,0.1,0.24,0.34,0.1,0.34,0.16,0.24,0.4,0.16,0.4
Danilo Pereira,POR,DF,Paris S-G,Ligue 1,31,1991,26,22,1995,22.2,0,0,0,0,0,0,2,0,1.4,1.4,0.0,1.4,28.0,148.0,2.0,0.0,0.0,0.0,0.0,0.0,0.06,0.0,0.06,0.06,0.06
Mathias Pereira Lage,POR,FW,Brest,Ligue 1,26,1996,30,12,1187,13.2,3,2,5,3,0,0,3,0,3.5,3.5,1.7,5.2,19.0,23.0,95.0,0.23,0.15,0.38,0.23,0.38,0.27,0.13,0.4,0.27,0.4
Pedro Pereira,POR,DF,Monza,Serie A,25,1998,23,9,841,9.3,0,2,2,0,0,0,3,0,0.2,0.2,1.2,1.4,20.0,43.0,69.0,0.0,0.21,0.21,0.0,0.21,0.02,0.12,0.14,0.02,0.14
Roberto Pereyra,ARG,FW,Udinese,Serie A,32,1991,27,22,1858,20.6,4,3,7,3,1,1,6,0,3.5,2.7,1.9,4.7,39.0,70.0,82.0,0.19,0.15,0.34,0.15,0.29,0.17,0.09,0.27,0.13,0.23
Ayoze Pérez,ESP,FW,Betis,La Liga,30,1993,31,29,2294,25.5,9,1,10,9,0,0,4,0,7.4,7.4,3.9,11.3,90.0,80.0,175.0,0.35,0.04,0.39,0.35,0.39,0.29,0.15,0.44,0.29,0.44
Carles Pérez,ESP,MF,Celta Vigo,La Liga,25,1998,16,7,772,8.6,1,1,2,1,0,0,3,0,1.2,1.2,1.3,2.4,34.0,18.0,66.0,0.12,0.12,0.23,0.12,0.23,0.14,0.15,0.28,0.14,0.28
Francisco Perez,ESP,MF,Valencia,La Liga,20,2002,32,27,2049,22.8,1,4,5,1,0,0,4,0,1.1,1.1,2.6,3.6,59.0,41.0,145.0,0.04,0.18,0.22,0.04,0.22,0.05,0.11,0.16,0.05,0.16
Kike Pérez,ESP,MF,Rayo Vallecano,La Liga,26,1997,24,9,835,9.3,1,0,1,1,0,0,7,0,1.9,1.9,0.6,2.4,17.0,47.0,42.0,0.11,0.0,0.11,0.11,0.11,0.2,0.06,0.26,0.2,0.26
Nehuén Pérez,ARG,DF,Udinese,Serie A,23,2000,36,36,3238,36.0,0,0,0,0,0,0,9,1,1.3,1.3,0.2,1.5,28.0,119.0,24.0,0.0,0.0,0.0,0.0,0.0,0.04,0.0,0.04,0.04,0.04
Lucas Perrin,FRA,DF,Strasbourg,Ligue 1,24,1998,31,30,2723,30.3,0,1,1,0,0,0,3,0,0.6,0.6,0.8,1.4,17.0,115.0,8.0,0.0,0.03,0.03,0.0,0.03,0.02,0.03,0.05,0.02,0.05
Máximo Perrone,ARG,MF,Las Palmas,La Liga,20,2003,29,20,1623,18.0,0,0,0,0,0,0,6,0,0.2,0.2,0.5,0.8,12.0,78.0,22.0,0.0,0.0,0.0,0.0,0.0,0.01,0.03,0.04,0.01,0.04
Pavao Pervan,AUT,GK,Wolfsburg,Bundesliga,35,1987,9,9,810,9.0,0,0,0,0,0,0,1,0,0.0,0.0,0.0,0.0,0.0,0.0,0.0,0.0,0.0,0.0,0.0,0.0,0.0,0.0,0.0,0.0,0.0
Matteo Pessina,ITA,MF,Monza,Serie A,26,1997,37,37,3222,35.8,6,3,9,2,4,5,5,1,6.3,2.4,1.1,3.5,69.0,190.0,53.0,0.17,0.08,0.25,0.06,0.14,0.18,0.03,0.21,0.07,0.1
Andrea Petagna,ITA,FW,Cagliari,Serie A,28,1995,18,13,995,11.1,1,1,2,1,0,0,2,0,1.6,1.6,1.0,2.6,11.0,14.0,56.0,0.09,0.09,0.18,0.09,0.18,0.15,0.09,0.23,0.15,0.23
Đorđe Petrović,SRB,GK,Chelsea,Premier League,23,1999,23,22,1987,22.1,0,0,0,0,0,0,2,0,0.0,0.0,0.0,0.0,0.0,1.0,0.0,0.0,0.0,0.0,0.0,0.0,0.0,0.0,0.0,0.0,0.0
Germán Pezzella,ARG,DF,Betis,La Liga,32,1991,32,32,2767,30.7,1,0,1,1,0,0,7,0,2.0,2.0,0.3,2.3,5.0,64.0,1.0,0.03,0.0,0.03,0.03,0.03,0.07,0.01,0.08,0.07,0.08
Giuseppe Pezzella,ITA,DF,Empoli,Serie A,25,1997,19,14,1085,12.1,0,0,0,0,0,0,4,0,0.2,0.2,0.5,0.6,44.0,44.0,36.0,0.0,0.0,0.0,0.0,0.0,0.01,0.04,0.05,0.01,0.05
Luca Pfeiffer,GER,FW,Darmstadt 98,Bundesliga,26,1996,24,20,1619,18.0,1,4,5,1,0,0,3,0,4.6,4.6,1.7,6.3,15.0,37.0,81.0,0.06,0.22,0.28,0.06,0.28,0.26,0.09,0.35,0.26,0.35
Patric Pfeiffer,GER,DF,Augsburg,Bundesliga,23,1999,11,4,511,5.7,0,1,1,0,0,0,0,0,0.5,0.5,0.8,1.3,1.0,19.0,4.0,0.0,0.18,0.18,0.0,0.18,0.09,0.14,0.22,0.09,0.22
Kamil Piątkowski,POL,DF,Granada,La Liga,23,2000,9,6,505,5.6,0,0,0,0,0,0,1,1,0.8,0.8,0.1,0.9,2.0,10.0,0.0,0.0,0.0,0.0,0.0,0.0,0.14,0.02,0.17,0.14,0.17
Roberto Piccoli,ITA,FW,Lecce,Serie A,22,2001,35,12,1378,15.3,5,0,5,4,1,1,5,0,6.4,5.6,0.9,6.5,25.0,19.0,72.0,0.33,0.0,0.33,0.26,0.26,0.42,0.06,0.48,0.37,0.43
Jordan Pickford,ENG,GK,Everton,Premier League,29,1994,38,38,3420,38.0,0,0,0,0,0,0,5,0,0.0,0.0,0.1,0.1,1.0,6.0,0.0,0.0,0.0,0.0,0.0,0.0,0.0,0.0,0.0,0.0,0.0
Amos Pieper,GER,DF,Werder Bremen,Bundesliga,25,1998,7,7,590,6.6,0,0,0,0,0,0,0,0,0.5,0.5,0.8,1.2,3.0,24.0,3.0,0.0,0.0,0.0,0.0,0.0,0.07,0.12,0.19,0.07,0.19
Marvin Pieringer,GER,MF,Heidenheim,Bundesliga,23,1999,31,18,1513,16.8,3,3,6,3,0,0,5,0,2.3,2.3,2.1,4.4,28.0,41.0,72.0,0.18,0.18,0.36,0.18,0.36,0.14,0.13,0.26,0.14,0.26
Niccolò Pierozzi,ITA,DF,Salernitana,Serie A,21,2001,12,11,871,9.7,1,0,1,1,0,0,6,0,0.2,0.2,0.0,0.3,3.0,16.0,20.0,0.1,0.0,0.1,0.1,0.1,0.03,0.01,0.03,0.03,0.03
Ronaël Pierre-Gabriel,FRA,DF,Nantes,Ligue 1,25,1998,12,6,598,6.6,0,0,0,0,0,0,3,0,0.3,0.3,0.8,1.2,12.0,17.0,12.0,0.0,0.0,0.0,0.0,0.0,0.05,0.12,0.17,0.05,0.17
Andrea Pinamonti,ITA,FW,Sassuolo,Serie A,24,1999,38,37,3076,34.2,11,1,12,9,2,3,4,0,8.9,6.6,1.9,8.4,17.0,45.0,165.0,0.32,0.03,0.35,0.26,0.29,0.26,0.05,0.32,0.19,0.25
Ethan Pinnock,JAM,DF,Brentford,Premier League,30,1993,29,28,2521,28.0,2,0,2,2,0,0,1,0,2.0,2.0,1.0,3.0,11.0,61.0,16.0,0.07,0.0,0.07,0.07,0.07,0.07,0.04,0.11,0.07,0.11
Yeremi Pino,ESP,MF,Villarreal,La Liga,20,2002,7,7,475,5.3,0,0,0,0,0,0,4,0,1.4,1.4,0.2,1.7,11.0,10.0,49.0,0.0,0.0,0.0,0.0,0.0,0.27,0.05,0.31,0.27,0.31
Lorenzo Pirola,ITA,DF,Salernitana,Serie A,21,2002,27,24,1987,22.1,1,0,1,1,0,0,4,0,0.9,0.9,0.0,0.9,13.0,57.0,7.0,0.05,0.0,0.05,0.05,0.05,0.04,0.0,0.04,0.04,0.04
Alassane Pléa,FRA,FW,Gladbach,Bundesliga,30,1993,27,24,1913,21.3,7,4,11,6,1,1,1,0,7.0,6.2,4.0,10.2,56.0,115.0,157.0,0.33,0.19,0.52,0.28,0.47,0.33,0.19,0.52,0.29,0.48
Matteo Politano,ITA,FW,Napoli,Serie A,29,1993,37,31,2360,26.2,8,7,15,6,2,3,2,1,7.1,4.8,6.6,11.4,113.0,164.0,216.0,0.31,0.27,0.57,0.23,0.5,0.27,0.25,0.52,0.18,0.43
Julien Ponceau,FRA,MF,Lorient,Ligue 1,22,2000,32,27,2244,24.9,3,2,5,3,0,0,5,0,3.3,3.3,2.7,6.0,106.0,154.0,152.0,0.12,0.08,0.2,0.12,0.2,0.13,0.11,0.24,0.13,0.24
Marin Pongračić,CRO,DF,Lecce,Serie A,25,1997,36,36,3219,35.8,0,0,0,0,0,0,10,1,1.2,1.2,0.4,1.5,45.0,134.0,7.0,0.0,0.0,0.0,0.0,0.0,0.03,0.01,0.04,0.03,0.04
Nick Pope,ENG,GK,Newcastle Utd,Premier League,31,1992,15,15,1345,14.9,0,0,0,0,0,0,1,0,0.0,0.0,0.0,0.0,0.0,0.0,0.0,0.0,0.0,0.0,0.0,0.0,0.0,0.0,0.0,0.0,0.0
Pedro Porro,ESP,DF,Tottenham,Premier League,23,1999,35,35,3089,34.3,3,7,10,3,0,0,3,0,2.9,2.9,7.2,10.1,57.0,194.0,158.0,0.09,0.2,0.29,0.09,0.29,0.09,0.21,0.3,0.09,0.3
Portu,ESP,MF,Girona,La Liga,31,1992,33,11,1188,13.2,7,5,12,7,0,0,3,0,3.4,3.4,3.5,6.8,32.0,32.0,96.0,0.53,0.38,0.91,0.53,0.91,0.26,0.26,0.52,0.26,0.52
Stefan Posch,AUT,DF,Bologna,Serie A,26,1997,31,29,2409,26.8,1,2,3,1,0,0,7,0,1.2,1.2,2.1,3.3,44.0,123.0,64.0,0.04,0.07,0.11,0.04,0.11,0.04,0.08,0.12,0.04,0.12
Yussuf Poulsen,DEN,FW,RB Leipzig,Bundesliga,29,1994,28,12,1217,13.5,5,2,7,5,0,0,0,0,5.7,5.7,1.0,6.8,11.0,16.0,78.0,0.37,0.15,0.52,0.37,0.52,0.43,0.08,0.5,0.43,0.5
Alejandro Pozo Pozo,ESP,DF,Almería,La Liga,24,1999,21,9,976,10.8,0,0,0,0,0,0,3,0,0.4,0.4,0.6,1.0,22.0,44.0,62.0,0.0,0.0,0.0,0.0,0.0,0.04,0.06,0.1,0.04,0.1
Beñat Prados,ESP,MF,Athletic Club,La Liga,22,2001,26,16,1449,16.1,0,0,0,0,0,0,1,0,0.5,0.5,0.5,1.0,23.0,87.0,30.0,0.0,0.0,0.0,0.0,0.0,0.03,0.03,0.06,0.03,0.06
Matteo Prati,ITA,MF,Cagliari,Serie A,19,2003,26,19,1972,21.9,1,1,2,1,0,0,4,0,2.0,2.0,0.8,2.8,8.0,66.0,17.0,0.05,0.05,0.09,0.05,0.09,0.09,0.03,0.13,0.09,0.13
Abdón Prats,ESP,FW,Mallorca,La Liga,30,1992,34,11,1270,14.1,6,1,7,6,0,0,4,0,3.2,3.2,2.4,5.6,9.0,26.0,49.0,0.43,0.07,0.5,0.43,0.5,0.23,0.17,0.4,0.23,0.4
Grischa Prömel,GER,MF,Hoffenheim,Bundesliga,28,1995,28,27,2139,23.8,4,5,9,4,0,0,10,1,3.8,3.8,2.8,6.6,35.0,96.0,60.0,0.17,0.21,0.38,0.17,0.38,0.16,0.12,0.28,0.16,0.28
Ivan Provedel,ITA,GK,Lazio,Serie A,29,1994,30,30,2699,30.0,0,0,0,0,0,0,0,0,0.0,0.0,0.0,0.0,0.0,3.0,0.0,0.0,0.0,0.0,0.0,0.0,0.0,0.0,0.0,0.0,0.0
Marc Pubill,ESP,DF,Almería,La Liga,20,2003,23,22,1883,20.9,1,3,4,1,0,0,2,0,0.7,0.7,1.5,2.2,59.0,36.0,85.0,0.05,0.14,0.19,0.05,0.19,0.03,0.07,0.1,0.03,0.1
Antonio Puertas,ESP,MF,Granada,La Liga,31,1992,27,6,730,8.1,0,2,2,0,0,2,3,1,3.2,1.6,0.6,2.2,18.0,22.0,46.0,0.0,0.25,0.25,0.0,0.25,0.39,0.08,0.47,0.2,0.27
Christian Pulisic,USA,FW,Milan,Serie A,24,1998,36,32,2602,28.9,12,8,20,12,0,0,2,0,8.0,8.0,4.8,12.8,131.0,87.0,293.0,0.42,0.28,0.69,0.42,0.69,0.28,0.16,0.44,0.28,0.44
Jarell Quansah,ENG,DF,Liverpool,Premier League,20,2003,17,13,1190,13.2,2,0,2,2,0,0,1,0,1.0,1.0,0.1,1.1,13.0,67.0,1.0,0.15,0.0,0.15,0.15,0.15,0.08,0.01,0.08,0.08,0.08
Adrien Rabiot,FRA,MF,Juventus,Serie A,28,1995,31,30,2651,29.5,5,3,8,5,0,0,8,0,3.5,3.4,4.1,7.4,72.0,120.0,106.0,0.17,0.1,0.27,0.17,0.27,0.12,0.14,0.26,0.11,0.25
Uroš Račić,SRB,MF,Sassuolo,Serie A,25,1998,22,8,820,9.1,1,1,2,1,0,0,1,0,0.8,0.8,0.3,1.1,5.0,37.0,11.0,0.11,0.11,0.22,0.11,0.22,0.09,0.03,0.13,0.09,0.13
Aleksandar Radovanović,SRB,DF,Almería,La Liga,29,1993,9,8,569,6.3,0,0,0,0,0,0,2,0,0.0,0.0,0.0,0.1,0.0,5.0,1.0,0.0,0.0,0.0,0.0,0.0,0.01,0.0,0.01,0.01,0.01
Boris Radunović,SRB,GK,Cagliari,Serie A,27,1996,7,7,630,7.0,0,0,0,0,0,0,0,0,0.0,0.0,0.0,0.0,0.0,0.0,0.0,0.0,0.0,0.0,0.0,0.0,0.0,0.0,0.0,0.0,0.0
Hamza Rafia,TUN,MF,Lecce,Serie A,24,1999,28,17,1204,13.4,1,0,1,1,0,0,4,0,0.8,0.8,0.8,1.6,15.0,46.0,37.0,0.07,0.0,0.07,0.07,0.07,0.06,0.06,0.12,0.06,0.12
Antonio Raillo,ESP,DF,Mallorca,La Liga,31,1991,26,25,2195,24.4,3,2,5,3,0,0,6,1,1.4,1.4,2.0,3.4,24.0,80.0,4.0,0.12,0.08,0.21,0.12,0.21,0.06,0.08,0.14,0.06,0.14
Predrag Rajković,SRB,GK,Mallorca,La Liga,27,1995,36,36,3240,36.0,0,0,0,0,0,0,2,0,0.0,0.0,0.2,0.2,0.0,0.0,0.0,0.0,0.0,0.0,0.0,0.0,0.0,0.01,0.01,0.0,0.01
Ivan Rakitić,CRO,MF,Sevilla,La Liga,35,1988,18,16,1425,15.8,2,1,3,2,0,0,6,0,1.3,1.3,3.0,4.3,24.0,127.0,52.0,0.13,0.06,0.19,0.13,0.19,0.08,0.19,0.27,0.08,0.27
Ylber Ramadani,ALB,MF,Lecce,Serie A,27,1996,34,34,2970,33.0,1,0,1,1,0,0,13,0,1.0,1.0,0.5,1.6,36.0,121.0,14.0,0.03,0.0,0.03,0.03,0.03,0.03,0.02,0.05,0.03,0.05
Largie Ramazani,BEL,FW,Almería,La Liga,22,2001,29,16,1555,17.3,3,5,8,3,0,0,11,2,4.7,4.7,5.7,10.5,59.0,42.0,104.0,0.17,0.29,0.46,0.17,0.46,0.27,0.33,0.6,0.27,0.6
Sandro Ramírez,ESP,FW,Las Palmas,La Liga,28,1995,27,21,1808,20.1,1,3,4,1,0,1,3,0,3.7,3.0,2.6,5.6,61.0,54.0,209.0,0.05,0.15,0.2,0.05,0.2,0.19,0.13,0.32,0.15,0.28
Chris Ramos,ESP,FW,Cádiz,La Liga,26,1997,37,30,2612,29.0,5,1,6,5,0,0,5,0,10.1,10.1,1.7,11.7,31.0,28.0,102.0,0.17,0.03,0.21,0.17,0.21,0.35,0.06,0.4,0.35,0.4
Gonçalo Ramos,POR,FW,Paris S-G,Ligue 1,22,2001,29,16,1419,15.8,11,1,12,10,1,1,1,0,10.9,10.2,2.4,12.5,11.0,29.0,88.0,0.7,0.06,0.76,0.63,0.7,0.69,0.15,0.84,0.64,0.79
Sergio Ramos,ESP,DF,Sevilla,La Liga,37,1986,28,28,2517,28.0,3,0,3,3,0,0,7,1,1.9,1.9,0.1,2.0,11.0,81.0,5.0,0.11,0.0,0.11,0.11,0.11,0.07,0.0,0.07,0.07,0.07
Aaron Ramsdale,ENG,GK,Arsenal,Premier League,25,1998,6,6,540,6.0,0,0,0,0,0,0,0,0,0.0,0.0,0.0,0.0,0.0,2.0,0.0,0.0,0.0,0.0,0.0,0.0,0.0,0.0,0.0,0.0,0.0
Aaron Ramsey,ENG,MF,Burnley,Premier League,20,2003,14,5,527,5.9,0,0,0,0,0,0,1,0,0.3,0.3,0.4,0.7,8.0,8.0,17.0,0.0,0.0,0.0,0.0,0.0,0.06,0.07,0.13,0.06,0.13
Jacob Ramsey,ENG,FW,Aston Villa,Premier League,22,2001,16,8,853,9.5,1,1,2,1,0,0,2,0,2.2,2.2,1.0,3.2,33.0,28.0,69.0,0.11,0.11,0.21,0.11,0.21,0.23,0.11,0.34,0.23,0.34
Luca Ranieri,ITA,DF,Fiorentina,Serie A,24,1999,26,23,2065,22.9,2,1,3,2,0,0,14,0,0.9,0.9,0.4,1.3,17.0,99.0,5.0,0.09,0.04,0.13,0.09,0.13,0.04,0.02,0.06,0.04,0.06
Filippo Ranocchia,ITA,MF,Empoli,Serie A,22,2001,9,5,476,5.3,0,0,0,0,0,0,3,0,0.2,0.2,0.5,0.8,5.0,21.0,11.0,0.0,0.0,0.0,0.0,0.0,0.04,0.1,0.14,0.04,0.14
Raphinha,BRA,FW,Barcelona,La Liga,26,1996,28,17,1368,15.2,6,9,15,5,1,1,4,1,7.4,6.6,5.7,12.3,49.0,57.0,164.0,0.39,0.59,0.99,0.33,0.92,0.48,0.37,0.86,0.43,0.81
Elba Rashani,KVX,MF,Clermont Foot,Ligue 1,30,1993,24,14,1175,13.1,2,0,2,2,0,0,4,2,2.1,2.1,1.2,3.3,19.0,22.0,102.0,0.15,0.0,0.15,0.15,0.15,0.16,0.09,0.26,0.16,0.26
Marcus Rashford,ENG,FW,Manchester Utd,Premier League,25,1997,33,26,2271,25.2,7,2,9,5,2,2,2,0,7.4,5.8,2.3,8.1,95.0,65.0,184.0,0.28,0.08,0.36,0.2,0.28,0.29,0.09,0.38,0.23,0.32
Giacomo Raspadori,ITA,FW,Napoli,Serie A,23,2000,37,14,1584,17.6,5,3,8,5,0,1,0,0,5.9,4.5,4.0,8.5,29.0,54.0,139.0,0.28,0.17,0.45,0.28,0.45,0.33,0.23,0.56,0.25,0.48
Andrei Ratiu,ROU,DF,Rayo Vallecano,La Liga,25,1998,12,6,630,7.0,0,0,0,0,0,0,1,0,0.3,0.3,0.6,0.9,28.0,19.0,25.0,0.0,0.0,0.0,0.0,0.0,0.04,0.09,0.13,0.04,0.13
Raúl,ESP,FW,Osasuna,La Liga,22,2000,35,13,1355,15.1,6,1,7,6,0,0,4,0,4.9,4.9,0.6,5.5,16.0,22.0,68.0,0.4,0.07,0.46,0.4,0.46,0.32,0.04,0.37,0.32,0.37
David Raum,GER,DF,RB Leipzig,Bundesliga,25,1998,31,31,2739,30.4,2,8,10,2,0,0,6,0,0.8,0.8,7.3,8.0,77.0,131.0,246.0,0.07,0.26,0.33,0.07,0.33,0.02,0.24,0.26,0.02,0.26
Federico Ravaglia,ITA,GK,Bologna,Serie A,23,1999,6,6,535,5.9,0,0,0,0,0,0,0,0,0.0,0.0,0.0,0.0,0.0,0.0,0.0,0.0,0.0,0.0,0.0,0.0,0.0,0.0,0.0,0.0,0.0
David Raya,ESP,GK,Arsenal,Premier League,27,1995,32,32,2880,32.0,0,0,0,0,0,0,2,0,0.0,0.0,0.0,0.0,0.0,2.0,0.0,0.0,0.0,0.0,0.0,0.0,0.0,0.0,0.0,0.0,0.0
Tim Ream,USA,DF,Fulham,Premier League,35,1987,18,17,1503,16.7,1,0,1,1,0,0,4,1,1.0,1.0,0.0,1.0,11.0,65.0,3.0,0.06,0.0,0.06,0.06,0.06,0.06,0.0,0.06,0.06,0.06
Abderrahman Rebbach,ALG,FW,Alavés,La Liga,24,1998,23,6,722,8.0,1,0,1,1,0,0,1,0,0.8,0.8,1.8,2.6,34.0,14.0,78.0,0.12,0.0,0.12,0.12,0.12,0.1,0.22,0.33,0.1,0.33
Harrison Reed,ENG,MF,Fulham,Premier League,28,1995,27,15,1325,14.7,0,2,2,0,0,0,6,0,0.3,0.3,1.1,1.4,10.0,56.0,40.0,0.0,0.14,0.14,0.0,0.14,0.02,0.07,0.09,0.02,0.09
Sergio Reguilón,ESP,DF,Brentford,Premier League,26,1996,16,14,1118,12.4,0,4,4,0,0,0,4,1,0.8,0.8,2.8,3.6,34.0,38.0,40.0,0.0,0.32,0.32,0.0,0.32,0.06,0.23,0.29,0.06,0.29
Bobby Reid,JAM,FW,Fulham,Premier League,30,1993,33,17,1423,15.8,6,2,8,6,0,0,4,0,4.6,4.6,1.8,6.4,35.0,47.0,95.0,0.38,0.13,0.51,0.38,0.51,0.28,0.11,0.4,0.28,0.4
Tijjani Reijnders,NED,MF,Milan,Serie A,25,1998,36,33,2820,31.3,3,3,6,3,0,0,8,0,3.2,3.2,3.7,7.0,88.0,204.0,90.0,0.1,0.1,0.19,0.1,0.19,0.1,0.12,0.22,0.1,0.22
Reinier,BRA,MF,Frosinone,Serie A,21,2002,22,13,1059,11.8,2,2,4,2,0,0,3,0,1.3,1.3,1.9,3.2,10.0,32.0,42.0,0.17,0.17,0.34,0.17,0.34,0.11,0.16,0.27,0.11,0.27
Rocco Reitz,GER,MF,Gladbach,Bundesliga,21,2002,34,24,2136,23.7,6,3,9,6,0,0,2,0,3.7,3.7,2.4,6.0,41.0,110.0,58.0,0.25,0.13,0.38,0.25,0.38,0.15,0.1,0.25,0.15,0.25
Álex Remiro,ESP,GK,Real Sociedad,La Liga,28,1995,37,37,3275,36.4,0,0,0,0,0,0,3,1,0.0,0.0,0.0,0.0,0.0,1.0,0.0,0.0,0.0,0.0,0.0,0.0,0.0,0.0,0.0,0.0,0.0
Guillaume Restes,FRA,GK,Toulouse,Ligue 1,18,2005,34,34,3060,34.0,0,0,0,0,0,0,3,0,0.0,0.0,0.0,0.0,0.0,0.0,0.0,0.0,0.0,0.0,0.0,0.0,0.0,0.0,0.0,0.0,0.0
Mateo Retegui,ITA,FW,Genoa,Serie A,24,1999,29,26,2216,24.6,7,2,9,6,1,1,5,0,5.8,5.0,0.7,5.8,18.0,17.0,112.0,0.28,0.08,0.37,0.24,0.32,0.24,0.03,0.27,0.2,0.24
Marco Reus,GER,MF,Dortmund,Bundesliga,34,1989,26,18,1601,17.8,6,8,14,6,0,0,2,0,6.5,6.5,5.1,11.7,31.0,64.0,89.0,0.34,0.45,0.79,0.34,0.79,0.37,0.29,0.65,0.37,0.65
Elvis Rexhbeçaj,GER,MF,Augsburg,Bundesliga,25,1997,25,24,1985,22.1,2,0,2,1,1,1,4,0,1.7,1.0,0.5,1.5,15.0,91.0,51.0,0.09,0.0,0.09,0.05,0.05,0.08,0.02,0.1,0.04,0.07
Chadi Riad,MAR,DF,Betis,La Liga,20,2003,26,24,2164,24.0,0,0,0,0,0,0,1,0,0.7,0.7,0.2,0.9,4.0,34.0,1.0,0.0,0.0,0.0,0.0,0.0,0.03,0.01,0.04,0.03,0.04
Alexsandro Ribeiro,BRA,DF,Lille,Ligue 1,23,1999,29,24,2220,24.7,0,0,0,0,0,0,6,1,2.0,2.0,0.5,2.6,15.0,82.0,7.0,0.0,0.0,0.0,0.0,0.0,0.08,0.02,0.1,0.08,0.1
Samuele Ricci,ITA,MF,Torino,Serie A,21,2001,32,28,2395,26.6,1,2,3,1,0,0,8,1,1.3,1.3,2.3,3.6,47.0,122.0,73.0,0.04,0.08,0.11,0.04,0.11,0.05,0.09,0.13,0.05,0.13
Declan Rice,ENG,MF,Arsenal,Premier League,24,1999,38,37,3225,35.8,7,8,15,7,0,0,5,0,3.3,3.3,5.3,8.6,75.0,278.0,64.0,0.2,0.22,0.42,0.2,0.42,0.09,0.15,0.24,0.09,0.24
Chris Richards,USA,DF,Crystal Palace,Premier League,23,2000,26,23,2094,23.3,1,1,2,1,0,0,3,0,0.6,0.6,0.4,1.0,1.0,43.0,1.0,0.04,0.04,0.09,0.04,0.09,0.03,0.02,0.04,0.03,0.04
Amir Richardson,MAR,MF,Reims,Ligue 1,21,2002,28,14,1352,15.0,3,1,4,3,0,0,4,0,1.6,1.6,1.1,2.8,28.0,72.0,40.0,0.2,0.07,0.27,0.2,0.27,0.11,0.08,0.18,0.11,0.18
Richarlison,BRA,FW,Tottenham,Premier League,26,1997,28,18,1491,16.6,11,4,15,11,0,0,3,0,9.6,9.6,2.1,11.7,26.0,38.0,106.0,0.66,0.24,0.91,0.66,0.91,0.58,0.13,0.7,0.58,0.7
Marco Richter,GER,MF,Mainz 05,Bundesliga,25,1997,20,7,717,8.0,1,0,1,1,0,0,3,0,1.9,1.9,1.3,3.2,20.0,30.0,53.0,0.13,0.0,0.13,0.13,0.13,0.24,0.16,0.4,0.24,0.4
Diego Rico,ESP,DF,Getafe,La Liga,30,1993,32,28,2535,28.2,0,7,7,0,0,0,10,0,0.3,0.3,3.8,4.1,28.0,119.0,79.0,0.0,0.25,0.25,0.0,0.25,0.01,0.14,0.15,0.01,0.15
Clemens Riedel,GER,DF,Darmstadt 98,Bundesliga,20,2003,14,9,755,8.4,0,0,0,0,0,0,2,0,0.3,0.3,0.7,1.0,4.0,47.0,27.0,0.0,0.0,0.0,0.0,0.0,0.03,0.08,0.12,0.03,0.12
Manuel Riemann,GER,GK,Bochum,Bundesliga,34,1988,33,33,2970,33.0,0,0,0,0,0,0,5,0,0.0,0.0,0.2,0.2,0.0,19.0,0.0,0.0,0.0,0.0,0.0,0.0,0.0,0.01,0.01,0.0,0.01
Luis Rioja,ESP,FW,Alavés,La Liga,29,1993,37,31,2498,27.8,5,4,9,2,3,4,4,0,6.1,3.0,3.9,6.9,70.0,77.0,173.0,0.18,0.14,0.32,0.07,0.22,0.22,0.14,0.36,0.11,0.25
Rodrigo Riquelme,ESP,DF,Atlético Madrid,La Liga,23,2000,34,17,1528,17.0,3,5,8,3,0,0,1,0,2.7,2.7,3.1,5.9,87.0,53.0,166.0,0.18,0.29,0.47,0.18,0.47,0.16,0.18,0.35,0.16,0.35
Mihailo Ristić,SRB,DF,Celta Vigo,La Liga,27,1995,12,9,808,9.0,0,0,0,0,0,0,2,0,0.3,0.3,0.1,0.5,24.0,30.0,42.0,0.0,0.0,0.0,0.0,0.0,0.04,0.01,0.05,0.04,0.05
Sergi Roberto,ESP,MF,Barcelona,La Liga,31,1992,14,10,860,9.6,3,2,5,3,0,0,4,0,1.7,1.7,0.8,2.4,13.0,50.0,33.0,0.31,0.21,0.52,0.31,0.52,0.18,0.08,0.26,0.18,0.26
Lucas Robertone,ARG,MF,Almería,La Liga,26,1997,33,29,2381,26.5,0,5,5,0,0,0,11,0,1.0,1.0,2.5,3.5,31.0,128.0,37.0,0.0,0.19,0.19,0.0,0.19,0.04,0.1,0.13,0.04,0.13
Connor Roberts,WAL,DF,Burnley,Premier League,27,1995,14,8,823,9.1,0,1,1,0,0,0,5,1,0.0,0.0,0.2,0.2,6.0,38.0,13.0,0.0,0.11,0.11,0.0,0.11,0.0,0.02,0.02,0.0,0.02
Andrew Robertson,SCO,DF,Liverpool,Premier League,29,1994,23,18,1693,18.8,3,2,5,3,0,0,2,0,1.9,1.9,5.4,7.3,63.0,140.0,130.0,0.16,0.11,0.27,0.16,0.27,0.1,0.29,0.39,0.1,0.39
Antonee Robinson,USA,DF,Fulham,Premier League,25,1997,37,37,3265,36.3,0,6,6,0,0,0,6,0,0.7,0.7,4.2,4.8,99.0,129.0,194.0,0.0,0.17,0.17,0.0,0.17,0.02,0.11,0.13,0.02,0.13
Jack Robinson,ENG,DF,Sheffield Utd,Premier League,29,1993,34,31,2885,32.1,1,1,2,1,0,0,10,0,1.2,1.2,1.2,2.4,8.0,63.0,14.0,0.03,0.03,0.06,0.03,0.06,0.04,0.04,0.08,0.04,0.08
Marc Roca,ESP,MF,Betis,La Liga,26,1996,26,24,1980,22.0,2,2,4,2,0,0,5,0,1.1,1.1,1.4,2.5,24.0,126.0,20.0,0.09,0.09,0.18,0.09,0.18,0.05,0.06,0.12,0.05,0.12
Rodri,ESP,MF,Manchester City,Premier League,27,1996,34,34,2931,32.6,8,9,17,8,0,0,8,1,4.1,4.1,3.9,8.0,76.0,376.0,55.0,0.25,0.28,0.52,0.25,0.52,0.12,0.12,0.24,0.12,0.24
Rodri,ESP,FW,Betis,La Liga,23,2000,29,9,1051,11.7,0,0,0,0,0,0,0,0,1.1,1.1,1.2,2.2,49.0,65.0,116.0,0.0,0.0,0.0,0.0,0.0,0.09,0.1,0.19,0.09,0.19
Óscar Rodríguez Arnaiz,ESP,MF,Getafe,La Liga,25,1998,24,9,967,10.7,2,1,3,2,0,0,9,0,1.5,1.5,2.1,3.6,13.0,52.0,48.0,0.19,0.09,0.28,0.19,0.28,0.14,0.2,0.34,0.14,0.34
Dani Rodríguez,ESP,MF,Mallorca,La Liga,35,1988,36,31,2615,29.1,2,4,6,2,0,0,9,0,1.4,1.4,4.1,5.5,54.0,118.0,110.0,0.07,0.14,0.21,0.07,0.21,0.05,0.14,0.19,0.05,0.19
Guido Rodríguez,ARG,MF,Betis,La Liga,29,1994,24,22,1846,20.5,2,0,2,2,0,0,6,0,0.7,0.7,0.8,1.4,8.0,65.0,18.0,0.1,0.0,0.1,0.1,0.1,0.03,0.04,0.07,0.03,0.07
Jay Rodriguez,ENG,FW,Burnley,Premier League,34,1989,21,7,822,9.1,2,1,3,1,1,1,0,0,3.5,2.7,0.2,2.9,2.0,17.0,28.0,0.22,0.11,0.33,0.11,0.22,0.38,0.02,0.4,0.3,0.32
Kirian Rodríguez,ESP,MF,Las Palmas,La Liga,27,1996,37,36,3211,35.7,6,2,8,6,0,0,8,0,2.1,2.1,1.6,3.7,46.0,296.0,78.0,0.17,0.06,0.22,0.17,0.22,0.06,0.05,0.1,0.06,0.1
Ricardo Rodríguez,SUI,DF,Torino,Serie A,30,1992,35,34,2772,30.8,1,2,3,1,0,0,4,0,0.3,0.3,1.4,1.7,61.0,127.0,40.0,0.03,0.06,0.1,0.03,0.1,0.01,0.04,0.05,0.01,0.05
Rodrygo,BRA,FW,Real Madrid,La Liga,22,2001,34,28,2380,26.4,10,5,15,10,0,1,2,0,11.7,10.9,4.0,14.9,159.0,90.0,301.0,0.38,0.19,0.57,0.38,0.57,0.44,0.15,0.59,0.41,0.56
Mads Roerslev,DEN,DF,Brentford,Premier League,24,1999,34,22,1985,22.1,1,2,3,1,0,0,1,0,0.9,0.9,1.8,2.7,18.0,43.0,90.0,0.05,0.09,0.14,0.05,0.14,0.04,0.08,0.12,0.04,0.12
Rogério,BRA,DF,Wolfsburg,Bundesliga,25,1998,13,10,906,10.1,1,0,1,1,0,0,0,0,0.3,0.3,0.4,0.7,27.0,57.0,42.0,0.1,0.0,0.1,0.1,0.1,0.03,0.04,0.07,0.03,0.07
Morgan Rogers,ENG,MF,Aston Villa,Premier League,21,2002,11,8,638,7.1,3,1,4,3,0,0,3,0,1.4,1.4,0.6,2.0,22.0,28.0,30.0,0.42,0.14,0.56,0.42,0.56,0.19,0.09,0.28,0.19,0.28
Merlin Röhl,GER,MF,Freiburg,Bundesliga,21,2002,24,17,1477,16.4,2,4,6,2,0,0,3,1,2.0,2.0,2.5,4.5,44.0,38.0,87.0,0.12,0.24,0.37,0.12,0.37,0.12,0.15,0.28,0.12,0.28
Alessio Romagnoli,ITA,DF,Lazio,Serie A,28,1995,29,26,2411,26.8,0,0,0,0,0,0,9,0,0.6,0.6,0.6,1.1,7.0,87.0,2.0,0.0,0.0,0.0,0.0,0.0,0.02,0.02,0.04,0.02,0.04
Simone Romagnoli,ITA,DF,Frosinone,Serie A,33,1990,33,30,2715,30.2,1,1,2,1,0,0,6,0,1.2,1.2,0.4,1.6,2.0,47.0,2.0,0.03,0.03,0.07,0.03,0.07,0.04,0.01,0.05,0.04,0.05
Cristian Romero,ARG,DF,Tottenham,Premier League,25,1998,33,33,2790,31.0,5,0,5,5,0,0,7,1,3.5,3.5,0.4,3.9,32.0,179.0,8.0,0.16,0.0,0.16,0.16,0.16,0.11,0.01,0.13,0.11,0.13
Isaac Romero,ESP,FW,Sevilla,La Liga,23,2000,14,14,1039,11.5,4,4,8,4,0,0,2,0,7.3,7.3,1.7,9.0,31.0,16.0,64.0,0.35,0.35,0.69,0.35,0.69,0.63,0.15,0.78,0.63,0.78
Oriol Romeu,ESP,MF,Barcelona,La Liga,31,1991,28,11,936,10.4,0,1,1,0,0,0,4,0,0.7,0.7,1.3,2.0,12.0,66.0,4.0,0.0,0.1,0.1,0.0,0.1,0.07,0.12,0.19,0.07,0.19
Valentin Rongier,FRA,MF,Marseille,Ligue 1,28,1994,10,10,851,9.5,0,0,0,0,0,0,2,0,0.6,0.6,0.8,1.4,19.0,73.0,10.0,0.0,0.0,0.0,0.0,0.0,0.06,0.09,0.15,0.06,0.15
Marten de Roon,NED,MF,Atalanta,Serie A,32,1991,30,29,2599,28.9,0,5,5,0,0,0,10,0,0.6,0.6,1.2,1.8,28.0,178.0,22.0,0.0,0.17,0.17,0.0,0.17,0.02,0.04,0.06,0.02,0.06
Pablo Rosario,NED,MF,Nice,Ligue 1,26,1997,30,21,2009,22.3,0,0,0,0,0,0,4,0,1.2,1.2,1.4,2.6,20.0,93.0,27.0,0.0,0.0,0.0,0.0,0.0,0.05,0.06,0.11,0.05,0.11
Anthony Rouault,FRA,DF,Stuttgart,Bundesliga,22,2001,22,11,1010,11.2,0,2,2,0,0,0,3,0,0.1,0.1,0.8,0.9,8.0,68.0,10.0,0.0,0.18,0.18,0.0,0.18,0.01,0.07,0.08,0.01,0.08
Jérôme Roussillon,FRA,DF,Union Berlin,Bundesliga,30,1993,23,8,752,8.4,0,1,1,0,0,0,2,0,0.3,0.3,0.6,0.9,10.0,38.0,29.0,0.0,0.12,0.12,0.0,0.12,0.04,0.07,0.11,0.04,0.11
Nicolò Rovella,ITA,MF,Lazio,Serie A,21,2001,23,16,1318,14.6,0,2,2,0,0,0,6,0,0.6,0.6,0.5,1.1,21.0,56.0,11.0,0.0,0.14,0.14,0.0,0.14,0.04,0.03,0.08,0.04,0.08
Amir Rrahmani,KVX,DF,Napoli,Serie A,29,1994,30,30,2600,28.9,3,0,3,3,0,0,5,0,2.2,2.2,0.9,3.1,19.0,113.0,4.0,0.1,0.0,0.1,0.1,0.1,0.08,0.03,0.11,0.08,0.11
Ruan,BRA,DF,Sassuolo,Serie A,24,1999,26,16,1516,16.8,0,0,0,0,0,0,7,1,0.5,0.5,0.6,1.1,8.0,33.0,6.0,0.0,0.0,0.0,0.0,0.0,0.03,0.04,0.07,0.03,0.07
Pelly Ruddock Mpanzu,COD,MF,Luton Town,Premier League,30,1993,27,11,1101,12.2,0,0,0,0,0,0,1,0,0.6,0.6,0.4,1.1,10.0,34.0,15.0,0.0,0.0,0.0,0.0,0.0,0.05,0.04,0.09,0.05,0.09
Antonio Rüdiger,GER,DF,Real Madrid,La Liga,30,1993,33,30,2709,30.1,1,0,1,1,0,0,7,0,1.5,1.5,1.2,2.6,17.0,88.0,1.0,0.03,0.0,0.03,0.03,0.03,0.05,0.04,0.09,0.05,0.09
Daniele Rugani,ITA,DF,Juventus,Serie A,29,1994,17,13,1187,13.2,2,0,2,2,0,0,2,0,1.6,1.6,0.4,2.0,2.0,46.0,2.0,0.15,0.0,0.15,0.15,0.15,0.12,0.03,0.15,0.12,0.15
Matteo Ruggeri,ITA,DF,Atalanta,Serie A,21,2002,34,28,2449,27.2,0,4,4,0,0,0,3,0,0.5,0.5,1.8,2.3,55.0,142.0,132.0,0.0,0.15,0.15,0.0,0.15,0.02,0.07,0.08,0.02,0.08
Mário Rui,POR,DF,Napoli,Serie A,32,1991,21,14,1205,13.4,0,2,2,0,0,0,7,1,0.1,0.1,1.9,2.0,33.0,90.0,59.0,0.0,0.15,0.15,0.0,0.15,0.01,0.14,0.15,0.01,0.15
Aitor Ruibal,ESP,DF,Betis,La Liga,27,1996,18,11,1017,11.3,2,1,3,2,0,0,5,0,0.8,0.8,1.3,2.1,22.0,54.0,50.0,0.18,0.09,0.27,0.18,0.27,0.07,0.11,0.19,0.07,0.19
Fabián Ruiz Peña,ESP,MF,Paris S-G,Ligue 1,27,1996,21,14,1197,13.3,1,3,4,1,0,0,3,0,2.0,2.0,1.2,3.1,16.0,78.0,40.0,0.08,0.23,0.3,0.08,0.3,0.15,0.09,0.24,0.15,0.24
Sergio Ruiz,ESP,MF,Granada,La Liga,28,1994,35,30,2494,27.7,0,4,4,0,0,0,9,0,0.7,0.7,1.3,2.0,34.0,113.0,23.0,0.0,0.14,0.14,0.0,0.14,0.03,0.05,0.07,0.03,0.07
Julian Ryerson,NOR,DF,Dortmund,Bundesliga,25,1997,21,20,1767,19.6,4,1,5,4,0,0,3,0,1.8,1.8,2.7,4.5,41.0,64.0,118.0,0.2,0.05,0.25,0.2,0.25,0.09,0.14,0.23,0.09,0.23
Frederik Rønnow,DEN,GK,Union Berlin,Bundesliga,30,1992,33,33,2970,33.0,0,0,0,0,0,0,2,0,0.1,0.1,0.1,0.2,0.0,1.0,0.0,0.0,0.0,0.0,0.0,0.0,0.0,0.0,0.01,0.0,0.01
José Sá,POR,GK,Wolves,Premier League,30,1993,35,35,3037,33.7,0,1,1,0,0,0,1,0,0.0,0.0,0.0,0.0,0.0,1.0,0.0,0.0,0.03,0.03,0.0,0.03,0.0,0.0,0.0,0.0,0.0
Youssouf Sabaly,SEN,DF,Betis,La Liga,30,1993,12,12,1046,11.6,0,1,1,0,0,0,2,0,0.1,0.1,0.5,0.6,31.0,47.0,43.0,0.0,0.09,0.09,0.0,0.09,0.01,0.04,0.05,0.01,0.05
Emmanuel Sabbi,USA,FW,Le Havre,Ligue 1,25,1997,30,18,1584,17.6,5,1,6,3,2,2,5,0,4.1,2.5,1.4,4.0,38.0,36.0,101.0,0.28,0.06,0.34,0.17,0.23,0.23,0.08,0.32,0.14,0.23
Stefano Sabelli,ITA,DF,Genoa,Serie A,30,1993,32,30,2429,27.0,0,1,1,0,0,0,5,0,0.8,0.8,1.9,2.7,69.0,88.0,101.0,0.0,0.04,0.04,0.0,0.04,0.03,0.07,0.1,0.03,0.1
Marcel Sabitzer,AUT,MF,Dortmund,Bundesliga,29,1994,25,23,1961,21.8,4,3,7,3,1,1,3,1,3.6,2.8,1.8,4.6,39.0,111.0,69.0,0.18,0.14,0.32,0.14,0.28,0.16,0.08,0.25,0.13,0.21
Falaye Sacko,MLI,DF,Montpellier,Ligue 1,28,1995,19,15,1382,15.4,0,1,1,0,0,0,0,0,0.0,0.0,0.4,0.5,38.0,63.0,42.0,0.0,0.07,0.07,0.0,0.07,0.0,0.03,0.03,0.0,0.03
Umar Sadiq,NGA,FW,Real Sociedad,La Liga,26,1997,26,12,1077,12.0,3,1,4,3,0,0,4,0,3.6,3.6,1.1,4.7,18.0,13.0,74.0,0.25,0.08,0.33,0.25,0.33,0.3,0.09,0.39,0.3,0.39
Alexis Saelemaekers,BEL,FW,Bologna,Serie A,24,1999,30,21,1887,21.0,4,2,6,4,0,0,7,1,2.6,2.6,2.8,5.5,65.0,77.0,180.0,0.19,0.1,0.29,0.19,0.29,0.13,0.14,0.26,0.13,0.26
Modibo Sagnan,MLI,DF,Montpellier,Ligue 1,24,1999,13,12,1054,11.7,2,0,2,2,0,0,5,0,1.2,1.2,0.3,1.5,7.0,25.0,5.0,0.17,0.0,0.17,0.17,0.17,0.1,0.03,0.13,0.1,0.13
Wesley Saïd,FRA,FW,Lens,Ligue 1,28,1995,27,11,1020,11.3,7,1,8,7,0,0,1,0,5.7,5.7,0.9,6.6,18.0,26.0,95.0,0.62,0.09,0.71,0.62,0.71,0.5,0.08,0.58,0.5,0.58
Bukayo Saka,ENG,FW,Arsenal,Premier League,21,2001,35,35,2919,32.4,16,9,25,10,6,6,4,0,15.5,10.8,10.5,21.2,155.0,126.0,508.0,0.49,0.28,0.77,0.31,0.59,0.48,0.32,0.8,0.33,0.65
Ibrahim Salah,MAR,FW,Rennes,Ligue 1,21,2001,23,4,524,5.8,4,1,5,4,0,0,3,0,3.1,3.1,0.5,3.6,15.0,18.0,61.0,0.69,0.17,0.86,0.69,0.86,0.54,0.08,0.62,0.54,0.62
Mohamed Salah,EGY,FW,Liverpool,Premier League,31,1992,32,28,2534,28.2,18,10,28,13,5,7,2,0,21.2,15.5,11.8,27.3,98.0,147.0,341.0,0.64,0.36,0.99,0.46,0.82,0.75,0.42,1.17,0.55,0.97
Kike Salas,ESP,DF,Sevilla,La Liga,21,2002,23,19,1605,17.8,3,0,3,3,0,0,10,0,0.8,0.8,0.5,1.4,11.0,61.0,16.0,0.17,0.0,0.17,0.17,0.17,0.05,0.03,0.08,0.05,0.08
William Saliba,FRA,DF,Arsenal,Premier League,22,2001,38,38,3420,38.0,2,1,3,2,0,0,4,0,1.6,1.6,0.2,1.8,16.0,157.0,6.0,0.05,0.03,0.08,0.05,0.08,0.04,0.01,0.05,0.04,0.05
Mohammed Salisu,GHA,DF,Monaco,Ligue 1,24,1999,12,11,1035,11.5,0,1,1,0,0,0,2,0,0.2,0.2,0.2,0.5,7.0,72.0,6.0,0.0,0.09,0.09,0.0,0.09,0.02,0.02,0.04,0.02,0.04
Roland Sallai,HUN,MF,Freiburg,Bundesliga,26,1997,27,22,1840,20.4,3,2,5,3,0,1,6,0,7.9,7.1,3.5,10.6,47.0,41.0,139.0,0.15,0.1,0.24,0.15,0.24,0.39,0.17,0.56,0.35,0.52
Yoann Salmier,GUF,DF,Le Havre,Ligue 1,30,1992,20,18,1568,17.4,1,1,2,1,0,0,3,0,1.1,1.1,0.7,1.8,8.0,48.0,8.0,0.06,0.06,0.11,0.06,0.11,0.06,0.04,0.1,0.06,0.1
Lazar Samardzic,SRB,MF,Udinese,Serie A,21,2002,34,28,2372,26.4,6,2,8,5,1,1,3,0,3.5,2.8,5.5,8.3,65.0,83.0,91.0,0.23,0.08,0.3,0.19,0.27,0.13,0.21,0.34,0.11,0.31
Mama Samba Baldé,GNB,FW,Lyon,Ligue 1,27,1995,20,4,551,6.1,2,3,5,2,0,0,1,0,3.4,3.4,2.3,5.7,23.0,11.0,73.0,0.33,0.49,0.82,0.33,0.82,0.55,0.38,0.94,0.55,0.94
Brice Samba,FRA,GK,Lens,Ligue 1,29,1994,33,33,2970,33.0,0,0,0,0,0,0,3,0,0.0,0.0,0.2,0.2,0.0,4.0,0.0,0.0,0.0,0.0,0.0,0.0,0.0,0.01,0.01,0.0,0.01
Albert Sambi Lokonga,BEL,MF,Luton Town,Premier League,23,1999,17,16,1303,14.5,1,3,4,1,0,0,4,0,0.6,0.6,1.4,2.0,29.0,72.0,13.0,0.07,0.21,0.28,0.07,0.28,0.04,0.1,0.14,0.04,0.14
Junior Sambia,FRA,DF,Salernitana,Serie A,26,1996,18,10,1032,11.5,1,2,3,1,0,0,4,0,0.5,0.5,0.9,1.4,23.0,41.0,37.0,0.09,0.17,0.26,0.09,0.26,0.05,0.07,0.12,0.05,0.12
Antonio Sanabria,PAR,FW,Torino,Serie A,27,1996,35,23,2133,23.7,5,0,5,3,2,2,2,0,9.3,7.7,1.4,9.1,19.0,57.0,109.0,0.21,0.0,0.21,0.13,0.13,0.39,0.06,0.45,0.32,0.38
Oihan Sancet,ESP,MF,Athletic Club,La Liga,23,2000,30,25,1975,21.9,4,5,9,4,0,1,5,2,6.3,5.5,4.7,10.2,76.0,121.0,157.0,0.18,0.23,0.41,0.18,0.41,0.29,0.21,0.5,0.25,0.47
Ricard Sánchez,ESP,DF,Granada,La Liga,23,2000,33,25,2295,25.5,3,0,3,3,0,0,8,0,1.0,1.0,1.9,2.9,49.0,84.0,103.0,0.12,0.0,0.12,0.12,0.12,0.04,0.08,0.11,0.04,0.11
Alexis Sánchez,CHI,FW,Inter,Serie A,34,1988,23,6,763,8.5,2,5,7,1,1,1,0,0,3.2,2.5,3.1,5.6,16.0,53.0,58.0,0.24,0.59,0.83,0.12,0.71,0.38,0.37,0.75,0.29,0.66
Antonio Sánchez,ESP,MF,Mallorca,La Liga,26,1997,29,21,1452,16.1,3,1,4,3,0,0,3,0,2.5,2.5,0.8,3.3,35.0,57.0,61.0,0.19,0.06,0.25,0.19,0.25,0.16,0.05,0.21,0.16,0.21
Juanlu Sánchez,ESP,DF,Sevilla,La Liga,19,2003,26,11,1181,13.1,0,2,2,0,0,0,2,0,0.9,0.9,1.1,2.0,42.0,50.0,112.0,0.0,0.15,0.15,0.0,0.15,0.07,0.09,0.15,0.07,0.15
Manu Sánchez,ESP,DF,Celta Vigo,La Liga,22,2000,26,20,1775,19.7,0,5,5,0,0,0,3,0,0.5,0.5,2.7,3.2,41.0,74.0,67.0,0.0,0.25,0.25,0.0,0.25,0.02,0.14,0.16,0.02,0.16
Robert Sánchez,ESP,GK,Chelsea,Premier League,25,1997,16,16,1433,15.9,0,0,0,0,0,0,2,0,0.0,0.0,0.0,0.0,0.0,1.0,0.0,0.0,0.0,0.0,0.0,0.0,0.0,0.0,0.0,0.0,0.0
Jadon Sancho,ENG,FW,Dortmund,Bundesliga,23,2000,14,11,947,10.5,2,2,4,2,0,0,1,0,0.7,0.7,3.0,3.7,61.0,62.0,114.0,0.19,0.19,0.38,0.19,0.38,0.07,0.28,0.35,0.07,0.35
Alex Sandro,BRA,DF,Juventus,Serie A,32,1991,16,8,721,8.0,1,0,1,1,0,0,1,0,0.4,0.4,0.9,1.3,16.0,43.0,9.0,0.12,0.0,0.12,0.12,0.12,0.05,0.11,0.16,0.05,0.16
Leroy Sané,GER,FW,Bayern Munich,Bundesliga,27,1996,27,25,2137,23.7,8,11,19,8,0,0,4,0,10.9,10.9,10.8,21.8,121.0,113.0,274.0,0.34,0.46,0.8,0.34,0.8,0.46,0.46,0.92,0.46,0.92
Sadibou Sané,SEN,DF,Metz,Ligue 1,19,2004,14,9,846,9.4,0,0,0,0,0,0,1,0,0.4,0.4,0.0,0.4,8.0,19.0,8.0,0.0,0.0,0.0,0.0,0.0,0.04,0.0,0.04,0.04,0.04
Arouna Sangante,SEN,DF,Le Havre,Ligue 1,21,2002,30,30,2687,29.9,0,0,0,0,0,0,8,0,0.9,0.9,1.2,2.1,20.0,107.0,27.0,0.0,0.0,0.0,0.0,0.0,0.03,0.04,0.07,0.03,0.07
Ibrahim Sangaré,CIV,MF,Nott'ham Forest,Premier League,25,1997,17,13,1035,11.5,0,0,0,0,0,0,6,0,0.6,0.6,0.4,1.0,5.0,44.0,7.0,0.0,0.0,0.0,0.0,0.0,0.06,0.03,0.09,0.06,0.09
Morgan Sanson,FRA,MF,Nice,Ligue 1,28,1994,29,24,1964,21.8,2,3,5,2,0,0,4,0,3.3,3.3,4.0,7.3,57.0,75.0,98.0,0.09,0.14,0.23,0.09,0.23,0.15,0.18,0.33,0.15,0.33
Nicola Sansone,ITA,FW,Lecce,Serie A,31,1991,25,4,767,8.5,2,2,4,2,0,0,4,0,2.8,2.8,1.3,4.1,15.0,36.0,75.0,0.23,0.23,0.47,0.23,0.47,0.33,0.15,0.48,0.33,0.48
Baptiste Santamaria,FRA,MF,Rennes,Ligue 1,28,1995,30,22,1926,21.4,0,1,1,0,0,0,3,0,1.9,1.9,0.6,2.5,13.0,134.0,36.0,0.0,0.05,0.05,0.0,0.05,0.09,0.03,0.12,0.09,0.12
Jesús Santiago,ESP,MF,Getafe,La Liga,19,2004,14,8,656,7.3,1,0,1,1,0,0,4,0,0.6,0.6,0.4,1.0,5.0,15.0,12.0,0.14,0.0,0.14,0.14,0.14,0.08,0.05,0.14,0.08,0.14
Andrey Santos,BRA,MF,Strasbourg,Ligue 1,19,2004,11,9,831,9.2,1,0,1,1,0,0,4,0,1.0,1.0,1.0,2.0,5.0,48.0,15.0,0.11,0.0,0.11,0.11,0.11,0.11,0.11,0.21,0.11,0.21
Tiago Santos,POR,DF,Lille,Ligue 1,21,2002,29,26,2365,26.3,1,2,3,1,0,0,6,0,1.4,1.4,2.3,3.6,89.0,105.0,137.0,0.04,0.08,0.11,0.04,0.11,0.05,0.09,0.14,0.05,0.14
Pablo Sarabia,ESP,MF,Wolves,Premier League,31,1992,30,20,1745,19.4,4,7,11,2,2,2,5,0,5.5,3.9,5.9,9.8,41.0,109.0,137.0,0.21,0.36,0.57,0.1,0.46,0.28,0.3,0.59,0.2,0.5
Ismaila Sarr,SEN,FW,Marseille,Ligue 1,25,1998,23,15,1447,16.1,3,4,7,3,0,0,1,0,3.2,3.2,2.5,5.7,49.0,36.0,152.0,0.19,0.25,0.44,0.19,0.44,0.2,0.15,0.35,0.2,0.35
Martin Satriano,URU,FW,Brest,Ligue 1,22,2001,33,21,1864,20.7,4,4,8,4,0,0,4,0,6.1,6.1,2.9,9.0,28.0,37.0,121.0,0.19,0.19,0.39,0.19,0.39,0.29,0.14,0.43,0.29,0.43
Téji Savanier,FRA,MF,Montpellier,Ligue 1,31,1991,32,32,2765,30.7,9,6,15,2,7,7,8,1,9.1,3.6,6.9,10.5,39.0,224.0,108.0,0.29,0.2,0.49,0.07,0.26,0.29,0.22,0.52,0.12,0.34
Stefan Savić,MNE,DF,Atlético Madrid,La Liga,32,1991,23,19,1630,18.1,0,0,0,0,0,0,7,1,0.3,0.3,0.1,0.5,14.0,66.0,2.0,0.0,0.0,0.0,0.0,0.0,0.02,0.01,0.03,0.02,0.03
Sávio,BRA,FW,Girona,La Liga,19,2004,37,35,2976,33.1,9,10,19,9,0,0,5,0,6.1,6.1,7.9,14.0,181.0,93.0,372.0,0.27,0.3,0.57,0.27,0.57,0.18,0.24,0.42,0.18,0.42
Joe Scally,USA,DF,Gladbach,Bundesliga,20,2002,31,25,2236,24.8,1,4,5,1,0,0,4,0,0.6,0.6,1.4,1.9,39.0,75.0,75.0,0.04,0.16,0.2,0.04,0.2,0.02,0.06,0.08,0.02,0.08
Giorgio Scalvini,ITA,DF,Atalanta,Serie A,19,2003,33,31,2544,28.3,1,3,4,1,0,0,3,0,1.4,1.4,1.1,2.5,30.0,116.0,33.0,0.04,0.11,0.14,0.04,0.14,0.05,0.04,0.09,0.05,0.09
Gianluca Scamacca,ITA,FW,Atalanta,Serie A,24,1999,29,17,1453,16.1,12,6,18,12,0,0,1,0,6.5,6.5,3.9,10.5,22.0,41.0,167.0,0.74,0.37,1.11,0.74,1.11,0.4,0.24,0.65,0.4,0.65
András Schäfer,HUN,MF,Union Berlin,Bundesliga,24,1999,20,14,1214,13.5,1,2,3,1,0,0,1,1,1.8,1.8,1.5,3.2,37.0,59.0,71.0,0.07,0.15,0.22,0.07,0.22,0.13,0.11,0.24,0.13,0.24
Fabian Schär,SUI,DF,Newcastle Utd,Premier League,31,1991,36,35,3054,33.9,4,1,5,4,0,0,5,0,2.5,2.5,0.7,3.3,28.0,133.0,20.0,0.12,0.03,0.15,0.12,0.15,0.07,0.02,0.1,0.07,0.1
Patrik Schick,CZE,FW,Leverkusen,Bundesliga,27,1996,20,12,1063,11.8,7,0,7,6,1,1,1,0,6.0,5.3,1.0,6.2,7.0,17.0,88.0,0.59,0.0,0.59,0.51,0.51,0.51,0.08,0.59,0.44,0.53
Xaver Schlager,AUT,MF,RB Leipzig,Bundesliga,25,1997,29,29,2477,27.5,0,5,5,0,0,0,7,0,1.1,1.1,2.6,3.6,73.0,230.0,45.0,0.0,0.18,0.18,0.0,0.18,0.04,0.09,0.13,0.04,0.13
Keven Schlotterbeck,GER,DF,Bochum,Bundesliga,26,1997,27,24,2185,24.3,5,1,6,5,0,0,9,0,2.0,2.0,0.6,2.7,9.0,93.0,15.0,0.21,0.04,0.25,0.21,0.25,0.08,0.03,0.11,0.08,0.11
Nico Schlotterbeck,GER,DF,Dortmund,Bundesliga,23,1999,33,32,2859,31.8,2,1,3,2,0,0,4,0,3.0,3.0,1.9,4.9,55.0,186.0,11.0,0.06,0.03,0.09,0.06,0.09,0.1,0.06,0.15,0.1,0.15
Jeffrey Schlupp,GHA,FW,Crystal Palace,Premier League,30,1992,29,17,1352,15.0,2,2,4,2,0,0,1,0,1.8,1.8,2.3,4.1,20.0,33.0,52.0,0.13,0.13,0.27,0.13,0.27,0.12,0.15,0.27,0.12,0.27
Romano Schmid,AUT,MF,Werder Bremen,Bundesliga,23,2000,33,30,2601,28.9,4,6,10,4,0,0,5,0,5.2,5.2,6.3,11.5,75.0,144.0,165.0,0.14,0.21,0.35,0.14,0.35,0.18,0.22,0.4,0.18,0.4
Niklas Schmidt,GER,MF,Toulouse,Ligue 1,25,1998,22,15,1269,14.1,1,1,2,1,0,0,4,0,1.2,1.2,2.4,3.6,20.0,106.0,43.0,0.07,0.07,0.14,0.07,0.14,0.09,0.17,0.26,0.09,0.26
Benno Schmitz,GER,DF,Köln,Bundesliga,28,1994,22,13,1155,12.8,0,1,1,0,0,0,5,0,0.2,0.2,0.3,0.5,27.0,70.0,47.0,0.0,0.08,0.08,0.0,0.08,0.02,0.02,0.04,0.02,0.04
Jan Schöppner,GER,MF,Heidenheim,Bundesliga,24,1999,26,23,1998,22.2,2,2,4,2,0,0,3,0,1.1,1.1,1.5,2.6,16.0,72.0,32.0,0.09,0.09,0.18,0.09,0.18,0.05,0.07,0.12,0.05,0.12
Marcel Schuhen,GER,GK,Darmstadt 98,Bundesliga,30,1993,31,31,2790,31.0,0,0,0,0,0,0,2,0,0.0,0.0,0.0,0.0,0.0,5.0,0.0,0.0,0.0,0.0,0.0,0.0,0.0,0.0,0.0,0.0,0.0
Perr Schuurs,NED,DF,Torino,Serie A,23,1999,9,9,770,8.6,1,0,1,1,0,0,2,0,0.7,0.7,0.0,0.7,9.0,19.0,4.0,0.12,0.0,0.12,0.12,0.12,0.08,0.0,0.08,0.08,0.08
Marvin Schwäbe,GER,GK,Köln,Bundesliga,28,1995,34,34,3060,34.0,0,0,0,0,0,0,0,0,0.0,0.0,0.1,0.1,0.0,3.0,0.0,0.0,0.0,0.0,0.0,0.0,0.0,0.0,0.0,0.0,0.0
Alex Scott,ENG,MF,Bournemouth,Premier League,19,2003,23,11,1014,11.3,1,1,2,1,0,0,3,0,0.7,0.7,1.7,2.4,24.0,50.0,35.0,0.09,0.09,0.18,0.09,0.18,0.06,0.15,0.22,0.06,0.22
Simone Scuffet,ITA,GK,Cagliari,Serie A,27,1996,31,31,2789,31.0,0,0,0,0,0,0,3,0,0.0,0.0,0.0,0.0,0.0,1.0,0.0,0.0,0.0,0.0,0.0,0.0,0.0,0.0,0.0,0.0,0.0
Aleksandar Sedlar,SRB,DF,Alavés,La Liga,31,1991,11,11,946,10.5,1,0,1,1,0,0,2,0,0.3,0.3,0.1,0.3,6.0,26.0,1.0,0.1,0.0,0.1,0.1,0.1,0.03,0.01,0.03,0.03,0.03
Alidu Seidu,GHA,DF,Rennes,Ligue 1,23,2000,11,7,593,6.6,0,0,0,0,0,0,3,0,0.2,0.2,0.1,0.3,14.0,23.0,24.0,0.0,0.0,0.0,0.0,0.0,0.04,0.01,0.05,0.04,0.05
Alidu Seidu,GHA,DF,Clermont Foot,Ligue 1,23,2000,14,13,1131,12.6,0,1,1,0,0,0,5,1,0.1,0.1,0.7,0.7,16.0,33.0,3.0,0.0,0.08,0.08,0.0,0.08,0.01,0.05,0.06,0.01,0.06
Nicolas Seiwald,AUT,MF,RB Leipzig,Bundesliga,22,2001,21,6,718,8.0,0,2,2,0,0,0,1,0,0.0,0.0,0.3,0.3,3.0,33.0,4.0,0.0,0.25,0.25,0.0,0.25,0.0,0.04,0.04,0.0,0.04
Davie Selke,GER,FW,Köln,Bundesliga,28,1995,19,16,1265,14.1,6,0,6,6,0,0,3,0,4.8,4.8,0.4,5.2,9.0,17.0,46.0,0.43,0.0,0.43,0.43,0.43,0.34,0.03,0.37,0.34,0.37
Matz Sels,BEL,GK,Nott'ham Forest,Premier League,31,1992,16,16,1440,16.0,0,0,0,0,0,0,1,0,0.0,0.0,0.1,0.1,0.0,0.0,0.0,0.0,0.0,0.0,0.0,0.0,0.0,0.0,0.0,0.0,0.0
Matz Sels,BEL,GK,Strasbourg,Ligue 1,31,1992,19,19,1710,19.0,0,0,0,0,0,0,2,0,0.0,0.0,0.5,0.5,0.0,0.0,0.0,0.0,0.0,0.0,0.0,0.0,0.0,0.03,0.03,0.0,0.03
Nélson Semedo,POR,DF,Wolves,Premier League,29,1993,36,36,3084,34.3,0,1,1,0,0,0,10,1,1.3,1.3,1.7,3.0,103.0,138.0,150.0,0.0,0.03,0.03,0.0,0.03,0.04,0.05,0.09,0.04,0.09
Antoine Semenyo,GHA,FW,Bournemouth,Premier League,23,2000,33,25,2105,23.4,8,2,10,8,0,0,6,0,4.6,4.6,3.2,7.8,89.0,64.0,188.0,0.34,0.09,0.43,0.34,0.43,0.2,0.14,0.34,0.2,0.34
Marvin Senaya,TOG,DF,Strasbourg,Ligue 1,22,2001,32,23,2138,23.8,1,1,2,1,0,0,5,1,1.2,1.2,2.8,4.0,48.0,74.0,81.0,0.04,0.04,0.08,0.04,0.08,0.05,0.12,0.17,0.05,0.17
Marcos Senesi,ARG,DF,Bournemouth,Premier League,26,1997,31,26,2242,24.9,4,5,9,4,0,0,13,0,2.0,2.0,1.7,3.7,31.0,127.0,4.0,0.16,0.2,0.36,0.16,0.36,0.08,0.07,0.15,0.08,0.15
Suat Serdar,GER,MF,Hellas Verona,Serie A,26,1997,25,19,1659,18.4,0,2,2,0,0,0,7,0,1.0,1.0,1.4,2.4,20.0,68.0,36.0,0.0,0.11,0.11,0.0,0.11,0.05,0.07,0.13,0.05,0.13
Benjamin Šeško,SVN,FW,RB Leipzig,Bundesliga,20,2003,31,17,1526,17.0,14,2,16,14,0,0,0,0,7.7,7.7,1.1,8.8,21.0,22.0,98.0,0.83,0.12,0.94,0.83,0.94,0.45,0.07,0.52,0.45,0.52
Kevin Sessa,GER,MF,Heidenheim,Bundesliga,23,2000,30,7,1011,11.2,3,0,3,3,0,0,1,0,2.9,2.9,1.3,4.2,29.0,51.0,48.0,0.27,0.0,0.27,0.27,0.27,0.25,0.12,0.37,0.25,0.37
Aaron Seydel,GER,FW,Darmstadt 98,Bundesliga,27,1996,16,5,619,6.9,1,0,1,1,0,0,1,0,1.0,1.0,0.7,1.7,7.0,10.0,35.0,0.15,0.0,0.15,0.15,0.15,0.15,0.1,0.25,0.15,0.25
Stephan El Shaarawy,ITA,FW,Roma,Serie A,30,1992,33,19,1738,19.3,3,4,7,3,0,0,2,0,2.5,2.5,2.3,4.8,46.0,44.0,131.0,0.16,0.21,0.36,0.16,0.36,0.13,0.12,0.25,0.13,0.25
Luke Shaw,ENG,DF,Manchester Utd,Premier League,28,1995,12,12,959,10.7,0,0,0,0,0,0,6,0,0.0,0.0,1.0,1.0,10.0,45.0,30.0,0.0,0.0,0.0,0.0,0.0,0.0,0.09,0.1,0.0,0.1
Eldor Shomurodov,UZB,FW,Cagliari,Serie A,28,1995,22,10,936,10.4,3,3,6,3,0,0,1,0,3.5,3.5,1.7,5.2,12.0,18.0,52.0,0.29,0.29,0.58,0.29,0.58,0.34,0.16,0.5,0.34,0.5
Vincent Sierro,SUI,MF,Toulouse,Ligue 1,27,1995,30,25,2261,25.1,6,2,8,2,4,5,8,0,5.9,1.9,2.3,4.2,17.0,135.0,73.0,0.24,0.08,0.32,0.08,0.16,0.23,0.09,0.33,0.08,0.17
Tim Siersleben,GER,DF,Heidenheim,Bundesliga,23,2000,14,10,910,10.1,0,0,0,0,0,0,1,0,0.2,0.2,0.5,0.7,12.0,48.0,1.0,0.0,0.0,0.0,0.0,0.0,0.02,0.05,0.07,0.02,0.07
Kiliann Sildillia,FRA,DF,Freiburg,Bundesliga,21,2002,27,20,1806,20.1,0,1,1,0,0,0,2,1,0.6,0.6,0.8,1.4,22.0,70.0,58.0,0.0,0.05,0.05,0.0,0.05,0.03,0.04,0.07,0.03,0.07
André Silva,POR,FW,Real Sociedad,La Liga,27,1995,19,9,729,8.1,3,0,3,2,1,1,1,0,3.3,2.5,0.3,2.8,5.0,7.0,44.0,0.37,0.0,0.37,0.25,0.25,0.41,0.04,0.45,0.31,0.35
Bernardo Silva,POR,MF,Manchester City,Premier League,28,1994,33,29,2578,28.6,6,9,15,6,0,0,8,0,3.7,3.7,7.6,11.3,140.0,177.0,260.0,0.21,0.31,0.52,0.21,0.52,0.13,0.27,0.4,0.13,0.4
Caio Henrique Oliveira Silva,BRA,DF,Monaco,Ligue 1,26,1997,9,7,623,6.9,0,5,5,0,0,0,0,0,0.2,0.2,1.3,1.5,16.0,33.0,54.0,0.0,0.72,0.72,0.0,0.72,0.03,0.18,0.22,0.03,0.22
Rui Silva,POR,GK,Betis,La Liga,29,1994,28,28,2475,27.5,0,0,0,0,0,0,4,0,0.0,0.0,0.0,0.0,0.0,1.0,1.0,0.0,0.0,0.0,0.0,0.0,0.0,0.0,0.0,0.0,0.0
Thiago Silva,BRA,DF,Chelsea,Premier League,38,1984,31,28,2527,28.1,3,1,4,3,0,0,4,0,0.8,0.8,1.0,1.8,2.0,102.0,5.0,0.11,0.04,0.14,0.11,0.14,0.03,0.04,0.06,0.03,0.06
Marco Silvestri,ITA,GK,Udinese,Serie A,32,1991,17,17,1530,17.0,0,0,0,0,0,0,0,0,0.0,0.0,0.0,0.0,0.0,0.0,0.0,0.0,0.0,0.0,0.0,0.0,0.0,0.0,0.0,0.0,0.0
Mohamed Simakan,FRA,DF,RB Leipzig,Bundesliga,23,2000,32,23,2138,23.8,2,3,5,2,0,0,8,0,3.9,3.9,3.3,7.2,34.0,106.0,76.0,0.08,0.13,0.21,0.08,0.21,0.16,0.14,0.3,0.16,0.3
Giovanni Simeone,ARG,FW,Napoli,Serie A,28,1995,28,8,800,8.9,1,0,1,1,0,0,3,0,3.4,3.4,0.6,3.9,11.0,13.0,76.0,0.11,0.0,0.11,0.11,0.11,0.38,0.06,0.44,0.38,0.44
Giuliano Simeone,ARG,FW,Alavés,La Liga,20,2002,14,6,630,7.0,1,2,3,1,0,1,1,0,2.4,1.6,2.0,3.6,25.0,24.0,47.0,0.14,0.29,0.43,0.14,0.43,0.34,0.29,0.63,0.23,0.52
Moses Simon,NGA,FW,Nantes,Ligue 1,28,1995,22,21,1788,19.9,3,5,8,2,1,1,0,0,4.1,3.3,3.7,7.0,146.0,36.0,214.0,0.15,0.25,0.4,0.1,0.35,0.21,0.18,0.39,0.17,0.35
Unai Simón,ESP,GK,Athletic Club,La Liga,26,1997,36,36,3182,35.4,0,0,0,0,0,0,2,0,0.0,0.0,0.0,0.0,0.0,0.0,0.0,0.0,0.0,0.0,0.0,0.0,0.0,0.0,0.0,0.0,0.0
Xavi Simons,NED,MF,RB Leipzig,Bundesliga,20,2003,32,32,2653,29.5,8,11,19,7,1,2,11,1,8.3,6.7,9.8,16.4,151.0,187.0,216.0,0.27,0.37,0.64,0.24,0.61,0.28,0.33,0.61,0.23,0.56
Wilfried Singo,CIV,DF,Monaco,Ligue 1,22,2000,25,24,2187,24.3,1,1,2,1,0,0,8,1,0.8,0.8,1.0,1.9,38.0,145.0,31.0,0.04,0.04,0.08,0.04,0.08,0.03,0.04,0.08,0.03,0.08
Luis Sinisterra,COL,FW,Bournemouth,Premier League,24,1999,20,7,699,7.8,2,2,4,2,0,0,0,0,2.5,2.5,2.4,5.0,51.0,38.0,85.0,0.26,0.26,0.52,0.26,0.52,0.33,0.31,0.64,0.33,0.64
Jailson Siqueira,BRA,DF,Celta Vigo,La Liga,27,1995,14,9,897,10.0,0,1,1,0,0,0,1,0,0.2,0.2,0.5,0.7,16.0,38.0,8.0,0.0,0.1,0.1,0.0,0.1,0.02,0.05,0.07,0.02,0.07
Ibrahima Sissoko,MLI,MF,Strasbourg,Ligue 1,25,1997,27,18,1642,18.2,0,1,1,0,0,0,7,0,1.0,1.0,1.7,2.6,15.0,88.0,18.0,0.0,0.05,0.05,0.0,0.05,0.05,0.09,0.14,0.05,0.14
Moussa Sissoko,FRA,MF,Nantes,Ligue 1,33,1989,26,21,1821,20.2,0,0,0,0,0,0,7,0,1.3,1.3,1.1,2.3,30.0,74.0,59.0,0.0,0.0,0.0,0.0,0.0,0.06,0.05,0.12,0.06,0.12
Antonio Sivera,ESP,GK,Alavés,La Liga,26,1996,34,34,3060,34.0,0,0,0,0,0,0,3,0,0.0,0.0,0.1,0.1,0.0,0.0,0.0,0.0,0.0,0.0,0.0,0.0,0.0,0.0,0.0,0.0,0.0
Tim Skarke,GER,FW,Darmstadt 98,Bundesliga,26,1996,30,29,2404,26.7,8,0,8,8,0,0,7,0,3.6,3.6,2.1,5.7,61.0,80.0,190.0,0.3,0.0,0.3,0.3,0.3,0.13,0.08,0.21,0.13,0.21
Ellyes Skhiri,TUN,MF,Eint Frankfurt,Bundesliga,28,1995,27,24,2168,24.1,2,2,4,2,0,0,1,0,2.3,2.3,1.0,3.3,10.0,110.0,28.0,0.08,0.08,0.17,0.08,0.17,0.1,0.04,0.14,0.1,0.14
Oliver Skipp,ENG,MF,Tottenham,Premier League,22,2000,21,5,707,7.9,0,0,0,0,0,0,3,0,0.7,0.7,0.6,1.3,8.0,37.0,25.0,0.0,0.0,0.0,0.0,0.0,0.09,0.07,0.16,0.09,0.16
Leo Skiri Østigård,NOR,DF,Napoli,Serie A,23,1999,25,18,1625,18.1,1,0,1,1,0,0,3,0,0.6,0.6,0.1,0.7,13.0,76.0,3.0,0.06,0.0,0.06,0.06,0.06,0.03,0.0,0.04,0.03,0.04
Łukasz Skorupski,POL,GK,Bologna,Serie A,32,1991,32,32,2880,32.0,0,0,0,0,0,0,2,0,0.0,0.0,0.0,0.0,0.0,1.0,0.0,0.0,0.0,0.0,0.0,0.0,0.0,0.0,0.0,0.0,0.0
Robert Skov,DEN,DF,Hoffenheim,Bundesliga,27,1996,25,14,1260,14.0,3,4,7,3,0,0,2,0,1.8,1.8,1.9,3.7,28.0,71.0,92.0,0.21,0.29,0.5,0.21,0.5,0.13,0.14,0.26,0.13,0.26
Milan Škriniar,SVK,DF,Paris S-G,Ligue 1,28,1995,24,17,1629,18.1,0,0,0,0,0,0,1,0,0.2,0.2,0.1,0.2,5.0,61.0,1.0,0.0,0.0,0.0,0.0,0.0,0.01,0.0,0.01,0.01,0.01
Adam Smith,ENG,DF,Bournemouth,Premier League,32,1991,28,25,2150,23.9,0,2,2,0,0,0,6,0,0.1,0.1,1.3,1.4,24.0,89.0,28.0,0.0,0.08,0.08,0.0,0.08,0.0,0.05,0.06,0.0,0.06
Rubén Sobrino,ESP,MF,Cádiz,La Liga,31,1992,32,18,1646,18.3,0,1,1,0,0,0,8,1,1.8,1.8,2.3,4.1,27.0,34.0,78.0,0.0,0.05,0.05,0.0,0.05,0.1,0.12,0.22,0.1,0.22
Alex Sola,ESP,FW,Alavés,La Liga,24,1999,29,14,1262,14.0,0,3,3,0,0,0,2,0,1.6,1.6,2.3,3.9,40.0,42.0,103.0,0.0,0.21,0.21,0.0,0.21,0.12,0.16,0.28,0.12,0.28
Dominic Solanke,ENG,FW,Bournemouth,Premier League,25,1997,38,37,3325,36.9,19,3,22,17,2,3,3,0,19.6,17.2,3.0,20.3,52.0,60.0,184.0,0.51,0.08,0.6,0.46,0.54,0.53,0.08,0.61,0.47,0.55
Carlos Soler,ESP,MF,Paris S-G,Ligue 1,26,1997,24,12,1090,12.1,2,2,4,2,0,0,1,0,1.5,1.5,2.4,3.9,15.0,74.0,59.0,0.17,0.17,0.33,0.17,0.33,0.12,0.2,0.32,0.12,0.32
Yann Sommer,SUI,GK,Inter,Serie A,34,1988,34,34,3060,34.0,0,0,0,0,0,0,1,0,0.0,0.0,0.0,0.0,0.0,0.0,0.0,0.0,0.0,0.0,0.0,0.0,0.0,0.0,0.0,0.0,0.0
David Soria,ESP,GK,Getafe,La Liga,30,1993,38,38,3413,37.9,0,0,0,0,0,0,3,0,0.0,0.0,0.0,0.0,0.0,0.0,0.0,0.0,0.0,0.0,0.0,0.0,0.0,0.0,0.0,0.0,0.0
Alessandro Sorrentino,ITA,GK,Monza,Serie A,21,2002,7,5,548,6.1,0,0,0,0,0,0,0,0,0.0,0.0,0.0,0.0,0.0,0.0,0.0,0.0,0.0,0.0,0.0,0.0,0.0,0.0,0.0,0.0,0.0
Hugo Sotelo,ESP,MF,Celta Vigo,La Liga,19,2003,17,8,721,8.0,0,1,1,0,0,0,1,0,0.3,0.3,1.6,1.9,16.0,55.0,13.0,0.0,0.12,0.12,0.0,0.12,0.04,0.19,0.24,0.04,0.24
Florian Sotoca,FRA,MF,Lens,Ligue 1,32,1990,32,29,2598,28.9,7,6,13,3,4,4,4,1,9.1,5.9,6.5,12.4,56.0,156.0,253.0,0.24,0.21,0.45,0.1,0.31,0.32,0.22,0.54,0.21,0.43
Riccardo Sottil,ITA,FW,Fiorentina,Serie A,24,1999,22,13,1103,12.3,2,3,5,2,0,0,1,0,2.6,2.6,2.5,5.1,66.0,33.0,139.0,0.16,0.24,0.41,0.16,0.41,0.21,0.2,0.41,0.21,0.41
Tomáš Souček,CZE,MF,West Ham,Premier League,28,1995,37,34,2870,31.9,7,2,9,7,0,0,7,0,6.7,6.7,1.7,8.4,7.0,86.0,39.0,0.22,0.06,0.28,0.22,0.28,0.21,0.05,0.26,0.21,0.26
Matìas Soulé,ARG,FW,Frosinone,Serie A,20,2003,36,36,3121,34.7,11,3,14,6,5,6,4,0,10.5,5.7,6.6,12.3,115.0,198.0,211.0,0.32,0.09,0.4,0.17,0.26,0.3,0.19,0.49,0.17,0.36
Boubakary Soumaré,FRA,MF,Sevilla,La Liga,24,1999,28,26,2286,25.4,0,1,1,0,0,0,10,0,0.0,0.0,0.9,1.0,29.0,102.0,22.0,0.0,0.04,0.04,0.0,0.04,0.0,0.04,0.04,0.0,0.04
Vinicius Souza,BRA,MF,Sheffield Utd,Premier League,24,1999,36,29,2668,29.6,1,0,1,1,0,0,3,0,0.6,0.6,0.2,0.8,7.0,66.0,21.0,0.03,0.0,0.03,0.03,0.03,0.02,0.01,0.03,0.02,0.03
Djibril Sow,SUI,MF,Sevilla,La Liga,26,1997,24,18,1460,16.2,1,1,2,1,0,0,6,0,1.5,1.5,0.8,2.3,25.0,73.0,45.0,0.06,0.06,0.12,0.06,0.12,0.09,0.05,0.14,0.09,0.14
Saidou Sow,GUI,DF,Strasbourg,Ligue 1,21,2002,10,8,719,8.0,0,1,1,0,0,0,2,0,0.3,0.3,0.5,0.8,1.0,24.0,0.0,0.0,0.13,0.13,0.0,0.13,0.04,0.06,0.1,0.04,0.1
Djed Spence,ENG,DF,Genoa,Serie A,22,2000,16,8,859,9.5,0,0,0,0,0,0,1,0,0.2,0.2,0.3,0.4,17.0,25.0,31.0,0.0,0.0,0.0,0.0,0.0,0.02,0.03,0.04,0.02,0.04
Stijn Spierings,NED,MF,Toulouse,Ligue 1,27,1996,22,16,1516,16.8,0,1,1,0,0,0,5,0,0.4,0.4,0.6,1.0,16.0,157.0,22.0,0.0,0.06,0.06,0.0,0.06,0.02,0.03,0.06,0.02,0.06
Leonardo Spinazzola,ITA,DF,Roma,Serie A,30,1993,24,15,1312,14.6,1,2,3,1,0,0,0,0,0.2,0.2,3.0,3.2,108.0,52.0,74.0,0.07,0.14,0.21,0.07,0.21,0.02,0.21,0.22,0.02,0.22
Marco Sportiello,ITA,GK,Milan,Serie A,31,1992,7,7,630,7.0,0,0,0,0,0,0,0,0,0.0,0.0,0.0,0.0,0.0,0.0,0.0,0.0,0.0,0.0,0.0,0.0,0.0,0.0,0.0,0.0,0.0
Anton Stach,GER,MF,Hoffenheim,Bundesliga,24,1998,31,26,2321,25.8,2,3,5,2,0,0,4,0,1.7,1.7,3.5,5.2,49.0,143.0,46.0,0.08,0.12,0.19,0.08,0.19,0.07,0.13,0.2,0.07,0.2
Jens Stage,DEN,MF,Werder Bremen,Bundesliga,26,1996,30,26,2327,25.9,3,1,4,3,0,0,5,1,4.4,4.4,1.9,6.3,24.0,85.0,60.0,0.12,0.04,0.15,0.12,0.15,0.17,0.07,0.24,0.17,0.24
Josip Stanišić,CRO,DF,Leverkusen,Bundesliga,23,2000,20,13,1261,14.0,3,1,4,3,0,0,3,0,0.8,0.8,1.7,2.4,49.0,92.0,63.0,0.21,0.07,0.29,0.21,0.29,0.05,0.12,0.17,0.05,0.17
Carl Starfelt,SWE,DF,Celta Vigo,La Liga,28,1995,27,26,2216,24.6,1,0,1,1,0,0,4,0,1.4,1.4,0.2,1.6,5.0,38.0,1.0,0.04,0.0,0.04,0.04,0.04,0.06,0.01,0.06,0.06,0.06
Niklas Stark,GER,DF,Werder Bremen,Bundesliga,28,1995,17,12,1088,12.1,2,0,2,2,0,0,4,0,0.2,0.2,0.0,0.2,5.0,37.0,1.0,0.17,0.0,0.17,0.17,0.17,0.02,0.0,0.02,0.02,0.02
Jason Steele,ENG,GK,Brighton,Premier League,32,1990,17,17,1530,17.0,0,0,0,0,0,0,0,0,0.0,0.0,0.0,0.0,0.0,0.0,0.0,0.0,0.0,0.0,0.0,0.0,0.0,0.0,0.0,0.0,0.0
Pascal Stenzel,GER,DF,Stuttgart,Bundesliga,27,1996,23,14,1064,11.8,0,5,5,0,0,0,3,1,0.3,0.3,3.2,3.5,34.0,85.0,46.0,0.0,0.42,0.42,0.0,0.42,0.03,0.27,0.29,0.03,0.29
Leonidas Stergiou,SUI,DF,Stuttgart,Bundesliga,21,2002,15,6,594,6.6,1,0,1,1,0,0,0,0,0.4,0.4,0.4,0.8,6.0,17.0,22.0,0.15,0.0,0.15,0.15,0.15,0.05,0.06,0.11,0.05,0.11
Raheem Sterling,ENG,FW,Chelsea,Premier League,28,1994,31,22,1978,22.0,8,4,12,8,0,0,7,0,6.5,6.5,4.5,11.0,120.0,78.0,242.0,0.36,0.18,0.55,0.36,0.55,0.29,0.2,0.5,0.29,0.5
Angelo Stiller,GER,MF,Stuttgart,Bundesliga,22,2001,31,30,2694,29.9,1,5,6,1,0,0,5,0,1.6,1.6,5.1,6.7,37.0,220.0,71.0,0.03,0.17,0.2,0.03,0.2,0.05,0.17,0.22,0.05,0.22
Kevin Stöger,AUT,MF,Bochum,Bundesliga,29,1993,32,32,2668,29.6,7,10,17,3,4,4,8,0,6.2,3.1,9.9,12.9,81.0,283.0,139.0,0.24,0.34,0.57,0.1,0.44,0.21,0.33,0.54,0.1,0.44
John Stones,ENG,DF,Manchester City,Premier League,29,1994,16,12,1064,11.8,1,0,1,1,0,0,2,0,1.0,1.0,0.2,1.3,16.0,57.0,24.0,0.08,0.0,0.08,0.08,0.08,0.09,0.02,0.11,0.09,0.11
Jørgen Strand Larsen,NOR,FW,Celta Vigo,La Liga,23,2000,37,36,2863,31.8,13,3,16,13,0,0,5,0,14.5,14.5,2.5,17.0,33.0,25.0,183.0,0.41,0.09,0.5,0.41,0.5,0.46,0.08,0.54,0.46,0.54
Gabriel Strefezza,BRA,FW,Lecce,Serie A,26,1997,19,13,1112,12.4,1,0,1,0,1,1,4,0,2.5,1.7,1.2,2.8,34.0,54.0,81.0,0.08,0.0,0.08,0.0,0.0,0.2,0.09,0.29,0.14,0.23
Kevin Strootman,NED,MF,Genoa,Serie A,33,1990,27,15,1207,13.4,0,2,2,0,0,0,4,0,0.1,0.1,1.3,1.4,13.0,61.0,22.0,0.0,0.15,0.15,0.0,0.15,0.01,0.1,0.1,0.01,0.1
Cristhian Stuani,URU,FW,Girona,La Liga,36,1986,31,5,804,8.9,9,3,12,9,0,0,6,0,9.6,9.6,1.9,11.5,3.0,5.0,24.0,1.01,0.34,1.34,1.01,1.34,1.08,0.21,1.29,1.08,1.29
Álex Suárez,ESP,DF,Las Palmas,La Liga,30,1993,32,30,2562,28.5,2,0,2,2,0,0,7,0,1.2,1.2,0.2,1.4,12.0,109.0,15.0,0.07,0.0,0.07,0.07,0.07,0.04,0.01,0.05,0.04,0.05
Damián Suárez,URU,DF,Getafe,La Liga,35,1988,16,15,1299,14.4,0,2,2,0,0,0,7,1,0.3,0.3,0.8,1.2,20.0,58.0,47.0,0.0,0.14,0.14,0.0,0.14,0.02,0.06,0.08,0.02,0.08
Gabriel Suazo,CHI,DF,Toulouse,Ligue 1,25,1997,31,27,2357,26.2,0,4,4,0,0,0,5,0,0.7,0.7,3.0,3.7,44.0,114.0,166.0,0.0,0.15,0.15,0.0,0.15,0.03,0.12,0.14,0.03,0.14
Isaac Success,NGA,FW,Udinese,Serie A,27,1996,27,9,880,9.8,1,1,2,1,0,1,4,0,2.7,1.9,1.1,3.0,15.0,17.0,51.0,0.1,0.1,0.2,0.1,0.2,0.28,0.11,0.39,0.2,0.31
Niklas Süle,GER,DF,Dortmund,Bundesliga,27,1995,23,14,1514,16.8,1,0,1,1,0,0,0,0,0.4,0.4,0.2,0.6,19.0,83.0,9.0,0.06,0.0,0.06,0.06,0.06,0.03,0.01,0.04,0.03,0.04
Ibrahim Sulemana,GHA,MF,Cagliari,Serie A,20,2003,21,16,1339,14.9,2,0,2,2,0,0,4,0,0.8,0.8,0.1,0.9,15.0,27.0,14.0,0.13,0.0,0.13,0.13,0.13,0.05,0.01,0.06,0.05,0.06
Tomáš Suslov,SVK,MF,Hellas Verona,Serie A,21,2002,32,23,2092,23.2,3,5,8,2,1,1,7,0,3.5,2.6,3.6,6.2,46.0,64.0,74.0,0.13,0.22,0.34,0.09,0.3,0.15,0.15,0.31,0.11,0.26
Suso,ESP,MF,Sevilla,La Liga,29,1993,29,15,1517,16.9,1,4,5,1,0,0,5,1,1.4,1.4,3.9,5.3,41.0,110.0,109.0,0.06,0.24,0.3,0.06,0.3,0.08,0.23,0.32,0.08,0.32
Mattias Svanberg,SWE,MF,Wolfsburg,Bundesliga,24,1999,25,20,1715,19.1,1,3,4,1,0,0,8,0,3.0,3.0,2.3,5.3,28.0,84.0,52.0,0.05,0.16,0.21,0.05,0.21,0.15,0.12,0.28,0.15,0.28
Mile Svilar,SRB,GK,Roma,Serie A,23,1999,15,15,1350,15.0,0,0,0,0,0,0,1,0,0.0,0.0,0.0,0.0,0.0,0.0,0.0,0.0,0.0,0.0,0.0,0.0,0.0,0.0,0.0,0.0,0.0
Karol Świderski,POL,FW,Hellas Verona,Serie A,26,1997,15,3,504,5.6,2,0,2,2,0,0,0,0,1.7,1.7,0.4,2.2,3.0,13.0,19.0,0.36,0.0,0.36,0.36,0.36,0.31,0.08,0.39,0.31,0.39
Abakar Sylla,CIV,DF,Strasbourg,Ligue 1,20,2002,22,19,1792,19.9,2,0,2,2,0,0,4,0,1.6,1.6,0.5,2.0,8.0,72.0,2.0,0.1,0.0,0.1,0.1,0.1,0.08,0.02,0.1,0.08,0.1
Issiaga Sylla,GUI,DF,Montpellier,Ligue 1,29,1994,19,17,1455,16.2,1,2,3,1,0,0,3,0,1.4,1.4,1.7,3.1,29.0,43.0,51.0,0.06,0.12,0.19,0.06,0.19,0.09,0.11,0.19,0.09,0.19
Wojciech Szczęsny,POL,GK,Juventus,Serie A,33,1990,35,35,3150,35.0,0,0,0,0,0,0,1,0,0.0,0.0,0.0,0.0,0.0,0.0,0.0,0.0,0.0,0.0,0.0,0.0,0.0,0.0,0.0,0.0,0.0
Dominik Szoboszlai,HUN,MF,Liverpool,Premier League,22,2000,33,25,2104,23.4,3,2,5,3,0,0,1,0,3.7,3.7,5.8,9.5,75.0,152.0,160.0,0.13,0.09,0.21,0.13,0.21,0.16,0.25,0.4,0.16,0.4
Alexander Sørloth,NOR,FW,Villarreal,La Liga,27,1995,34,30,2489,27.7,23,6,29,23,0,0,3,0,12.3,12.3,4.4,16.7,48.0,40.0,159.0,0.83,0.22,1.05,0.83,1.05,0.44,0.16,0.6,0.44,0.6
Musa Al-Taamari,JOR,FW,Montpellier,Ligue 1,26,1997,27,24,1928,21.4,5,2,7,5,0,0,0,0,3.6,3.6,3.5,7.1,81.0,54.0,168.0,0.23,0.09,0.33,0.23,0.33,0.17,0.16,0.33,0.17,0.33
Nicolás Tagliafico,ARG,DF,Lyon,Ligue 1,30,1992,25,25,2123,23.6,3,1,4,3,0,0,7,1,2.6,2.6,1.0,3.5,32.0,105.0,119.0,0.13,0.04,0.17,0.13,0.17,0.11,0.04,0.15,0.11,0.15
Jonathan Tah,GER,DF,Leverkusen,Bundesliga,27,1996,31,30,2631,29.2,4,1,5,4,0,0,6,0,2.1,2.1,0.3,2.3,17.0,133.0,4.0,0.14,0.03,0.17,0.14,0.17,0.07,0.01,0.08,0.07,0.08
Montassar Talbi,TUN,DF,Lorient,Ligue 1,25,1998,25,25,2204,24.5,0,0,0,0,0,0,2,0,0.6,0.6,0.2,0.8,15.0,88.0,7.0,0.0,0.0,0.0,0.0,0.0,0.02,0.01,0.03,0.02,0.03
Adrien Tameze,CMR,DF,Torino,Serie A,29,1994,29,25,2146,23.8,0,2,2,0,0,0,6,1,0.7,0.7,2.2,2.9,22.0,90.0,39.0,0.0,0.08,0.08,0.0,0.08,0.03,0.09,0.12,0.03,0.12
Renato Tapia,PER,MF,Celta Vigo,La Liga,28,1995,21,15,1337,14.9,0,0,0,0,0,0,5,1,1.0,1.0,0.6,1.6,9.0,61.0,14.0,0.0,0.0,0.0,0.0,0.0,0.07,0.04,0.11,0.07,0.11
Edmond Tapsoba,BFA,DF,Leverkusen,Bundesliga,24,1999,28,23,2087,23.2,0,1,1,0,0,0,4,0,1.0,1.0,1.0,2.0,49.0,164.0,12.0,0.0,0.04,0.04,0.0,0.04,0.04,0.04,0.08,0.04,0.08
Oussama Targhalline,MAR,MF,Le Havre,Ligue 1,21,2002,14,12,1025,11.4,0,0,0,0,0,0,4,1,0.2,0.2,0.4,0.6,27.0,70.0,15.0,0.0,0.0,0.0,0.0,0.0,0.02,0.03,0.05,0.02,0.05
James Tarkowski,ENG,DF,Everton,Premier League,30,1992,38,38,3419,38.0,1,1,2,1,0,0,11,0,2.6,2.6,2.5,5.1,15.0,130.0,20.0,0.03,0.03,0.05,0.03,0.05,0.07,0.06,0.13,0.07,0.13
Nuno Tavares,POR,DF,Nott'ham Forest,Premier League,23,2000,8,5,457,5.1,0,0,0,0,0,0,2,0,0.2,0.2,0.5,0.7,14.0,24.0,12.0,0.0,0.0,0.0,0.0,0.0,0.03,0.1,0.13,0.03,0.13
Marcus Tavernier,ENG,FW,Bournemouth,Premier League,24,1999,30,25,2118,23.5,3,4,7,3,0,0,3,0,3.9,3.9,5.2,9.1,79.0,84.0,171.0,0.13,0.17,0.3,0.13,0.3,0.17,0.22,0.39,0.17,0.39
Charlie Taylor,ENG,DF,Burnley,Premier League,29,1993,28,25,2331,25.9,1,1,2,1,0,0,8,0,0.2,0.2,1.2,1.5,36.0,82.0,81.0,0.04,0.04,0.08,0.04,0.08,0.01,0.05,0.06,0.01,0.06
Loum Tchaouna,FRA,FW,Salernitana,Serie A,19,2003,33,23,2100,23.3,4,3,7,4,0,0,4,0,2.6,2.6,1.5,4.1,72.0,59.0,151.0,0.17,0.13,0.3,0.17,0.3,0.11,0.06,0.18,0.11,0.18
Jackson Tchatchoua,CMR,DF,Hellas Verona,Serie A,21,2001,26,19,1725,19.2,0,2,2,0,0,0,2,0,0.0,0.0,1.3,1.3,34.0,53.0,66.0,0.0,0.1,0.1,0.0,0.1,0.0,0.07,0.07,0.0,0.07
Enzo Tchato,CMR,DF,Montpellier,Ligue 1,20,2002,17,11,1125,12.5,0,0,0,0,0,0,2,0,0.3,0.3,0.3,0.6,26.0,46.0,57.0,0.0,0.0,0.0,0.0,0.0,0.03,0.03,0.05,0.03,0.05
Aurélien Tchouaméni,FRA,MF,Real Madrid,La Liga,23,2000,27,22,1987,22.1,3,1,4,3,0,0,7,0,1.3,1.3,0.9,2.1,28.0,111.0,15.0,0.14,0.05,0.18,0.14,0.18,0.06,0.04,0.1,0.06,0.1
Mathys Tel,FRA,FW,Bayern Munich,Bundesliga,18,2005,30,6,1050,11.7,7,5,12,7,0,0,2,0,3.7,3.7,2.3,6.0,45.0,27.0,122.0,0.6,0.43,1.03,0.6,1.03,0.32,0.2,0.52,0.32,0.52
Nathan Tella,NGA,DF,Leverkusen,Bundesliga,24,1999,24,8,819,9.1,5,2,7,5,0,0,2,0,3.5,3.5,3.2,6.7,35.0,28.0,114.0,0.55,0.22,0.77,0.55,0.77,0.38,0.35,0.73,0.38,0.73
Nahuel Tenaglia,ARG,DF,Alavés,La Liga,27,1996,25,11,1141,12.7,1,0,1,1,0,0,5,0,0.6,0.6,0.5,1.2,17.0,45.0,24.0,0.08,0.0,0.08,0.08,0.08,0.05,0.04,0.09,0.05,0.09
Arnau Tenas,ESP,GK,Paris S-G,Ligue 1,22,2001,6,5,529,5.9,0,1,1,0,0,0,0,0,0.0,0.0,0.8,0.8,0.0,0.0,0.0,0.0,0.17,0.17,0.0,0.17,0.0,0.13,0.13,0.0,0.13
Marc-André ter Stegen,GER,GK,Barcelona,La Liga,31,1992,28,28,2520,28.0,0,0,0,0,0,0,3,0,0.0,0.0,0.1,0.1,0.0,1.0,0.0,0.0,0.0,0.0,0.0,0.0,0.0,0.0,0.0,0.0,0.0
Filippo Terracciano,ITA,DF,Hellas Verona,Serie A,20,2003,18,14,1296,14.4,0,1,1,0,0,0,1,0,0.3,0.3,1.0,1.3,26.0,51.0,28.0,0.0,0.07,0.07,0.0,0.07,0.02,0.07,0.09,0.02,0.09
Pietro Terracciano,ITA,GK,Fiorentina,Serie A,33,1990,33,33,2970,33.0,0,0,0,0,0,0,3,0,0.0,0.0,0.2,0.2,0.0,0.0,0.0,0.0,0.0,0.0,0.0,0.0,0.0,0.01,0.01,0.0,0.01
Ramón Terrats,ESP,MF,Villarreal,La Liga,22,2000,19,6,785,8.7,0,2,2,0,0,0,4,0,0.4,0.4,1.6,1.9,19.0,38.0,54.0,0.0,0.23,0.23,0.0,0.23,0.04,0.18,0.22,0.04,0.22
Martin Terrier,FRA,FW,Rennes,Ligue 1,26,1997,24,19,1527,17.0,7,3,10,7,0,0,2,1,5.2,5.2,2.6,7.8,28.0,58.0,112.0,0.41,0.18,0.59,0.41,0.59,0.31,0.15,0.46,0.31,0.46
Kenny Tete,NED,DF,Fulham,Premier League,27,1995,14,10,867,9.6,1,0,1,1,0,0,2,0,0.9,0.9,0.4,1.2,20.0,54.0,38.0,0.1,0.0,0.1,0.1,0.1,0.09,0.04,0.13,0.09,0.13
Teddy Teuma,MLT,MF,Reims,Ligue 1,29,1993,28,25,2113,23.5,6,3,9,5,1,1,7,0,3.1,2.3,3.7,6.0,29.0,157.0,112.0,0.26,0.13,0.38,0.21,0.34,0.13,0.16,0.29,0.1,0.26
Florian Thauvin,FRA,FW,Udinese,Serie A,30,1993,29,19,1710,19.0,5,3,8,4,1,1,4,0,4.7,3.9,4.2,8.2,71.0,69.0,97.0,0.26,0.16,0.42,0.21,0.37,0.25,0.22,0.47,0.21,0.43
Arthur Theate,BEL,DF,Rennes,Ligue 1,23,2000,28,27,2296,25.5,2,0,2,2,0,0,4,0,1.9,1.9,0.8,2.7,33.0,151.0,24.0,0.08,0.0,0.08,0.08,0.08,0.07,0.03,0.11,0.07,0.11
Norman Theuerkauf,GER,MF,Heidenheim,Bundesliga,36,1987,25,14,1259,14.0,0,1,1,0,0,0,3,0,0.4,0.4,0.8,1.2,15.0,46.0,17.0,0.0,0.07,0.07,0.0,0.07,0.03,0.06,0.09,0.03,0.09
Malick Thiaw,GER,DF,Milan,Serie A,21,2001,21,19,1619,18.0,0,1,1,0,0,0,5,1,0.6,0.6,0.1,0.7,15.0,70.0,1.0,0.0,0.06,0.06,0.0,0.06,0.03,0.01,0.04,0.03,0.04
Jan Thielmann,GER,FW,Köln,Bundesliga,21,2002,22,20,1579,17.5,1,0,1,1,0,0,4,1,2.3,2.3,1.1,3.3,46.0,51.0,69.0,0.06,0.0,0.06,0.06,0.06,0.13,0.06,0.19,0.13,0.19
Luke Thomas,ENG,DF,Sheffield Utd,Premier League,22,2001,12,11,917,10.2,0,0,0,0,0,0,3,0,0.5,0.5,0.1,0.6,8.0,33.0,22.0,0.0,0.0,0.0,0.0,0.0,0.05,0.0,0.06,0.05,0.06
Adrien Thomasson,FRA,MF,Lens,Ligue 1,29,1993,29,13,1193,13.3,1,2,3,1,0,0,2,1,3.8,3.8,3.9,7.7,20.0,68.0,121.0,0.08,0.15,0.23,0.08,0.23,0.29,0.29,0.58,0.29,0.58
Morten Thorsby,NOR,MF,Genoa,Serie A,27,1996,24,9,1157,12.9,2,2,4,2,0,0,2,0,1.8,1.8,1.4,3.2,6.0,28.0,39.0,0.16,0.16,0.31,0.16,0.31,0.14,0.11,0.25,0.14,0.25
Kristian Thorstvedt,NOR,MF,Sassuolo,Serie A,24,1999,34,30,2397,26.6,6,1,7,6,0,0,7,0,4.4,4.4,1.6,5.9,30.0,130.0,94.0,0.23,0.04,0.26,0.23,0.26,0.16,0.06,0.22,0.16,0.22
Khéphren Thuram,FRA,MF,Nice,Ligue 1,22,2001,27,25,2108,23.4,1,1,2,1,0,0,7,0,3.4,3.4,3.7,7.0,67.0,104.0,57.0,0.04,0.04,0.09,0.04,0.09,0.14,0.16,0.3,0.14,0.3
Marcus Thuram,FRA,FW,Inter,Serie A,25,1997,35,34,2687,29.9,13,7,20,13,0,0,3,0,14.3,14.3,3.7,18.0,68.0,47.0,192.0,0.44,0.23,0.67,0.44,0.67,0.48,0.12,0.6,0.48,0.6
Cheikh Tidiane Sabaly,SEN,FW,Metz,Ligue 1,24,1999,29,17,1379,15.3,3,1,4,3,0,0,4,0,2.7,2.7,1.2,3.8,37.0,36.0,75.0,0.2,0.07,0.26,0.2,0.26,0.17,0.08,0.25,0.17,0.25
Youri Tielemans,BEL,MF,Aston Villa,Premier League,26,1997,32,17,1622,18.0,2,6,8,2,0,0,3,0,1.3,1.3,2.6,3.9,23.0,128.0,46.0,0.11,0.33,0.44,0.11,0.44,0.07,0.14,0.21,0.07,0.21
Kieran Tierney,SCO,DF,Real Sociedad,La Liga,26,1997,20,14,1238,13.8,0,2,2,0,0,0,1,0,0.2,0.2,0.6,0.8,22.0,77.0,39.0,0.0,0.15,0.15,0.0,0.15,0.01,0.05,0.06,0.01,0.06
Phillip Tietz,GER,FW,Augsburg,Bundesliga,26,1997,34,31,2382,26.5,8,4,12,8,0,0,1,0,8.2,8.2,2.6,10.8,19.0,51.0,115.0,0.3,0.15,0.45,0.3,0.45,0.31,0.1,0.41,0.31,0.41
Steffen Tigges,GER,FW,Köln,Bundesliga,25,1998,25,6,727,8.1,3,0,3,3,0,0,0,0,2.6,2.6,1.6,4.1,9.0,10.0,48.0,0.37,0.0,0.37,0.37,0.37,0.32,0.19,0.51,0.32,0.51
Jean-Clair Todibo,FRA,DF,Nice,Ligue 1,23,1999,30,30,2651,29.5,0,2,2,0,0,0,2,1,0.6,0.6,1.6,2.2,32.0,150.0,11.0,0.0,0.07,0.07,0.0,0.07,0.02,0.06,0.08,0.02,0.08
Harry Toffolo,ENG,DF,Nott'ham Forest,Premier League,27,1995,23,15,1459,16.2,1,3,4,1,0,0,3,0,1.6,1.6,1.5,3.2,10.0,42.0,34.0,0.06,0.19,0.25,0.06,0.25,0.1,0.1,0.2,0.1,0.2
Umut Tohumcu,GER,MF,Hoffenheim,Bundesliga,18,2004,20,12,1011,11.2,0,2,2,0,0,0,5,0,0.5,0.5,1.1,1.6,18.0,46.0,27.0,0.0,0.18,0.18,0.0,0.18,0.04,0.1,0.14,0.04,0.14
Corentin Tolisso,FRA,MF,Lyon,Ligue 1,28,1994,25,21,1741,19.3,2,1,3,1,1,1,5,0,3.2,2.4,1.8,4.2,30.0,153.0,67.0,0.1,0.05,0.16,0.05,0.1,0.17,0.09,0.26,0.13,0.22
Jeremy Toljan,GER,DF,Sassuolo,Serie A,28,1994,25,24,2083,23.1,0,5,5,0,0,0,1,0,0.6,0.6,1.6,2.1,35.0,79.0,85.0,0.0,0.22,0.22,0.0,0.22,0.02,0.07,0.09,0.02,0.09
Rafael Tolói,ITA,DF,Atalanta,Serie A,32,1990,18,10,965,10.7,0,0,0,0,0,0,6,1,0.1,0.1,0.1,0.1,8.0,53.0,10.0,0.0,0.0,0.0,0.0,0.0,0.0,0.01,0.01,0.0,0.01
Raúl de Tomás,ESP,FW,Rayo Vallecano,La Liga,28,1994,25,15,1272,14.1,1,2,3,0,1,1,5,0,3.4,2.6,1.3,3.9,11.0,23.0,73.0,0.07,0.14,0.21,0.0,0.14,0.24,0.09,0.33,0.18,0.28
Tiago Tomás,POR,FW,Wolfsburg,Bundesliga,21,2002,26,11,1032,11.5,1,1,2,1,0,0,3,0,2.7,2.7,0.8,3.5,21.0,17.0,112.0,0.09,0.09,0.17,0.09,0.17,0.23,0.07,0.3,0.23,0.3
Takehiro Tomiyasu,JPN,DF,Arsenal,Premier League,24,1998,22,10,1149,12.8,2,1,3,2,0,0,2,1,1.5,1.5,0.4,1.9,17.0,72.0,37.0,0.16,0.08,0.23,0.16,0.23,0.12,0.03,0.15,0.12,0.15
Fikayo Tomori,ENG,DF,Milan,Serie A,25,1997,26,24,2121,23.6,4,0,4,4,0,0,8,1,3.7,3.7,0.2,3.9,16.0,63.0,2.0,0.17,0.0,0.17,0.17,0.17,0.16,0.01,0.16,0.16,0.16
Ivan Toney,ENG,FW,Brentford,Premier League,27,1996,17,16,1450,16.1,4,2,6,4,0,0,5,0,6.0,6.0,1.5,7.4,23.0,40.0,98.0,0.25,0.12,0.37,0.25,0.37,0.37,0.09,0.46,0.37,0.46
Pablo Torre,ESP,MF,Girona,La Liga,20,2003,26,4,701,7.8,0,2,2,0,0,0,1,0,0.8,0.8,0.9,1.6,25.0,65.0,40.0,0.0,0.26,0.26,0.0,0.26,0.1,0.11,0.21,0.1,0.21
Raúl Torrente,ESP,DF,Granada,La Liga,21,2001,17,14,1250,13.9,0,0,0,0,0,0,4,0,0.2,0.2,0.4,0.6,4.0,33.0,2.0,0.0,0.0,0.0,0.0,0.0,0.01,0.03,0.04,0.01,0.04
Ferrán Torres,ESP,FW,Barcelona,La Liga,23,2000,29,12,1211,13.5,7,2,9,7,0,0,2,0,5.5,5.5,2.7,8.2,30.0,44.0,113.0,0.52,0.15,0.67,0.52,0.67,0.41,0.2,0.61,0.41,0.61
Óliver Torres,ESP,MF,Sevilla,La Liga,28,1994,27,18,1616,18.0,0,1,1,0,0,0,3,0,0.5,0.5,2.2,2.7,40.0,96.0,110.0,0.0,0.06,0.06,0.0,0.06,0.03,0.12,0.15,0.03,0.15
Pau Torres,ESP,DF,Aston Villa,Premier League,26,1997,29,27,2464,27.4,2,0,2,2,0,0,1,0,1.0,1.0,0.4,1.4,42.0,128.0,16.0,0.07,0.0,0.07,0.07,0.07,0.04,0.02,0.05,0.04,0.05
Lucas Torró,ESP,MF,Osasuna,La Liga,29,1994,28,21,1788,19.9,1,0,1,1,0,0,5,0,1.5,1.5,0.6,2.0,3.0,60.0,15.0,0.05,0.0,0.05,0.05,0.05,0.07,0.03,0.1,0.07,0.1
Abdoulaye Touré,GUI,MF,Le Havre,Ligue 1,29,1994,30,27,2284,25.4,2,0,2,0,2,2,4,0,3.0,1.4,0.9,2.3,22.0,148.0,25.0,0.08,0.0,0.08,0.0,0.0,0.12,0.04,0.15,0.05,0.09
Souleymane Touré,FRA,DF,Lorient,Ligue 1,20,2003,24,23,2051,22.8,1,1,2,1,0,0,6,0,1.7,1.7,0.4,2.2,24.0,73.0,25.0,0.04,0.04,0.09,0.04,0.09,0.08,0.02,0.1,0.08,0.1
Lucas Tousart,FRA,MF,Union Berlin,Bundesliga,26,1997,23,18,1572,17.5,0,0,0,0,0,0,5,0,1.5,1.5,0.9,2.4,15.0,51.0,33.0,0.0,0.0,0.0,0.0,0.0,0.09,0.05,0.14,0.09,0.14
Andros Townsend,ENG,MF,Luton Town,Premier League,32,1991,27,14,1210,13.4,1,3,4,1,0,0,1,0,1.2,1.2,1.3,2.5,47.0,35.0,71.0,0.07,0.22,0.3,0.07,0.3,0.09,0.1,0.19,0.09,0.19
James Trafford,ENG,GK,Burnley,Premier League,20,2002,28,28,2520,28.0,0,0,0,0,0,0,2,0,0.0,0.0,0.0,0.0,0.0,6.0,0.0,0.0,0.0,0.0,0.0,0.0,0.0,0.0,0.0,0.0,0.0
Bertrand Traoré,BFA,MF,Villarreal,La Liga,27,1995,11,6,568,6.3,1,0,1,1,0,0,4,0,0.9,0.9,0.4,1.3,29.0,30.0,63.0,0.16,0.0,0.16,0.16,0.16,0.15,0.06,0.21,0.15,0.21
Boubacar Traoré,MLI,MF,Wolves,Premier League,21,2001,24,7,819,9.1,0,0,0,0,0,0,4,0,0.3,0.3,0.4,0.7,9.0,29.0,15.0,0.0,0.0,0.0,0.0,0.0,0.03,0.04,0.07,0.03,0.07
Hamari Traoré,MLI,DF,Real Sociedad,La Liga,31,1992,31,27,2292,25.5,0,2,2,0,0,0,7,0,0.5,0.5,1.5,2.1,49.0,129.0,83.0,0.0,0.08,0.08,0.0,0.08,0.02,0.06,0.08,0.02,0.08
Ismaël Traoré,CIV,DF,Metz,Ligue 1,36,1986,26,25,2220,24.7,2,0,2,2,0,0,2,0,0.8,0.8,0.2,1.0,1.0,32.0,1.0,0.08,0.0,0.08,0.08,0.08,0.03,0.01,0.04,0.03,0.04
Omar Traoré,GER,DF,Heidenheim,Bundesliga,25,1998,31,29,2472,27.5,0,2,2,0,0,0,5,0,0.3,0.3,1.3,1.6,61.0,78.0,91.0,0.0,0.07,0.07,0.0,0.07,0.01,0.05,0.06,0.01,0.06
Kevin Trapp,GER,GK,Eint Frankfurt,Bundesliga,33,1990,32,32,2880,32.0,0,0,0,0,0,0,2,0,0.0,0.0,0.0,0.0,0.0,1.0,0.0,0.0,0.0,0.0,0.0,0.0,0.0,0.0,0.0,0.0,0.0
Óscar Trejo,ARG,FW,Rayo Vallecano,La Liga,35,1988,31,19,1380,15.3,0,0,0,0,0,0,4,1,0.9,0.9,1.3,2.2,28.0,124.0,81.0,0.0,0.0,0.0,0.0,0.0,0.06,0.08,0.14,0.06,0.14
Christopher Trimmel,AUT,DF,Union Berlin,Bundesliga,36,1987,26,19,1646,18.3,0,2,2,0,0,0,2,1,0.6,0.5,2.1,2.6,23.0,86.0,65.0,0.0,0.11,0.11,0.0,0.11,0.03,0.11,0.14,0.03,0.14
Kieran Trippier,ENG,DF,Newcastle Utd,Premier League,32,1990,28,26,2236,24.8,1,10,11,1,0,0,5,0,0.7,0.7,7.5,8.2,34.0,157.0,128.0,0.04,0.4,0.44,0.04,0.44,0.03,0.3,0.33,0.03,0.33
Leandro Trossard,BEL,FW,Arsenal,Premier League,28,1994,34,18,1649,18.3,12,1,13,12,0,0,2,0,7.9,7.9,2.8,10.7,66.0,76.0,155.0,0.65,0.05,0.71,0.65,0.71,0.43,0.15,0.58,0.43,0.58
Adrien Truffert,FRA,DF,Rennes,Ligue 1,21,2001,30,24,2145,23.8,1,2,3,1,0,0,6,0,1.7,1.7,1.8,3.5,51.0,98.0,181.0,0.04,0.08,0.13,0.04,0.13,0.07,0.08,0.15,0.07,0.15
Auston Trusty,USA,DF,Sheffield Utd,Premier League,24,1998,32,28,2572,28.6,0,0,0,0,0,0,4,0,0.4,0.4,1.1,1.5,10.0,40.0,15.0,0.0,0.0,0.0,0.0,0.0,0.01,0.04,0.05,0.01,0.05
Kostas Tsimikas,GRE,DF,Liverpool,Premier League,27,1996,13,8,679,7.5,0,3,3,0,0,0,0,0,0.1,0.1,1.0,1.1,24.0,31.0,73.0,0.0,0.4,0.4,0.0,0.4,0.01,0.14,0.15,0.01,0.15
Viktor Tsyhankov,UKR,MF,Girona,La Liga,25,1997,30,26,2052,22.8,8,7,15,8,0,0,0,0,6.2,6.2,5.9,12.1,65.0,89.0,226.0,0.35,0.31,0.66,0.35,0.66,0.27,0.26,0.53,0.27,0.53
Stefano Turati,ITA,GK,Frosinone,Serie A,21,2001,31,31,2745,30.5,0,0,0,0,0,0,0,0,0.0,0.0,0.0,0.0,0.0,0.0,0.0,0.0,0.0,0.0,0.0,0.0,0.0,0.0,0.0,0.0,0.0
Matt Turner,USA,GK,Nott'ham Forest,Premier League,29,1994,17,17,1530,17.0,0,0,0,0,0,0,2,0,0.0,0.0,0.0,0.0,0.0,0.0,0.0,0.0,0.0,0.0,0.0,0.0,0.0,0.0,0.0,0.0,0.0
Beñat Turrientes,ESP,MF,Real Sociedad,La Liga,21,2002,29,19,1687,18.7,0,1,1,0,0,0,4,0,1.2,1.2,0.5,1.8,26.0,51.0,31.0,0.0,0.05,0.05,0.0,0.05,0.06,0.03,0.09,0.06,0.09
Tuta,BRA,DF,Eint Frankfurt,Bundesliga,24,1999,30,30,2600,28.9,1,2,3,1,0,0,3,2,1.4,1.4,2.1,3.5,22.0,138.0,46.0,0.03,0.07,0.1,0.03,0.1,0.05,0.07,0.12,0.05,0.12
Destiny Udogie,ITA,DF,Tottenham,Premier League,20,2002,28,28,2391,26.6,2,3,5,2,0,0,7,1,2.4,2.4,2.2,4.6,83.0,155.0,138.0,0.08,0.11,0.19,0.08,0.19,0.09,0.08,0.17,0.09,0.17
Matthieu Udol,FRA,DF,Metz,Ligue 1,27,1996,30,30,2700,30.0,3,3,6,3,0,0,5,0,1.4,1.4,3.1,4.5,46.0,98.0,86.0,0.1,0.1,0.2,0.1,0.2,0.05,0.1,0.15,0.05,0.15
Manuel Ugarte Ribeiro,URU,MF,Paris S-G,Ligue 1,22,2001,25,21,1932,21.5,0,2,2,0,0,0,5,0,0.6,0.6,0.9,1.5,16.0,87.0,24.0,0.0,0.09,0.09,0.0,0.09,0.03,0.04,0.07,0.03,0.07
Sven Ulreich,GER,GK,Bayern Munich,Bundesliga,34,1988,11,11,990,11.0,0,0,0,0,0,0,1,0,0.0,0.0,0.0,0.0,0.0,0.0,0.0,0.0,0.0,0.0,0.0,0.0,0.0,0.0,0.0,0.0,0.0
Deniz Undav,GER,FW,Stuttgart,Bundesliga,27,1996,30,23,2089,23.2,18,10,28,18,0,1,5,0,15.0,14.3,6.5,20.8,45.0,120.0,182.0,0.78,0.43,1.21,0.78,1.21,0.65,0.28,0.93,0.61,0.9
Dayot Upamecano,FRA,DF,Bayern Munich,Bundesliga,24,1998,25,19,1762,19.6,1,0,1,1,0,0,3,1,1.7,1.7,0.5,2.1,28.0,137.0,10.0,0.05,0.0,0.05,0.05,0.05,0.08,0.02,0.11,0.08,0.11
Kacper Urbanski,POL,MF,Bologna,Serie A,18,2004,22,9,926,10.3,0,1,1,0,0,0,2,0,1.1,1.1,0.8,1.9,25.0,31.0,78.0,0.0,0.1,0.1,0.0,0.1,0.1,0.08,0.19,0.1,0.19
Myrto Uzuni,ALB,FW,Granada,La Liga,28,1995,34,28,2448,27.2,11,1,12,7,4,5,3,0,12.9,9.0,2.6,11.6,21.0,18.0,90.0,0.4,0.04,0.44,0.26,0.29,0.48,0.09,0.57,0.33,0.43
Josha Vagnoman,GER,DF,Stuttgart,Bundesliga,22,2000,18,12,1183,13.1,2,2,4,2,0,0,2,0,1.3,1.3,1.3,2.6,19.0,33.0,67.0,0.15,0.15,0.3,0.15,0.3,0.1,0.1,0.2,0.1,0.2
Óscar Valentín,ESP,MF,Rayo Vallecano,La Liga,28,1994,34,32,2692,29.9,1,0,1,1,0,0,7,1,1.7,1.7,0.6,2.2,24.0,132.0,11.0,0.03,0.0,0.03,0.03,0.03,0.06,0.02,0.07,0.06,0.07
Emanuele Valeri,ITA,DF,Frosinone,Serie A,24,1998,16,14,1178,13.1,0,1,1,0,0,0,3,0,0.9,0.9,2.4,3.3,38.0,41.0,61.0,0.0,0.08,0.08,0.0,0.08,0.07,0.19,0.25,0.07,0.25
Martin Valjent,SVK,DF,Mallorca,La Liga,27,1995,28,28,2349,26.1,0,1,1,0,0,0,5,0,0.3,0.3,0.9,1.2,22.0,61.0,27.0,0.0,0.04,0.04,0.0,0.04,0.01,0.03,0.05,0.01,0.05
Álvaro Vallés,ESP,GK,Las Palmas,La Liga,26,1997,37,37,3263,36.3,0,0,0,0,0,0,2,1,0.0,0.0,0.0,0.0,0.0,5.0,0.0,0.0,0.0,0.0,0.0,0.0,0.0,0.0,0.0,0.0,0.0
Federico Valverde,URU,MF,Real Madrid,La Liga,25,1998,37,33,2904,32.3,2,7,9,2,0,0,2,0,3.5,3.5,5.8,9.3,104.0,231.0,102.0,0.06,0.22,0.28,0.06,0.28,0.11,0.18,0.29,0.11,0.29
Kévin Van Den Kerkhof,ALG,FW,Metz,Ligue 1,27,1996,29,21,1913,21.3,1,2,3,1,0,0,2,0,1.5,1.5,3.5,5.0,65.0,28.0,145.0,0.05,0.09,0.14,0.05,0.14,0.07,0.16,0.24,0.07,0.24
Virgil van Dijk,NED,DF,Liverpool,Premier League,32,1991,36,36,3177,35.3,2,2,4,2,0,0,3,1,2.8,2.8,1.6,4.4,32.0,200.0,7.0,0.06,0.06,0.11,0.06,0.11,0.08,0.04,0.12,0.08,0.12
Vanderson,BRA,DF,Monaco,Ligue 1,22,2001,20,20,1641,18.2,3,1,4,3,0,0,6,1,2.1,2.1,1.4,3.5,26.0,71.0,129.0,0.16,0.05,0.22,0.16,0.22,0.12,0.08,0.19,0.12,0.19
Raphaël Varane,FRA,DF,Manchester Utd,Premier League,30,1993,22,16,1375,15.3,1,0,1,1,0,0,2,0,1.3,1.3,0.1,1.3,16.0,59.0,2.0,0.07,0.0,0.07,0.07,0.07,0.08,0.0,0.09,0.08,0.09
Ruben Vargas,SUI,MF,Augsburg,Bundesliga,24,1998,31,25,1962,21.8,4,5,9,4,0,0,3,0,3.9,3.9,2.4,6.3,57.0,77.0,145.0,0.18,0.23,0.41,0.18,0.41,0.18,0.11,0.29,0.18,0.29
Johan Vásquez,MEX,DF,Genoa,Serie A,24,1998,37,32,2850,31.7,1,1,2,1,0,0,6,0,1.9,1.9,0.8,2.7,29.0,81.0,61.0,0.03,0.03,0.06,0.03,0.06,0.06,0.03,0.08,0.06,0.08
José Luis García Vayá,ESP,MF,Valencia,La Liga,24,1998,37,37,3302,36.7,7,1,8,0,7,8,4,0,7.3,1.0,3.2,4.2,30.0,251.0,43.0,0.19,0.03,0.22,0.0,0.03,0.2,0.09,0.29,0.03,0.11
Jesus Vazquez,ESP,DF,Valencia,La Liga,20,2003,20,6,716,8.0,1,0,1,1,0,0,1,0,1.2,1.2,0.1,1.3,13.0,15.0,29.0,0.13,0.0,0.13,0.13,0.13,0.15,0.02,0.16,0.15,0.16
Kevin Vázquez,ESP,DF,Celta Vigo,La Liga,30,1993,12,10,700,7.8,0,0,0,0,0,0,3,0,0.0,0.0,0.2,0.2,6.0,28.0,20.0,0.0,0.0,0.0,0.0,0.0,0.0,0.02,0.03,0.0,0.03
Lucas Vázquez,ESP,DF,Real Madrid,La Liga,32,1991,29,14,1419,15.8,3,6,9,3,0,0,0,0,1.2,1.1,3.8,4.8,28.0,58.0,160.0,0.19,0.38,0.57,0.19,0.57,0.07,0.24,0.31,0.07,0.31
Matías Vecino,URU,MF,Lazio,Serie A,31,1991,31,8,1153,12.8,6,1,7,6,0,0,8,0,3.7,3.7,0.4,4.1,16.0,74.0,43.0,0.47,0.08,0.55,0.47,0.55,0.29,0.03,0.32,0.29,0.32
Miloš Veljković,SRB,DF,Werder Bremen,Bundesliga,27,1995,23,21,1920,21.3,2,1,3,2,0,0,2,0,1.7,1.7,0.8,2.5,16.0,89.0,13.0,0.09,0.05,0.14,0.09,0.14,0.08,0.04,0.12,0.08,0.12
Joël Veltman,NED,DF,Brighton,Premier League,31,1992,27,17,1588,17.6,1,1,2,1,0,0,4,0,0.4,0.4,0.5,0.9,24.0,85.0,54.0,0.06,0.06,0.11,0.06,0.11,0.02,0.03,0.05,0.02,0.05
Micky van de Ven,NED,DF,Tottenham,Premier League,22,2001,27,27,2339,26.0,3,0,3,3,0,0,5,0,0.6,0.6,0.0,0.6,19.0,108.0,9.0,0.12,0.0,0.12,0.12,0.12,0.02,0.0,0.02,0.02,0.02
Bart Verbruggen,NED,GK,Brighton,Premier League,20,2002,21,21,1890,21.0,0,0,0,0,0,0,3,0,0.0,0.0,0.0,0.0,0.0,3.0,0.0,0.0,0.0,0.0,0.0,0.0,0.0,0.0,0.0,0.0,0.0
Jordan Veretout,FRA,MF,Marseille,Ligue 1,30,1993,29,24,2183,24.3,1,2,3,1,0,0,4,0,2.9,2.9,5.0,7.9,53.0,194.0,81.0,0.04,0.08,0.12,0.04,0.12,0.12,0.21,0.33,0.12,0.33
Yorbe Vertessen,BEL,FW,Union Berlin,Bundesliga,22,2001,13,7,593,6.6,3,2,5,3,0,0,1,0,2.7,2.7,1.3,4.0,10.0,13.0,39.0,0.46,0.3,0.76,0.46,0.76,0.41,0.2,0.61,0.41,0.61
Mikel Vesga,ESP,MF,Athletic Club,La Liga,30,1993,27,18,1534,17.0,3,1,4,1,2,2,2,0,2.7,1.1,1.2,2.3,10.0,88.0,29.0,0.18,0.06,0.23,0.06,0.12,0.16,0.07,0.23,0.07,0.14
Guglielmo Vicario,ITA,GK,Tottenham,Premier League,26,1996,38,38,3420,38.0,0,0,0,0,0,0,2,0,0.0,0.0,0.0,0.0,0.0,3.0,0.0,0.0,0.0,0.0,0.0,0.0,0.0,0.0,0.0,0.0,0.0
Carlos Vicente,ESP,FW,Alavés,La Liga,24,1999,18,12,1114,12.4,2,4,6,2,0,0,1,0,2.3,2.3,3.7,6.0,23.0,23.0,82.0,0.16,0.32,0.48,0.16,0.48,0.19,0.3,0.49,0.19,0.49
Jonathan Viera,ESP,MF,Las Palmas,La Liga,33,1989,9,7,617,6.9,2,1,3,0,2,2,1,0,2.3,0.7,1.0,1.7,26.0,65.0,37.0,0.29,0.15,0.44,0.0,0.15,0.33,0.14,0.47,0.1,0.24
Jonathan Viera,ESP,MF,Almería,La Liga,33,1989,12,12,912,10.1,0,3,3,0,0,0,3,1,1.3,1.3,2.7,3.9,35.0,68.0,29.0,0.0,0.3,0.3,0.0,0.3,0.13,0.26,0.39,0.13,0.39
Oscar Vilhelmsson,SWE,FW,Darmstadt 98,Bundesliga,19,2003,26,16,1374,15.3,4,1,5,4,0,0,2,0,4.1,4.1,0.7,4.7,16.0,7.0,72.0,0.26,0.07,0.33,0.26,0.33,0.27,0.04,0.31,0.27,0.31
Asier Villalibre,ESP,FW,Athletic Club,La Liga,25,1997,18,4,513,5.7,2,1,3,2,0,0,0,0,1.7,1.7,1.0,2.7,6.0,10.0,29.0,0.35,0.18,0.53,0.35,0.53,0.3,0.17,0.47,0.3,0.47
Gonzalo Villar,ESP,MF,Granada,La Liga,25,1998,35,21,1803,20.0,1,3,4,1,0,0,7,0,1.9,1.9,2.2,4.1,27.0,74.0,27.0,0.05,0.15,0.2,0.05,0.2,0.09,0.11,0.2,0.09,0.2
Iván Villar,ESP,GK,Celta Vigo,La Liga,26,1997,12,12,1014,11.3,0,0,0,0,0,0,0,2,0.0,0.0,0.1,0.1,0.0,0.0,0.0,0.0,0.0,0.0,0.0,0.0,0.0,0.01,0.01,0.0,0.01
Matías Viña,URU,DF,Sassuolo,Serie A,25,1997,15,13,1014,11.3,0,3,3,0,0,0,1,0,0.3,0.3,1.4,1.7,24.0,46.0,37.0,0.0,0.27,0.27,0.0,0.27,0.03,0.12,0.15,0.03,0.15
Nicolas Viola,ITA,MF,Cagliari,Serie A,33,1989,26,11,1207,13.4,5,2,7,5,0,1,3,0,3.4,2.6,3.9,6.5,22.0,57.0,68.0,0.37,0.15,0.52,0.37,0.52,0.25,0.29,0.54,0.19,0.49
Alan Virginius,FRA,FW,Clermont Foot,Ligue 1,20,2003,14,12,934,10.4,0,2,2,0,0,0,0,0,1.3,1.3,1.5,2.8,22.0,21.0,64.0,0.0,0.19,0.19,0.0,0.19,0.13,0.15,0.27,0.13,0.27
Mattia Viti,ITA,DF,Sassuolo,Serie A,21,2002,15,12,979,10.9,1,0,1,1,0,0,0,0,1.0,1.0,0.0,1.0,2.0,36.0,13.0,0.09,0.0,0.09,0.09,0.09,0.09,0.0,0.09,0.09,0.09
Vitinha,POR,FW,Marseille,Ligue 1,23,2000,18,10,923,10.3,3,2,5,3,0,0,1,0,5.1,5.1,2.9,8.0,15.0,23.0,84.0,0.29,0.2,0.49,0.29,0.49,0.5,0.28,0.78,0.5,0.78
Vitinha,POR,MF,Paris S-G,Ligue 1,23,2000,28,23,2126,23.6,7,4,11,7,0,0,0,0,3.1,3.1,3.1,6.3,41.0,182.0,122.0,0.3,0.17,0.47,0.3,0.47,0.13,0.13,0.27,0.13,0.27
Vitinho,BRA,DF,Burnley,Premier League,24,1999,32,26,2314,25.7,0,2,2,0,0,0,1,0,1.6,1.6,1.3,2.9,59.0,66.0,110.0,0.0,0.08,0.08,0.0,0.08,0.06,0.05,0.11,0.06,0.11
Daniel Vivian,ESP,DF,Athletic Club,La Liga,24,1999,33,31,2878,32.0,0,0,0,0,0,0,6,0,0.6,0.6,0.7,1.3,23.0,123.0,4.0,0.0,0.0,0.0,0.0,0.0,0.02,0.02,0.04,0.02,0.04
Odisseas Vlachodimos,GRE,GK,Nott'ham Forest,Premier League,29,1994,5,5,450,5.0,0,0,0,0,0,0,0,0,0.0,0.0,0.0,0.0,0.0,1.0,0.0,0.0,0.0,0.0,0.0,0.0,0.0,0.01,0.01,0.0,0.01
Dušan Vlahović,SRB,FW,Juventus,Serie A,23,2000,33,27,2307,25.6,16,4,20,14,2,4,8,1,16.6,13.3,2.3,15.6,36.0,46.0,174.0,0.62,0.16,0.78,0.55,0.7,0.65,0.09,0.74,0.52,0.61
Nikola Vlašić,CRO,MF,Torino,Serie A,25,1997,33,30,2608,29.0,3,2,5,3,0,0,3,0,2.4,2.4,2.9,5.3,67.0,150.0,174.0,0.1,0.07,0.17,0.1,0.17,0.08,0.1,0.18,0.08,0.18
Alessandro Vogliacco,ITA,DF,Genoa,Serie A,24,1998,20,14,1169,13.0,0,1,1,0,0,0,4,0,0.4,0.4,0.5,0.9,8.0,49.0,12.0,0.0,0.08,0.08,0.0,0.08,0.03,0.04,0.07,0.03,0.07
Kevin Vogt,GER,DF,Hoffenheim,Bundesliga,31,1991,16,14,1319,14.7,0,0,0,0,0,0,2,0,0.7,0.7,0.1,0.8,16.0,84.0,12.0,0.0,0.0,0.0,0.0,0.0,0.05,0.01,0.05,0.05,0.05
Kevin Vogt,GER,DF,Union Berlin,Bundesliga,31,1991,16,16,1323,14.7,0,0,0,0,0,0,5,0,0.0,0.0,0.0,0.1,1.0,41.0,1.0,0.0,0.0,0.0,0.0,0.0,0.0,0.0,0.0,0.0,0.0
Mërgim Vojvoda,KVX,DF,Torino,Serie A,28,1995,28,15,1379,15.3,0,3,3,0,0,0,3,0,0.4,0.4,1.4,1.8,30.0,91.0,72.0,0.0,0.2,0.2,0.0,0.2,0.02,0.09,0.12,0.02,0.12
Kevin Volland,GER,FW,Union Berlin,Bundesliga,31,1992,26,17,1345,14.9,3,4,7,1,2,3,3,2,5.3,2.9,2.6,5.6,14.0,48.0,96.0,0.2,0.27,0.47,0.07,0.33,0.36,0.18,0.53,0.2,0.37
Cristian Volpato,ITA,MF,Sassuolo,Serie A,19,2003,22,5,645,7.2,1,0,1,1,0,0,1,0,0.5,0.5,1.4,1.9,34.0,53.0,49.0,0.14,0.0,0.14,0.14,0.14,0.07,0.19,0.26,0.07,0.26
Aster Vranckx,BEL,MF,Wolfsburg,Bundesliga,20,2002,24,12,1153,12.8,0,0,0,0,0,0,6,0,0.1,0.1,0.3,0.4,3.0,48.0,9.0,0.0,0.0,0.0,0.0,0.0,0.01,0.02,0.03,0.01,0.03
Stefan de Vrij,NED,DF,Inter,Serie A,31,1992,25,17,1586,17.6,1,0,1,1,0,0,0,0,0.6,0.6,0.3,0.9,6.0,43.0,2.0,0.06,0.0,0.06,0.06,0.06,0.03,0.02,0.05,0.03,0.05
Elye Wahi,FRA,FW,Lens,Ligue 1,20,2003,27,20,1692,18.8,9,3,12,8,1,1,10,1,11.5,10.7,2.6,13.4,52.0,15.0,171.0,0.48,0.16,0.64,0.43,0.59,0.61,0.14,0.75,0.57,0.71
Walace,BRA,MF,Udinese,Serie A,28,1995,37,37,3238,36.0,2,0,2,2,0,0,7,0,0.8,0.8,1.1,1.9,37.0,127.0,22.0,0.06,0.0,0.06,0.06,0.06,0.02,0.03,0.05,0.02,0.05
Luca Waldschmidt,GER,MF,Köln,Bundesliga,27,1996,22,14,1146,12.7,3,0,3,3,0,1,0,0,2.9,2.1,1.2,3.3,30.0,46.0,61.0,0.24,0.0,0.24,0.24,0.24,0.23,0.09,0.32,0.17,0.26
Kyle Walker,ENG,DF,Manchester City,Premier League,33,1990,32,30,2767,30.7,0,4,4,0,0,0,2,0,0.4,0.4,2.6,3.0,74.0,157.0,172.0,0.0,0.13,0.13,0.0,0.13,0.01,0.09,0.1,0.01,0.1
Sebastian Walukiewicz,POL,DF,Empoli,Serie A,23,2000,27,23,2055,22.8,0,0,0,0,0,0,6,0,0.1,0.1,0.1,0.2,14.0,45.0,5.0,0.0,0.0,0.0,0.0,0.0,0.01,0.0,0.01,0.01,0.01
Aaron Wan-Bissaka,ENG,DF,Manchester Utd,Premier League,25,1997,22,20,1780,19.8,0,2,2,0,0,0,4,0,0.1,0.1,1.5,1.6,30.0,77.0,54.0,0.0,0.1,0.1,0.0,0.1,0.01,0.08,0.08,0.01,0.08
Joel Ward,ENG,DF,Crystal Palace,Premier League,33,1989,26,23,1980,22.0,0,1,1,0,0,0,4,0,0.9,0.9,0.2,1.1,16.0,66.0,14.0,0.0,0.05,0.05,0.0,0.05,0.04,0.01,0.05,0.04,0.05
James Ward-Prowse,ENG,MF,West Ham,Premier League,28,1994,37,34,3001,33.3,7,7,14,5,2,2,4,0,6.0,4.4,7.8,12.3,18.0,144.0,63.0,0.21,0.21,0.42,0.15,0.36,0.18,0.23,0.41,0.13,0.37
Ollie Watkins,ENG,FW,Aston Villa,Premier League,27,1995,37,37,3217,35.7,19,13,32,19,0,0,4,0,16.8,16.8,7.3,24.2,62.0,55.0,214.0,0.53,0.36,0.9,0.53,0.9,0.47,0.21,0.68,0.47,0.68
Timothy Weah,USA,DF,Juventus,Serie A,23,2000,30,12,1258,14.0,0,1,1,0,0,0,5,0,1.5,1.5,1.1,2.7,35.0,48.0,84.0,0.0,0.07,0.07,0.0,0.07,0.11,0.08,0.19,0.11,0.19
Adam Webster,ENG,DF,Brighton,Premier League,28,1995,15,13,1144,12.7,0,0,0,0,0,0,2,0,0.4,0.4,0.1,0.6,16.0,80.0,2.0,0.0,0.0,0.0,0.0,0.0,0.03,0.01,0.05,0.03,0.05
Wout Weghorst,NED,FW,Hoffenheim,Bundesliga,30,1992,28,24,1977,22.0,7,3,10,6,1,1,4,0,7.2,6.4,3.5,9.9,14.0,57.0,132.0,0.32,0.14,0.46,0.27,0.41,0.33,0.16,0.49,0.29,0.45
Julian Weigl,GER,MF,Gladbach,Bundesliga,27,1995,31,31,2764,30.7,2,3,5,0,2,2,10,0,2.4,0.9,2.1,2.9,14.0,105.0,14.0,0.07,0.1,0.16,0.0,0.1,0.08,0.07,0.15,0.03,0.09
Mitchell Weiser,GER,DF,Werder Bremen,Bundesliga,29,1994,30,30,2636,29.3,3,7,10,3,0,0,5,0,3.8,3.8,4.2,7.9,81.0,111.0,189.0,0.1,0.24,0.34,0.1,0.34,0.13,0.14,0.27,0.13,0.27
Noah Weißhaupt,GER,DF,Freiburg,Bundesliga,21,2001,24,6,759,8.4,1,2,3,1,0,0,1,0,0.4,0.4,1.3,1.7,41.0,26.0,84.0,0.12,0.24,0.36,0.12,0.36,0.05,0.16,0.21,0.05,0.21
Shon Weissman,ISR,FW,Salernitana,Serie A,27,1996,11,5,494,5.5,1,0,1,1,0,0,0,0,1.0,1.0,0.1,1.1,0.0,4.0,22.0,0.18,0.0,0.18,0.18,0.18,0.19,0.02,0.21,0.19,0.21
Danny Welbeck,ENG,FW,Brighton,Premier League,32,1990,29,21,1693,18.8,5,1,6,5,0,0,4,0,5.3,5.3,1.7,7.0,32.0,44.0,100.0,0.27,0.05,0.32,0.27,0.32,0.28,0.09,0.37,0.28,0.37
Timo Werner,GER,FW,Tottenham,Premier League,27,1996,13,10,809,9.0,2,3,5,2,0,0,1,0,3.7,3.7,2.7,6.4,79.0,41.0,124.0,0.22,0.33,0.56,0.22,0.56,0.41,0.3,0.72,0.41,0.72
Adam Wharton,ENG,MF,Crystal Palace,Premier League,19,2004,16,15,1297,14.4,0,3,3,0,0,0,2,0,0.3,0.3,2.4,2.8,14.0,79.0,10.0,0.0,0.21,0.21,0.0,0.21,0.02,0.17,0.19,0.02,0.19
Ben White,ENG,DF,Arsenal,Premier League,25,1997,37,35,2988,33.2,4,4,8,4,0,0,8,0,1.2,1.2,3.8,5.0,44.0,192.0,162.0,0.12,0.12,0.24,0.12,0.24,0.03,0.11,0.15,0.03,0.15
Silvan Widmer,SUI,DF,Mainz 05,Bundesliga,30,1993,20,13,1242,13.8,1,3,4,1,0,0,4,0,1.4,1.4,3.5,4.8,31.0,54.0,63.0,0.07,0.22,0.29,0.07,0.29,0.1,0.25,0.35,0.1,0.35
Mateusz Wieteska,POL,DF,Cagliari,Serie A,26,1997,19,10,965,10.7,0,1,1,0,0,0,5,1,0.3,0.3,0.6,0.9,16.0,33.0,1.0,0.0,0.09,0.09,0.0,0.09,0.03,0.05,0.08,0.03,0.08
Iñaki Williams,GHA,FW,Athletic Club,La Liga,29,1994,34,32,2844,31.6,12,3,15,12,0,0,4,0,9.4,9.4,6.3,15.8,114.0,78.0,333.0,0.38,0.09,0.47,0.38,0.47,0.3,0.2,0.5,0.3,0.5
Neco Williams,WAL,DF,Nott'ham Forest,Premier League,22,2001,26,18,1637,18.2,0,1,1,0,0,0,4,0,0.8,0.8,1.6,2.5,48.0,47.0,86.0,0.0,0.05,0.05,0.0,0.05,0.04,0.09,0.13,0.04,0.13
Nico Williams,ESP,FW,Athletic Club,La Liga,21,2002,31,29,2263,25.1,5,11,16,5,0,0,6,1,6.0,6.0,5.7,11.7,143.0,66.0,302.0,0.2,0.44,0.64,0.2,0.64,0.24,0.22,0.46,0.24,0.46
Willian,BRA,FW,Fulham,Premier League,34,1988,31,24,2053,22.8,4,2,6,2,2,2,1,0,5.1,3.6,3.9,7.5,92.0,153.0,181.0,0.18,0.09,0.26,0.09,0.18,0.22,0.17,0.4,0.16,0.33
Callum Wilson,ENG,FW,Newcastle Utd,Premier League,31,1992,20,9,991,11.0,9,1,10,7,2,2,3,0,8.8,7.2,0.6,7.8,11.0,9.0,77.0,0.82,0.09,0.91,0.64,0.73,0.8,0.05,0.85,0.65,0.71
Harry Wilson,WAL,FW,Fulham,Premier League,26,1997,35,16,1620,18.0,4,6,10,4,0,0,6,0,3.4,3.4,3.5,6.8,41.0,60.0,130.0,0.22,0.33,0.56,0.22,0.56,0.19,0.19,0.38,0.19,0.38
Josh Wilson-Esbrand,ENG,DF,Reims,Ligue 1,20,2002,11,5,461,5.1,1,1,2,1,0,0,1,0,0.1,0.1,1.0,1.1,11.0,19.0,20.0,0.2,0.2,0.39,0.2,0.39,0.03,0.19,0.21,0.03,0.21
Patrick Wimmer,AUT,FW,Wolfsburg,Bundesliga,22,2001,14,8,589,6.5,2,0,2,2,0,0,3,1,1.4,1.4,0.1,1.5,8.0,15.0,44.0,0.31,0.0,0.31,0.31,0.31,0.22,0.02,0.24,0.22,0.24
Jonas Wind,DEN,FW,Wolfsburg,Bundesliga,24,1999,34,31,2651,29.5,11,7,18,11,0,1,3,0,9.4,8.5,5.1,13.6,17.0,88.0,115.0,0.37,0.24,0.61,0.37,0.61,0.32,0.17,0.49,0.29,0.46
Florian Wirtz,GER,MF,Leverkusen,Bundesliga,20,2003,32,26,2372,26.4,11,11,22,10,1,1,3,0,8.9,8.2,7.5,15.7,138.0,224.0,306.0,0.42,0.42,0.83,0.38,0.8,0.34,0.29,0.62,0.31,0.6
Yoane Wissa,COD,FW,Brentford,Premier League,26,1996,34,29,2493,27.7,12,3,15,12,0,0,7,0,10.6,10.6,3.9,14.5,45.0,48.0,150.0,0.43,0.11,0.54,0.43,0.54,0.38,0.14,0.52,0.38,0.52
Axel Witsel,BEL,DF,Atlético Madrid,La Liga,34,1989,35,30,2783,30.9,2,0,2,2,0,0,5,0,1.0,1.0,0.3,1.3,17.0,89.0,8.0,0.06,0.0,0.06,0.06,0.06,0.03,0.01,0.04,0.03,0.04
Maximilian Wittek,GER,DF,Bochum,Bundesliga,27,1995,21,13,1070,11.9,3,1,4,3,0,0,4,0,1.3,1.3,1.4,2.6,17.0,49.0,64.0,0.25,0.08,0.34,0.25,0.34,0.11,0.11,0.22,0.11,0.22
Maximilian Wöber,AUT,DF,Gladbach,Bundesliga,25,1998,25,24,2066,23.0,2,3,5,2,0,0,4,1,1.3,1.3,1.6,2.9,32.0,128.0,23.0,0.09,0.13,0.22,0.09,0.22,0.06,0.07,0.13,0.06,0.13
Marius Wolf,GER,DF,Dortmund,Bundesliga,28,1995,22,12,1166,13.0,0,1,1,0,0,0,2,0,0.6,0.6,1.6,2.2,36.0,59.0,79.0,0.0,0.08,0.08,0.0,0.08,0.04,0.13,0.17,0.04,0.17
Nick Woltemade,GER,FW,Werder Bremen,Bundesliga,21,2002,30,12,1189,13.2,2,0,2,2,0,0,1,0,2.4,2.4,1.7,4.1,21.0,43.0,80.0,0.15,0.0,0.15,0.15,0.15,0.18,0.13,0.31,0.18,0.31
Jeong Woo-yeong,KOR,MF,Stuttgart,Bundesliga,23,1999,26,5,633,7.0,2,3,5,2,0,0,1,0,1.8,1.8,1.6,3.4,23.0,22.0,54.0,0.28,0.43,0.71,0.28,0.71,0.25,0.22,0.48,0.25,0.48
Chris Wood,NZL,FW,Nott'ham Forest,Premier League,31,1991,31,20,1812,20.1,14,1,15,14,0,0,0,0,11.9,11.9,2.1,14.0,16.0,30.0,76.0,0.7,0.05,0.75,0.7,0.75,0.59,0.1,0.7,0.59,0.7
Christopher Wooh,CMR,DF,Rennes,Ligue 1,21,2001,18,15,1388,15.4,1,0,1,1,0,0,3,1,1.3,1.3,0.7,2.0,8.0,61.0,4.0,0.06,0.0,0.06,0.06,0.06,0.09,0.04,0.13,0.09,0.13
Granit Xhaka,SUI,MF,Leverkusen,Bundesliga,30,1992,33,32,2821,31.3,3,0,3,3,0,0,5,0,1.8,1.8,2.7,4.5,60.0,392.0,53.0,0.1,0.0,0.1,0.1,0.1,0.06,0.09,0.15,0.06,0.15
Lamine Yamal,ESP,FW,Barcelona,La Liga,16,2007,37,22,2201,24.5,5,5,10,5,0,0,3,0,5.2,5.2,6.2,11.4,123.0,80.0,350.0,0.2,0.2,0.41,0.2,0.41,0.21,0.25,0.47,0.21,0.47
Roman Yaremchuk,UKR,FW,Valencia,La Liga,27,1995,25,11,928,10.3,3,0,3,3,0,0,2,0,4.6,4.6,0.1,4.8,12.0,20.0,46.0,0.29,0.0,0.29,0.29,0.29,0.45,0.01,0.46,0.45,0.46
Yehor Yarmoliuk,UKR,MF,Brentford,Premier League,19,2004,27,6,688,7.6,0,0,0,0,0,0,2,0,1.0,1.0,0.1,1.1,13.0,35.0,36.0,0.0,0.0,0.0,0.0,0.0,0.13,0.01,0.14,0.13,0.14
Ryan Yates,ENG,MF,Nott'ham Forest,Premier League,25,1997,35,21,1992,22.1,1,1,2,1,0,0,6,0,2.6,2.6,0.8,3.5,18.0,73.0,37.0,0.05,0.05,0.09,0.05,0.09,0.12,0.04,0.16,0.12,0.16
Yusuf Yazıcı,TUR,MF,Lille,Ligue 1,26,1997,27,16,1312,14.6,5,2,7,5,0,0,5,0,5.4,5.4,1.9,7.3,31.0,48.0,90.0,0.34,0.14,0.48,0.34,0.48,0.37,0.13,0.5,0.37,0.5
Bertuğ Yıldırım,TUR,FW,Rennes,Ligue 1,21,2002,21,2,469,5.2,0,1,1,0,0,0,3,0,1.4,1.4,0.7,2.1,9.0,11.0,29.0,0.0,0.19,0.19,0.0,0.19,0.27,0.13,0.4,0.27,0.4
Kenan Yıldız,TUR,FW,Juventus,Serie A,18,2005,27,9,952,10.6,2,0,2,2,0,0,3,0,1.6,1.6,1.1,2.7,32.0,40.0,73.0,0.19,0.0,0.19,0.19,0.19,0.15,0.1,0.26,0.15,0.26
Darlin Yongwa,CMR,DF,Lorient,Ligue 1,22,2000,22,11,1159,12.9,1,1,2,1,0,0,3,0,0.7,0.7,1.4,2.1,39.0,43.0,81.0,0.08,0.08,0.16,0.08,0.16,0.06,0.1,0.16,0.06,0.16
Leny Yoro,FRA,DF,Lille,Ligue 1,17,2005,32,30,2673,29.7,2,0,2,2,0,0,5,0,1.5,1.5,0.1,1.7,8.0,68.0,3.0,0.07,0.0,0.07,0.07,0.07,0.05,0.0,0.06,0.05,0.06
Ashley Young,ENG,DF,Everton,Premier League,38,1985,31,27,2280,25.3,0,0,0,0,0,0,7,1,0.6,0.6,1.5,2.1,40.0,82.0,61.0,0.0,0.0,0.0,0.0,0.0,0.02,0.06,0.08,0.02,0.08
Etienne Youte Kinkoue,FRA,DF,Le Havre,Ligue 1,21,2002,22,22,1941,21.6,0,0,0,0,0,0,1,0,0.4,0.4,0.1,0.4,12.0,31.0,3.0,0.0,0.0,0.0,0.0,0.0,0.02,0.0,0.02,0.02,0.02
Illia Zabarnyi,UKR,DF,Bournemouth,Premier League,20,2002,37,37,3330,37.0,1,0,1,1,0,0,5,0,1.1,1.1,0.4,1.5,24.0,109.0,1.0,0.03,0.0,0.03,0.03,0.03,0.03,0.01,0.04,0.03,0.04
Mattia Zaccagni,ITA,FW,Lazio,Serie A,28,1995,28,24,1956,21.7,6,1,7,6,0,0,8,0,4.7,4.7,2.9,7.6,88.0,55.0,209.0,0.28,0.05,0.32,0.28,0.32,0.22,0.13,0.35,0.22,0.35
Dan-Axel Zagadou,FRA,DF,Stuttgart,Bundesliga,24,1999,19,16,1453,16.1,1,0,1,1,0,0,1,0,1.0,1.0,0.3,1.3,2.0,75.0,3.0,0.06,0.0,0.06,0.06,0.06,0.06,0.02,0.08,0.06,0.08
Warren Zaïre-Emery,FRA,MF,Paris S-G,Ligue 1,17,2006,26,21,1962,21.8,2,3,5,2,0,0,4,0,1.4,1.4,3.2,4.5,54.0,116.0,90.0,0.09,0.14,0.23,0.09,0.23,0.06,0.14,0.21,0.06,0.21
Denis Zakaria,SUI,MF,Monaco,Ligue 1,26,1996,25,24,2137,23.7,4,0,4,4,0,0,13,2,1.4,1.4,1.1,2.5,27.0,107.0,23.0,0.17,0.0,0.17,0.17,0.17,0.06,0.05,0.11,0.06,0.11
Arsen Zakharyan,RUS,MF,Real Sociedad,La Liga,20,2003,29,15,1228,13.6,1,2,3,1,0,0,1,0,2.4,2.4,2.1,4.5,28.0,47.0,88.0,0.07,0.15,0.22,0.07,0.22,0.18,0.15,0.33,0.18,0.33
Joseba Zaldúa,ESP,DF,Cádiz,La Liga,31,1992,13,9,704,7.8,0,0,0,0,0,0,3,0,0.0,0.0,0.5,0.6,7.0,15.0,33.0,0.0,0.0,0.0,0.0,0.0,0.0,0.07,0.07,0.0,0.07
Nicola Zalewski,POL,DF,Roma,Serie A,21,2002,22,10,968,10.8,0,1,1,0,0,0,3,1,0.8,0.8,1.6,2.5,54.0,33.0,62.0,0.0,0.09,0.09,0.0,0.09,0.08,0.15,0.23,0.08,0.23
Andre-Frank Zambo Anguissa,CMR,MF,Napoli,Serie A,27,1995,34,32,2786,31.0,0,2,2,0,0,0,2,0,3.4,3.3,3.0,6.3,43.0,163.0,139.0,0.0,0.06,0.06,0.0,0.06,0.11,0.1,0.21,0.11,0.2
Nicolò Zaniolo,ITA,FW,Aston Villa,Premier League,24,1999,25,9,839,9.3,2,0,2,2,0,0,7,0,2.6,2.6,1.0,3.6,35.0,30.0,60.0,0.21,0.0,0.21,0.21,0.21,0.28,0.11,0.39,0.28,0.39
Alessandro Zanoli,ITA,DF,Salernitana,Serie A,22,2000,17,10,921,10.2,0,2,2,0,0,0,3,0,0.2,0.2,1.8,1.9,27.0,28.0,45.0,0.0,0.2,0.2,0.0,0.2,0.02,0.17,0.19,0.02,0.19
Duván Zapata,COL,FW,Torino,Serie A,32,1991,35,34,2880,32.0,12,4,16,12,0,0,2,0,10.9,10.9,3.0,13.9,74.0,52.0,242.0,0.37,0.12,0.5,0.37,0.5,0.34,0.09,0.43,0.34,0.43
Gabriele Zappa,ITA,DF,Cagliari,Serie A,23,1999,38,25,2561,28.5,1,3,4,1,0,0,2,0,1.5,1.5,3.3,4.8,35.0,99.0,84.0,0.04,0.11,0.14,0.04,0.14,0.05,0.12,0.17,0.05,0.17
Davide Zappacosta,ITA,DF,Atalanta,Serie A,31,1992,31,23,1867,20.7,2,1,3,2,0,0,5,0,2.2,2.2,1.4,3.7,67.0,78.0,132.0,0.1,0.05,0.14,0.1,0.14,0.11,0.07,0.18,0.11,0.18
Bryan Zaragoza,ESP,MF,Granada,La Liga,22,2001,21,18,1638,18.2,6,2,8,5,1,1,5,0,3.8,3.0,3.3,6.3,100.0,36.0,127.0,0.33,0.11,0.44,0.27,0.38,0.21,0.18,0.39,0.16,0.35
Mehdi Zeffane,ALG,DF,Clermont Foot,Ligue 1,31,1992,23,15,1231,13.7,0,0,0,0,0,0,2,0,1.4,1.4,0.4,1.8,14.0,53.0,48.0,0.0,0.0,0.0,0.0,0.0,0.1,0.03,0.13,0.1,0.13
Jordan Zemura,ZIM,DF,Udinese,Serie A,23,1999,27,10,1038,11.5,1,0,1,1,0,0,1,0,0.8,0.8,0.4,1.2,23.0,32.0,52.0,0.09,0.0,0.09,0.09,0.09,0.07,0.03,0.1,0.07,0.1
Robin Zentner,GER,GK,Mainz 05,Bundesliga,28,1994,30,30,2700,30.0,0,0,0,0,0,0,3,0,0.0,0.0,0.0,0.0,0.0,1.0,0.0,0.0,0.0,0.0,0.0,0.0,0.0,0.0,0.0,0.0,0.0
Alessio Zerbin,ITA,DF,Monza,Serie A,24,1999,13,7,684,7.6,0,1,1,0,0,0,2,1,0.4,0.4,0.8,1.2,17.0,20.0,46.0,0.0,0.13,0.13,0.0,0.13,0.05,0.11,0.16,0.05,0.16
Cedric Zesiger,SUI,DF,Wolfsburg,Bundesliga,25,1998,23,18,1634,18.2,0,0,0,0,0,0,5,0,1.3,1.3,0.0,1.4,14.0,81.0,3.0,0.0,0.0,0.0,0.0,0.0,0.07,0.0,0.08,0.07,0.08
Michael Zetterer,GER,GK,Werder Bremen,Bundesliga,28,1995,27,27,2430,27.0,0,0,0,0,0,0,2,0,0.1,0.1,0.2,0.3,0.0,3.0,0.0,0.0,0.0,0.0,0.0,0.0,0.0,0.01,0.01,0.0,0.01
Nathan Zeze,FRA,DF,Nantes,Ligue 1,18,2005,13,11,1022,11.4,0,0,0,0,0,0,1,0,0.3,0.3,0.0,0.3,1.0,30.0,2.0,0.0,0.0,0.0,0.0,0.0,0.03,0.0,0.03,0.03,0.03
Edon Zhegrova,KVX,FW,Lille,Ligue 1,24,1999,33,25,2288,25.4,6,6,12,6,0,0,3,1,6.2,6.2,6.2,12.4,110.0,90.0,322.0,0.24,0.24,0.47,0.24,0.47,0.24,0.24,0.49,0.24,0.49
Piotr Zieliński,POL,MF,Napoli,Serie A,29,1994,28,23,1924,21.4,3,2,5,2,1,1,1,0,2.6,1.8,3.4,5.2,38.0,131.0,88.0,0.14,0.09,0.23,0.09,0.19,0.12,0.16,0.28,0.08,0.24
Christoph Zimmermann,GER,DF,Darmstadt 98,Bundesliga,30,1993,19,12,1220,13.6,0,0,0,0,0,0,5,0,0.3,0.3,0.1,0.4,7.0,34.0,1.0,0.0,0.0,0.0,0.0,0.0,0.02,0.0,0.03,0.02,0.03
Oleksandr Zinchenko,UKR,DF,Arsenal,Premier League,26,1996,27,20,1722,19.1,1,2,3,1,0,0,2,0,0.6,0.6,2.5,3.1,40.0,229.0,58.0,0.05,0.1,0.16,0.05,0.16,0.03,0.13,0.16,0.03,0.16
Joshua Zirkzee,NED,FW,Bologna,Serie A,22,2001,34,32,2759,30.7,11,4,15,9,2,2,8,0,9.0,7.4,5.2,12.6,53.0,86.0,182.0,0.36,0.13,0.49,0.29,0.42,0.29,0.17,0.46,0.24,0.41
Nadir Zortea,ITA,DF,Frosinone,Serie A,24,1999,14,14,1258,14.0,1,5,6,1,0,0,3,0,0.4,0.4,2.8,3.3,31.0,42.0,71.0,0.07,0.36,0.43,0.07,0.43,0.03,0.2,0.23,0.03,0.23
Kurt Zouma,FRA,DF,West Ham,Premier League,28,1994,33,32,2838,31.5,3,0,3,3,0,0,3,0,1.8,1.8,0.2,2.0,7.0,53.0,1.0,0.1,0.0,0.1,0.1,0.1,0.06,0.01,0.06,0.06,0.06
Igor Zubeldia,ESP,DF,Real Sociedad,La Liga,26,1997,30,29,2518,28.0,0,2,2,0,0,0,11,1,0.8,0.8,1.1,1.9,28.0,129.0,0.0,0.0,0.07,0.07,0.0,0.07,0.03,0.04,0.07,0.03,0.07
Martín Zubimendi,ESP,MF,Real Sociedad,La Liga,24,1999,31,29,2654,29.5,4,1,5,4,0,0,5,0,2.7,2.7,1.5,4.1,34.0,152.0,27.0,0.14,0.03,0.17,0.14,0.17,0.09,0.05,0.14,0.09,0.14
Szymon Żurkowski,POL,MF,Empoli,Serie A,25,1997,13,10,868,9.6,4,0,4,4,0,0,4,0,1.0,1.0,0.1,1.1,17.0,20.0,37.0,0.41,0.0,0.41,0.41,0.41,0.1,0.01,0.11,0.1,0.11
Martin Ødegaard,NOR,MF,Arsenal,Premier League,24,1998,35,35,3091,34.3,8,10,18,6,2,2,2,0,7.4,5.8,9.6,15.5,91.0,344.0,202.0,0.23,0.29,0.52,0.17,0.47,0.22,0.28,0.5,0.17,0.45
Milan Đurić,BIH,FW,Hellas Verona,Serie A,33,1990,20,13,1204,13.4,5,1,6,4,1,3,2,0,4.5,2.2,1.2,3.4,3.0,15.0,33.0,0.37,0.07,0.45,0.3,0.37,0.34,0.09,0.43,0.16,0.25
Milan Đurić,BIH,FW,Monza,Serie A,33,1990,17,13,1257,14.0,4,1,5,4,0,0,2,0,3.0,3.0,0.7,3.7,2.0,8.0,31.0,0.29,0.07,0.36,0.29,0.36,0.21,0.05,0.26,0.21,0.26
Mateusz Łęgowski,POL,MF,Salernitana,Serie A,20,2003,29,10,1145,12.7,0,0,0,0,0,0,3,0,0.2,0.2,0.2,0.5,16.0,37.0,17.0,0.0,0.0,0.0,0.0,0.0,0.02,0.02,0.04,0.02,0.04
